term,dominance
abate,0.604
abduct,0.615
abduction,0.673
abide,0.705
abiding,0.75
ability,0.816
ablation,0.5
ablaze,0.525
able,0.81
abode,0.5
abolish,0.529
abolition,0.529
abomination,0.518
aboriginal,0.542
abound,0.681
abovementioned,0.509
abrasive,0.593
abreast,0.519
abroad,0.561
abrogate,0.594
abrupt,0.545
abruptly,0.556
absolute,0.827
absolution,0.664
absolve,0.66
absorb,0.67
absorbed,0.519
absorbent,0.718
absorbing,0.578
abstention,0.509
abstraction,0.525
abundance,0.852
abundant,0.76
abusive,0.567
abutment,0.616
abysmal,0.598
academic,0.812
academy,0.792
accede,0.537
accelerant,0.802
accelerate,0.759
accelerated,0.682
acceleration,0.843
accelerator,0.812
accent,0.509
accentuate,0.667
accept,0.565
acceptable,0.583
acceptance,0.755
acceptances,0.648
access,0.567
accessible,0.645
accession,0.636
acclaim,0.718
accolade,0.775
accommodate,0.566
accommodation,0.587
accompaniment,0.695
accompany,0.585
accompanying,0.582
accomplice,0.51
accomplish,0.816
accomplished,0.798
accomplishment,0.888
accordance,0.6
accountability,0.833
accountable,0.777
accountant,0.639
accounting,0.677
accredited,0.768
accretion,0.672
accrue,0.602
accumulate,0.607
accumulation,0.6
accuracy,0.802
accurate,0.737
accusation,0.564
accuse,0.5
accuser,0.615
ace,0.546
acetic,0.519
acetylene,0.509
achieve,0.843
achieved,0.775
achievement,0.759
acid,0.566
acknowledge,0.661
acknowledged,0.765
acknowledgement,0.83
acknowledgment,0.777
acoustic,0.536
acoustics,0.509
acquaint,0.639
acquaintance,0.67
acquainted,0.632
acquiescence,0.554
acquire,0.7
acquiring,0.817
acquisition,0.736
acquisitions,0.79
acquit,0.611
acquittal,0.7
acreage,0.528
acres,0.5
acrobat,0.602
act,0.735
acting,0.5
action,0.802
action figure,0.611
actionable,0.613
activate,0.806
activation,0.754
active,0.731
activist,0.877
activity,0.807
actor,0.629
actress,0.596
actual,0.716
actuality,0.6
acuity,0.741
acumen,0.679
acupuncture,0.549
acute,0.534
ad,0.558
adage,0.566
adamant,0.575
adapt,0.551
adaptable,0.641
adaptation,0.609
add,0.554
added,0.509
adder,0.588
additional,0.526
additive,0.691
address,0.567
addressee,0.538
adept,0.789
adequacy,0.702
adequate,0.705
adhere,0.554
adherence,0.63
adherent,0.555
adhering,0.537
adhesion,0.586
adjacent,0.536
adjective,0.569
adjudicate,0.683
adjudication,0.691
adjust,0.638
adjuster,0.76
adjustment,0.661
admin,0.854
administer,0.86
administration,0.786
administrative,0.579
administrator,0.902
admirable,0.87
admiral,0.847
admiralty,0.733
admiration,0.726
admire,0.704
admired,0.815
admirer,0.65
admiring,0.629
admissibility,0.602
admissible,0.642
admission,0.732
admit,0.667
admittance,0.598
admitted,0.767
admitting,0.546
adolescent,0.509
adopt,0.701
adoption,0.589
adoptive,0.52
adoration,0.708
adore,0.657
adoring,0.717
adrenalin,0.786
adrenaline,0.825
adult,0.787
adultery,0.51
adulthood,0.652
advance,0.858
advanced,0.797
advancement,0.839
advancing,0.812
advantage,0.859
advantageous,0.789
advent,0.627
adventure,0.71
adventurer,0.868
adventures,0.749
adventurous,0.722
adversity,0.538
advertise,0.58
advertisement,0.539
advertising,0.632
adverts,0.595
advice,0.688
advisable,0.51
advise,0.705
advised,0.509
advisement,0.655
adviser,0.705
advisor,0.689
advisory,0.633
advocacy,0.731
advocate,0.818
aerobics,0.627
aerodrome,0.678
aerodynamic,0.728
aerodynamics,0.722
aeronautics,0.688
aeroplane,0.644
aerospace,0.779
aesthetic,0.526
aesthetics,0.549
aetiology,0.615
affair,0.657
affect,0.578
affection,0.696
affectionate,0.55
affections,0.655
affidavit,0.526
affiliated,0.535
affiliation,0.5
affinity,0.537
affirm,0.731
affirmation,0.689
affirmative,0.816
affirmatively,0.811
affluence,0.722
afford,0.575
affront,0.547
affronted,0.527
afire,0.675
african,0.555
aft,0.518
afterlife,0.568
agency,0.583
agenda,0.553
agent,0.755
agglomeration,0.509
aggravating,0.64
aggravation,0.613
aggregate,0.556
aggregation,0.694
aggresive,0.639
aggression,0.533
aggressive,0.648
aggressively,0.688
aggressiveness,0.648
aggressor,0.823
agile,0.775
agility,0.815
agitate,0.593
aglow,0.797
agnostic,0.574
agree,0.545
agreeable,0.696
agreed,0.574
agreeing,0.557
agreement,0.736
agressive,0.751
ahead,0.673
aid,0.541
aiding,0.569
aids,0.5
aim,0.567
aircraft,0.691
aircraft carrier,0.727
airfield,0.645
airlift,0.642
airline,0.688
airliner,0.647
airman,0.721
airplane,0.708
airport,0.682
airship,0.529
airspace,0.64
airspeed,0.544
airstrip,0.649
airtight,0.57
akin,0.523
alarm,0.698
alarm clock,0.642
alarming,0.585
albatross,0.527
alchemy,0.693
alderman,0.691
alert,0.648
alertness,0.75
alerts,0.673
algebra,0.565
algorithm,0.559
alibi,0.556
alienate,0.523
alienated,0.559
alight,0.605
align,0.627
aligned,0.553
alignment,0.683
alimentation,0.602
alive,0.731
allegation,0.608
allege,0.587
alleged,0.52
allegiance,0.75
allegorical,0.598
allegory,0.509
alleviate,0.528
alliance,0.769
allied,0.642
alligator,0.645
allocate,0.672
allocation,0.679
allot,0.616
allotment,0.64
allow,0.538
allowable,0.561
allowance,0.591
allowed,0.655
alloy,0.593
allure,0.686
alluring,0.843
ally,0.688
almighty,0.958
aloft,0.7
aloud,0.75
alpha,0.755
alphabet,0.672
alphabetical,0.535
altar,0.635
alter,0.654
alteration,0.609
altercation,0.5
altered,0.5
alternate,0.589
alternating,0.542
alternative,0.631
altimeter,0.58
altitude,0.736
alto,0.73
altogether,0.644
amalgam,0.51
amalgamation,0.531
amaze,0.783
amazed,0.533
amazedness,0.51
amazement,0.639
amazing,0.849
amazingly,0.92
ambassador,0.917
ambient,0.582
ambition,0.661
ambitious,0.717
ambulance,0.609
ambush,0.5
ameliorate,0.747
amen,0.542
amend,0.658
amendment,0.606
amends,0.517
amenity,0.574
amethyst,0.517
amicable,0.507
ammo,0.621
ammunition,0.667
amnesty,0.814
amorous,0.636
amortization,0.522
amount,0.649
amour,0.652
amphetamines,0.526
amphitheater,0.545
ample,0.719
amplification,0.81
amplify,0.827
amplitude,0.692
amply,0.766
amputate,0.509
amulet,0.63
amuse,0.664
amused,0.596
amusement,0.803
amusing,0.632
anaconda,0.54
anaesthetic,0.509
analogous,0.5
analogy,0.509
analysis,0.705
analyst,0.755
analytic,0.634
analytical,0.8
analyze,0.71
analyzer,0.854
anaphylactic,0.5
anarchism,0.623
anarchist,0.759
anarchy,0.62
anathema,0.519
anatomic,0.546
anatomy,0.571
ancestor,0.594
ancestral,0.75
ancestry,0.717
anchor,0.564
anchorage,0.639
androgen,0.527
android,0.5
anecdote,0.5
anesthesiologist,0.526
aneurysm,0.536
angel,0.704
angelic,0.668
anger,0.657
angered,0.547
angiography,0.52
angling,0.5
angry,0.604
animal,0.513
animate,0.635
animated,0.538
animation,0.549
animosity,0.545
annexation,0.555
annihilate,0.681
annihilation,0.591
anniversary,0.723
annotation,0.619
announce,0.611
announcer,0.732
annual,0.5
annuity,0.527
anointed,0.579
anointing,0.547
answer,0.661
answerable,0.75
answering,0.607
antagonism,0.524
antagonist,0.7
antagonistic,0.565
antagonize,0.629
antecedent,0.566
antelope,0.5
anthem,0.729
anthology,0.537
anthrax,0.5
anthropologist,0.725
anthropology,0.582
antiaircraft,0.629
antibiotic,0.658
antibiotics,0.557
antichrist,0.544
anticipate,0.667
anticipation,0.711
anticipatory,0.682
antidote,0.629
antigravity,0.658
antique,0.518
antiques,0.595
antiquity,0.556
antiseptic,0.623
antithesis,0.536
antiviral,0.549
antler,0.5
anvil,0.604
aorta,0.542
apace,0.536
apache,0.5
apartment,0.58
aperture,0.667
aphrodisiac,0.667
aplomb,0.582
apocalypse,0.736
apocalyptic,0.75
apologetic,0.571
apologist,0.526
apostasy,0.517
apostate,0.528
apostle,0.732
apostolic,0.717
apostrophe,0.537
apothecary,0.529
appalled,0.562
apparition,0.636
appeal,0.558
appear,0.567
appearance,0.534
appellant,0.568
appendectomy,0.554
appetite,0.581
appetizing,0.688
applause,0.621
appliance,0.538
appliances,0.567
applicability,0.741
applicable,0.667
applicant,0.688
application,0.726
apply,0.667
appoint,0.509
appointment,0.547
appointments,0.625
apportion,0.638
appraisal,0.682
appraise,0.696
appreciable,0.778
appreciate,0.741
appreciated,0.779
appreciates,0.656
appreciation,0.588
appreciative,0.654
apprehend,0.696
apprenticeship,0.643
approach,0.61
approbate,0.86
approbation,0.774
appropriate,0.759
appropriation,0.717
approval,0.889
approve,0.741
approved,0.698
approvement,0.78
approving,0.773
approximate,0.52
approximately,0.538
approximation,0.593
appurtenances,0.547
aptitude,0.746
aqueduct,0.534
arbiter,0.814
arbitrary,0.686
arbitrate,0.682
arbitration,0.67
arbitrator,0.795
arbor,0.591
arcade,0.502
arcane,0.637
archaeological,0.66
archaeologist,0.706
archaeology,0.691
archangel,0.708
archbishop,0.776
archdiocese,0.704
archduke,0.634
archer,0.661
archery,0.589
archetype,0.569
archipelago,0.592
architect,0.836
architectural,0.67
architecture,0.694
archive,0.527
arctic,0.546
ardent,0.722
ardor,0.538
arduous,0.605
argue,0.525
argument,0.698
argumentation,0.76
argumentative,0.679
arguments,0.657
arise,0.725
aristocracy,0.842
aristocrat,0.811
aristocratic,0.676
arithmetic,0.634
ark,0.543
armada,0.868
armament,0.81
armaments,0.83
armature,0.755
armed,0.808
armor,0.784
armored,0.861
armory,0.8
army,0.902
arousal,0.731
arouse,0.58
aroused,0.667
arraignment,0.534
arrange,0.571
arranged,0.728
arrangement,0.683
array,0.568
arrest,0.5
arrive,0.585
arrogance,0.62
arrogant,0.58
arsenal,0.752
arson,0.567
arsonist,0.5
art,0.603
arterial,0.583
artery,0.537
artful,0.778
articles,0.565
articulate,0.618
articulation,0.591
artifact,0.566
artillery,0.794
artist,0.732
artiste,0.565
artistic,0.632
artistry,0.769
artists,0.741
artwork,0.679
asap,0.552
ascend,0.812
ascendancy,0.7
ascendant,0.821
ascending,0.777
ascension,0.714
ascent,0.833
ascertain,0.625
ascertained,0.616
aspect,0.588
aspects,0.565
aspiration,0.675
aspire,0.722
aspiring,0.604
assail,0.5
assailant,0.602
assassin,0.632
assassinate,0.722
assassination,0.525
assault,0.55
assay,0.594
assemblage,0.6
assemble,0.75
assembled,0.644
assembly,0.64
assemblyman,0.76
assent,0.719
assert,0.809
asserting,0.736
assertion,0.75
assertive,0.77
assess,0.623
assessment,0.658
assessor,0.764
asset,0.788
assets,0.765
assign,0.709
assignee,0.51
assignment,0.745
assimilate,0.683
assist,0.629
assistance,0.633
assistant,0.536
associate,0.625
association,0.817
assortment,0.526
assuage,0.5
assuming,0.526
assurance,0.704
assure,0.839
assured,0.754
assuredly,0.833
asteroid,0.623
asteroids,0.712
astonish,0.658
astonished,0.574
astonishing,0.821
astonishingly,0.773
astonishment,0.519
astral,0.567
astrologer,0.673
astrology,0.5
astronaut,0.761
astronomer,0.735
astronomical,0.726
astronomy,0.722
astute,0.827
asymmetry,0.527
atelier,0.705
athlete,0.686
athletic,0.708
athleticism,0.778
athletics,0.74
atlas,0.554
atmosphere,0.56
atmospheric,0.594
atomic,0.713
atonement,0.683
atpeace,0.519
atrocity,0.593
attach,0.559
attachment,0.5
attack,0.67
attacker,0.629
attacking,0.642
attain,0.719
attainable,0.759
attainment,0.94
attempted,0.567
attend,0.625
attendance,0.592
attendant,0.519
attention,0.774
attentionseekers,0.5
attentive,0.724
attest,0.685
attestation,0.5
attitude,0.861
attorney,0.754
attract,0.769
attraction,0.712
attractive,0.769
attractiveness,0.755
attributable,0.527
attribute,0.795
attribution,0.658
auction,0.519
auctioneer,0.716
audacious,0.825
audacity,0.916
audience,0.613
audit,0.735
audition,0.615
auditions,0.596
auditor,0.726
auditorium,0.538
auditory,0.57
augment,0.645
augmentation,0.85
aura,0.5
aurora,0.537
auspices,0.634
auspicious,0.669
austerity,0.534
authentic,0.782
authenticate,0.789
authentication,0.75
authenticity,0.845
author,0.749
authoritative,0.89
authority,0.934
authorization,0.817
authorize,0.821
authorized,0.815
authorship,0.773
auto,0.5
autobiographical,0.582
autobiography,0.629
autocorrect,0.616
autocratic,0.727
autographed,0.625
automated,0.632
automatic,0.664
automobile,0.534
automotive,0.577
autonomy,0.891
autopilot,0.632
autopsy,0.538
auxiliary,0.509
avail,0.603
availability,0.6
available,0.623
avalanche,0.683
avatar,0.567
avenge,0.559
avenger,0.67
avenging,0.717
averseness,0.528
aversion,0.525
aviation,0.741
aviator,0.644
avid,0.593
awake,0.741
awaken,0.611
awakening,0.618
award,0.66
awards,0.652
aware,0.77
awareness,0.81
awesome,0.891
awesomeness,0.927
awestruck,0.68
axe,0.536
axiom,0.583
axiomatic,0.627
bachelor,0.6
backbone,0.62
backer,0.537
backhoe,0.562
backup,0.553
bacteria,0.57
badass,0.745
badge,0.691
bail,0.561
bailiff,0.759
bake,0.519
balance,0.735
balanced,0.745
ballistic,0.685
ballistics,0.61
ballpark,0.529
ballplayer,0.566
balmy,0.545
ban,0.587
band,0.525
bandit,0.567
bandstand,0.52
bandwagon,0.509
bandwidth,0.548
bang,0.74
banger,0.538
banish,0.543
bank,0.675
banker,0.792
banking,0.5
bankroll,0.509
banquet,0.6
baptism,0.566
baptismal,0.625
baptize,0.594
barbarian,0.713
barbaric,0.738
barbarism,0.614
bargain,0.67
bargaining,0.642
baritone,0.5
barometer,0.545
baron,0.709
baroness,0.755
barracuda,0.51
barrage,0.627
barred,0.535
barricade,0.673
barrier,0.562
barrister,0.792
bartender,0.585
barter,0.596
base,0.553
baseball,0.563
baseball bat,0.509
baseline,0.509
bases,0.591
basilica,0.639
bastion,0.596
batching,0.518
bathymetry,0.509
baton,0.519
battalion,0.795
battle,0.868
battled,0.575
battlefield,0.781
battleground,0.812
battlements,0.53
battleship,0.726
bawdy,0.508
bawl,0.561
bay,0.569
bayonet,0.561
bazaar,0.5
bazooka,0.634
be,0.554
beaches,0.538
beacon,0.537
beads,0.552
beaming,0.587
bearable,0.605
bearer,0.676
beast,0.732
beastly,0.843
beautification,0.725
beautiful,0.648
beautify,0.736
beauty,0.644
become,0.643
bedrock,0.598
beer,0.5
befall,0.585
begin,0.763
beginning,0.558
beginnings,0.6
behappy,0.562
behave,0.747
behavior,0.813
behavioral,0.708
behemoth,0.853
behest,0.72
beholder,0.52
belay,0.702
belief,0.656
believable,0.676
believe,0.682
believed,0.547
believer,0.564
believing,0.833
bell,0.505
belligerent,0.594
bellyful,0.519
belong,0.569
belongings,0.75
beloved,0.708
bench,0.544
benefactor,0.755
beneficial,0.703
beneficiary,0.616
benefit,0.806
benevolence,0.717
benevolent,0.651
benign,0.509
bequeath,0.741
bequest,0.882
bereavement,0.5
berlin,0.571
berth,0.596
beseech,0.6
bestdayever,0.593
bestfeeling,0.625
bestfriends,0.647
bestial,0.674
besties,0.614
bestow,0.642
bestseller,0.7
betray,0.536
betrothed,0.667
betterment,0.769
bevy,0.541
beware,0.518
bias,0.541
bible,0.726
biblical,0.712
bibliography,0.528
bicentennial,0.507
biceps,0.602
bicker,0.552
bickering,0.536
bid,0.655
bidding,0.509
big,0.812
bigday,0.596
biggie,0.5
bighorn,0.58
bigot,0.517
biker,0.567
bilingual,0.606
bill,0.535
billet,0.5
billiard,0.543
billing,0.67
billion,0.782
billionaire,0.923
binding,0.64
binge,0.5
biochemical,0.618
biochemist,0.717
biochemistry,0.596
biogenesis,0.697
biographer,0.617
biography,0.718
biological,0.615
biologist,0.693
biology,0.546
bionic,0.788
biosphere,0.579
birdman,0.604
birth,0.536
birthday,0.575
birthing,0.519
birthmark,0.5
birthright,0.714
bishop,0.725
bison,0.557
bite,0.51
biter,0.5
black snake,0.612
blacksmith,0.702
blade,0.594
blare,0.519
blast,0.777
blaster,0.554
blastoff,0.736
blatant,0.675
blaze,0.658
blazing,0.735
blending,0.637
bless,0.588
blessed,0.696
blessing,0.8
blessings,0.623
blimp,0.532
bliss,0.782
blissful,0.676
blitz,0.789
blockade,0.51
blockbuster,0.883
bloke,0.545
blood,0.585
bloodhound,0.538
bloodline,0.604
bloodshed,0.525
bloodstream,0.528
bloodthirsty,0.644
bloody,0.518
bloom,0.587
blooming,0.593
blow,0.57
blower,0.536
blowout,0.616
blowtorch,0.51
blunt,0.925
boa,0.542
boa constrictor,0.609
boarding,0.534
boardroom,0.661
boards,0.524
boardwalk,0.549
boast,0.569
boastful,0.695
boasting,0.602
boat,0.554
boating,0.557
boatman,0.562
bobcat,0.529
bodily,0.557
body,0.571
bodyguard,0.754
bogeyman,0.517
boiler,0.509
boiling,0.526
boisterous,0.565
boldness,0.814
bolster,0.569
bomb,0.75
bombard,0.777
bombardier,0.787
bombardment,0.742
bombed,0.627
bomber,0.81
bombers,0.787
bombing,0.732
bombshell,0.693
bonanza,0.683
bond,0.63
bonding,0.509
bonds,0.583
bondsman,0.675
bonehead,0.518
bonus,0.682
boogeyman,0.567
book,0.606
bookie,0.618
booking,0.583
bookkeeping,0.592
bookmaker,0.633
bookstore,0.503
boom,0.731
boomerang,0.5
booming,0.661
boon,0.642
boost,0.75
booster,0.8
boot,0.625
bootlegger,0.541
booty,0.784
borer,0.578
born,0.591
borrower,0.763
boss,0.954
bossy,0.75
boston,0.58
botany,0.5
boulder,0.531
bouncer,0.655
boundary,0.518
boundless,0.652
bounds,0.604
bountiful,0.759
bounty,0.833
bourbon,0.517
bourgeois,0.682
bourgeoisie,0.767
bout,0.679
boxer,0.802
boxers,0.654
boxing,0.645
boycott,0.505
boyfriend,0.547
boyhood,0.5
bra,0.509
braces,0.568
bracket,0.682
brag,0.578
brain,0.823
brains,0.722
brainstorm,0.636
brainy,0.648
brand,0.547
brash,0.552
brass knuckle,0.518
bravado,0.527
brave,0.917
bravery,0.868
brawl,0.603
brawn,0.544
brazen,0.518
breadth,0.644
breakaway,0.519
breaker,0.52
breaking and entering,0.5
breakingnews,0.607
breakneck,0.604
breakthrough,0.718
breast,0.5
breathe,0.518
breathtaking,0.921
breed,0.578
breeder,0.605
breeding,0.61
brethren,0.641
brew,0.758
brewery,0.51
brewing,0.609
bribery,0.585
bridal,0.596
bride,0.579
bridegroom,0.527
bridesmaid,0.618
bridge,0.519
briefing,0.702
brig,0.5
brigade,0.828
bright,0.812
brighten,0.649
brightens,0.613
brighter,0.833
brightness,0.66
brilliance,0.83
brilliant,0.923
brimming,0.758
brisk,0.742
bro,0.684
broach,0.675
broad,0.637
broadcasting,0.706
broaden,0.61
broadsword,0.615
broker,0.6
brokerage,0.5
bronze,0.526
brother,0.546
brotherhood,0.76
brotherly,0.596
browse,0.592
brunette,0.529
brutal,0.643
brutality,0.571
brutish,0.588
buck,0.72
buddha,0.604
buddhism,0.673
buddy,0.655
budge,0.543
budget,0.731
buffalo,0.527
buffet,0.519
bugged,0.5
build,0.806
builder,0.701
building,0.673
buildings,0.552
buildup,0.623
bulk,0.509
bulky,0.75
bull,0.644
bulldog,0.53
bulldozer,0.643
bullet,0.634
bulletproof,0.779
bullfighter,0.664
bullheaded,0.516
bullhorn,0.736
bullion,0.729
bullpen,0.5
bully,0.564
bulwark,0.675
bumper,0.518
bunker,0.773
buoyancy,0.538
burden,0.697
burdened,0.565
bureau,0.618
bureaucracy,0.74
bureaucrat,0.598
bureaucratic,0.573
burglary,0.543
burly,0.75
burn,0.509
bursary,0.571
burst,0.845
business,0.755
business man,0.933
businessman,0.802
businesswoman,0.764
bustling,0.528
butcher,0.608
buttress,0.721
buxom,0.547
buy,0.612
buyer,0.649
buying,0.589
bylaw,0.725
cabal,0.573
cadet,0.664
caffeine,0.5
cagey,0.582
calamitous,0.5
calculated,0.683
calculating,0.625
calculation,0.606
calculator,0.588
calculus,0.562
caliber,0.606
calibrate,0.623
calisthenics,0.545
call,0.558
calligraphy,0.5
calls,0.551
camaraderie,0.648
cameo,0.509
cameraman,0.542
camouflaged,0.562
camp,0.594
campaign,0.823
campaigner,0.821
campaigning,0.741
campsite,0.547
campus,0.519
cancer,0.529
candidacy,0.696
candidate,0.804
candlestick,0.534
candor,0.607
cannabis,0.564
cannibalism,0.583
cannon,0.811
cannonball,0.759
canon,0.541
canonical,0.62
canons,0.593
canteen,0.514
canterbury,0.51
canto,0.554
canton,0.536
canyon,0.634
capability,0.73
capable,0.547
capacity,0.806
capital,0.798
capitalism,0.848
capitalist,0.821
capitalize,0.885
capitals,0.655
capitation,0.589
capitol,0.705
capitulation,0.615
capricious,0.5
capsule,0.57
captain,0.966
captivate,0.723
captivating,0.816
captor,0.612
capture,0.537
car,0.5
carat,0.676
carburetor,0.555
cardiac,0.615
cardinal,0.712
cardiologist,0.814
cardiology,0.605
cardiomyopathy,0.537
care,0.5
career,0.606
carefree,0.5
careful,0.53
carefully,0.544
caress,0.509
caret,0.527
caretaker,0.759
caring,0.5
carnage,0.558
carnival,0.555
carnivorous,0.651
carpenter,0.519
carpentry,0.518
carpool,0.5
carried,0.534
carrier,0.638
carry,0.5
cartel,0.602
cartography,0.579
carve,0.598
carver,0.5
cash,0.714
casino,0.568
cast,0.517
caster,0.647
castle,0.718
castrate,0.519
catabolism,0.605
catalog,0.573
catalogue,0.533
catalysis,0.531
catalyst,0.585
catalytic,0.563
catamaran,0.526
catapult,0.649
cataract,0.549
catastrophe,0.67
catastrophic,0.598
catatonic,0.509
catch,0.552
catcher,0.54
catching,0.644
catechism,0.613
categorical,0.76
category,0.521
cater,0.509
caterer,0.644
cathartic,0.604
cathedral,0.643
catholic,0.575
caudal,0.583
causation,0.567
caution,0.547
cautionary,0.519
cautious,0.517
cautiously,0.525
cavalier,0.713
cavalry,0.794
caving,0.551
ceasefire,0.567
ceaseless,0.658
cedar,0.577
celebrant,0.643
celebrate,0.859
celebrated,0.763
celebrating,0.773
celebration,0.88
celebrations,0.714
celebratory,0.845
celebrity,0.855
celestial,0.731
celibacy,0.509
cellblock,0.5
cello,0.528
cellular,0.517
cement,0.527
cemented,0.537
censor,0.538
census,0.553
centenary,0.642
centennial,0.7
centerpiece,0.52
central,0.621
centrality,0.709
centralization,0.702
centralize,0.802
centrally,0.7
centrifuge,0.527
centurion,0.696
century,0.735
cerebral,0.627
ceremonial,0.691
ceremony,0.761
certain,0.673
certainty,0.769
certifiable,0.662
certificate,0.746
certified,0.806
certify,0.746
chain,0.547
chainsaw,0.636
chairman,0.933
chairperson,0.966
chairwoman,0.953
chalice,0.529
challenge,0.713
challenger,0.652
champ,0.896
champion,0.945
championship,0.88
chance,0.525
chancellor,0.887
change,0.606
changeable,0.528
changer,0.567
chant,0.65
chaplain,0.577
character,0.686
characteristic,0.538
characterize,0.735
charge,0.785
charger,0.545
charisma,0.759
charismatic,0.849
charitable,0.593
charity,0.551
charm,0.649
charmed,0.769
charmer,0.782
charming,0.764
charter,0.518
chase,0.623
chaser,0.645
chasm,0.5
chastity,0.509
chateau,0.702
chauvinist,0.527
check,0.602
checker,0.553
checklist,0.552
checkmate,0.75
checkout,0.67
checkpoint,0.812
cheer,0.845
cheered,0.79
cheerful,0.696
cheerfulness,0.675
cheering,0.642
cheerleader,0.657
cheers,0.702
cheetah,0.667
chef,0.57
chemical,0.508
chemist,0.61
chemistry,0.694
chemotherapy,0.517
cheque,0.66
cherish,0.652
cherishing,0.625
chess,0.518
chevron,0.598
chief,0.869
chiefly,0.764
chieftain,0.86
childbirth,0.673
china,0.556
chipper,0.5
chiropractor,0.651
chivalry,0.848
choice,0.664
choke,0.676
cholera,0.507
choose,0.648
choosing,0.689
choosy,0.712
chopper,0.509
choppers,0.691
chord,0.539
chore,0.5
choreographer,0.625
choreography,0.547
chorus,0.5
chosen,0.833
christ,0.75
christen,0.588
christening,0.65
christian,0.591
christmas,0.741
christmasbreak,0.548
christmasspirit,0.575
christmassy,0.602
christmastime,0.515
chromatography,0.535
chromosome,0.548
chronicle,0.586
chronograph,0.529
chronological,0.6
chum,0.518
chummy,0.61
chunky,0.509
church,0.61
cinema,0.5
cinematic,0.6
cinematographer,0.711
cinematography,0.625
cipher,0.5
circuit,0.707
circuitry,0.536
circulation,0.657
circulatory,0.545
circumcision,0.528
circumferential,0.509
circumscribed,0.569
circumstance,0.596
circumstantial,0.519
citadel,0.602
citation,0.508
cite,0.532
citizen,0.586
citizenship,0.723
city,0.508
citywide,0.707
civic,0.573
civics,0.72
civil,0.517
civilian,0.598
civilians,0.525
civility,0.679
civilization,0.839
civilized,0.796
claimant,0.779
clairvoyant,0.897
clan,0.686
clang,0.51
clap,0.529
clapping,0.686
clarification,0.613
clarify,0.625
clarity,0.631
clashing,0.575
class,0.522
classic,0.611
classic rock,0.588
classical,0.536
classics,0.51
classification,0.613
classified,0.663
classify,0.72
classmate,0.593
classy,0.649
clause,0.528
clauses,0.545
claw,0.598
claws,0.562
clean,0.5
cleanliness,0.609
cleanly,0.583
cleanse,0.66
clear,0.573
clearing,0.509
clearness,0.689
clef,0.595
clench,0.58
clergy,0.575
clergyman,0.556
cleric,0.589
clerk,0.509
clerkship,0.596
clever,0.729
cleverness,0.921
client,0.618
clientele,0.508
cliff,0.509
climatology,0.541
climax,0.667
climb,0.604
climber,0.735
cling,0.588
clinic,0.6
clinical,0.64
clockwork,0.528
clone,0.524
cloning,0.679
clout,0.704
clubs,0.591
clump,0.582
clutches,0.528
coach,0.735
coachman,0.509
coalesce,0.529
coalition,0.673
coastal,0.51
coaster,0.627
coating,0.596
cobra,0.6
cocky,0.519
codex,0.524
codification,0.698
codify,0.679
coding,0.667
coefficient,0.702
coerce,0.517
coercion,0.577
coercive,0.506
coexist,0.536
coexistence,0.638
coexisting,0.648
cogent,0.836
cognition,0.706
cognitive,0.634
cohabitation,0.598
coherence,0.788
coherent,0.5
cohesion,0.555
cohesive,0.603
cohort,0.566
coinage,0.545
coincide,0.593
coincidence,0.518
coincident,0.602
coinciding,0.623
coliseum,0.704
collaborate,0.559
collaboration,0.741
collaborator,0.769
collate,0.58
collateral,0.717
collation,0.508
colleague,0.6
collected,0.588
collection,0.588
collective,0.698
collectively,0.533
collector,0.648
college,0.746
collegiate,0.678
collide,0.557
collision,0.585
collocation,0.594
cologne,0.552
colonel,0.89
colonial,0.613
colony,0.593
colorful,0.519
colossal,0.9
colt,0.543
column,0.67
columnist,0.648
combat,0.833
combatant,0.78
combative,0.816
combination,0.726
combine,0.533
combined,0.5
combustible,0.75
combustion,0.591
come,0.558
comeback,0.555
comedian,0.598
comfort,0.67
comforting,0.62
comfy,0.625
coming,0.5
command,0.849
commandant,0.943
commandeer,0.931
commander,0.906
commanding,0.925
commandment,0.876
commando,0.817
commemorate,0.636
commemoration,0.754
commemorative,0.754
commence,0.741
commend,0.711
commendable,0.555
commendation,0.639
commensurate,0.55
commentator,0.607
commerce,0.788
commercial,0.528
commissary,0.788
commission,0.571
commissioner,0.949
commitment,0.843
committal,0.582
committed,0.712
committee,0.721
commodity,0.537
commodore,0.636
commonly,0.574
commons,0.623
commonwealth,0.702
commotion,0.646
communal,0.556
commune,0.655
communicable,0.623
communicate,0.696
communication,0.649
communicative,0.637
communicator,0.796
communion,0.607
communism,0.623
communist,0.632
community,0.659
commutation,0.652
commutative,0.569
commute,0.565
commuter,0.512
compact,0.673
compaction,0.582
companion,0.618
companionship,0.792
company,0.798
comparative,0.562
comparatively,0.538
compare,0.524
compartment,0.607
compass,0.529
compassion,0.509
compatibility,0.673
compatible,0.638
compel,0.625
compelling,0.87
compendium,0.537
compensate,0.762
compensation,0.598
compensatory,0.7
compete,0.786
competence,0.823
competency,0.764
competent,0.904
competition,0.798
competitive,0.908
competitor,0.861
compilation,0.606
compile,0.519
complacency,0.519
complacent,0.518
complement,0.6
complementary,0.586
complete,0.809
completed,0.777
completely,0.69
completeness,0.769
completing,0.769
completion,0.525
complex,0.55
complexed,0.612
complexity,0.595
compliance,0.75
compliant,0.519
complicity,0.67
compliment,0.651
comply,0.638
complying,0.59
component,0.525
compose,0.694
composed,0.682
composer,0.691
composite,0.62
composition,0.652
composure,0.717
compound,0.735
comprehend,0.689
comprehension,0.688
comprehensive,0.644
compressible,0.585
compression,0.579
compressor,0.63
comprise,0.669
compromise,0.805
comptroller,0.866
compulsion,0.604
compulsive,0.573
compulsory,0.791
computable,0.545
computation,0.697
compute,0.564
computer,0.639
computerized,0.657
computing,0.695
comrade,0.804
concatenation,0.539
conceivable,0.613
conceive,0.7
concentrate,0.743
concentration,0.722
concentric,0.635
concept,0.632
conception,0.614
concert,0.718
concerto,0.679
concession,0.615
concessional,0.657
conciliation,0.726
concise,0.62
conclave,0.611
conclude,0.679
concluding,0.603
conclusion,0.659
conclusive,0.745
concomitant,0.727
concord,0.586
concordance,0.608
concourse,0.528
concrete,0.547
concurrence,0.613
concurrent,0.741
concurring,0.681
condemn,0.625
condensation,0.538
condensed,0.623
condescending,0.593
condescension,0.565
condition,0.519
conditional,0.556
conditionally,0.617
conditioned,0.616
conditioner,0.538
conditioning,0.617
conditions,0.593
condo,0.607
condom,0.5
condone,0.619
condor,0.519
conducive,0.679
conduct,0.75
conduction,0.717
conductivity,0.642
conductor,0.621
confederacy,0.736
confederate,0.792
confederation,0.83
confer,0.583
conference,0.606
confessional,0.629
confessions,0.658
confidant,0.631
confide,0.595
confidence,0.943
confident,0.723
confidential,0.761
confidentiality,0.718
confidentially,0.558
configuration,0.591
confine,0.538
confinement,0.52
confines,0.542
confirm,0.806
confirmation,0.692
confirmatory,0.683
confirmed,0.764
confiscation,0.586
conflagration,0.594
conflicting,0.553
confluence,0.565
conformation,0.711
conformity,0.579
confront,0.746
confrontation,0.658
congenial,0.62
conglomerate,0.838
conglomeration,0.67
congrats,0.775
congratulate,0.784
congratulation,0.717
congratulations,0.719
congratulatory,0.689
congregate,0.733
congregation,0.7
congress,0.857
congressional,0.848
congressman,0.877
congruence,0.577
conjecture,0.534
conjugal,0.688
conjugation,0.582
conjunction,0.509
conjunctive,0.639
conjure,0.645
conjuring,0.694
connect,0.536
connected,0.612
connection,0.655
connective,0.764
connoisseur,0.769
conquer,0.971
conquering,0.936
conqueror,0.93
conquest,0.833
conscience,0.721
conscientious,0.688
conscious,0.705
consciousness,0.755
conscription,0.642
consecrated,0.8
consecration,0.804
consecutive,0.643
consensual,0.655
consensus,0.625
consent,0.62
consenting,0.693
consequence,0.593
consequent,0.625
conservation,0.606
conservatism,0.633
conservative,0.788
conservatory,0.729
conserve,0.573
consider,0.579
considerable,0.683
considerate,0.633
consideration,0.687
consignee,0.602
consignment,0.5
consist,0.58
consistency,0.887
consistent,0.726
consolidate,0.87
consolidated,0.784
consolidation,0.776
consort,0.63
conspicuous,0.596
conspiracy,0.652
conspirator,0.707
conspire,0.52
constable,0.764
constancy,0.763
constant,0.686
constantly,0.7
constellation,0.775
constituency,0.696
constituent,0.827
constituents,0.833
constitute,0.906
constitution,0.889
constitutional,0.827
constitutionality,0.853
constrain,0.5
construct,0.792
construction,0.759
constructive,0.812
construe,0.553
consul,0.688
consulate,0.694
consultant,0.808
consultation,0.625
consume,0.509
consumer,0.677
consuming,0.536
consummate,0.558
consummation,0.661
consumption,0.538
contact,0.526
contagion,0.535
contain,0.658
container,0.561
containment,0.618
contemplate,0.642
contemplation,0.627
contemplative,0.739
contemporaneous,0.591
contemporary,0.569
contend,0.731
contender,0.681
contending,0.716
content,0.559
contented,0.746
contention,0.738
contentious,0.637
contentment,0.782
contents,0.55
contest,0.717
contestant,0.602
context,0.553
contiguous,0.5
continent,0.833
continental,0.755
contingency,0.67
contingent,0.659
continual,0.685
continually,0.698
continuance,0.652
continuation,0.566
continue,0.612
continued,0.5
continuing,0.52
continuity,0.684
continuous,0.58
continuously,0.702
contraband,0.67
contraception,0.525
contract,0.636
contractile,0.569
contracting,0.769
contraction,0.603
contractor,0.727
contrast,0.52
contravention,0.593
contribute,0.795
contribution,0.76
contributor,0.76
control,0.808
controller,0.868
controlling,0.885
controversial,0.538
controversy,0.6
contusion,0.509
convection,0.526
convene,0.636
convenience,0.613
conveniences,0.693
convenient,0.574
convent,0.594
convention,0.704
conventional,0.634
converge,0.539
convergence,0.625
convergent,0.696
conversant,0.542
conversation,0.609
conversational,0.596
conversationalist,0.667
converse,0.598
conversion,0.736
convert,0.704
converted,0.686
convertible,0.717
convey,0.708
conveyancing,0.663
conviction,0.826
convince,0.763
convinced,0.63
convincing,0.9
convocation,0.663
convolution,0.527
convoy,0.639
coo,0.5
cool,0.781
coolness,0.548
coop,0.65
cooperate,0.582
cooperating,0.693
cooperation,0.686
cooperative,0.67
coordinate,0.694
coordination,0.789
coordinator,0.85
cop,0.836
cope,0.709
copilot,0.573
coping,0.613
copious,0.527
copper,0.5
copter,0.569
copyright,0.663
coral snake,0.607
cordless,0.528
core,0.54
cornerstone,0.596
corona,0.745
coronary,0.509
coronation,0.836
coroner,0.526
corporal,0.596
corporate,0.745
corporation,0.873
corpsman,0.651
correct,0.723
correction,0.558
correctional,0.602
corrective,0.613
correctness,0.649
correlation,0.571
correlative,0.571
correspond,0.545
correspondent,0.712
corresponding,0.618
corridor,0.592
corroborate,0.616
corroboration,0.733
corrosive,0.57
corrupt,0.5
corruption,0.549
cortex,0.529
cortical,0.536
corvette,0.598
cosmic,0.692
cosmology,0.637
cosmopolitan,0.76
cosmos,0.664
costly,0.642
cosy,0.518
cougar,0.538
council,0.635
councilman,0.793
counsel,0.73
counseling,0.704
counsellor,0.74
counselor,0.706
countenance,0.69
counter,0.75
counteract,0.688
counterattack,0.764
counterbalance,0.627
counterclaim,0.651
counterpart,0.577
counterpoint,0.538
countess,0.67
countless,0.534
country,0.693
countryman,0.789
counts,0.5
county,0.545
coup,0.607
couple,0.607
coupled,0.65
coupling,0.555
courage,0.849
courageous,0.879
courses,0.534
coursing,0.546
court,0.827
courteous,0.529
courthouse,0.818
courtroom,0.887
courts,0.816
courtship,0.654
coven,0.591
covenant,0.667
coverage,0.629
covered,0.644
covering,0.583
covert,0.508
covet,0.524
coveted,0.625
cowboy,0.695
cowgirl,0.554
cowhand,0.596
coworker,0.625
cozy,0.545
craft,0.539
craftsman,0.583
craftsmanship,0.571
crafty,0.783
cram,0.598
crane,0.589
cranial,0.583
cranium,0.725
crater,0.529
crave,0.731
craving,0.636
create,0.789
creation,0.868
creative,0.788
creativity,0.815
creator,0.856
creature,0.62
credence,0.737
credential,0.597
credentials,0.675
credibility,0.809
credible,0.75
credit,0.648
credit card,0.64
creditable,0.742
credited,0.691
crediting,0.741
creditor,0.689
creed,0.544
creole,0.523
crescendo,0.594
crew,0.735
crewman,0.548
crime,0.63
criminal,0.529
criminality,0.58
crisp,0.508
crispy,0.509
criterion,0.736
critic,0.686
critical,0.545
criticism,0.505
critique,0.537
crocodile,0.61
crook,0.55
crop,0.5
cross,0.569
cross country,0.529
crossbow,0.56
crossed,0.508
crossfire,0.722
crossover,0.5
crowd,0.731
crowded,0.585
crowds,0.806
crown,0.737
crowning,0.831
crucial,0.777
cruciate,0.585
crucifix,0.51
crucifixion,0.541
crucify,0.573
cruelty,0.536
cruise,0.683
cruise ship,0.5
cruiser,0.608
cruising,0.56
crunchy,0.539
crusade,0.709
crusader,0.548
crush,0.582
crusher,0.598
crux,0.519
cryptography,0.65
crystal,0.508
crystalline,0.534
crystallization,0.565
cuddled,0.567
cuddles,0.5
culinary,0.519
culminate,0.602
culmination,0.695
cult,0.648
cultivate,0.598
cultivated,0.564
cultural,0.623
culture,0.675
cultured,0.625
cunning,0.683
curable,0.574
curate,0.526
curative,0.613
curator,0.688
cure,0.623
curfew,0.623
currency,0.592
current,0.612
curriculum,0.62
curtsy,0.598
cusp,0.7
custodial,0.718
custodian,0.528
custody,0.675
custom,0.688
customary,0.561
customer,0.673
customized,0.59
cute,0.579
cutlass,0.528
cutoff,0.518
cutter,0.583
cutthroat,0.663
cutting,0.536
cyanide,0.545
cyberspace,0.611
cycle,0.533
cyclical,0.554
cyclist,0.576
cyclone,0.673
czar,0.643
dabbling,0.676
dad,0.786
daddy,0.736
daemon,0.5
dagger,0.613
dame,0.5
dance,0.551
dancer,0.545
dandy,0.63
danger,0.673
dangerous,0.658
dangerously,0.564
dapper,0.698
dare,0.684
daredevil,0.653
daring,0.711
darling,0.608
dart,0.5
dashboard,0.595
dashing,0.799
database,0.644
datenight,0.518
dawn,0.519
daylight,0.545
dazzle,0.683
dazzling,0.767
deacon,0.736
deadly,0.554
deal,0.543
dealer,0.683
dealership,0.629
dealing,0.598
dean,0.723
dear,0.629
dearest,0.508
deathly,0.682
debate,0.683
debauchery,0.5
debrief,0.549
debut,0.629
decade,0.665
decanter,0.51
decathlon,0.62
decency,0.634
decent,0.653
decide,0.855
decidedly,0.843
decipher,0.652
decision,0.839
decisive,0.935
declaration,0.714
declaratory,0.673
declare,0.668
decode,0.64
decoder,0.686
decompress,0.509
decontamination,0.573
decor,0.573
decoration,0.526
decree,0.746
decry,0.548
decryption,0.6
dedicate,0.588
dedication,0.682
deduction,0.527
deed,0.592
deem,0.69
deep,0.657
deepen,0.776
default,0.712
defend,0.67
defended,0.582
defender,0.75
defending,0.812
defense,0.802
defensible,0.593
defensive,0.678
defiance,0.76
defiant,0.769
define,0.632
defined,0.646
definite,0.741
definition,0.579
definitive,0.787
defray,0.653
deft,0.849
defy,0.657
degree,0.663
delectable,0.718
delegate,0.658
delegation,0.609
deliberate,0.682
deliberation,0.596
deliberative,0.573
delicious,0.589
delight,0.647
delighted,0.685
delightful,0.644
delinquency,0.508
delinquent,0.5
delirious,0.538
deliver,0.582
deliverance,0.658
delivery,0.786
delta,0.509
deluge,0.612
deluxe,0.755
delve,0.684
demand,0.5
demanding,0.828
demeanor,0.657
democracy,0.84
democrat,0.755
democratic,0.798
demographic,0.594
demolish,0.7
demolition,0.541
demon,0.509
demonic,0.6
demonstrable,0.749
demonstrate,0.839
demonstrated,0.649
demonstrating,0.693
demonstration,0.679
demonstrative,0.736
demonstrator,0.733
denominational,0.679
denominator,0.613
denote,0.534
dense,0.536
density,0.561
dentist,0.642
dentistry,0.569
dentists,0.582
denunciation,0.561
department,0.642
dependable,0.741
depict,0.723
depicting,0.602
deploy,0.585
deployment,0.612
deport,0.546
depositary,0.5
depress,0.528
deprived,0.536
depth,0.759
deputy,0.787
derivation,0.644
derivative,0.508
dermatologist,0.528
dermatology,0.556
descendant,0.625
descendent,0.565
describe,0.555
description,0.596
descriptive,0.57
desecrate,0.509
desecration,0.564
deserve,0.613
deserved,0.689
deserving,0.858
design,0.632
designate,0.683
designated,0.616
designation,0.675
designed,0.595
designer,0.67
designing,0.552
desirability,0.675
desirable,0.75
desire,0.647
desiring,0.632
desirous,0.562
despatch,0.613
despotic,0.592
despotism,0.62
destination,0.637
destined,0.617
destiny,0.611
destroy,0.635
destroyer,0.543
destroying,0.66
destruct,0.525
destruction,0.613
destructive,0.713
detail,0.528
detect,0.565
detectable,0.649
detection,0.538
detective,0.901
detector,0.724
detention,0.562
deter,0.567
determinable,0.723
determinate,0.772
determination,0.795
determine,0.776
determined,0.673
detonate,0.696
detonation,0.741
detonator,0.75
deutschmark,0.509
devastate,0.509
develop,0.821
developer,0.864
developing,0.714
development,0.796
deviating,0.536
device,0.627
devil,0.611
devise,0.67
devolve,0.596
devote,0.642
devoted,0.698
devotee,0.577
devotion,0.673
devotional,0.655
devour,0.574
dexterity,0.864
diagnose,0.714
diagnosis,0.819
diagnostic,0.635
diagnostics,0.75
dial,0.596
dialect,0.526
dialectic,0.638
dialogue,0.625
diamond,0.769
diamonds,0.917
diaphragm,0.517
dicey,0.727
dichotomous,0.538
dictate,0.668
dictation,0.627
dictator,0.862
dictatorial,0.84
dictatorship,0.784
diction,0.679
dictionary,0.598
dictum,0.528
didactic,0.673
differential,0.535
differentiation,0.535
differently,0.506
difficult,0.508
diffusion,0.517
dig,0.637
digital,0.529
dignified,0.635
dignify,0.735
dignity,0.873
digs,0.635
dilation,0.578
diligence,0.7
diligent,0.759
dimension,0.627
dimensional,0.596
diner,0.538
dinosaur,0.596
diocesan,0.518
diocese,0.575
diploma,0.731
diplomacy,0.774
diplomat,0.868
diplomatic,0.918
direct,0.65
directed,0.541
direction,0.684
directive,0.918
directly,0.702
director,0.912
directory,0.538
disarm,0.613
discern,0.518
discerning,0.78
discernment,0.694
discharge,0.578
disciplinary,0.796
discipline,0.806
disciplined,0.75
disclaimer,0.542
disclose,0.545
disclosed,0.546
disclosure,0.71
disco,0.575
discourse,0.803
discover,0.673
discovery,0.814
discreet,0.532
discretion,0.685
discuss,0.509
discussion,0.536
disinfect,0.648
dismiss,0.509
dispatch,0.555
dispatcher,0.652
dispensary,0.606
dispense,0.518
displacency,0.642
dispose,0.559
disposed,0.625
disposition,0.734
disprove,0.613
dispute,0.585
disruptive,0.575
dissect,0.595
disseminate,0.75
dissemination,0.583
dissertation,0.575
distillation,0.575
distilled,0.5
distinct,0.509
distinction,0.75
distinctive,0.604
distinguish,0.6
distinguishable,0.727
distinguished,0.759
distinguishing,0.64
distribute,0.709
distribution,0.788
distributor,0.718
district,0.66
diva,0.596
dive,0.5
diver,0.564
diverge,0.52
divergence,0.687
divergent,0.587
diverging,0.573
divers,0.602
diverse,0.604
diversified,0.549
diversion,0.714
diversity,0.711
diverting,0.537
dividend,0.566
divination,0.545
divine,0.885
divinity,0.774
do,0.536
doable,0.675
docket,0.607
docking,0.587
doctor,0.861
doctorate,0.841
doctrinal,0.673
doctrine,0.769
document,0.667
documentary,0.596
documentation,0.667
documents,0.587
dodge,0.509
doer,0.728
dogged,0.594
dogma,0.719
dogmatic,0.654
doings,0.705
dollar,0.694
domain,0.828
dome,0.509
domestic,0.5
domicile,0.529
domiciled,0.516
dominance,0.839
dominant,0.893
dominate,0.953
dominating,0.902
domination,0.959
dominatrix,0.709
dominion,0.89
don,0.702
donate,0.577
donation,0.602
donor,0.653
doomsday,0.67
dossier,0.544
double,0.569
doubled,0.56
doublet,0.5
doubtless,0.689
download,0.503
downright,0.679
dowry,0.544
drafty,0.518
dragon,0.712
drastic,0.657
dreamland,0.566
dreams,0.53
dreamt,0.518
dreamy,0.5
dressy,0.696
drill,0.573
drive,0.713
driver,0.637
driveway,0.689
drone,0.596
drones,0.588
drove,0.623
drug dealing,0.5
drugstore,0.518
drummer,0.564
dualism,0.536
duality,0.503
duchess,0.711
dude,0.615
duel,0.589
duet,0.527
duke,0.669
duplication,0.577
duplicity,0.578
durability,0.813
durable,0.688
duration,0.536
duress,0.612
dusk,0.519
dutiful,0.585
duty,0.651
dwell,0.611
dweller,0.5
dyke,0.566
dynamic,0.836
dynamical,0.827
dynamics,0.774
dynamite,0.783
dynamo,0.593
dynasty,0.936
eagle,0.679
earl,0.794
earn,0.817
earnest,0.67
earnestly,0.717
earnestness,0.615
earnings,0.875
earring,0.5
earrings,0.517
earth,0.614
earthling,0.57
earthly,0.518
earthquake,0.812
easel,0.527
easygoing,0.538
eater,0.51
eating,0.615
eatingdisorders,0.508
ebullient,0.746
eccentric,0.721
eccentricity,0.745
ecclesiastical,0.66
eclectic,0.508
eclipse,0.616
ecliptic,0.556
ecological,0.607
economic,0.639
economical,0.673
economics,0.632
economy,0.771
ecosystem,0.633
ecstasy,0.655
ecstatic,0.742
ecumenical,0.547
edict,0.56
edification,0.697
edifice,0.61
edit,0.544
edition,0.564
editor,0.673
editorial,0.57
educate,0.728
educated,0.625
education,0.84
educational,0.764
educator,0.845
effect,0.608
effective,0.891
effectiveness,0.812
effectual,0.82
effectually,0.594
effectuate,0.679
efficacious,0.845
efficacy,0.906
efficiency,0.892
efficient,0.83
effort,0.858
ego,0.593
egomaniac,0.596
ejaculate,0.604
ejaculation,0.547
eject,0.559
ejection,0.554
elaborate,0.68
elaboration,0.598
elan,0.5
elasticity,0.582
elated,0.725
elation,0.623
eldest,0.741
elect,0.661
election,0.651
elective,0.623
elector,0.766
electoral,0.602
electorate,0.696
electric,0.512
electric slide,0.536
electrical,0.688
electrician,0.62
electricity,0.733
electrify,0.737
electrocute,0.555
electrocution,0.692
electromagnetic,0.683
electron,0.56
electronic,0.704
electronics,0.574
elegance,0.824
elegant,0.685
elemental,0.711
elementary,0.686
elephant,0.615
elevate,0.804
elevated,0.62
elevation,0.711
elevator,0.676
elicit,0.658
eligible,0.518
elite,0.737
elitist,0.656
elixir,0.604
elliptic,0.528
elongate,0.54
elongation,0.5
elope,0.528
eloquence,0.804
eloquent,0.741
elucidate,0.518
elucidation,0.586
emanate,0.554
emancipation,0.763
embark,0.619
embassy,0.758
embed,0.67
embellish,0.769
embers,0.508
emblem,0.754
emblematic,0.798
embodiment,0.663
embossed,0.5
embryonic,0.598
emcee,0.691
emerald,0.726
emerge,0.731
emergence,0.676
emergency,0.571
emeritus,0.735
emigrate,0.508
eminence,0.837
eminent,0.83
eminently,0.773
emir,0.621
emissary,0.636
emission,0.591
emit,0.51
emotion,0.696
emotional,0.526
emotive,0.525
empathic,0.558
empathize,0.66
empathy,0.545
emperor,0.962
emphasis,0.816
emphasize,0.769
emphatic,0.732
empire,0.944
empirical,0.574
empiricism,0.547
employ,0.702
employer,0.767
employment,0.611
emporium,0.724
empower,0.891
empress,0.855
emulate,0.549
enable,0.782
enablement,0.75
enact,0.598
enactment,0.769
encampment,0.605
enchant,0.643
enchanted,0.687
enchanting,0.708
enchantment,0.647
encircle,0.519
encircling,0.557
enclave,0.58
encode,0.734
encomiastic,0.67
encomium,0.519
encompass,0.661
encore,0.5
encounter,0.689
encourage,0.704
encouraged,0.657
encouragement,0.759
encouraging,0.755
encroach,0.702
encroachment,0.62
encrypt,0.5
encyclopedia,0.645
endangerment,0.519
endearing,0.604
endeavor,0.765
ended,0.5
endgame,0.526
endorsement,0.611
endow,0.609
endowed,0.769
endowment,0.647
endurance,0.76
endure,0.574
enduring,0.768
enemy,0.591
energetic,0.902
energize,0.875
energy,0.868
enforce,0.836
enforcement,0.736
enforcer,0.639
engage,0.713
engaged,0.849
engagement,0.807
engaging,0.862
engender,0.688
engine,0.676
engineer,0.875
engineering,0.836
engrave,0.517
engraver,0.5
engrossing,0.75
engulf,0.5
enhance,0.814
enhancement,0.741
enigma,0.5
enigmatic,0.679
enjoin,0.732
enjoy,0.75
enjoyable,0.605
enjoying,0.759
enjoyment,0.716
enlarge,0.688
enlarged,0.518
enlargement,0.616
enlighten,0.667
enlightened,0.7
enlightening,0.727
enlightenment,0.619
enliven,0.702
enormity,0.848
enormous,0.886
enormously,0.872
enraged,0.636
enrich,0.705
enroll,0.611
enrollment,0.698
ensemble,0.586
ensign,0.545
ensure,0.759
entail,0.645
enter,0.5
enterprise,0.754
enterprising,0.875
entertain,0.598
entertained,0.712
entertainer,0.759
entertaining,0.66
entertainment,0.569
enthralled,0.615
enthusiasm,0.798
enthusiast,0.875
enthusiastic,0.848
entice,0.518
entire,0.698
entirety,0.804
entitle,0.827
entity,0.67
entomology,0.545
entrance,0.526
entree,0.624
entrepreneur,0.92
entrust,0.63
entry,0.602
enumeration,0.534
environment,0.528
environmental,0.664
envoy,0.586
ephemeris,0.528
epic,0.83
epidemic,0.611
epidural,0.525
epiphany,0.526
episcopal,0.75
episode,0.509
epistle,0.535
epithet,0.524
epitome,0.667
epoch,0.797
equality,0.716
equalize,0.574
equalizer,0.586
equate,0.624
equation,0.608
equatorial,0.593
equidistant,0.509
equilibration,0.593
equilibrium,0.62
equip,0.713
equipment,0.7
equitable,0.75
equity,0.614
equivalence,0.582
equivalent,0.5
eradicate,0.686
eradication,0.685
erect,0.627
erectile,0.625
erection,0.695
erode,0.58
erotic,0.683
erotica,0.579
erudite,0.774
erupt,0.818
eruption,0.733
escalate,0.728
escalating,0.518
escalation,0.582
escalator,0.518
escaped,0.518
escort,0.608
escrow,0.613
esoteric,0.545
especial,0.794
espionage,0.62
espouse,0.598
espresso,0.508
esquire,0.518
essay,0.53
essence,0.575
essential,0.759
essentially,0.802
establish,0.688
established,0.694
establishment,0.631
estate,0.647
esteem,0.679
esteemed,0.531
esthetic,0.558
estimable,0.63
estimate,0.517
estimation,0.589
etch,0.598
etching,0.575
eternal,0.843
eternity,0.911
ethanol,0.534
ethereal,0.518
ethic,0.791
ethical,0.634
ethics,0.731
ethnic,0.555
ethnography,0.549
etiology,0.639
etymology,0.529
eugenics,0.518
eulogistic,0.694
eulogium,0.655
eulogize,0.679
eulogy,0.667
euphoria,0.648
euphoric,0.588
euro,0.521
evacuation,0.582
evaluate,0.649
evaluation,0.764
evangelical,0.602
evangelist,0.702
evangelistic,0.612
event,0.664
eventful,0.51
eventuality,0.527
evergreen,0.546
everlasting,0.809
everyman,0.535
evidence,0.778
evident,0.664
evidentiary,0.717
evil,0.545
evoke,0.5
evolution,0.854
evolutionary,0.825
evolve,0.896
exacerbate,0.58
exact,0.685
exacting,0.767
exaggerate,0.529
exaggerated,0.732
exaggeration,0.582
exalt,0.745
exaltation,0.673
exalted,0.696
exam,0.577
examination,0.679
examine,0.786
examiner,0.812
example,0.51
excavate,0.635
excavation,0.527
excavator,0.649
exceed,0.586
exceeding,0.668
excellence,0.907
excellent,0.87
excelsior,0.611
excepting,0.526
exception,0.544
exceptional,0.933
excerpt,0.543
excess,0.712
excessive,0.601
excessively,0.716
excise,0.577
excision,0.519
excitability,0.724
excitable,0.629
excitation,0.75
excite,0.668
excited,0.709
excitement,0.731
exciting,0.789
exclaim,0.639
exclamation,0.598
exclude,0.53
exclusive,0.653
excursion,0.627
exec,0.769
execute,0.769
execution,0.713
executioner,0.676
executive,0.894
executor,0.759
exemplar,0.625
exemplary,0.729
exemplify,0.783
exempt,0.664
exemption,0.627
exercise,0.625
exert,0.806
exertion,0.717
exhaustive,0.604
exhibit,0.708
exhibition,0.531
exhilarated,0.759
exhilarating,0.81
exhilaration,0.783
exhort,0.745
exhortation,0.58
exigent,0.792
exist,0.788
existence,0.771
existent,0.635
existential,0.638
existing,0.75
exodus,0.567
exonerate,0.538
exorbitant,0.825
exorcism,0.557
exorcist,0.716
exotic,0.727
expand,0.686
expanded,0.689
expanse,0.689
expansion,0.787
expansive,0.778
expectance,0.66
expectancy,0.558
expectation,0.707
expected,0.545
expediency,0.703
expedite,0.798
expedition,0.62
expeditious,0.773
expenditure,0.603
expensive,0.53
experience,0.905
experienced,0.914
experiences,0.795
experiment,0.675
experimentation,0.767
experimenter,0.7
expert,0.911
expertise,0.925
expire,0.702
explain,0.736
explanation,0.825
explanatory,0.688
expletive,0.536
explication,0.602
explicit,0.734
explode,0.773
exploit,0.66
exploitation,0.718
exploration,0.773
exploratory,0.698
explore,0.727
explorer,0.714
explosion,0.767
explosions,0.594
explosive,0.663
expo,0.5
exponent,0.845
exponential,0.763
export,0.755
exportation,0.673
expose,0.537
exposed,0.509
exposition,0.655
expository,0.636
exposure,0.63
expound,0.74
express,0.691
expression,0.721
expressive,0.685
expressway,0.587
expropriation,0.788
expulsion,0.529
exquisite,0.604
exquisitely,0.723
extant,0.523
extend,0.689
extendable,0.722
extended,0.649
extension,0.529
extensive,0.76
extent,0.602
exterior,0.627
exterminate,0.736
extermination,0.616
exterminator,0.887
external,0.509
externally,0.568
extinction,0.611
extinguisher,0.543
extort,0.57
extortion,0.63
extra,0.745
extract,0.519
extracting,0.689
extraction,0.526
extractor,0.519
extracurricular,0.743
extradition,0.554
extrajudicial,0.667
extramural,0.537
extraordinaire,0.898
extraordinary,0.86
extraterrestrial,0.792
extravagance,0.7
extravagant,0.812
extravaganza,0.906
extreme,0.721
extreme anticipation,0.704
extreme surprise,0.676
extreme trust,0.922
extremely,0.886
extremely positive,0.839
extremity,0.583
extricate,0.543
extrinsic,0.636
extrusion,0.545
exuberance,0.787
eyeful,0.676
eyewitness,0.698
fabled,0.545
fabricate,0.779
fabricated,0.555
fabrication,0.705
fabulous,0.797
facade,0.518
facilitate,0.509
facility,0.654
facing,0.55
facsimile,0.543
fact,0.618
factor,0.678
factory,0.683
facts,0.693
factual,0.545
faculties,0.76
faculty,0.732
fad,0.57
fair,0.643
fairly,0.75
fairness,0.552
fairway,0.5
faith,0.763
faithful,0.627
faithfulness,0.602
falcon,0.678
fallback,0.508
fame,0.852
famed,0.819
familiar,0.615
familiarity,0.616
familiarize,0.654
family,0.643
familytime,0.679
famous,0.882
famously,0.787
fanatic,0.629
fanatical,0.714
fanaticism,0.566
fancy,0.534
fantastic,0.831
fare,0.645
farewell,0.591
farming,0.568
farmland,0.509
fascinate,0.802
fascinated,0.788
fascinating,0.784
fascination,0.835
fascism,0.695
fascist,0.527
fashion,0.589
fashionable,0.605
fastball,0.575
fasten,0.529
fastening,0.554
fatal,0.509
fatalism,0.631
fatality,0.595
fate,0.712
fated,0.692
father,0.824
fatherhood,0.682
fatherland,0.778
fatherly,0.712
fathom,0.523
faultless,0.741
favor,0.519
favorable,0.788
favorite,0.691
favoriteholiday,0.582
favoritism,0.658
feared,0.509
fearless,0.76
fearsome,0.586
feasibility,0.741
feasible,0.611
feast,0.68
feat,0.849
feature,0.679
features,0.509
fecundity,0.683
federal,0.859
federation,0.763
fee,0.556
feed,0.739
feedback,0.645
feeder,0.713
feel,0.596
feelgood,0.621
feeling,0.531
feelingdown,0.567
feelinggood,0.655
feisty,0.789
felicity,0.793
feline,0.509
feller,0.617
fellow,0.57
fellowship,0.778
felt,0.566
female,0.625
feminism,0.636
feminist,0.585
femoral,0.566
fencing,0.539
fend,0.537
ferocious,0.776
ferocity,0.746
ferryboat,0.553
fertile,0.704
fertility,0.726
fertilize,0.542
fertilizer,0.565
fervent,0.773
fervor,0.651
festival,0.714
festive,0.764
fetish,0.5
feudal,0.61
feudalism,0.607
fiancee,0.556
fibrosis,0.546
fiddler,0.5
fidelity,0.709
fiduciary,0.509
field hockey,0.518
fiend,0.608
fiendish,0.591
fierce,0.759
fiery,0.721
fiesta,0.655
fight,0.809
fighter,0.898
fighting,0.783
fights,0.712
figment,0.533
figurative,0.634
figure,0.509
filamentous,0.516
filibuster,0.508
filigree,0.514
filing,0.7
fill,0.637
filler,0.529
filling,0.525
filly,0.519
film,0.566
filmmaker,0.635
final,0.508
finalist,0.736
finality,0.627
finalize,0.578
finalized,0.608
finance,0.843
financial,0.722
financier,0.778
find,0.58
finder,0.63
finding,0.664
fine,0.647
finery,0.636
fingerprint,0.57
finish,0.545
finished,0.57
fire,0.635
firearm,0.864
firearms,0.821
fireball,0.664
firefight,0.664
firefighter,0.773
firehouse,0.627
firelight,0.639
fireman,0.755
firepower,0.81
fireproof,0.723
firestorm,0.766
firewall,0.629
firework,0.593
fireworks,0.579
firing,0.803
firm,0.728
firmament,0.66
firmly,0.777
firmness,0.939
first,0.788
firstborn,0.695
fiscal,0.845
fisherman,0.546
fishery,0.519
fishing boat,0.627
fission,0.567
fistfight,0.543
fistful,0.5
fit,0.632
fitness,0.81
fits,0.58
fitted,0.673
fitting,0.638
fiver,0.517
fix,0.519
fixable,0.645
fixation,0.655
fixed,0.509
fixer,0.606
flabbergast,0.547
flag,0.536
flagging,0.509
flagship,0.703
flagstaff,0.5
flair,0.676
flak,0.6
flamboyant,0.705
flame,0.615
flamethrower,0.683
flaming,0.558
flammable,0.715
flanking,0.519
flare,0.508
flares,0.556
flaring,0.509
flash,0.657
flashy,0.827
flatness,0.527
flattered,0.708
flattering,0.5
flaunt,0.525
flawless,0.741
fleet,0.623
flick,0.515
flier,0.652
flight,0.587
flinch,0.555
fling,0.534
flint,0.536
flirt,0.538
flock,0.543
flood,0.608
flora,0.567
flourish,0.601
flowering,0.5
fluctuation,0.519
fluency,0.718
fluent,0.614
fluid,0.589
fluidity,0.576
fluorescence,0.5
fluorescent,0.5
flurries,0.517
flurry,0.559
flush,0.589
fluvial,0.588
fly,0.676
flyboy,0.573
flying,0.696
focus,0.648
follow,0.6
fond,0.518
fondling,0.5
fondness,0.503
font,0.576
food,0.527
foolhardy,0.596
foolproof,0.5
football,0.582
foothold,0.582
foray,0.676
forbearance,0.549
forbid,0.598
forbidding,0.5
force,0.905
forceful,0.898
forces,0.886
forcibly,0.647
fore,0.654
forearm,0.509
foreboding,0.636
forecast,0.698
forecaster,0.846
foreclose,0.56
foreclosure,0.5
forefathers,0.627
forefront,0.811
foreground,0.59
forehead,0.556
foreman,0.75
foremost,0.907
forensics,0.679
forerunner,0.843
foresee,0.522
foreseen,0.562
foresight,0.64
forestall,0.606
forethought,0.58
forevermore,0.614
forewarned,0.606
foreword,0.551
forge,0.686
forger,0.518
forgive,0.562
forgiven,0.51
forgiving,0.556
fork,0.529
forklift,0.526
formal,0.625
formalism,0.689
formality,0.75
formation,0.731
formative,0.8
formed,0.696
formidable,0.857
forming,0.8
formula,0.585
formulary,0.5
formulate,0.673
fornicate,0.565
fort,0.86
forte,0.8
forthcoming,0.6
forthright,0.546
forthwith,0.65
fortification,0.817
fortify,0.911
fortitude,0.897
fortress,0.933
fortuitous,0.546
fortunate,0.836
fortune,0.873
fortunes,0.789
forum,0.632
forward,0.75
forwarding,0.51
foundation,0.73
founder,0.891
founding,0.898
foundry,0.594
fountain,0.559
fourfold,0.51
foursome,0.518
foxtrot,0.505
foxy,0.679
fractional,0.509
fragrance,0.667
fragrant,0.613
franc,0.64
franchise,0.56
frank,0.604
frankenstorm,0.546
frankness,0.745
frantic,0.627
frantically,0.735
frat,0.726
fraternal,0.536
fraternity,0.679
fraught,0.596
freakish,0.566
free,0.544
freebie,0.5
freedom,0.905
freehold,0.882
freelance,0.736
freelancer,0.553
freely,0.716
freeman,0.618
freestyle,0.52
freeway,0.648
freighter,0.58
frenetic,0.616
frenzied,0.655
frenzy,0.682
frequency,0.537
frequent,0.525
frequently,0.634
freshair,0.509
freshen,0.566
freshness,0.585
freshstart,0.5
friar,0.531
friction,0.534
friend,0.573
friendliness,0.611
friendly,0.598
friends,0.625
friendship,0.694
frigate,0.56
frighten,0.5
frightening,0.625
frisky,0.525
frolic,0.538
front,0.623
frontal,0.526
frontier,0.65
fronting,0.509
frostbite,0.566
frowning,0.5
fruitful,0.637
fruition,0.664
fuckyeah,0.528
fuel,0.644
fulfill,0.577
fulfilled,0.676
fulfilling,0.755
fulfillment,0.683
full,0.704
fullback,0.519
fullness,0.811
fully,0.779
fulsome,0.56
fumigation,0.604
fun,0.667
function,0.618
functional,0.72
fundamental,0.903
fundamentalist,0.759
fundamentally,0.759
funday,0.525
funding,0.827
fundraiser,0.667
fundraising,0.544
funny,0.566
furious,0.598
furiously,0.657
furlough,0.772
furnace,0.5
furor,0.636
furtherance,0.727
fury,0.676
fuse,0.574
fuselage,0.529
fusion,0.741
fussy,0.519
future,0.786
gaggle,0.664
gaiety,0.72
gain,0.822
gainful,0.673
gaining,0.883
gait,0.505
gala,0.679
galactic,0.776
galaxy,0.75
gale,0.611
gallant,0.679
gallantry,0.871
gallery,0.569
gallop,0.588
galloping,0.645
galore,0.729
galvanic,0.557
gambler,0.618
gameday,0.544
gang,0.629
gangster,0.655
garb,0.508
gargoyle,0.525
garner,0.5
garrison,0.679
gas,0.519
gasification,0.593
gasket,0.585
gasoline,0.519
gastronomy,0.581
gatekeeper,0.598
gateway,0.529
gather,0.546
gatherer,0.579
gathering,0.667
gator,0.547
gatorade,0.519
gaudy,0.721
gauge,0.518
gauging,0.556
gaze,0.586
gazette,0.604
gazetteer,0.527
gazillion,0.538
gear,0.509
gem,0.582
gender,0.611
genealogy,0.644
general,0.853
generality,0.5
generalization,0.704
generate,0.772
generation,0.685
generative,0.708
generator,0.864
generosity,0.692
generous,0.81
genesis,0.658
genetic,0.726
genetics,0.574
genial,0.769
genie,0.908
genitalia,0.5
genius,0.846
genocide,0.627
genome,0.509
genre,0.5
genteel,0.656
gentile,0.527
gentle,0.589
gentleman,0.712
gentlemanly,0.72
gentry,0.625
genuine,0.685
genus,0.561
geographic,0.664
geographical,0.637
geography,0.553
geological,0.596
geologist,0.625
geology,0.518
geometry,0.537
german,0.57
germane,0.567
germinate,0.625
germination,0.566
gestation,0.702
get,0.667
giant,0.963
giddy,0.611
gifted,0.868
gifts,0.509
gig,0.594
gigantic,0.921
gigolo,0.528
gills,0.609
gilt,0.51
gimmick,0.519
gin,0.518
girlfriend,0.604
gist,0.519
give,0.5
giver,0.658
giving,0.585
glacier,0.554
glad,0.74
gladiator,0.866
gladness,0.643
glamorous,0.791
glamour,0.623
glare,0.733
glaring,0.798
gleam,0.741
gleaming,0.627
glean,0.5
gleeful,0.679
glider,0.59
glint,0.541
glisten,0.694
glitter,0.762
glittering,0.818
gloat,0.603
global,0.713
glorification,0.817
glorified,0.886
glorify,0.661
glorious,0.827
glory,0.817
gloss,0.625
glossy,0.807
glow,0.745
glowing,0.737
glut,0.54
goal,0.669
goals,0.795
god,0.886
godbless,0.588
goddess,0.888
godfather,0.509
godisgood,0.63
godisgreat,0.6
godlike,0.87
godly,0.589
godmother,0.53
godsend,0.613
gold,0.692
golden,0.609
golfer,0.578
good,0.534
goodfeeling,0.679
goodhealth,0.712
goodie,0.6
goodlife,0.736
goodly,0.636
goodmood,0.519
goodmorning,0.552
goodmusic,0.5
goodness,0.715
goodnews,0.768
goods,0.726
goodtimes,0.629
goodvibes,0.534
goodwill,0.667
goody,0.57
gooood,0.547
gore,0.518
gorgeous,0.741
gorilla,0.648
gospel,0.58
gourmet,0.562
govern,0.98
governess,0.632
governing,0.9
government,0.85
governmental,0.906
governor,0.934
grab,0.538
graceful,0.655
gracias,0.6
gracious,0.637
graciously,0.68
grad,0.733
gradation,0.616
grade,0.6
graded,0.759
grades,0.566
gradient,0.509
gradschool,0.528
gradual,0.509
graduate,0.778
graduation,0.837
grail,0.566
grammar,0.607
grand,0.888
grand theft auto,0.58
grandeur,0.839
grandfather,0.586
grandiose,0.864
grandson,0.5
grandstand,0.708
grant,0.667
granted,0.779
grantee,0.708
grantor,0.717
graph,0.621
graphics,0.509
grappling,0.516
grasp,0.57
grasping,0.561
grateful,0.56
gratification,0.755
gratified,0.702
gratify,0.794
gratifying,0.776
gratitude,0.61
gravitation,0.6
gravitational,0.691
gravity,0.538
great,0.81
great anticipation,0.655
great aunt,0.589
great grandfather,0.569
great grandmother,0.549
great grandpa,0.602
great surprise,0.688
great trust,0.853
great uncle,0.621
greatday,0.574
greater,0.796
greatest,0.922
greatfriends,0.57
greatful,0.676
greatly,0.877
greatly positive,0.877
greatness,0.943
greatnight,0.574
greed,0.528
green snake,0.614
greet,0.618
greeting,0.51
gregarious,0.529
grenade,0.694
grill,0.546
grinder,0.561
grindstone,0.526
gringo,0.51
grip,0.602
grizzly,0.657
groom,0.605
grotesque,0.5
ground,0.602
grounded,0.509
grounding,0.591
grounds,0.598
groundwork,0.593
grouping,0.698
grow,0.755
grownup,0.683
growth,0.776
grueling,0.704
grumpy,0.559
guarantee,0.805
guaranty,0.818
guard,0.725
guarded,0.5
guardhouse,0.77
guardian,0.789
guardianship,0.681
guards,0.72
gubernatorial,0.897
guerilla,0.727
guerrilla,0.792
guesser,0.535
guest,0.558
guidance,0.718
guide,0.62
guidelines,0.664
guiding,0.714
guild,0.729
guillotine,0.585
guitarist,0.549
gun,0.713
gunboat,0.618
gunfight,0.7
gunfighter,0.741
gunfire,0.673
gunman,0.689
gunmen,0.727
gunner,0.817
gunnery,0.873
gunplay,0.627
gunpoint,0.719
gunpowder,0.509
gunshot,0.673
gunslinger,0.811
guru,0.653
gust,0.556
gusto,0.62
guts,0.582
gutsy,0.536
guy,0.546
gym,0.613
gymnast,0.558
gymnastic,0.604
gymnastics,0.508
gynecologist,0.682
gynecology,0.519
gyroscope,0.51
habit,0.585
habitat,0.553
habitation,0.538
habitually,0.583
hacienda,0.573
hack,0.534
hacker,0.74
hacksaw,0.537
hadenough,0.529
hale,0.5
half dollar,0.509
hallelujah,0.657
hallowed,0.728
halting,0.519
hammer,0.563
hammerhead,0.569
hammering,0.557
handbook,0.567
handcuff,0.593
handgun,0.782
handheld,0.586
handicraft,0.565
handle,0.558
handler,0.861
handout,0.545
handsome,0.682
handy,0.639
hangman,0.555
hankering,0.558
happen,0.551
happening,0.555
happier,0.806
happiest,0.746
happily,0.674
happiness,0.85
happy,0.772
happydance,0.582
happyday,0.663
happyheart,0.605
happyholidays,0.637
happynewyear,0.559
happyplace,0.645
happyvalentinesday,0.509
harass,0.62
harbinger,0.692
harbor,0.634
hard,0.616
hardcore,0.585
harden,0.677
hardened,0.764
hardening,0.741
hardheaded,0.571
hardness,0.745
hardware,0.686
hardwood,0.518
hardworking,0.792
hardy,0.81
harem,0.582
harmonica,0.51
harmonics,0.575
harmonious,0.719
harmoniously,0.647
harmonize,0.609
harmony,0.509
harness,0.508
harpoon,0.557
harsh,0.623
harshness,0.779
harvest,0.548
haste,0.5
hasten,0.618
hastily,0.609
hatchet,0.5
haughty,0.588
haulage,0.65
haunt,0.576
haunted,0.52
have,0.593
haven,0.547
havoc,0.535
hawk,0.631
hazard,0.757
hazardous,0.67
hazmat,0.519
head,0.558
headband,0.527
header,0.74
headgear,0.571
heading,0.642
headline,0.685
headliner,0.625
headlock,0.56
headmaster,0.865
headquarter,0.525
headquarters,0.525
headstrong,0.5
headway,0.745
heady,0.565
heal,0.556
healer,0.741
healing,0.585
health,0.551
healthcare,0.63
healthful,0.769
healthy,0.818
hearing,0.595
heart,0.693
heartbeat,0.585
heartbreaker,0.58
hearted,0.805
heartfelt,0.54
hearth,0.536
heartily,0.664
heartland,0.675
hearts,0.634
hearty,0.792
heated,0.542
heater,0.538
heath,0.546
heating,0.537
heave,0.664
heaven,0.6
heavenly,0.712
heavens,0.683
heavily,0.814
heavy,0.6
heavy metal,0.621
heavyweight,0.713
heck,0.56
hedge,0.569
hedonism,0.608
heed,0.569
heft,0.53
hefty,0.745
hegemonic,0.558
height,0.648
heighten,0.765
heightened,0.788
heir,0.764
heiress,0.676
heirloom,0.745
heirs,0.698
heist,0.645
helicopter,0.617
helipad,0.573
heliport,0.527
helix,0.509
hell,0.565
hellfire,0.618
hellish,0.545
helm,0.615
helmsman,0.647
helper,0.567
helpful,0.705
hemisphere,0.598
hemispheric,0.603
herald,0.5
heraldry,0.607
hereditary,0.737
heredity,0.818
heritage,0.815
hermeneutics,0.562
hero,0.881
heroic,0.912
heroics,0.894
heroin,0.655
heroine,0.833
heroism,0.898
hertz,0.506
heterogeneity,0.556
heterosexual,0.557
heyday,0.673
hierarchical,0.939
hierarchy,0.902
hieroglyphics,0.509
high,0.614
higher,0.713
highest,0.71
highland,0.611
highlands,0.596
highlight,0.882
highness,0.931
hight,0.645
hijack,0.594
hijacker,0.683
hike,0.538
hiker,0.644
hiking,0.67
hilarious,0.537
hilarity,0.575
hill,0.518
hilltop,0.787
hilly,0.603
hilt,0.537
hindsight,0.532
hint,0.517
hippopotamus,0.615
hire,0.556
histology,0.56
historian,0.637
historic,0.784
historical,0.833
historiography,0.634
history,0.754
hit,0.679
hitch,0.554
hitchhiker,0.603
hitter,0.713
hive,0.544
hives,0.591
hoard,0.518
hockey,0.548
holder,0.713
holding,0.67
holiday,0.593
holidays,0.512
holidayseason,0.518
holiness,0.742
holistic,0.547
holocaust,0.618
hologram,0.575
holographic,0.555
holy,0.69
holyspirit,0.526
homage,0.737
hombre,0.696
hombres,0.652
home,0.545
homeland,0.868
homeowner,0.962
homestead,0.536
homesweethome,0.538
hometown,0.605
homey,0.5
homicidal,0.573
homicide,0.518
homing,0.527
homogeneity,0.582
homogeneous,0.617
homologous,0.536
homologue,0.509
homology,0.527
honest,0.75
honesty,0.728
honey,0.51
honeymoon,0.526
honeysuckle,0.517
honor,0.857
honorable,0.83
honorarium,0.746
honorary,0.811
honored,0.732
hookup,0.683
hooray,0.536
hope,0.739
hopeful,0.627
hopes,0.702
horde,0.684
horizon,0.59
hormonal,0.551
hormone,0.621
hornet,0.5
horny,0.56
horse,0.529
horseback,0.566
horseman,0.676
horsepower,0.735
horticultural,0.509
hosannah,0.5
hospice,0.535
hospitable,0.661
hospital,0.598
hospitality,0.725
host,0.537
hostess,0.688
hot,0.573
hot sauce,0.509
hothead,0.518
hotline,0.663
hotshot,0.615
hound,0.582
house,0.533
household,0.667
householder,0.833
housekeeper,0.52
housewarming,0.727
housing,0.591
hovercraft,0.588
hug,0.548
huge,0.783
hugs,0.6
hulk,0.75
human,0.605
humane,0.58
humanitarian,0.709
humanities,0.677
humanity,0.727
humankind,0.714
humanrights,0.73
hummer,0.589
humongous,0.536
humored,0.545
humorist,0.607
humorous,0.665
hunch,0.567
hunt,0.588
hunter,0.817
hunting,0.714
huntress,0.765
hurl,0.574
hurrah,0.5
hurricane,0.787
hurricanes,0.784
hurryup,0.555
husband,0.655
hustler,0.627
hutch,0.52
hybrid,0.57
hydra,0.534
hydrate,0.547
hydraulic,0.596
hydraulics,0.588
hydrodynamics,0.664
hydrogen,0.554
hydrographic,0.642
hydrology,0.509
hydroponics,0.5
hygiene,0.537
hygienic,0.702
hygienist,0.682
hymn,0.634
hype,0.586
hyped,0.679
hyper,0.64
hyperactive,0.66
hyperbole,0.542
hyperspace,0.755
hyperventilate,0.556
hyperventilating,0.625
hypnosis,0.546
hypnotic,0.569
hypnotist,0.627
hypnotize,0.508
hypothalamus,0.539
hypothesis,0.509
ibuprofen,0.504
iceberg,0.648
icebreaker,0.848
iconic,0.7
iconography,0.653
idea,0.704
ideal,0.736
idealism,0.689
idealist,0.802
idealistic,0.755
identical,0.527
identification,0.692
identify,0.667
identity,0.78
ideology,0.692
idiomatic,0.516
idol,0.853
idolatry,0.625
idolizing,0.643
idyllic,0.593
igneous,0.517
ignite,0.675
ignition,0.657
illuminate,0.782
illuminating,0.773
illumination,0.537
illuminator,0.718
illustrate,0.69
illustration,0.64
illustrative,0.647
illustrious,0.741
ilovechristmas,0.525
iloveher,0.556
imaginable,0.596
imagination,0.547
imaginative,0.593
imagine,0.587
imagining,0.545
imam,0.539
imbedded,0.562
immaculate,0.688
immeasurable,0.712
immeasurably,0.68
immediacy,0.627
immediate,0.716
immediately,0.707
immense,0.811
immerse,0.509
immersion,0.564
immigrant,0.509
imminent,0.643
immortal,0.795
immortality,0.861
immovable,0.571
immune,0.78
immunity,0.786
immunization,0.733
immutable,0.571
impact,0.776
impart,0.694
impartial,0.685
impartiality,0.616
impassable,0.553
impassioned,0.802
impatiently,0.539
impeach,0.664
impeachment,0.694
impeccable,0.824
impede,0.604
impelled,0.69
impending,0.752
impenetrable,0.839
imperative,0.708
imperceptible,0.548
imperial,0.922
imperialist,0.833
impermeable,0.558
impersonate,0.591
impersonation,0.528
impervious,0.536
impetuous,0.712
impetus,0.635
implacable,0.83
implant,0.588
implantation,0.741
implanted,0.679
implement,0.792
implication,0.69
implosion,0.547
imply,0.533
import,0.623
importance,0.864
important,0.836
importation,0.733
impose,0.745
imposing,0.836
imposition,0.618
impound,0.583
impregnable,0.667
impregnate,0.655
impress,0.895
impression,0.577
impressionable,0.645
impressive,0.873
imprint,0.685
imprison,0.545
improve,0.815
improved,0.679
improvement,0.611
improves,0.727
improving,0.682
improvisation,0.529
improvise,0.519
impulse,0.611
impulsive,0.607
impunity,0.602
imputation,0.621
inadvertently,0.549
inalienable,0.608
inaugural,0.608
inaugurate,0.8
inauguration,0.769
inborn,0.546
inbound,0.538
incalculable,0.679
incandescent,0.621
incantation,0.548
incarnate,0.593
incendiary,0.598
incentive,0.718
inception,0.561
incessant,0.544
incessantly,0.606
incidentally,0.5
incinerator,0.591
incision,0.558
incisive,0.545
incite,0.642
incitement,0.598
inclement,0.616
inclination,0.538
include,0.702
included,0.57
including,0.518
inclusion,0.712
inclusive,0.564
income,0.728
incoming,0.596
incomparable,0.67
inconceivable,0.561
incorporate,0.571
incorporation,0.768
incorrigible,0.5
increase,0.886
increased,0.773
incredible,0.902
increment,0.75
incriminating,0.5
incrimination,0.545
incumbent,0.565
incursion,0.719
indelible,0.591
indemnification,0.77
indemnify,0.613
indemnity,0.692
indenture,0.636
independence,0.911
independent,0.872
indescribable,0.648
indestructible,0.853
indicate,0.676
indicating,0.555
indication,0.75
indicative,0.591
indicator,0.67
indice,0.541
indictment,0.577
indigenous,0.552
indispensable,0.802
indistinguishable,0.548
individual,0.533
individuality,0.527
indivisible,0.58
indoctrination,0.698
indomitable,0.83
induce,0.684
inducement,0.685
induction,0.627
indulge,0.669
indulgence,0.517
indulgent,0.529
industrial,0.875
industrialist,0.843
industrious,0.791
industry,0.836
ineffable,0.585
inevitable,0.623
inexcusable,0.546
inexhaustible,0.643
infallibility,0.764
infallible,0.809
infantry,0.791
infatuation,0.53
infernal,0.571
infestation,0.527
infiltrate,0.587
infiltration,0.536
infinite,0.735
infinitely,0.829
infinity,0.805
infirmary,0.517
inflated,0.617
inflation,0.508
inflict,0.609
infliction,0.571
influence,0.824
influential,0.944
influx,0.575
info,0.642
infomercial,0.555
inform,0.679
informant,0.719
information,0.711
informative,0.741
informed,0.617
informer,0.58
infrared,0.526
infrastructure,0.694
infuriate,0.596
infuriated,0.51
infuriates,0.627
infuriating,0.509
infuse,0.589
infused,0.546
infuser,0.536
ingenious,0.891
ingenuity,0.868
ingestion,0.512
ingot,0.615
ingrained,0.712
ingress,0.736
inhabit,0.556
inhabitant,0.519
inhabited,0.51
inhabiting,0.598
inherit,0.694
inheritance,0.798
inhibition,0.534
inimaginable,0.534
inimical,0.556
inimitable,0.79
initial,0.539
initiate,0.553
initiated,0.65
initiation,0.527
initiative,0.768
inject,0.596
injection,0.518
injunction,0.519
inkling,0.57
inlay,0.565
innate,0.521
innermost,0.51
innerpeace,0.551
inning,0.52
innovate,0.75
innovation,0.89
innovative,0.83
innumerable,0.704
inoculation,0.598
input,0.527
inquest,0.721
inquirer,0.776
inquiring,0.5
inquiry,0.536
inquisitive,0.615
inquisitor,0.642
insatiable,0.558
inscription,0.542
inscrutable,0.613
insemination,0.622
inseparable,0.571
insert,0.519
insertion,0.565
insider,0.75
insight,0.649
insightful,0.713
insignia,0.685
insist,0.688
insistence,0.645
insistent,0.701
insists,0.61
inspect,0.793
inspection,0.718
inspector,0.852
inspiration,0.779
inspirational,0.81
inspire,0.759
inspired,0.736
install,0.736
installation,0.759
instance,0.558
instant,0.554
instantaneous,0.585
instantaneously,0.6
instigate,0.642
instigation,0.648
instill,0.618
instinct,0.642
instinctive,0.694
institute,0.807
institution,0.79
instruct,0.833
instructed,0.722
instruction,0.736
instructional,0.773
instructions,0.556
instructive,0.643
instructor,0.782
instrument,0.655
instrumental,0.647
instrumentalist,0.74
instrumentality,0.618
insubordination,0.634
insurance,0.825
insure,0.698
insurgent,0.66
insurmountable,0.737
insurrection,0.582
intact,0.602
integer,0.595
integral,0.615
integrate,0.7
integration,0.737
integrity,0.848
intellect,0.87
intellectual,0.845
intelligence,0.885
intelligent,0.868
intelligibility,0.689
intelligible,0.691
intend,0.519
intended,0.587
intending,0.597
intense,0.679
intensely,0.75
intensify,0.737
intensity,0.952
intensive,0.776
intent,0.5
intention,0.636
intentional,0.75
intentionally,0.696
interact,0.759
interaction,0.75
interactive,0.77
intercede,0.63
intercept,0.676
interception,0.643
intercession,0.598
interchange,0.565
interchangeable,0.526
intercourse,0.557
interdependence,0.639
interdependent,0.598
interdiction,0.585
interest,0.618
interested,0.725
interesting,0.731
interface,0.6
interferometer,0.517
intergalactic,0.741
interim,0.524
interject,0.658
interlocutory,0.527
intermediary,0.643
interminable,0.561
internally,0.616
international,0.702
internet,0.755
interoffice,0.556
interpolate,0.569
interpolation,0.528
interpret,0.673
interpretation,0.62
interpreter,0.596
interpretive,0.595
interrelated,0.592
interrogate,0.68
interrogation,0.657
interrupt,0.509
interrupting,0.509
intersection,0.658
interstate,0.6
interstellar,0.622
interstitial,0.534
intervene,0.768
intervention,0.689
interview,0.619
interviewer,0.816
interworking,0.691
intimacy,0.558
intimately,0.59
intimation,0.5
intimidate,0.632
intimidating,0.708
intimidation,0.644
intolerance,0.52
intolerant,0.509
intonation,0.598
intracranial,0.553
intrepid,0.637
intricate,0.5
intrinsic,0.526
intrinsically,0.538
intro,0.657
introduce,0.648
introduction,0.64
introductory,0.593
introspection,0.575
intrusion,0.67
intrusive,0.538
intubation,0.526
intuition,0.602
intuitive,0.69
intuitively,0.648
invade,0.714
invader,0.618
invaluable,0.745
invariably,0.55
invasion,0.808
invasive,0.598
invent,0.833
invention,0.811
inventive,0.721
inventor,0.847
inversion,0.772
invert,0.706
invest,0.682
investigate,0.781
investigation,0.82
investigative,0.704
investigator,0.779
investment,0.745
investor,0.791
invigorate,0.831
invincible,0.914
invitation,0.647
invite,0.611
inviting,0.538
invocation,0.673
invoke,0.579
involve,0.728
involvement,0.696
invulnerable,0.745
ire,0.575
iridescent,0.539
iron,0.679
ironclad,0.679
ironic,0.5
irons,0.625
irony,0.508
irradiation,0.509
irreducible,0.569
irrefutable,0.716
irreplaceable,0.833
irrepressible,0.745
irresistible,0.839
irrespective,0.745
irreverent,0.634
irreversible,0.667
irrevocable,0.712
isothermal,0.5
itemize,0.518
iterative,0.5
ivory,0.566
jackhammer,0.519
jackpot,0.786
jacks,0.505
jaguar,0.654
jailer,0.632
janitor,0.527
japan,0.58
jaunt,0.5
jeep,0.612
jeopardize,0.582
jeopardy,0.536
jesus,0.62
jet,0.606
jewel,0.625
jeweler,0.5
jewelry,0.597
jiggle,0.518
jigsaw,0.519
job,0.717
jobinterview,0.723
jockey,0.703
jog,0.519
join,0.684
joined,0.6
joining,0.685
joint,0.566
jointly,0.602
jolly,0.708
jornada,0.533
journalism,0.684
journalist,0.732
journey,0.625
journeyman,0.741
joust,0.551
jovial,0.526
joy,0.794
joyful,0.667
joyous,0.728
joyride,0.5
joys,0.651
jubilant,0.664
jubilee,0.579
judge,0.857
judged,0.722
judging,0.693
judgment,0.816
judgmental,0.579
judicial,0.833
judiciary,0.897
judicious,0.772
judo,0.612
juicer,0.564
jump,0.611
junta,0.704
juridical,0.873
jurisdiction,0.82
jurisprudence,0.764
jurist,0.713
juror,0.75
jury,0.789
justice,0.787
justifiable,0.821
justification,0.661
justify,0.615
juvenile,0.526
kaiser,0.69
kaleidoscope,0.58
kamikaze,0.645
karate,0.598
karma,0.537
keen,0.806
keep,0.547
keeper,0.773
keeping,0.723
key,0.519
keyed,0.521
keynote,0.545
keyword,0.747
khan,0.529
kick,0.526
kickboxing,0.651
kicker,0.614
kicking,0.51
kickoff,0.629
kidnap,0.535
kidnapper,0.618
kidnapping,0.561
kill,0.736
killer,0.543
killing,0.696
kind,0.618
kindness,0.508
kindred,0.517
kinematics,0.614
kinesiology,0.633
kinetic,0.537
king,0.892
king snake,0.647
kingdom,0.91
kingpin,0.642
kinship,0.652
kiss,0.63
kisser,0.618
kite,0.573
knack,0.82
knife,0.573
knight,0.835
knighthood,0.769
knock,0.527
knockout,0.664
know,0.704
knowing,0.658
knowledge,0.896
knowledgeable,0.971
kryptonite,0.588
kudos,0.642
lab,0.6
labor,0.754
laboratory,0.537
labored,0.637
laborer,0.698
laboring,0.737
laborious,0.709
lacrosse,0.509
laden,0.554
lady,0.602
ladylike,0.538
ladyship,0.822
lance,0.587
lancer,0.519
land,0.616
landing,0.596
landlord,0.858
landmark,0.681
landscaping,0.519
landslide,0.53
language,0.704
laptop,0.519
larder,0.509
large,0.736
larger,0.763
largo,0.517
laser,0.769
lash,0.609
lasting,0.745
latent,0.653
laudable,0.682
laudation,0.623
laugh,0.587
laughing,0.534
laughter,0.588
launch,0.598
launcher,0.808
launches,0.602
laureate,0.702
laurels,0.545
lava,0.615
lavish,0.73
law,0.815
lawful,0.78
lawlessness,0.509
lawman,0.786
lawsuit,0.611
lawyer,0.784
laxative,0.528
layout,0.557
layover,0.5
leaded,0.595
leader,0.926
leadership,0.983
leading,0.954
leads,0.615
leafy,0.7
leak,0.52
leakage,0.528
leap,0.667
learn,0.829
learned,0.543
learning,0.574
lease,0.545
lecture,0.737
lecturer,0.736
ledger,0.609
leer,0.509
leeway,0.569
legacy,0.827
legal,0.887
legality,0.713
legalize,0.818
legalized,0.855
legally,0.842
legend,0.75
legendary,0.863
legibility,0.58
legible,0.509
legion,0.852
legislate,0.736
legislation,0.808
legislative,0.8
legislator,0.877
legislature,0.698
legit,0.849
legitimacy,0.855
legitimate,0.841
legwork,0.509
lend,0.508
lender,0.703
length,0.533
lengthen,0.566
lengthening,0.528
lengthwise,0.528
lengthy,0.528
leniency,0.545
leopard,0.611
lessee,0.595
lesson,0.593
lessor,0.623
lethal,0.745
leverage,0.629
levitate,0.551
lexicon,0.615
ley,0.764
liabilities,0.694
liability,0.802
liable,0.821
liberal,0.755
liberalism,0.75
liberate,0.708
liberated,0.683
liberating,0.745
liberation,0.857
liberty,0.836
libido,0.571
librarian,0.509
library,0.549
license,0.702
lieutenant,0.92
life,0.824
lifeblood,0.708
lifeboat,0.533
lifeguard,0.786
lifeisgood,0.611
lifelike,0.765
lifelong,0.64
lifesaver,0.703
lifestyle,0.645
lifetime,0.736
lift,0.656
lifted,0.657
liftoff,0.588
ligament,0.51
light,0.519
light year,0.593
lighthouse,0.51
lighting,0.75
lightness,0.526
lightning,0.595
lights,0.575
likable,0.663
likelihood,0.542
likeness,0.561
liking,0.589
limber,0.673
limelight,0.694
limit,0.5
limitless,0.655
limo,0.667
limousine,0.64
lineage,0.721
linebacker,0.543
lineup,0.638
lingering,0.667
linguist,0.634
linguistic,0.618
linguistics,0.618
lion,0.682
liquefaction,0.535
liquidate,0.664
liquidation,0.649
liquidator,0.75
liquidity,0.534
literacy,0.638
literal,0.574
literally,0.673
literary,0.667
literature,0.598
lithe,0.602
lithology,0.525
lithosphere,0.689
litigant,0.696
litigate,0.712
litigation,0.602
litigator,0.732
litigious,0.632
liturgy,0.568
live,0.676
livelife,0.664
livelihood,0.721
lively,0.642
liven,0.673
livestock,0.519
living,0.727
llama,0.519
load,0.528
loader,0.686
loam,0.673
lobbyist,0.565
localization,0.545
localize,0.679
localized,0.621
locate,0.786
location,0.546
locator,0.614
lock,0.6
locket,0.616
lockup,0.617
locomotion,0.595
locomotive,0.721
lodging,0.527
lofty,0.569
logarithm,0.551
logarithmic,0.606
logic,0.819
logical,0.648
logistics,0.73
logo,0.565
logotype,0.509
long,0.543
longevity,0.745
longing,0.56
longitude,0.516
longitudinal,0.582
longitudinally,0.569
longtime,0.546
look,0.615
lookout,0.639
looming,0.528
loot,0.537
lord,0.684
lords,0.781
lordship,0.736
lore,0.768
lotus,0.51
loud,0.87
loudly,0.667
loudness,0.62
loudspeaker,0.689
lovable,0.565
love,0.673
loved,0.582
lovee,0.611
loveee,0.693
lovelife,0.592
loveliness,0.75
lovelovelove,0.554
lovely,0.741
lovemaking,0.814
lovemylife,0.573
lover,0.75
lovesick,0.5
lovethis,0.526
loving,0.636
lovinglife,0.673
lovinlife,0.544
loyal,0.657
loyalty,0.793
lucid,0.705
luck,0.717
luckiest,0.852
lucky,0.793
lucrative,0.798
lumbering,0.655
lumberjack,0.726
luminescent,0.526
luminous,0.783
lunch,0.542
lung,0.629
lunge,0.509
lungs,0.555
lurid,0.536
lurk,0.655
lurking,0.575
luscious,0.545
lush,0.833
lust,0.518
luster,0.558
lustful,0.643
lustrous,0.598
lusty,0.673
lute,0.5
luxuriant,0.812
luxurious,0.754
luxury,0.75
lynching,0.548
lynx,0.567
lyrical,0.618
machine,0.707
machinery,0.629
machinist,0.721
macho,0.676
macro,0.647
madam,0.571
madame,0.635
mademyday,0.537
maestro,0.849
mafia,0.676
magic,0.578
magical,0.595
magician,0.551
magistrate,0.904
magma,0.609
magna,0.652
magnate,0.868
magnet,0.553
magnetic,0.673
magnetism,0.741
magnetite,0.581
magnification,0.88
magnificence,0.92
magnificent,0.886
magnify,0.839
magnitude,0.774
mail,0.548
main,0.811
mainframe,0.557
mainland,0.806
mainstay,0.713
mainstream,0.66
maintain,0.647
maintenance,0.545
majestic,0.906
majesty,0.955
major,0.874
majority,0.93
makeover,0.596
maker,0.706
makesmehappy,0.712
makesmemad,0.5
makingdisciples,0.664
male,0.695
malevolent,0.613
malicious,0.607
malignancy,0.614
mama,0.728
mammoth,0.537
man,0.767
manage,0.719
manageable,0.655
management,0.806
manager,0.897
managerial,0.791
mandamus,0.556
mandate,0.779
mandatory,0.777
mandible,0.5
maneuver,0.608
maneuvering,0.745
manhole,0.516
manhood,0.858
manhunt,0.657
maniacal,0.5
manifest,0.704
manifestation,0.655
manifested,0.667
manifestly,0.577
manifesto,0.676
manipulate,0.772
manipulation,0.536
manipulative,0.546
mankind,0.768
manly,0.846
manna,0.544
manners,0.517
manor,0.738
manpower,0.543
mansion,0.717
mansions,0.777
manufacture,0.78
manufacturer,0.83
manufacturing,0.804
manuscript,0.54
mar,0.545
marathon,0.74
marble,0.667
mariachi,0.609
marijuana,0.558
marine,0.679
mariner,0.676
marital,0.5
maritime,0.713
mark,0.6
marked,0.554
marker,0.605
market,0.521
marketable,0.664
marketing,0.675
marketplace,0.525
marksman,0.692
marksmanship,0.664
marquee,0.508
marquis,0.562
marriage,0.75
married,0.602
marry,0.673
marshal,0.819
martial,0.737
martini,0.519
martyr,0.509
marvel,0.866
marvellous,0.849
marvelous,0.778
marvelously,0.764
masculine,0.773
masculinity,0.851
mask,0.537
masked,0.518
mason,0.58
massacre,0.64
massive,0.75
mast,0.58
master,0.849
masterful,0.96
mastermind,0.918
masterpiece,0.847
mastery,0.873
masturbate,0.5
masturbation,0.509
matador,0.667
match,0.5
matchmaker,0.519
mate,0.669
materialism,0.556
materialist,0.504
materialistic,0.589
materiality,0.636
materialize,0.728
materially,0.67
maternal,0.634
maternity,0.622
math,0.6
mathematical,0.548
mathematician,0.773
mathematics,0.664
mating,0.759
matriculation,0.675
matrimony,0.843
matrix,0.673
matron,0.555
matter,0.562
maturation,0.698
mature,0.6
maturity,0.806
mausoleum,0.594
maxim,0.887
maximize,0.792
maximum,0.852
mayor,0.818
mean,0.62
meandering,0.539
meaning,0.625
meaningful,0.802
measurable,0.602
measured,0.578
measuring,0.529
mechanic,0.566
mechanical,0.564
mechanics,0.761
mechanism,0.664
med,0.606
medal,0.746
medallion,0.71
medallist,0.897
meddle,0.526
mediate,0.654
mediation,0.657
mediator,0.58
medic,0.585
medical,0.616
medicate,0.546
medication,0.5
medicinal,0.614
medicine,0.679
meditate,0.564
mediterranean,0.545
meet,0.58
meeting,0.613
mega,0.723
melee,0.611
melodious,0.587
meltdown,0.602
melting,0.538
member,0.555
membership,0.778
memento,0.536
memoir,0.553
memorable,0.769
memorandum,0.639
memorial,0.6
memorials,0.679
memories,0.51
memorize,0.716
memory,0.573
menace,0.759
menacing,0.643
menagerie,0.538
mend,0.602
mending,0.657
mental,0.585
mentalhealth,0.67
mentality,0.726
mention,0.562
mentor,0.777
mercantile,0.713
mercenary,0.673
merchandise,0.621
merchant,0.62
merciful,0.5
merciless,0.634
mercurial,0.518
mercy,0.5
merge,0.733
merger,0.642
meridian,0.558
meridional,0.6
merit,0.722
meritorious,0.855
merriment,0.632
merry,0.764
merrychristmas,0.536
messenger,0.5
messiah,0.8
metabolic,0.559
metabolism,0.555
metal,0.547
metallic,0.607
metallurgy,0.587
metamorphosis,0.613
metaphysical,0.686
metaphysics,0.588
meteor,0.737
meteoric,0.684
meteorite,0.75
meteorological,0.556
meteorology,0.689
methane,0.569
methanol,0.57
method,0.698
methodical,0.745
methodology,0.745
meticulous,0.555
metric,0.573
metropolis,0.779
metropolitan,0.723
mettle,0.75
microbiology,0.56
microcosm,0.52
midnight,0.545
midshipman,0.785
midtown,0.538
mighty,0.936
migration,0.566
mileage,0.562
milestone,0.558
militant,0.75
militants,0.652
military,0.875
militia,0.769
millennium,0.76
million,0.812
millionaire,0.85
millionth,0.611
mind,0.627
minded,0.627
mindful,0.725
mindfulness,0.745
mine,0.578
minefield,0.684
miner,0.644
mineral,0.605
mineralogy,0.545
mining,0.554
minister,0.892
ministerial,0.66
ministry,0.717
miracle,0.806
miracles,0.692
miraculous,0.812
mirage,0.562
mirth,0.608
misappropriation,0.5
misrepresentation,0.518
missile,0.764
missiles,0.83
mission,0.87
missionary,0.596
mister,0.663
mistress,0.694
mistrial,0.536
mitigating,0.6
mixer,0.556
mob,0.567
mobility,0.654
mobilization,0.787
mobilize,0.727
mobster,0.638
mock,0.618
modality,0.527
model,0.723
modeler,0.73
modem,0.5
moderate anticipation,0.574
moderate positive,0.753
moderate surprise,0.637
moderate trust,0.773
moderately,0.5
moderating,0.783
moderator,0.802
modern,0.691
modernism,0.703
modesty,0.5
modification,0.625
modified,0.693
modify,0.625
modulate,0.555
modulation,0.565
module,0.571
mogul,0.865
molding,0.546
molecular,0.536
mom,0.639
moment,0.509
momentous,0.76
momentum,0.688
momma,0.527
monarch,0.87
monarchy,0.87
monastery,0.726
monastic,0.676
monetary,0.716
money,0.827
mongoose,0.546
monitor,0.538
monolith,0.5
monologue,0.534
monopolist,0.725
monopoly,0.64
monsieur,0.623
monster,0.596
monstrosity,0.611
monstrous,0.649
monument,0.811
monumental,0.955
mood,0.5
moody,0.595
moon,0.547
moonlit,0.508
moonwalk,0.525
moorings,0.516
moot,0.615
moped,0.554
moral,0.796
morale,0.792
morality,0.759
morals,0.611
mores,0.684
morphology,0.639
mortal,0.51
mortality,0.518
mortar,0.562
mortgage,0.537
mortgagee,0.723
mosque,0.528
mother,0.725
motherhood,0.667
motherland,0.731
motherly,0.71
motif,0.527
motion,0.657
motivate,0.873
motivating,0.787
motivation,0.802
motivational,0.858
motive,0.663
motor,0.648
motorbike,0.616
motorcade,0.593
motorcar,0.682
motorcycle,0.713
motorist,0.578
mound,0.509
mountain,0.649
mountaineer,0.535
mountainous,0.612
mountains,0.569
mountaintop,0.713
movable,0.5
move,0.67
movement,0.658
movingforward,0.848
mugger,0.5
mull,0.594
multilateral,0.705
multimedia,0.607
multinational,0.842
multiple,0.578
multiplex,0.667
multiplication,0.762
multiplicity,0.777
multiplied,0.729
multiplier,0.741
multiply,0.777
multitude,0.847
mum,0.698
municipal,0.758
municipality,0.614
murder,0.615
murderer,0.65
murderous,0.682
muscle,0.645
muscular,0.577
muse,0.509
muses,0.571
music,0.605
musical,0.53
musician,0.618
musket,0.51
musketeer,0.705
mustang,0.708
muster,0.548
mutant,0.573
mutation,0.611
mutiny,0.549
mutually,0.582
myfavorite,0.615
myriad,0.55
mystery,0.519
mystic,0.535
mystical,0.689
mystified,0.509
mystique,0.667
mythic,0.645
mythical,0.583
mythological,0.658
mythology,0.688
nail gun,0.574
named,0.565
naming,0.559
nanny,0.528
narcissism,0.54
narcissist,0.629
narcissistic,0.655
narration,0.551
narrator,0.623
nascent,0.585
nation,0.821
national,0.663
nationality,0.772
nationwide,0.672
native,0.71
nativity,0.673
naturalist,0.562
naturalization,0.652
naturalized,0.6
naturally,0.549
nature,0.643
nautical,0.579
nautilus,0.517
naval,0.679
nave,0.585
navigable,0.645
navigate,0.675
navigation,0.72
navigational,0.564
navigator,0.623
navy,0.764
neatly,0.588
necessarily,0.598
necessary,0.679
necessitate,0.516
necessity,0.588
necromancer,0.536
needed,0.679
needful,0.614
needlepoint,0.556
nefarious,0.528
negotiable,0.731
negotiate,0.769
negotiation,0.728
negotiator,0.817
nemesis,0.647
nepotism,0.517
netting,0.585
networking,0.545
neurological,0.558
neurologist,0.736
neurology,0.58
neurosurgeon,0.755
neurosurgery,0.73
neutralize,0.719
neutron,0.679
new,0.582
new age,0.727
newbeginnings,0.524
newday,0.618
newfound,0.52
newjob,0.729
newlife,0.701
newly,0.552
newlywed,0.57
newme,0.527
newness,0.588
news,0.61
newscast,0.714
newscaster,0.764
newsflash,0.518
newsman,0.696
newspaperman,0.75
newsreel,0.577
newsroom,0.658
newstart,0.667
newt,0.541
newyear,0.52
nice,0.65
nifty,0.815
nightclub,0.528
nightlife,0.51
nimble,0.769
nimrod,0.539
ninja,0.682
nitrate,0.5
nitro,0.639
nitrogen,0.562
nobility,0.736
noble,0.61
nobleman,0.709
noisy,0.561
nomenclature,0.575
nominate,0.669
nomination,0.696
nominee,0.765
noon,0.518
norm,0.527
normalcy,0.62
notable,0.696
notables,0.755
notably,0.689
notary,0.676
notation,0.558
noteworthy,0.759
nothingbetter,0.543
noticeable,0.75
notification,0.671
notify,0.573
notion,0.667
notional,0.5
notoriety,0.769
notorious,0.609
nourish,0.639
nourishment,0.631
novelist,0.529
novelty,0.74
noworries,0.5
nuances,0.527
nuclear,0.781
nucleus,0.667
nudge,0.509
nuke,0.873
numerator,0.526
numerical,0.517
numerically,0.5
numerous,0.609
nunchucks,0.526
nuptials,0.571
nurse,0.521
nursing,0.653
nurture,0.657
nutcracker,0.522
nutrition,0.579
nutritional,0.676
nutritious,0.655
nutritive,0.667
nymphomaniac,0.536
oak,0.536
oath,0.824
obedience,0.536
obedient,0.518
obediently,0.577
obelisk,0.596
obey,0.533
objection,0.709
objectionable,0.558
objective,0.736
objectivity,0.711
obligation,0.718
obligatory,0.78
oblige,0.614
obliging,0.545
obliterate,0.569
observance,0.632
observant,0.708
observation,0.667
observatory,0.731
observer,0.603
observing,0.685
obsess,0.509
obsessing,0.698
obsession,0.571
obstetrician,0.604
obstetrics,0.564
obstinate,0.562
obstructive,0.613
obtain,0.731
obtainable,0.702
obvious,0.585
occipital,0.518
occupancy,0.721
occupation,0.692
occupational,0.596
occupier,0.6
occupy,0.589
occupying,0.519
occur,0.51
occurrence,0.541
ocean,0.642
oceanic,0.632
odds,0.68
ode,0.519
odyssey,0.71
oedipal,0.509
oestrogen,0.561
oeuvre,0.598
offender,0.537
offense,0.51
offensive,0.6
offer,0.596
offered,0.544
offering,0.585
office,0.509
officer,0.877
offices,0.534
official,0.833
officiate,0.704
offload,0.525
offset,0.704
offspring,0.6
ogre,0.51
oligarchy,0.741
omega,0.526
omen,0.583
ominous,0.51
omnipotence,0.866
omnipotent,0.919
omnipresent,0.825
omniscient,0.778
oncologist,0.64
oncology,0.5
oncoming,0.773
onelove,0.541
oneness,0.72
ongoing,0.556
onset,0.5
onslaught,0.717
onstage,0.583
ontology,0.518
onus,0.769
onward,0.741
open,0.569
opening,0.62
openly,0.553
openness,0.667
operate,0.691
operatic,0.627
operation,0.755
operational,0.679
operations,0.798
operative,0.718
operator,0.726
opiate,0.598
opinion,0.638
opponent,0.716
opportune,0.767
opportunism,0.673
opportunity,0.833
opposed,0.606
opposing,0.518
opposition,0.592
oppress,0.555
oppression,0.615
oppressive,0.667
oppressor,0.629
ops,0.528
optic,0.594
optical,0.542
optics,0.58
optimism,0.814
optimist,0.787
optimistic,0.821
optimum,0.808
optometrist,0.668
opulence,0.648
opulent,0.66
oracle,0.67
oration,0.683
orator,0.682
oratory,0.693
orbit,0.575
orbital,0.559
orbiting,0.554
orchestra,0.664
ordained,0.731
ordeal,0.529
order,0.814
orderly,0.661
ordinance,0.776
ordination,0.765
ordnance,0.679
organ,0.538
organic,0.535
organism,0.8
organist,0.669
organization,0.851
organize,0.781
organized,0.746
organizer,0.846
orgasm,0.676
orgy,0.536
orient,0.667
oriental,0.598
orientation,0.686
origin,0.591
original,0.746
originality,0.824
originate,0.866
origination,0.604
originator,0.868
ornate,0.5
ornery,0.509
orthodontist,0.564
orthodox,0.647
orthodoxy,0.612
orthogonal,0.54
ostensible,0.585
ostensibly,0.509
ostentatious,0.648
outbid,0.54
outburst,0.528
outcome,0.685
outcry,0.718
outdo,0.873
outfit,0.566
outgoing,0.538
outgrow,0.722
outgrowth,0.688
outing,0.634
outlandish,0.657
outlast,0.685
outline,0.509
outlines,0.651
outlive,0.724
outlook,0.625
outlying,0.503
outnumber,0.577
outpost,0.675
outpouring,0.552
outrage,0.542
outraged,0.538
outrageous,0.713
outrank,0.817
outreach,0.672
outright,0.755
outrun,0.573
outset,0.582
outsmart,0.864
outspoken,0.667
outstanding,0.896
outstretched,0.519
outweigh,0.682
ovation,0.75
oven,0.606
overactive,0.592
overall,0.67
overbearing,0.861
overburden,0.546
overcharged,0.569
overcome,0.848
overcoming,0.855
overdo,0.602
overdrive,0.732
overestimated,0.527
overflow,0.5
overflowing,0.635
overgrowth,0.673
overhanging,0.812
overhead,0.538
overhear,0.58
overheated,0.547
overjoyed,0.755
overkill,0.678
overlaid,0.676
overlap,0.627
overlapping,0.684
overlay,0.749
overload,0.652
overlord,0.932
overlying,0.691
overpaid,0.585
overpass,0.565
overplayed,0.586
overpower,0.783
overpowering,0.589
overprotective,0.741
override,0.529
overrun,0.598
oversee,0.778
overseer,0.873
overshadow,0.654
oversight,0.723
oversized,0.679
overstate,0.635
overstock,0.589
overt,0.607
overtake,0.718
overtaken,0.702
overthinker,0.552
overthinking,0.525
overthrow,0.62
overtime,0.529
overview,0.539
overwhelming,0.64
overwrought,0.571
overzealous,0.703
owner,0.92
ownership,0.741
oxygen,0.575
ozone,0.518
pacemaker,0.582
pacific,0.58
pacifist,0.557
pacify,0.629
packaging,0.549
packer,0.537
pact,0.593
padre,0.647
pagan,0.542
pageant,0.651
pager,0.554
paintball,0.537
pal,0.596
palace,0.804
palatable,0.594
paleontology,0.617
palliative,0.518
palpable,0.611
palpitations,0.528
panacea,0.613
pandemic,0.544
pandemonium,0.5
panorama,0.625
panoramic,0.684
pansy,0.589
pantheon,0.61
panther,0.682
papa,0.527
papacy,0.553
papal,0.559
parable,0.525
parabola,0.62
parabolic,0.5
parachute,0.564
parade,0.509
paradigm,0.779
paradise,0.796
paralegal,0.519
parallelism,0.527
paramedic,0.636
paramedics,0.712
paramilitary,0.727
paramount,0.902
paranormal,0.56
paraphernalia,0.509
pardon,0.542
parenchyma,0.595
parent,0.86
parentage,0.595
parental,0.627
parenthood,0.782
parenting,0.676
parish,0.582
parking,0.51
parliament,0.858
parliamentary,0.755
parole,0.526
parse,0.667
parson,0.615
partake,0.629
participant,0.613
participate,0.684
participation,0.702
particular,0.552
particularity,0.586
particulars,0.525
partisan,0.669
partisanship,0.551
partition,0.567
partner,0.586
partnership,0.545
party,0.547
passable,0.633
passing,0.509
passion,0.728
passionate,0.731
passkey,0.791
passport,0.682
password,0.559
paste,0.5
pastor,0.746
patent,0.609
patented,0.685
paternal,0.755
paternity,0.806
pathological,0.58
pathologist,0.585
pathology,0.558
pathway,0.519
patriarch,0.898
patriarchal,0.857
patrimony,0.74
patriot,0.886
patriotic,0.933
patriotism,0.848
patrol,0.736
patrolman,0.884
patron,0.87
patronage,0.583
patronising,0.582
patronize,0.591
patronizing,0.529
pattern,0.664
pave,0.509
pavilion,0.77
paving,0.545
pawnshop,0.519
pay,0.592
payable,0.606
payback,0.567
paycheck,0.652
payday,0.571
payer,0.638
payload,0.682
payment,0.643
payoff,0.673
payout,0.575
payroll,0.549
peace,0.613
peaceful,0.569
peacefully,0.639
peacekeeper,0.644
peaceofmind,0.519
peacetime,0.579
peaked,0.857
pearl,0.642
peat,0.504
peculiar,0.564
peculiarities,0.528
peculiarity,0.652
pecuniary,0.5
peddle,0.538
pedestal,0.579
pediatrician,0.627
pediatrics,0.596
pedigree,0.609
peer,0.569
penal,0.61
penchant,0.609
penetrate,0.732
penetrating,0.782
penetration,0.792
penicillin,0.566
peninsula,0.627
penis,0.556
penitent,0.508
penmanship,0.509
pensive,0.529
pentagon,0.774
people,0.5
peopled,0.679
perceive,0.655
percentage,0.553
perceptible,0.62
perception,0.655
perceptive,0.741
percussion,0.642
peremptory,0.606
perennial,0.5
perfect,0.87
perfection,0.934
perfectionist,0.905
perfecto,0.889
perforation,0.578
perform,0.773
performance,0.672
performer,0.708
perfumed,0.509
peril,0.518
perilous,0.575
perimeter,0.555
period,0.588
periodic,0.508
periodically,0.515
periodicity,0.645
peripheral,0.549
periscope,0.609
perk,0.682
perky,0.673
perm,0.741
permanence,0.708
permanent,0.736
permeation,0.536
permissible,0.612
permission,0.58
permit,0.518
permitted,0.613
permitting,0.661
permutation,0.5
peroxide,0.51
perpetrate,0.732
perpetrator,0.538
perpetual,0.741
perpetually,0.868
perpetuate,0.788
perpetuation,0.716
perpetuity,0.759
perplexity,0.5
persecute,0.509
persecution,0.66
perseverance,0.796
persevere,0.937
persist,0.727
persistence,0.873
persistent,0.815
persisting,0.745
person,0.596
persona,0.743
personable,0.637
personage,0.698
personality,0.79
personification,0.691
personnel,0.587
persons,0.588
perspective,0.704
persuade,0.709
persuasion,0.537
persuasive,0.657
pertinent,0.723
perturbation,0.5
perusal,0.543
pervading,0.728
pervert,0.5
petitioner,0.566
petrol,0.577
petroleum,0.64
pew,0.664
pharaoh,0.798
pharmaceutical,0.562
pharmacist,0.648
pharmacology,0.526
pharmacy,0.542
phenomenal,0.918
phenomenon,0.848
pheromone,0.561
philanthropic,0.717
philanthropist,0.623
philanthropy,0.801
philosopher,0.72
philosophic,0.655
philosophical,0.713
philosophy,0.64
phoenix,0.594
phonetic,0.536
phonetics,0.519
phonograph,0.565
phonology,0.512
photographer,0.562
photographic,0.564
phraseology,0.537
physical,0.607
physical therapist,0.775
physician,0.843
physicist,0.693
physics,0.664
physiological,0.62
physiology,0.519
physique,0.543
pianist,0.573
pick,0.525
picked,0.67
picker,0.609
picky,0.598
pierce,0.611
pile,0.539
pilgrim,0.569
pilgrimage,0.625
pillar,0.684
pilot,0.736
pimp,0.536
pinnacle,0.508
pinpoint,0.528
pioneer,0.802
piracy,0.567
piranha,0.575
pirate,0.559
pissed,0.543
pistol,0.677
piston,0.5
pitcher,0.704
pitchfork,0.529
pitfall,0.508
pith,0.596
pithy,0.635
pivotal,0.536
pizzazz,0.682
placard,0.5
placement,0.528
plaintiff,0.711
plan,0.733
planes,0.575
planet,0.832
planetarium,0.655
planetary,0.62
planets,0.658
planned,0.729
planner,0.868
planning,0.705
plantation,0.575
planter,0.634
planting,0.595
plat,0.556
platform,0.718
platinum,0.702
platoon,0.745
plaudit,0.546
plausibility,0.57
plausible,0.51
playa,0.575
playback,0.639
playbook,0.5
playboy,0.519
player,0.644
playoff,0.55
playtime,0.566
playwright,0.667
plaza,0.529
plea,0.517
pleasant,0.673
pleased,0.795
pleasing,0.788
pleasurable,0.669
pleasure,0.682
pleasures,0.705
pledge,0.764
pledged,0.658
plenary,0.598
plentiful,0.745
plenty,0.824
plenum,0.596
plethora,0.547
plication,0.5
plight,0.547
plot,0.51
plowing,0.518
ploy,0.741
plucky,0.88
plumb,0.554
plunder,0.574
plunge,0.55
plural,0.564
plurality,0.587
plutonium,0.731
pneumatic,0.5
poacher,0.612
poachers,0.632
poaching,0.526
podium,0.702
poem,0.571
poet,0.556
poetic,0.548
poetical,0.518
poetry,0.629
poignant,0.518
pointedly,0.569
pointer,0.5
poise,0.708
poison,0.573
poisoning,0.526
poisonous,0.533
pokes,0.538
polar,0.5
polarity,0.5
polemic,0.652
police,0.83
police officer,0.858
policeman,0.898
policewoman,0.727
policy,0.833
polish,0.533
polite,0.562
politeness,0.618
politic,0.798
political,0.875
politician,0.863
politics,0.855
polity,0.802
poll,0.554
polling,0.602
poltergeist,0.544
polygamy,0.563
polygon,0.557
polygonal,0.528
polygraph,0.602
polymorphism,0.558
ponder,0.689
ponderous,0.534
pontiff,0.723
pontificate,0.704
pool,0.598
pope,0.636
popular,0.731
popularity,0.861
popularized,0.745
population,0.667
populous,0.725
porker,0.5
porno,0.519
pornographic,0.5
port,0.513
portable,0.582
portal,0.547
porter,0.654
posh,0.75
posited,0.62
position,0.538
positioning,0.795
positive,0.855
positiveenergy,0.808
positively,0.795
positivity,0.87
possess,0.727
possessed,0.611
possessing,0.612
possession,0.848
possessive,0.696
possessor,0.773
possibility,0.596
possible,0.548
possibly,0.5
post,0.548
postage,0.527
posterior,0.517
posterity,0.683
postulate,0.694
posture,0.598
potency,0.879
potent,0.907
potential,0.84
pounce,0.518
pounding,0.731
power,0.953
powerful,0.991
powerfully,0.935
powerhouse,0.787
practicable,0.635
practical,0.608
practically,0.588
practice,0.639
practiced,0.58
practise,0.616
practitioner,0.684
pragmatic,0.637
praise,0.658
praised,0.721
praisegod,0.638
praisejesus,0.672
praises,0.75
praiseworthy,0.788
praising,0.623
praxis,0.593
pray,0.627
prayer,0.604
praying mantis,0.51
preach,0.702
preacher,0.741
preaching,0.795
precautionary,0.548
precede,0.552
precedence,0.598
precedent,0.721
preceding,0.663
precept,0.636
preceptor,0.724
precession,0.594
precinct,0.527
precious,0.726
precipitate,0.5
precipitation,0.531
precipitous,0.514
precise,0.769
precisely,0.714
precision,0.875
precursor,0.783
predator,0.777
predatory,0.731
predecessor,0.593
predicament,0.541
predict,0.654
predicting,0.679
prediction,0.585
predictive,0.736
predictor,0.738
predilection,0.661
predispose,0.509
predisposition,0.716
predominance,0.857
predominant,0.827
predominate,0.857
preeminent,0.732
preemption,0.722
preemptive,0.636
preface,0.557
prefect,0.809
prefer,0.536
preferable,0.687
preference,0.72
preferential,0.764
pregnancy,0.569
pregnant,0.537
prelim,0.516
preliminary,0.585
prelude,0.556
premarital,0.5
premed,0.518
premeditated,0.62
premier,0.792
premiere,0.573
premise,0.517
premium,0.769
premonition,0.544
prenuptial,0.526
prep,0.555
preparation,0.679
preparatory,0.576
prepare,0.603
prepared,0.733
preparedness,0.763
preparer,0.74
preparing,0.585
preponderance,0.66
prerogative,0.538
prescient,0.696
prescribe,0.618
prescription,0.568
prescriptive,0.643
presence,0.607
present,0.634
presentable,0.643
presentation,0.553
presenter,0.735
presentment,0.784
presents,0.526
preservation,0.686
preservative,0.509
preserve,0.755
preserved,0.667
preserving,0.63
preside,0.75
presidency,0.918
president,0.973
presidential,0.972
pressing,0.636
pressure,0.623
prestige,0.907
prestigious,0.925
presume,0.635
presumption,0.518
presumptuous,0.616
presuppose,0.5
pretend,0.542
pretender,0.574
pretense,0.54
pretensions,0.593
pretty,0.561
prevail,0.75
prevailing,0.864
prevalence,0.815
prevalent,0.669
prevent,0.575
preventative,0.682
prevention,0.6
preventive,0.657
previously,0.623
price,0.535
priceless,0.779
pride,0.848
priest,0.648
priestess,0.691
priesthood,0.649
priestly,0.683
primacy,0.778
primary,0.545
primed,0.759
primer,0.688
primordial,0.771
primrose,0.648
prince,0.87
princely,0.763
princess,0.62
principal,0.709
principally,0.791
principle,0.629
principles,0.84
printing,0.615
printout,0.637
prioritize,0.784
priority,0.864
priory,0.629
prismatic,0.54
pristine,0.625
privacy,0.598
private,0.644
privately,0.541
privilege,0.821
privileged,0.853
privy,0.648
prize,0.67
prized,0.714
pro,0.692
proactive,0.857
probability,0.651
probate,0.78
probationary,0.5
probe,0.512
probity,0.598
procedural,0.611
procedure,0.654
proceed,0.565
proceeding,0.753
proceeds,0.585
process,0.615
processing,0.711
procession,0.643
processor,0.673
proclaim,0.876
proclamation,0.871
procreate,0.802
procreation,0.787
proctologist,0.722
proctor,0.587
procure,0.63
procurement,0.759
prodigal,0.66
prodigious,0.904
prodigy,0.824
produce,0.836
produced,0.693
producer,0.917
producing,0.7
product,0.648
production,0.781
productive,0.773
productivity,0.857
profess,0.643
profession,0.786
professional,0.943
professionalism,0.944
professor,0.721
professorship,0.718
proficiency,0.804
proficient,0.817
profile,0.529
profiler,0.559
profit,0.721
profitable,0.736
profound,0.736
profuse,0.545
profusion,0.575
progenitor,0.798
progeny,0.58
prognosis,0.629
prognostic,0.704
program,0.713
programme,0.537
programmer,0.759
programming,0.732
progress,0.877
progression,0.8
progressive,0.81
prohibit,0.537
prohibition,0.568
prohibitive,0.585
project,0.853
projectile,0.774
projectiles,0.868
projecting,0.786
projection,0.731
projector,0.711
proletariat,0.6
prolific,0.604
prologue,0.546
prolong,0.535
prolongation,0.675
prolonged,0.56
prominence,0.796
prominent,0.779
prominently,0.831
promise,0.704
promising,0.858
promissory,0.593
promo,0.614
promontory,0.542
promote,0.853
promoter,0.817
promotion,0.769
promotional,0.679
prompt,0.582
prompting,0.571
promulgate,0.678
promulgation,0.651
pronounce,0.563
pronounced,0.694
pronouncement,0.75
pronunciation,0.588
proof,0.619
propaganda,0.618
propagate,0.63
propagation,0.648
propel,0.804
propelled,0.731
propelling,0.824
propensity,0.66
proper,0.757
property,0.805
prophecy,0.75
prophesy,0.682
prophet,0.774
prophetic,0.796
prophylactic,0.527
prophylaxis,0.647
proportion,0.518
proportional,0.621
proportionate,0.67
proportions,0.5
proposal,0.596
propose,0.71
proposition,0.565
proprietary,0.814
proprietor,0.843
proprietorship,0.807
propriety,0.798
propulsion,0.644
prosecute,0.769
prosecution,0.647
prosecutor,0.796
prospect,0.698
prospection,0.64
prospective,0.717
prospectively,0.679
prospector,0.64
prospectus,0.873
prosper,0.857
prosperity,0.86
prosperous,0.89
protagonist,0.877
protect,0.791
protected,0.709
protecting,0.832
protection,0.664
protective,0.86
protector,0.824
protein,0.654
protest,0.596
protestant,0.546
protocol,0.786
prototype,0.657
protracted,0.58
protrude,0.753
protrusion,0.51
proud,0.873
prove,0.566
proven,0.611
proverb,0.518
proverbial,0.697
provide,0.704
provided,0.648
providence,0.755
provider,0.75
providing,0.896
provision,0.692
provisions,0.642
proviso,0.569
provocation,0.705
provocative,0.684
provoke,0.735
provoked,0.528
provoking,0.717
prowess,0.833
prowler,0.509
proximal,0.562
proximate,0.519
proximity,0.569
proxy,0.52
prudence,0.679
prudent,0.657
pry,0.5
prying,0.547
psalm,0.557
psalms,0.534
psych,0.526
psychiatric,0.525
psychiatrist,0.765
psychiatry,0.698
psychic,0.726
psychical,0.811
psychics,0.692
psycho,0.56
psychoanalysis,0.741
psychoanalyst,0.738
psychobabble,0.543
psychological,0.66
psychologist,0.658
psychology,0.726
psychopath,0.536
psychopathic,0.508
psychotherapy,0.651
pterodactyl,0.625
puberty,0.504
pubic,0.509
public,0.664
publication,0.6
publicist,0.676
publicity,0.679
publicly,0.632
publicspeaking,0.632
publish,0.603
published,0.57
publisher,0.691
publishing,0.66
pulmonary,0.544
pulpit,0.517
pulsar,0.618
pulsation,0.585
puma,0.561
pump,0.681
pumped,0.528
punch,0.608
punching,0.623
punchy,0.745
punctual,0.636
punctuality,0.758
punctually,0.728
punctuation,0.592
pundit,0.833
pungent,0.535
punish,0.61
punishment,0.536
punitive,0.605
purchase,0.616
purchaser,0.673
purchasing,0.661
pure,0.652
purebliss,0.526
purely,0.536
purification,0.774
purify,0.746
purist,0.575
purity,0.712
purport,0.684
purpose,0.782
purposely,0.703
pursuance,0.559
pursue,0.536
pursuing,0.69
pursuit,0.617
purveyor,0.843
purview,0.681
push,0.524
pusher,0.585
pushing,0.731
pushy,0.741
put,0.51
puzzle,0.525
pyramid,0.635
pyramidal,0.6
pyrotechnics,0.532
python,0.618
quack,0.625
quadrangle,0.573
quadruple,0.589
quake,0.672
qualifications,0.75
qualified,0.815
qualify,0.52
qualifying,0.789
qualities,0.731
quality,0.852
quantify,0.721
quantitative,0.667
quantitatively,0.713
quantity,0.783
quantum,0.6
quarantine,0.589
quarter,0.509
quarterback,0.767
quartermaster,0.661
quash,0.518
quaternary,0.509
queen,0.86
quest,0.545
question,0.509
questioning,0.509
questionnaire,0.606
quick,0.75
quicken,0.799
quickly,0.636
quickness,0.74
quicksand,0.508
quicksilver,0.529
quintet,0.5
quirk,0.618
quirky,0.564
quiz,0.527
quorum,0.602
quotes,0.52
quotient,0.58
rabbi,0.723
race,0.658
racehorse,0.6
racer,0.678
racetrack,0.624
racial,0.513
racketeering,0.697
radar,0.579
radial,0.5
radiance,0.719
radiant,0.791
radiate,0.738
radiation,0.536
radical,0.811
radically,0.715
radioactive,0.741
radioactivity,0.696
radiography,0.543
radiologist,0.634
radiology,0.574
radium,0.517
radius,0.5
rage,0.658
raging,0.598
raid,0.56
raider,0.525
rail,0.526
railroad,0.5
railway,0.623
raincoat,0.525
rainmaker,0.544
raise,0.765
raised,0.643
raising,0.643
rally,0.554
rambling,0.528
rampage,0.509
rampant,0.526
rampart,0.538
rancher,0.543
range,0.615
ranger,0.705
rank,0.686
ranking,0.68
ransom,0.565
ranting,0.5
rape,0.527
rapid,0.768
rapidity,0.806
rapids,0.788
rapist,0.571
rapport,0.567
rapt,0.51
raptor,0.612
raptors,0.591
rapture,0.567
ratification,0.609
ratify,0.716
rating,0.637
ratio,0.741
rational,0.632
rationale,0.815
rationalism,0.676
rationality,0.767
rationalize,0.746
rationing,0.54
rattlesnake,0.613
raucous,0.538
ravage,0.575
ravenous,0.509
ravishing,0.83
ray,0.538
reach,0.69
react,0.717
reaction,0.706
reactionary,0.69
reactive,0.721
reactor,0.772
read,0.611
reader,0.602
readily,0.547
readiness,0.7
readjustment,0.51
readout,0.518
ready,0.648
readytogo,0.578
reaffirm,0.654
reagent,0.642
real,0.717
realism,0.67
realist,0.809
realistic,0.783
reality,0.787
realization,0.836
realize,0.647
realm,0.878
realtor,0.582
realty,0.648
reap,0.623
reappear,0.632
rearrange,0.729
rearrangement,0.769
reason,0.712
reasonable,0.726
reasonableness,0.665
reasoning,0.729
reasons,0.571
reassemble,0.589
reassign,0.559
reassurance,0.593
reassure,0.63
reassured,0.519
reassuring,0.691
rebate,0.51
rebel,0.555
rebellion,0.746
rebellious,0.663
rebels,0.609
rebirth,0.78
reboot,0.519
reborn,0.737
rebound,0.506
rebuild,0.519
rebut,0.573
rebuttal,0.54
recalcitrant,0.58
recall,0.525
recap,0.667
recapture,0.658
recast,0.5
receive,0.551
received,0.561
receiver,0.586
receiving,0.623
recent,0.589
reception,0.567
receptive,0.639
receptor,0.51
recharge,0.664
recheck,0.529
recidivism,0.558
recipient,0.679
reciprocal,0.66
reciprocate,0.618
reciprocity,0.556
recital,0.572
reckoning,0.532
reclaim,0.648
reclamation,0.548
recognition,0.726
recognizable,0.609
recognize,0.6
recognized,0.786
recollect,0.602
recollection,0.566
recombination,0.602
recommend,0.672
recommendation,0.664
recompense,0.853
reconcile,0.625
reconciliation,0.604
reconfigure,0.658
reconnaissance,0.712
reconnect,0.667
reconsider,0.582
reconsideration,0.611
reconstitution,0.783
reconstruct,0.718
reconstruction,0.667
reconstructive,0.722
reconvene,0.56
record,0.5
recount,0.509
recoup,0.575
recourse,0.598
recover,0.647
recoverable,0.709
recovery,0.737
recreate,0.616
recreation,0.66
recruit,0.633
recruiter,0.69
recruiting,0.693
recruitment,0.591
recruits,0.593
rectification,0.695
rectify,0.634
rector,0.862
rectory,0.704
recuperation,0.5
recurrence,0.615
recurrent,0.561
recursion,0.543
recursive,0.561
recursively,0.618
recycle,0.526
recycling,0.509
redemption,0.545
redhead,0.518
redirect,0.648
redo,0.535
redress,0.649
redundancy,0.589
redundant,0.527
reelection,0.681
reenactment,0.768
reentry,0.5
reestablish,0.692
refer,0.558
referee,0.778
reference,0.595
referendum,0.643
referral,0.603
refine,0.64
refined,0.653
refinement,0.709
refinery,0.565
refining,0.664
refit,0.506
reflection,0.528
reflective,0.735
reflector,0.5
reflex,0.538
reform,0.797
reformation,0.558
reformer,0.905
refraction,0.526
refractory,0.588
refresh,0.689
refreshing,0.571
refrigeration,0.5
refuel,0.5
refurbish,0.541
refutation,0.566
refute,0.583
regain,0.759
regal,0.556
regalia,0.556
regard,0.809
regency,0.63
regenerate,0.767
regeneration,0.845
regent,0.675
reggae,0.5
regime,0.773
regimen,0.84
regiment,0.755
regimental,0.817
region,0.712
regional,0.607
regionalism,0.773
register,0.654
registrar,0.574
registration,0.574
registry,0.583
regroup,0.797
regular,0.558
regularity,0.585
regulars,0.508
regulation,0.667
regulator,0.668
regulatory,0.528
rehab,0.593
rehabilitate,0.642
rehabilitation,0.606
rehearsal,0.5
rehearse,0.5
reign,0.873
reigning,0.87
reimburse,0.527
reimbursement,0.567
reincarnation,0.676
reinforce,0.76
reinforcement,0.902
reinforcements,0.875
reins,0.545
reinstall,0.745
reinstate,0.596
reinstatement,0.707
reinvest,0.763
reinvestment,0.782
reiterate,0.655
rejoice,0.698
rejoicing,0.592
rejoin,0.556
rejuvenate,0.767
rejuvenated,0.7
rekindle,0.788
relate,0.623
related,0.519
relation,0.625
relationship,0.589
relativity,0.615
relay,0.543
release,0.741
released,0.651
relentless,0.904
relevance,0.791
relevancy,0.673
relevant,0.764
reliability,0.696
reliable,0.875
reliance,0.853
relic,0.591
relics,0.579
relieve,0.536
relight,0.519
religion,0.755
religious,0.696
relish,0.632
relive,0.693
reload,0.571
relocate,0.64
rely,0.616
remain,0.731
remains,0.565
remake,0.642
remark,0.716
remarkable,0.72
remarkably,0.868
remarry,0.54
rematch,0.627
remedial,0.509
remembered,0.588
remembering,0.509
remembrance,0.519
remind,0.563
reminder,0.589
reminiscent,0.611
remission,0.518
remodel,0.693
remover,0.526
remuneration,0.607
renaissance,0.767
rendering,0.667
rendezvous,0.658
renegade,0.509
renegotiate,0.708
renew,0.713
renewal,0.672
renounce,0.552
renovate,0.755
renovated,0.657
renovation,0.779
renown,0.693
renowned,0.697
reopen,0.568
reorganization,0.754
reorganize,0.722
rep,0.64
repair,0.589
repairman,0.707
reparation,0.732
repay,0.592
repeat,0.552
repeatedly,0.5
repertoire,0.667
repertory,0.528
rephrase,0.549
replace,0.5
replacement,0.5
replay,0.761
replenish,0.689
replete,0.67
replicate,0.585
replication,0.51
reply,0.596
report,0.575
reported,0.567
reporter,0.604
reposition,0.509
repository,0.5
repossess,0.552
represent,0.861
representation,0.75
representative,0.694
represented,0.688
representing,0.833
repress,0.536
reprieve,0.574
reprint,0.527
reprisal,0.545
reproduce,0.76
reproduction,0.713
reproductive,0.856
reprogram,0.557
republic,0.83
republican,0.664
repurchase,0.557
reputable,0.919
reputation,0.721
repute,0.702
reputed,0.627
request,0.618
require,0.56
required,0.7
requirement,0.728
requisite,0.609
requisition,0.649
reroute,0.598
rerun,0.529
reschedule,0.537
rescue,0.85
research,0.741
researcher,0.857
resection,0.5
resemblance,0.57
resembling,0.529
resentment,0.528
reservation,0.561
reserve,0.589
reserved,0.583
reserves,0.52
reset,0.574
residence,0.585
residences,0.509
residency,0.679
resident,0.5
residential,0.589
resilience,0.667
resilient,0.801
resist,0.651
resistance,0.796
resistant,0.815
resisting,0.789
resistive,0.651
resolute,0.712
resolutely,0.805
resolution,0.745
resolve,0.75
resolved,0.683
resonance,0.629
resonant,0.663
resonate,0.644
resonator,0.519
resort,0.632
resounding,0.596
resource,0.749
resourceful,0.886
resources,0.627
respect,0.758
respectability,0.912
respectable,0.889
respected,0.853
respectful,0.814
respecting,0.72
respective,0.721
respects,0.824
respiration,0.669
respiratory,0.552
resplendent,0.755
respond,0.594
responsibility,0.852
responsible,0.833
responsive,0.573
restart,0.554
restaurant,0.5
restitution,0.643
restock,0.645
restoration,0.734
restorative,0.703
restore,0.625
restored,0.728
restoring,0.783
restrained,0.509
restraining,0.672
restraint,0.52
restrict,0.577
restriction,0.569
restrictive,0.5
result,0.652
resultant,0.637
resume,0.586
resumption,0.653
resurrect,0.817
resurrection,0.759
resuscitate,0.818
resuscitation,0.795
retailer,0.595
retain,0.63
retaining,0.632
retake,0.591
retaliate,0.595
retaliatory,0.598
retention,0.558
rethink,0.583
reticent,0.5
retractor,0.557
retrial,0.593
retribution,0.708
retrieval,0.704
retrieve,0.705
retroactive,0.655
retrospect,0.538
retrospective,0.528
retrospectively,0.56
reunion,0.672
reunite,0.657
reunited,0.658
reveal,0.526
revel,0.684
revelation,0.865
revelations,0.6
revels,0.647
revenge,0.627
revenue,0.854
reverberation,0.551
revere,0.608
reverence,0.516
reverend,0.576
reverent,0.694
reversal,0.591
revert,0.519
reverting,0.544
review,0.636
reviewer,0.5
revise,0.509
revision,0.71
revisit,0.509
revival,0.597
revive,0.778
revocation,0.673
revoke,0.737
revolt,0.658
revolution,0.798
revolutionary,0.824
revolutionize,0.904
revolver,0.75
revolving,0.58
revving,0.879
reward,0.783
rewarding,0.783
rhetoric,0.504
rhetorical,0.635
rhino,0.555
rhinoceros,0.569
rhyming,0.5
rhythm,0.573
rhythmic,0.664
rhythmical,0.632
rich,0.905
riches,0.88
richness,0.922
riddle,0.543
rider,0.574
riding,0.62
rife,0.692
rifle,0.718
rifleman,0.767
rifles,0.765
rig,0.746
right,0.71
righteous,0.79
righteousness,0.897
rightful,0.821
rightly,0.782
righty,0.786
rigid,0.591
rigidity,0.726
rigor,0.713
rigorous,0.847
ringing,0.693
ringleader,0.64
ringmaster,0.732
riot,0.586
rioting,0.56
riotous,0.588
riots,0.564
ripe,0.67
ripen,0.671
ripening,0.759
ripper,0.642
rise,0.745
rising,0.696
risky,0.7
rite,0.606
ritual,0.508
ritualistic,0.54
rival,0.574
rivalry,0.538
river,0.605
roadrage,0.565
roadrunner,0.59
roadtrip,0.519
roadway,0.509
roadworks,0.509
roar,0.675
roaring,0.634
rob,0.5
robot,0.543
robotic,0.657
robotics,0.763
robust,0.719
rock,0.557
rocker,0.625
rocket,0.774
rocks,0.543
rodeo,0.588
rogue,0.636
rollercoaster,0.651
rollicking,0.552
roman,0.639
romance,0.587
romantic,0.598
romanticism,0.593
rook,0.51
roomful,0.634
roomy,0.736
root,0.508
rooted,0.718
rosy,0.755
rotary,0.528
rotation,0.55
rote,0.696
rough,0.632
rousing,0.692
route,0.518
rowdy,0.518
royal,0.759
royalty,0.833
rubric,0.5
ruby,0.544
rudder,0.509
rudeness,0.692
rudimentary,0.509
ruffle,0.518
rugby,0.708
rugged,0.793
rule,0.593
ruler,0.631
rumba,0.615
rumble,0.613
run,0.543
runner,0.632
ruse,0.546
rush,0.546
rushing,0.529
ruthless,0.67
saber,0.553
sable,0.5
sabotage,0.5
sacrament,0.7
sacred,0.862
sacrifice,0.534
sacrifices,0.538
sadist,0.5
sadistic,0.618
safari,0.64
safe,0.759
safeguard,0.7
safekeeping,0.586
safety,0.868
saga,0.6
sage,0.693
sailing,0.5
sailor,0.5
saint,0.693
sainted,0.676
saintly,0.591
salary,0.652
sale,0.573
salesgirl,0.605
salesman,0.664
salient,0.702
salutary,0.686
salutation,0.5
salute,0.681
salvage,0.832
salvation,0.8
salve,0.5
samurai,0.838
sanctification,0.816
sanctified,0.612
sanctify,0.783
sanction,0.517
sanctity,0.628
sanctuary,0.575
sanctum,0.657
sandstorm,0.629
sane,0.67
sanguine,0.545
sanitarium,0.57
sanitation,0.5
sanity,0.655
santa,0.509
sapiens,0.584
sapphire,0.651
satanic,0.72
satellite,0.764
satirical,0.538
satisfaction,0.673
satisfactorily,0.802
satisfactory,0.702
satisfied,0.685
satisfy,0.705
satisfying,0.814
saturation,0.583
satyr,0.5
savage,0.605
savagery,0.711
savant,0.818
save,0.682
saver,0.802
saving,0.621
savings,0.608
savior,0.804
savor,0.526
savory,0.619
savvy,0.706
saw,0.518
scaffolding,0.545
scale,0.577
scandal,0.557
scandalous,0.556
scanner,0.567
scape,0.536
scariest,0.538
scary,0.528
scenario,0.683
scene,0.578
scenery,0.592
scenic,0.756
scepter,0.67
scepticism,0.55
schematic,0.647
scheme,0.577
scholar,0.731
scholarly,0.709
scholarship,0.625
school,0.633
schoolhouse,0.672
schooling,0.64
schoolmaster,0.852
schoolteacher,0.632
science,0.741
scientific,0.836
scientist,0.79
scintillating,0.612
scintillation,0.573
scintillator,0.51
scold,0.626
scoop,0.64
scope,0.718
score,0.589
scorer,0.764
scores,0.629
scorpion,0.6
scotch,0.615
scour,0.632
scout,0.763
scramble,0.5
scrambled,0.539
scrambling,0.731
scream,0.594
screening,0.709
screenplay,0.518
screenwriter,0.712
screwball,0.505
screwyou,0.509
script,0.527
scriptural,0.596
scripture,0.63
scrub,0.5
scrumptious,0.566
scrupulous,0.602
scrutinize,0.573
scrutiny,0.658
scuffle,0.529
sculptor,0.694
sculptured,0.557
scurry,0.509
sea,0.589
seaboard,0.507
seal,0.518
seaman,0.672
sear,0.6
searchlight,0.552
seaside,0.508
season,0.519
seasoned,0.509
seatbelt,0.726
secession,0.509
seclusion,0.505
secret,0.509
secretariat,0.597
secretary,0.561
secrete,0.518
secretion,0.529
secretive,0.538
sect,0.526
sectarian,0.517
sector,0.569
secular,0.52
secularism,0.559
secure,0.914
securities,0.852
security,0.821
sedan,0.68
sedimentary,0.5
sedition,0.591
seduce,0.689
seducer,0.775
seducing,0.708
seduction,0.618
seductive,0.667
seeker,0.553
seer,0.74
seething,0.642
seismic,0.578
seize,0.673
select,0.602
selection,0.595
selective,0.706
selectman,0.609
self,0.5
selflove,0.661
selfworth,0.594
sell,0.605
seller,0.635
semantics,0.569
semaphore,0.598
semiautomatic,0.522
seminal,0.566
seminar,0.623
seminary,0.589
semiotics,0.596
senate,0.836
senator,0.821
send,0.537
sender,0.509
senior,0.536
seniority,0.602
senor,0.63
senorita,0.5
sensation,0.673
sensational,0.858
senses,0.693
sensor,0.542
sensual,0.642
sensuality,0.632
sensuous,0.625
sentence,0.548
sentencing,0.561
sentiment,0.639
sentinel,0.845
sentry,0.684
separatist,0.537
sequel,0.574
sequence,0.529
sequent,0.591
sequestration,0.5
serendipity,0.5
serenity,0.557
sergeant,0.833
serialize,0.593
serious,0.619
seriousness,0.75
sermon,0.615
serpent,0.679
server,0.536
service,0.535
serviceable,0.684
sessions,0.65
set,0.63
sett,0.5
settle,0.772
settlement,0.723
settler,0.519
settlor,0.534
setup,0.635
severally,0.6
severance,0.541
severe,0.635
severely,0.7
severity,0.661
sex,0.704
sexual,0.64
sexuality,0.657
sexy,0.802
shake,0.539
shaker,0.518
shaman,0.604
shanghai,0.509
shapely,0.83
share,0.545
shareholder,0.915
sharing,0.545
shark,0.596
sharp,0.585
sharpen,0.611
sharpened,0.727
sharpness,0.653
sharpshooter,0.764
sheathing,0.642
sheen,0.712
sheepdog,0.529
sheik,0.708
shelling,0.773
shelter,0.569
sheltered,0.717
shepherd,0.61
sheriff,0.802
shield,0.663
shifting,0.546
shimmer,0.656
shimmering,0.904
shine,0.741
shiner,0.556
shining,0.812
shiny,0.787
shipyard,0.595
shire,0.609
shocker,0.616
shocking,0.833
shockingly,0.721
shook,0.509
shoot,0.625
shooter,0.774
shooting,0.602
shootout,0.615
shop,0.565
shopkeeper,0.73
shoplifter,0.5
shopper,0.741
shopping,0.63
shoreline,0.529
shot,0.569
shotgun,0.684
shove,0.602
shoveling,0.537
show,0.719
showbiz,0.598
showboat,0.509
showdown,0.692
showroom,0.536
showy,0.661
shrapnel,0.681
shred,0.627
shrewd,0.816
shrill,0.64
shrine,0.574
shudder,0.559
shuddering,0.638
shuffle,0.556
shuttle,0.547
sib,0.593
sibling,0.636
sidearm,0.5
sidecar,0.5
sidekick,0.509
sideline,0.517
sideshow,0.658
siege,0.567
sight,0.528
sighting,0.627
sightseeing,0.697
sigma,0.535
signature,0.657
significance,0.644
significant,0.786
signification,0.53
signify,0.634
silver,0.615
silvery,0.517
similarity,0.518
simplify,0.602
simulation,0.567
simulator,0.583
simultaneous,0.554
simultaneously,0.609
sincere,0.725
sincerity,0.686
singer,0.628
singing,0.528
singularity,0.654
singularly,0.527
sinister,0.581
sinker,0.538
sir,0.778
sire,0.808
siren,0.5
sister,0.562
sisterhood,0.696
situated,0.543
situation,0.6
sizable,0.657
size,0.569
skate,0.508
skater,0.652
skeptic,0.5
skepticism,0.582
skier,0.639
skiing,0.62
skill,0.833
skilled,0.929
skillful,0.908
skipper,0.692
skull,0.574
skyline,0.662
skyscraper,0.798
slant,0.536
slap,0.518
slash,0.509
slaughter,0.602
slaughtering,0.714
slay,0.585
slayer,0.661
sleek,0.643
slender,0.664
sleuth,0.676
slicker,0.519
slider,0.518
slight surprise,0.557
slightly positive,0.567
slinky,0.603
slogan,0.564
slugger,0.518
sly,0.75
smart,0.923
smartass,0.62
smarten,0.551
smarty,0.848
smash,0.53
smattering,0.5
smile,0.618
smiled,0.536
smiles,0.607
smiley,0.571
smiling,0.625
smirk,0.583
smite,0.682
smith,0.529
smoldering,0.764
smug,0.587
smuggle,0.57
smuggler,0.645
smuggling,0.51
snake,0.549
snakes,0.606
snapshot,0.588
snatch,0.691
snatcher,0.563
snazzy,0.66
sneaking,0.545
sneaky,0.56
sniper,0.853
snowboard,0.511
snowboarder,0.545
snowstorm,0.629
snug,0.5
soar,0.718
soaring,0.65
sober,0.568
sobriety,0.583
soccer,0.644
sociable,0.627
social,0.614
socialism,0.56
socialist,0.543
socialite,0.57
socialize,0.726
society,0.782
sociology,0.694
softball,0.518
software,0.57
sohappy,0.681
soiree,0.578
sojourn,0.509
solar,0.645
solder,0.611
soldering,0.538
soldier,0.768
solemn,0.709
solicit,0.604
solicitor,0.802
solid,0.763
solidarity,0.781
solidification,0.827
solidified,0.745
solidify,0.754
solidity,0.85
solucky,0.615
solution,0.664
solve,0.688
solvency,0.605
solvent,0.573
some surprise,0.5
some trust,0.547
somersault,0.519
somethingigetalot,0.509
somewhat positive,0.667
son,0.528
song,0.5
songwriter,0.713
soothing,0.519
sophisticated,0.845
sophistication,0.704
soprano,0.685
sorcerer,0.632
sorcery,0.64
soready,0.545
sorority,0.627
sort,0.674
sorter,0.823
sorting,0.642
sostressed,0.578
soul,0.51
soulful,0.5
soulmate,0.628
sounding,0.558
soundness,0.893
soundtrack,0.518
source,0.684
sovereign,0.885
sovereignty,0.886
soviet,0.536
space,0.573
spacecraft,0.68
spaceman,0.848
spaceship,0.664
spacing,0.507
spacious,0.557
spade,0.529
span,0.528
spank,0.642
spar,0.536
sparingly,0.518
spark,0.529
sparkle,0.51
sparkling,0.598
sparkly,0.726
sparring,0.704
spatial,0.645
spawn,0.709
speak,0.5
speaker,0.723
speakerphone,0.56
speaking,0.575
spear,0.5
spec,0.691
special,0.73
specialist,0.877
speciality,0.885
specialize,0.861
specially,0.714
specialty,0.783
specie,0.65
species,0.645
specific,0.691
specification,0.602
specify,0.6
specimen,0.568
specs,0.618
spectacle,0.762
spectacles,0.648
spectacular,0.887
spectator,0.667
specter,0.54
spectral,0.5
spectrophotometer,0.5
spectroscopy,0.57
spectrum,0.527
speculate,0.553
speech,0.688
speed,0.658
speedboat,0.612
speedily,0.665
speeding,0.645
speedometer,0.579
speedy,0.793
spew,0.573
sphere,0.5
spherical,0.5
spicy,0.61
spiky,0.587
spine,0.6
spiny,0.528
spirit,0.621
spirited,0.734
spirits,0.545
spiritual,0.564
spirituality,0.667
spitfire,0.566
splendid,0.81
splendor,0.85
splurge,0.542
spoken,0.545
spokesman,0.611
spokesperson,0.615
sponsor,0.8
sponsorship,0.696
spontaneity,0.655
spontaneous,0.655
sporadic,0.5
sport,0.657
sporting,0.675
sports,0.587
sports car,0.669
sportsman,0.713
sportsmanship,0.694
sportswriter,0.566
sporty,0.648
spotless,0.726
spotlight,0.519
spotter,0.644
spousal,0.632
spouse,0.645
sprawl,0.672
spread,0.651
spreader,0.5
springtime,0.722
sprint,0.528
sprite,0.625
spunky,0.755
spy,0.53
squabble,0.5
squad,0.806
squadron,0.787
squall,0.655
squander,0.529
squatter,0.565
squeeze,0.532
squeezing,0.557
squire,0.71
stab,0.595
stability,0.849
stabilize,0.722
stabilizer,0.767
stable,0.735
stadium,0.611
staff,0.627
stagecoach,0.627
stagehand,0.555
staggering,0.683
staid,0.634
stainless,0.618
stakeout,0.6
stalker,0.639
stallion,0.779
stalwart,0.691
stamina,0.877
stampede,0.683
stance,0.609
stand,0.509
standard,0.605
standardize,0.729
standardized,0.607
standoff,0.558
standpoint,0.652
standstill,0.5
standup,0.55
star,0.56
starboard,0.558
stardom,0.689
stardust,0.549
stare,0.538
stargazing,0.709
stark,0.577
starlet,0.587
starlight,0.611
starling,0.514
starship,0.704
start,0.589
starter,0.827
startled,0.526
startling,0.83
state,0.604
stately,0.915
statement,0.825
stateside,0.708
statesman,0.736
statics,0.527
station,0.519
statistic,0.609
statistical,0.627
statistician,0.703
stator,0.557
statuary,0.5
statue,0.57
statuette,0.518
stature,0.664
status,0.588
statute,0.673
statutory,0.539
staunch,0.833
stay,0.516
stayaway,0.526
stays,0.564
stead,0.51
steadfast,0.8
steady,0.763
steakhouse,0.547
steal,0.528
stealthy,0.534
steamboat,0.633
steamer,0.528
steamroller,0.667
steamship,0.569
steel,0.714
steeple,0.5
steer,0.527
steering,0.66
stellar,0.769
stenographer,0.589
stepfather,0.611
stereo,0.5
stereoscopic,0.574
stereotype,0.612
sterilize,0.52
sterling,0.615
steroid,0.681
steward,0.55
stewardship,0.617
stiff,0.569
stiffen,0.719
stiffness,0.657
stifling,0.608
stile,0.691
stimulant,0.745
stimulate,0.754
stimulating,0.809
stimulation,0.702
stimulus,0.75
stinger,0.508
stipend,0.614
stipulate,0.623
stipulation,0.654
stirring,0.558
stockade,0.5
stockbroker,0.802
stockholder,0.716
stocking,0.688
stocks,0.586
stoic,0.602
stone,0.561
stonewall,0.655
stony,0.525
stopover,0.575
storage,0.564
storeroom,0.588
storing,0.548
storm,0.543
storming,0.669
stormy,0.562
story,0.704
stout,0.817
stow,0.523
straight,0.669
straighten,0.685
straightway,0.565
strained,0.58
straitjacket,0.579
strand,0.538
strangle,0.527
strangulation,0.542
strategic,0.861
strategist,0.81
strategy,0.858
stratification,0.651
stratosphere,0.636
stratum,0.51
stratus,0.509
streak,0.511
stream,0.559
streaming,0.582
streamline,0.618
streetcar,0.566
strength,0.858
strengthen,0.971
strengthening,0.945
stressed,0.502
stressfree,0.528
stretch,0.5
strict,0.878
strife,0.63
strike,0.571
striker,0.696
striking,0.657
strikingly,0.811
stringy,0.527
striptease,0.608
strive,0.769
strobe,0.537
stroke,0.57
strong,0.895
stronghold,0.954
strongly,0.885
structural,0.69
structure,0.712
struggle,0.741
stubborn,0.575
stubbornness,0.508
stud,0.509
student,0.537
studied,0.806
studio,0.62
study,0.768
stunning,0.858
stunt,0.526
stuntman,0.5
stupendous,0.798
sturdy,0.824
style,0.586
styling,0.652
stylish,0.689
stylist,0.5
subcommittee,0.6
subdue,0.784
subito,0.577
subject,0.558
subjection,0.539
sublet,0.545
sublimation,0.538
sublime,0.585
submarine,0.549
submersible,0.54
submission,0.633
submit,0.5
submitting,0.611
subpoena,0.555
subscribe,0.591
subscriber,0.57
subscription,0.651
subsidiary,0.5
subsidize,0.589
subsidy,0.517
substance,0.528
substantial,0.69
substantially,0.684
substantiate,0.636
substructure,0.587
subversive,0.5
subvert,0.536
succeed,0.926
succeeding,0.849
success,0.981
successful,0.938
succession,0.587
successive,0.518
successor,0.648
succinct,0.566
succubus,0.509
succulent,0.556
suckling,0.518
suction,0.526
sue,0.679
suffice,0.504
sufficiency,0.576
sufficient,0.588
sufficiently,0.714
suggest,0.517
suggestion,0.558
suggestive,0.555
suicidebombing,0.627
suitable,0.722
suitor,0.546
sultan,0.821
sultry,0.627
summarily,0.543
summation,0.594
summer,0.55
summit,0.764
summon,0.664
summons,0.598
sumo,0.564
sumptuous,0.555
sun,0.681
sunbeam,0.505
sunlight,0.639
sunrise,0.64
sunshine,0.769
sunup,0.62
super,0.78
superannuation,0.562
superb,0.852
superhero,0.893
superhuman,0.895
superimposed,0.683
superintendent,0.942
superior,0.94
superiority,0.959
superlative,0.737
superman,0.929
supermarket,0.571
supermodel,0.698
supernatant,0.565
supernatural,0.733
supernova,0.827
superposition,0.806
superpower,0.972
supersede,0.518
superstar,0.88
superstitious,0.514
superstore,0.64
supervise,0.889
supervision,0.825
supervisor,0.933
supper,0.552
supplemental,0.555
supplementary,0.541
supplier,0.736
supplies,0.595
supply,0.603
support,0.737
supported,0.613
supporter,0.698
supporters,0.558
supporting,0.764
supportive,0.635
supposition,0.526
suppress,0.509
suppression,0.537
supremacy,0.943
supreme,0.974
supremely,0.897
surcharge,0.5
sure,0.793
surety,0.75
surf,0.5
surface,0.604
surfer,0.554
surge,0.5
surgeon,0.793
surgery,0.6
surgical,0.723
surpassing,0.72
surplus,0.63
surprise,0.562
surprised,0.539
surprises,0.632
surprising,0.692
surprisingly,0.819
surreal,0.67
surround,0.627
surrounding,0.669
surveillance,0.718
surveying,0.682
surveyor,0.648
survival,0.879
survive,0.726
surviving,0.721
survivor,0.815
suspect,0.509
suspenders,0.5
suspicions,0.5
sustain,0.593
sustained,0.58
sustenance,0.679
suture,0.51
swag,0.654
swagger,0.538
swap,0.509
swat,0.571
sway,0.721
swear,0.658
swearing,0.586
sweatshop,0.602
sweetheart,0.509
sweetie,0.56
sweetness,0.528
swift,0.698
swiftly,0.618
swim,0.529
swimmer,0.61
swimming,0.524
swindler,0.575
swirl,0.639
switch,0.509
switchblade,0.528
switchboard,0.558
swivel,0.5
sword,0.713
swordplay,0.528
swordsman,0.696
sycamore,0.527
syllabus,0.643
symbol,0.527
symbolic,0.574
symbolically,0.648
symbolism,0.64
symbolize,0.673
symmetric,0.588
symmetrical,0.569
symmetry,0.5
sympathetic,0.609
sympathize,0.644
sympathy,0.634
symphonic,0.566
symphony,0.6
symposium,0.644
synagogue,0.544
synaptic,0.622
sync,0.67
synchronize,0.654
synchronous,0.545
syndicate,0.673
synergistic,0.547
synergy,0.72
synod,0.574
synoptic,0.596
syntax,0.559
synthesizer,0.592
synthetic,0.519
system,0.764
systematic,0.594
systematically,0.651
tabernacle,0.605
tabulate,0.598
tabulation,0.526
tachometer,0.518
tackle,0.569
tackled,0.569
tackling,0.613
tactful,0.537
tactic,0.798
tactical,0.684
tactics,0.774
tailoring,0.566
takeoff,0.626
takeover,0.861
taker,0.618
talent,0.811
talented,0.938
talisman,0.642
talk,0.594
talkative,0.535
talker,0.552
tall,0.538
tally,0.518
talons,0.525
tame,0.642
tamer,0.815
taming,0.575
tamper,0.545
tangible,0.679
tank,0.634
tanker,0.713
tantalizing,0.625
tantamount,0.67
tar,0.57
tarantula,0.544
target,0.798
targeted,0.573
targeting,0.58
task,0.5
tasteful,0.625
tasting,0.6
tasty,0.555
tattoo,0.525
taught,0.642
tax,0.534
taxed,0.5
taxonomy,0.63
taxpayer,0.647
teach,0.852
teacher,0.885
teaching,0.736
team,0.688
teamjesus,0.536
teammate,0.66
teamwork,0.773
teaser,0.534
tech,0.732
technical,0.736
technicality,0.661
technician,0.713
technique,0.593
techno,0.5
technological,0.815
technology,0.825
teeming,0.727
teen,0.568
teenage,0.558
teenager,0.527
telegram,0.55
telekinesis,0.667
telemetry,0.611
telepathic,0.642
telepathy,0.588
telescope,0.5
telescopic,0.66
televised,0.518
television,0.547
telling,0.527
temper,0.818
temperament,0.703
temperamental,0.608
temperance,0.639
temperate,0.593
tempered,0.667
tempest,0.653
temple,0.66
tempo,0.5
tempt,0.5
temptation,0.56
tempting,0.519
temptress,0.667
tenable,0.636
tenacious,0.692
tenacity,0.889
tenancy,0.605
tendency,0.675
tender,0.509
tending,0.594
tenement,0.55
tenet,0.636
tenets,0.667
tenfold,0.5
tenor,0.5
tense,0.655
tensile,0.618
tension,0.529
tentative,0.534
tenure,0.611
tequila,0.536
term,0.598
termination,0.545
terminator,0.737
terminology,0.566
terminus,0.615
terms,0.645
terrestrial,0.582
terrible,0.604
terrific,0.821
terrifies,0.5
terrify,0.509
terrifying,0.602
territorial,0.766
territory,0.676
terrorism,0.673
terrorist,0.679
terrorists,0.688
terrorize,0.577
test,0.509
testament,0.806
testify,0.741
testimonial,0.75
testimony,0.643
testosterone,0.775
textbook,0.526
thank,0.526
thankful,0.714
thanking,0.658
thanksalot,0.525
thanksgiving,0.637
thankyougod,0.651
thankyoujesus,0.604
thaumaturgy,0.618
theater,0.516
theatrical,0.546
thebest,0.719
theistic,0.509
thelife,0.629
theocracy,0.722
theocratic,0.605
theologian,0.759
theological,0.683
theology,0.711
theorem,0.615
theoretical,0.546
theory,0.529
therapeutic,0.68
therapeutics,0.625
therapist,0.679
therapy,0.607
thermal,0.509
thermodynamics,0.678
thesaurus,0.509
thesis,0.552
thick,0.596
thicken,0.509
thigh,0.588
think,0.618
thinker,0.764
thinking,0.595
thorny,0.5
thorough,0.558
thoroughbred,0.716
thought,0.571
thoughtful,0.527
thoughtfulness,0.667
thoughts,0.691
threat,0.667
threaten,0.59
threatening,0.652
threefold,0.534
threesome,0.56
thresh,0.5
threshold,0.575
thrift,0.649
thrifty,0.676
thrill,0.711
thrilled,0.807
thriller,0.645
thrilling,0.782
thrive,0.772
thriving,0.779
throb,0.556
throne,0.887
throng,0.706
throttle,0.75
throw,0.623
thrower,0.717
thrown,0.619
thrust,0.663
thruster,0.719
thud,0.62
thug,0.667
thump,0.608
thumping,0.566
thunder,0.526
thunderbolt,0.642
thunderclap,0.607
thundering,0.7
thunderstorm,0.784
thunderstruck,0.509
ticker,0.509
tidal,0.519
tidal wave,0.736
tidings,0.694
tidy,0.647
tier,0.56
tiger,0.664
tighten,0.627
tightness,0.759
tillage,0.54
timberland,0.571
time,0.609
timeless,0.583
timeliness,0.582
timely,0.591
timer,0.5
timing,0.577
tip,0.518
tipsy,0.57
tirade,0.532
tireless,0.645
titan,0.811
titanic,0.795
titanium,0.704
title,0.574
titled,0.658
titular,0.76
together,0.658
togetherness,0.635
toil,0.583
tolerance,0.649
tolerant,0.618
tolerate,0.588
toleration,0.727
tomahawk,0.504
ton,0.604
tonic,0.5
tonnage,0.59
tool,0.594
tooling,0.634
top,0.554
topical,0.5
topographic,0.558
topographical,0.538
topography,0.506
topple,0.573
topside,0.598
torch,0.545
tornado,0.784
torpedo,0.707
torrent,0.676
torrid,0.517
torture,0.555
toss,0.575
total,0.714
totality,0.717
totally,0.702
tote,0.625
totem,0.571
touchdown,0.586
tough,0.742
toughen,0.711
toughness,0.837
tour,0.543
tourism,0.545
tournament,0.611
tow,0.508
tower,0.644
towering,0.806
town,0.627
township,0.667
townspeople,0.569
toxicology,0.574
toymaker,0.536
traceable,0.535
tracer,0.645
tracing,0.565
track,0.526
tracker,0.731
traction,0.648
tractor,0.619
trade,0.69
trademark,0.75
trader,0.854
tradesman,0.664
trading,0.705
tradition,0.75
traditional,0.604
traffic,0.518
train,0.62
trained,0.645
trainer,0.824
training,0.788
trajectory,0.779
trample,0.562
tramway,0.543
tranquilizer,0.596
transact,0.68
transaction,0.579
transatlantic,0.706
transceiver,0.537
transcend,0.726
transcendence,0.754
transcendent,0.824
transcendental,0.842
transcribe,0.573
transcriber,0.615
transcript,0.528
transcription,0.615
transfer,0.519
transference,0.551
transfixed,0.528
transform,0.696
transformation,0.77
transformer,0.723
transfusion,0.557
transgression,0.611
transit,0.588
transition,0.558
translation,0.598
translocation,0.564
transmission,0.611
transmit,0.673
transmitter,0.719
transmutation,0.737
transparency,0.587
transparent,0.667
transplant,0.62
transplantation,0.61
transponder,0.565
transport,0.605
transporter,0.75
transposition,0.555
transverse,0.525
trapeze,0.566
travail,0.62
travel,0.535
traveler,0.7
traveling,0.582
traverse,0.629
treason,0.552
treasure,0.821
treasured,0.73
treasurer,0.755
treasures,0.842
treasury,0.736
treatable,0.56
treatise,0.613
treatment,0.62
treaty,0.667
trees,0.537
trek,0.535
tremendous,0.773
tremendously,0.661
trend,0.706
trending,0.6
trendy,0.536
trespass,0.613
triad,0.528
trial,0.612
triangulate,0.517
triathlon,0.663
tribe,0.516
tribunal,0.797
tribune,0.556
tributary,0.616
tribute,0.7
tricky,0.5
trident,0.609
trigger,0.66
trigonometry,0.616
trillion,0.623
trilogy,0.664
trimester,0.538
trimmer,0.529
trinity,0.66
trip,0.538
tripartite,0.539
triplet,0.618
triplicate,0.717
triumph,0.926
triumphant,0.972
trombone,0.5
troop,0.75
trooper,0.713
troops,0.804
trophy,0.676
tropic,0.536
tropical,0.509
troublemaker,0.596
troupe,0.557
truck,0.546
trucker,0.5
truckload,0.534
true,0.777
truelove,0.587
trump,0.898
trumpeter,0.676
truss,0.569
trust,0.741
trustee,0.658
trusting,0.75
trustworthy,0.824
trusty,0.696
truth,0.685
truthful,0.807
truthfulness,0.808
try,0.556
tryouts,0.594
tsunami,0.684
tug,0.558
tugboat,0.652
tumult,0.636
tumultuous,0.59
tunable,0.582
tuning,0.635
turbine,0.575
turbo,0.596
turbulence,0.532
turbulent,0.612
turned,0.583
turnout,0.898
turnover,0.512
turpentine,0.571
turret,0.588
tussle,0.691
tutelage,0.609
tutor,0.826
tutoring,0.702
tuxedo,0.519
tweet,0.537
twelfth,0.527
twilight,0.633
twinkle,0.61
twins,0.602
twister,0.647
twitch,0.548
twofold,0.551
twosome,0.5
tycoon,0.867
typhoon,0.697
typically,0.559
typist,0.528
typography,0.574
tyrannical,0.731
tyranny,0.705
tyrant,0.683
ubiquitous,0.884
ubiquity,0.595
ultimate,0.544
ultimately,0.558
ultimatum,0.837
ultrasound,0.6
ultraviolet,0.673
umpire,0.755
umpteen,0.611
unaccountable,0.543
unadulterated,0.528
unaffected,0.571
unafraid,0.655
unaltered,0.598
unambiguous,0.578
unanimity,0.706
unanimous,0.682
unanimously,0.738
unattainable,0.571
unbeatable,0.681
unbeaten,0.828
unbelievable,0.717
unbiased,0.618
unbounded,0.736
unbreakable,0.759
unbroken,0.602
uncensured,0.509
unchallenged,0.545
unchangeable,0.709
uncle,0.578
uncommonly,0.778
uncompromising,0.613
unconditional,0.715
unconstrained,0.635
uncontested,0.689
uncontrollable,0.626
uncontrolled,0.544
uncover,0.648
undefeated,0.825
undeniable,0.778
undercurrent,0.52
undergraduate,0.559
underhanded,0.527
underline,0.509
undersecretary,0.594
understand,0.643
understandable,0.566
understanding,0.689
understood,0.686
undertake,0.754
undertaker,0.611
undertaking,0.696
underwood,0.51
underworld,0.613
underwriter,0.62
undetectable,0.604
undisputed,0.673
undoubted,0.74
undying,0.773
unearth,0.545
unequalled,0.769
unequivocal,0.615
unequivocally,0.554
unexplainable,0.61
unfailing,0.594
unfettered,0.586
unflinching,0.882
unfold,0.52
unforeseen,0.5
unforgettable,0.66
unforgiving,0.793
unheard,0.5
unhindered,0.725
unification,0.788
unified,0.764
uniform,0.655
uniformed,0.589
uniformity,0.538
uniformly,0.704
unimaginable,0.589
unimpeachable,0.784
uninterrupted,0.527
union,0.766
unique,0.661
unison,0.583
unit,0.578
unitary,0.641
unite,0.61
united,0.783
unity,0.658
universal,0.833
universality,0.84
universe,0.839
university,0.741
unleash,0.559
unlimited,0.679
unload,0.573
unlock,0.592
unmarried,0.545
unmask,0.52
unmatched,0.771
unmistakable,0.765
unobstructed,0.573
unopposed,0.537
unparalleled,0.538
unprecedented,0.658
unpredictable,0.515
unpunished,0.519
unquestionable,0.843
unquestionably,0.75
unquestioned,0.746
unquote,0.517
unreachable,0.557
unrelenting,0.875
unrestrained,0.627
unrestricted,0.644
unruly,0.547
unscathed,0.611
unstoppable,0.862
unsurpassed,0.798
untamed,0.709
untouchable,0.683
untouched,0.6
untraceable,0.574
untroubled,0.653
unutterable,0.538
unveil,0.562
unveiling,0.675
unwavering,0.858
unwrap,0.557
unyielding,0.738
unzip,0.538
upbeat,0.802
upbringing,0.6
upcoming,0.55
update,0.802
upgrade,0.67
upheaval,0.57
uphill,0.572
uphold,0.561
upkeep,0.685
upland,0.607
uplands,0.577
uplift,0.771
uplifting,0.605
uplink,0.595
upload,0.696
upper,0.868
uppercut,0.55
upright,0.6
uprising,0.704
upscale,0.846
upshot,0.716
upstairs,0.645
upstanding,0.708
upward,0.62
upwards,0.638
urban,0.644
urge,0.653
urgency,0.543
urgent,0.623
usable,0.611
useful,0.726
usefully,0.76
usefulness,0.741
usher,0.519
uterus,0.51
utilitarian,0.639
utility,0.704
utilization,0.706
utilize,0.545
utmost,0.858
utopian,0.552
utter,0.549
utterance,0.704
utterly,0.673
vacation,0.598
vaccination,0.621
vaccine,0.555
vagina,0.5
valedictorian,0.594
valentine,0.51
valiant,0.904
valid,0.565
validate,0.745
validation,0.72
validity,0.706
valor,0.763
valuable,0.798
valuables,0.759
valuation,0.795
value,0.802
vamp,0.566
vampire,0.545
vandalism,0.509
vanguard,0.78
vanquish,0.804
vanquishing,0.764
vantage,0.788
variance,0.509
variety,0.598
varsity,0.67
vascular,0.627
vast,0.545
vat,0.509
vault,0.644
vaulted,0.542
vaulting,0.52
vegetation,0.5
vehement,0.575
vehicle,0.5
velocity,0.783
vendetta,0.583
vending,0.549
vendor,0.627
venerable,0.6
veneration,0.712
vengeance,0.719
vengeful,0.561
venomous,0.636
vent,0.529
ventilation,0.568
ventriloquist,0.526
venture,0.644
veracity,0.798
verbal,0.562
verbatim,0.574
verbiage,0.535
verbose,0.635
verdict,0.8
verification,0.642
verified,0.677
verify,0.704
verily,0.585
veritable,0.759
vernacular,0.615
versatile,0.714
versatility,0.75
version,0.538
vertebra,0.532
vertebral,0.525
vertically,0.545
verve,0.693
very positive,0.825
veryangry,0.527
vessel,0.538
vested,0.648
vet,0.644
veteran,0.759
veterinarian,0.542
veterinary,0.603
veto,0.509
viability,0.684
viable,0.667
viaduct,0.662
vibe,0.517
vibes,0.574
vibrant,0.782
vibrate,0.604
vibration,0.528
vibrator,0.5
vibratory,0.527
vicar,0.555
vicarious,0.517
viceroy,0.712
victor,0.796
victoria,0.837
victorious,0.946
victory,0.931
vie,0.5
view,0.555
viewer,0.558
viewing,0.598
viewpoint,0.644
vigilance,0.724
vigilant,0.791
vigilante,0.72
vigor,0.811
vigorous,0.897
viking,0.605
vile,0.553
villager,0.509
villain,0.59
vindicate,0.767
vindicated,0.609
vindication,0.764
vindictive,0.5
vineyard,0.595
violate,0.519
violence,0.719
violent,0.616
violently,0.527
violinist,0.538
viper,0.632
viral,0.518
virginity,0.576
virility,0.718
virology,0.562
virtually,0.625
virtue,0.827
virtuoso,0.863
virtuous,0.822
visa,0.66
visibility,0.676
visible,0.509
visibly,0.591
vision,0.742
visionary,0.791
visitation,0.534
visiting,0.519
visualize,0.537
vital,0.847
vitality,0.869
vitals,0.798
vitamin,0.56
viva,0.644
vivacious,0.758
vivid,0.667
vocabulary,0.585
vocalist,0.596
vocation,0.686
vogue,0.538
voice,0.528
volatile,0.565
volatility,0.553
volcanic,0.781
volcano,0.787
volition,0.578
voltage,0.621
voltmeter,0.545
volume,0.546
volumes,0.52
voluminous,0.658
voluntarily,0.527
voluntary,0.643
volunteer,0.596
volunteering,0.603
volunteers,0.63
voluptuous,0.792
voracious,0.694
vortex,0.602
vote,0.649
voter,0.754
voting,0.768
vouch,0.746
voucher,0.601
vow,0.664
voyage,0.58
voyager,0.627
wage,0.565
wager,0.615
wages,0.62
wake,0.512
walker,0.525
walking,0.781
wall,0.509
wallet,0.5
wallop,0.689
want,0.598
wanting,0.593
wanton,0.5
war,0.727
warcrimes,0.585
warden,0.898
warfare,0.845
warhead,0.536
warlike,0.779
warlock,0.657
warlord,0.781
warm,0.585
warming,0.58
warms,0.632
warmth,0.602
warn,0.564
warned,0.547
warning,0.629
warpath,0.551
warrant,0.802
warranted,0.69
warrants,0.881
warranty,0.568
warrior,0.915
warship,0.889
wartime,0.726
wary,0.535
watchdog,0.648
watcher,0.702
watchful,0.675
watchman,0.833
watchtower,0.647
water polo,0.534
waterfall,0.528
waterfront,0.556
waterproof,0.545
waterworks,0.561
wavelength,0.516
waves,0.509
wealth,0.858
wealthy,0.862
weapon,0.831
weaponry,0.87
wearer,0.527
weather,0.567
weathered,0.537
weatherman,0.643
weatherproof,0.552
web,0.519
website,0.526
wedded,0.518
wedding,0.642
wedlock,0.745
weekday,0.52
weekend,0.519
weight,0.577
weights,0.722
weighty,0.657
welcome,0.664
welcomed,0.7
welcoming,0.636
weld,0.583
welder,0.683
welfare,0.679
wellness,0.73
welsh,0.5
werewolf,0.591
western,0.689
whack,0.708
whale,0.509
whaling,0.538
whip,0.509
whiplash,0.5
whirl,0.661
whirlwind,0.67
whit,0.595
whiteness,0.519
whiz,0.82
whole,0.572
wholesale,0.619
wholesome,0.754
wholly,0.696
whopping,0.755
wicked,0.627
widely,0.725
widen,0.527
widespread,0.713
width,0.518
wield,0.625
wife,0.583
wild,0.75
wildfire,0.552
wildlife,0.561
will,0.735
willful,0.642
willing,0.783
willingly,0.588
willingness,0.729
willpower,0.897
wily,0.798
win,0.888
wind,0.578
windfall,0.638
windpipe,0.5
windy,0.528
winged,0.519
winger,0.691
wingman,0.582
winner,0.886
winning,0.972
winnings,0.83
winter,0.5
wipe,0.551
wiper,0.535
wired,0.537
wireless,0.537
wisdom,0.871
wise,0.861
wish,0.647
wishful,0.606
wit,0.775
witchcraft,0.555
withstand,0.571
witness,0.593
wits,0.765
witty,0.759
wizard,0.526
wok,0.5
wolf,0.63
wolverine,0.627
woman,0.578
womanhood,0.602
womb,0.591
wonder,0.765
wonderful,0.83
wonderfully,0.821
wonderment,0.795
wondrous,0.818
woodcut,0.542
woodsman,0.522
woodwork,0.545
wooing,0.702
wording,0.588
wordy,0.586
work,0.75
workaholic,0.557
workbook,0.51
worker,0.684
working,0.576
workings,0.745
workman,0.726
workmanship,0.627
workout,0.78
workplace,0.583
works,0.657
workshop,0.51
workup,0.589
world,0.75
worldwide,0.851
worship,0.573
worshipful,0.546
worth,0.889
worthwhile,0.538
worthy,0.796
wrangler,0.676
wrangling,0.585
wrath,0.548
wreath,0.66
wrench,0.545
wrest,0.727
wrestle,0.765
wrestler,0.911
wrestling,0.774
writ,0.543
write,0.534
writer,0.78
writing,0.645
written,0.52
wrought,0.681
wry,0.528
xenophobia,0.5
xmas,0.615
yacht,0.66
yachting,0.609
yahoo,0.522
yank,0.538
yeahhh,0.51
yearbook,0.509
yearling,0.518
yearning,0.537
years,0.508
yell,0.558
yelling,0.565
yen,0.508
yeoman,0.51
yield,0.618
yoke,0.582
young,0.537
younger,0.558
youngster,0.661
youth,0.736
youthful,0.686
yummy,0.658
zany,0.586
zeal,0.616
zealot,0.654
zenith,0.589
zest,0.845
zillion,0.63
zoning,0.578
zoo,0.58
zoology,0.509
