term,valence
aaaaaaah,0.479
aardvark,0.427
aback,0.385
abandon,0.052
abandoned,0.046
abandonment,0.128
abashed,0.177
abate,0.255
abatement,0.388
abbot,0.427
abbreviation,0.469
abdomen,0.469
abdominal,0.49
abduct,0.173
abduction,0.062
aberrant,0.146
aberration,0.125
abeyance,0.33
abhor,0.125
abhorrence,0.167
abhorrent,0.229
abject,0.354
ablation,0.418
ablaze,0.24
abnormal,0.137
abnormality,0.092
abolish,0.448
abolition,0.323
abominable,0.12
abominate,0.198
abomination,0.078
aboriginal,0.448
abort,0.153
abortion,0.082
abortive,0.09
abrasion,0.406
abrasive,0.392
abrogate,0.327
abrupt,0.271
abruptly,0.25
abscess,0.154
absence,0.153
absent,0.177
absentee,0.235
absenteeism,0.404
absinthe,0.481
absorb,0.469
absorbed,0.49
absorbing,0.49
abstain,0.385
abstention,0.271
abstinence,0.26
abstract,0.438
abstraction,0.469
absurd,0.188
absurdity,0.115
abuse,0.071
abused,0.021
abusive,0.125
aby,0.385
abysmal,0.25
abyss,0.353
accident,0.125
accidental,0.319
accidentally,0.333
accomplice,0.408
accretion,0.448
accueil,0.45
accumulation,0.479
accursed,0.135
accusation,0.073
accusative,0.198
accuse,0.133
accused,0.13
accuser,0.122
accusing,0.156
acetic,0.333
acetylene,0.306
ache,0.146
aching,0.053
achy,0.167
acid,0.265
acidity,0.156
acme,0.408
acne,0.167
acorn,0.448
acuity,0.469
acute,0.427
acutely,0.417
adamant,0.344
addendum,0.392
adder,0.388
addict,0.075
addicted,0.156
addiction,0.18
addictive,0.302
adieu,0.25
adipose,0.333
adjacency,0.365
adjourn,0.385
adjournment,0.438
adjunct,0.459
admixture,0.45
admonition,0.357
adolescence,0.487
adrift,0.398
adulterated,0.188
adulterer,0.229
adultery,0.12
adversary,0.349
adverse,0.323
adversity,0.276
aegis,0.49
aetiology,0.48
afar,0.396
affect,0.458
affecting,0.35
affiche,0.479
affidavit,0.469
affix,0.438
afflict,0.302
afflicted,0.271
affliction,0.294
affront,0.327
affronted,0.385
afire,0.367
aforementioned,0.49
afraid,0.01
african,0.49
aft,0.48
aftermath,0.312
aftershave,0.406
aftertaste,0.354
afterthought,0.396
aged,0.135
agency,0.46
agent,0.48
agglomeration,0.45
aggravate,0.224
aggravated,0.079
aggravates,0.108
aggravating,0.257
aggravation,0.071
aggresive,0.059
aggression,0.094
aggressive,0.125
aggressively,0.25
aggressiveness,0.077
aggressor,0.146
agh,0.26
aghast,0.133
aghhh,0.281
aging,0.214
agitate,0.3
agitated,0.444
agitation,0.24
agnostic,0.306
ago,0.317
agonizing,0.083
agony,0.083
agoraphobia,0.127
agressive,0.083
aground,0.333
ail,0.375
ailing,0.094
ailment,0.146
aim,0.481
aimless,0.15
aircraft carrier,0.49
airhead,0.271
airlock,0.398
airtight,0.479
aisle,0.438
ait,0.385
ajar,0.46
aka,0.459
alarm,0.241
alarmed,0.188
alarming,0.204
alcohol,0.323
alcoholic,0.153
alcoholism,0.061
alcove,0.49
alert,0.479
alertness,0.375
alerts,0.337
algebra,0.44
algorithm,0.448
alibi,0.396
alien,0.41
alienate,0.247
alienated,0.41
alienation,0.378
aliquot,0.44
alkali,0.49
alkaloids,0.433
allay,0.417
allege,0.418
alleged,0.365
allergic,0.135
allergy,0.296
alley,0.347
alleyway,0.357
alligator,0.354
allusion,0.44
alluvial,0.323
alone,0.333
alongside,0.458
aloof,0.189
aloud,0.458
altar boy,0.434
alter,0.333
alteration,0.167
altercation,0.17
altered,0.255
alternating,0.48
aluminum,0.449
alveolar,0.469
alzheimers,0.194
amalgam,0.438
amalgamation,0.406
amateur,0.469
ambiguity,0.164
ambiguous,0.265
ambit,0.479
ambitious,0.484
ambush,0.281
amenable,0.448
amidst,0.48
ammo,0.323
ammonia,0.292
ammonium,0.354
ammunition,0.338
amnesia,0.296
amorphous,0.327
amp,0.439
ampersand,0.48
amphetamines,0.133
amphibian,0.427
amphibious,0.479
amputate,0.092
amputation,0.1
amuck,0.385
anaconda,0.146
anaesthesia,0.35
anaesthetic,0.449
anal,0.333
analgesic,0.417
anaphylactic,0.378
anarchism,0.125
anarchist,0.204
anarchy,0.146
anastomosis,0.375
anathema,0.286
ancient,0.42
ancillary,0.449
androgen,0.255
anemia,0.188
anemic,0.167
anesthesia,0.365
anesthesiologist,0.419
anesthetic,0.35
aneurysm,0.115
anger,0.167
angered,0.01
angermanagement,0.26
angina,0.23
angiogram,0.347
angiography,0.378
angriest,0.094
angry,0.122
angrytweet,0.265
angst,0.167
anguish,0.153
anguished,0.135
angular,0.449
anhydrous,0.456
anklet,0.41
annals,0.427
annexation,0.342
annihilate,0.115
annihilated,0.08
annihilation,0.041
annoy,0.094
annoyance,0.167
annoyed,0.104
annoyin,0.26
annoying,0.082
annoys,0.146
annul,0.25
annular,0.31
annulment,0.153
annulus,0.458
anomalous,0.281
anomaly,0.188
anon,0.479
anonymity,0.469
anonymous,0.396
anorexic,0.16
ant,0.448
antagonism,0.224
antagonist,0.24
antagonistic,0.296
antagonize,0.143
ante,0.448
antecedent,0.427
anthill,0.327
anthology,0.338
anthrax,0.188
anthropological,0.367
anthropology,0.49
anti,0.365
antiaircraft,0.33
antibiotics,0.448
antichrist,0.082
antics,0.448
antifungal,0.408
antigravity,0.43
antimony,0.378
antipathy,0.198
antiquated,0.42
antiquity,0.385
antiseptic,0.438
antisocial,0.146
antithesis,0.396
antithetical,0.271
antiviral,0.459
antler,0.448
antsy,0.449
anus,0.347
anvil,0.38
anxiety,0.146
anxietyattack,0.15
anxious,0.281
anxiousness,0.235
aorta,0.448
aortic,0.436
apathetic,0.188
apathy,0.184
aphid,0.388
apiece,0.439
apocalypse,0.05
apocalyptic,0.173
apologetic,0.479
apologist,0.406
apostasy,0.388
apostate,0.342
apostrophe,0.469
appalled,0.194
appalling,0.16
apparatus,0.375
apparent,0.473
apparition,0.406
appellant,0.327
appendage,0.229
appendectomy,0.177
appendicitis,0.031
appendix,0.365
applicable,0.469
appraisal,0.417
apprehension,0.385
apprehensive,0.406
aqueous,0.429
arbitrary,0.281
arbitrate,0.47
arbitrator,0.385
archaic,0.271
archdiocese,0.4
archduke,0.458
archetype,0.448
archive,0.438
arduous,0.344
area,0.49
areola,0.417
areyoukidding,0.429
areyoukiddingme,0.365
argh,0.26
arghh,0.292
arghhhh,0.25
argue,0.093
argumentation,0.479
argumentative,0.45
arid,0.323
aristocratic,0.449
arithmetic,0.453
ark,0.396
armada,0.408
armament,0.198
armaments,0.192
armed,0.188
armor,0.469
armored,0.469
armory,0.448
armpit,0.283
arms,0.464
army,0.417
arraignment,0.406
arrears,0.286
arrest,0.146
arrhythmia,0.265
arrogance,0.143
arrogant,0.115
arrow,0.439
arsehole,0.276
arseholes,0.188
arsenal,0.365
arsenic,0.281
arson,0.133
arsonist,0.348
arterial,0.396
artery,0.396
arthritis,0.11
arthropod,0.344
articulation,0.479
artifice,0.316
artificial,0.306
artillery,0.35
arty,0.49
asbestos,0.357
ascetic,0.438
ash,0.26
ashamed,0.156
ashes,0.327
ashtray,0.406
asinine,0.429
asleeep,0.49
asp,0.438
asparagus,0.469
aspartame,0.469
aspect,0.479
aspects,0.439
aspen,0.479
asphalt,0.479
asphyxia,0.198
asphyxiation,0.059
aspirin,0.479
ass,0.323
assail,0.378
assailant,0.184
assassin,0.073
assassinate,0.051
assassination,0.083
assault,0.167
assemblage,0.429
assemblyman,0.43
asshole,0.133
assignment,0.483
assimilation,0.429
assumption,0.479
asteroid,0.43
asteroids,0.361
asthma,0.198
asthmatic,0.229
astigmatism,0.214
astray,0.098
astringent,0.316
asunder,0.208
asylum,0.407
asymmetry,0.476
asymptotic,0.479
atelier,0.49
atheism,0.276
atheist,0.225
atheistic,0.373
atherosclerosis,0.25
atoll,0.48
atomic,0.327
atone,0.418
atrium,0.469
atrocious,0.073
atrocity,0.115
atrophy,0.177
attack,0.286
attacker,0.185
attacking,0.276
attentionseeker,0.367
attenuate,0.408
attenuated,0.449
attenuation,0.458
attest,0.439
attestation,0.234
attrition,0.229
audit,0.375
aught,0.418
austerity,0.438
autism,0.235
autistic,0.367
autopsy,0.252
avalanche,0.265
avarice,0.198
avenge,0.073
avenger,0.337
avenging,0.143
aver,0.492
averse,0.253
averseness,0.296
aversion,0.074
avoid,0.427
avoidance,0.47
avoiding,0.457
await,0.448
awe,0.469
awed,0.364
awful,0.061
awkward,0.296
awkwardness,0.167
awry,0.156
axe,0.296
axial,0.458
axiom,0.439
axiomatic,0.458
axis,0.209
axle,0.459
azimuth,0.385
babbling,0.396
baboon,0.357
back,0.438
backboard,0.48
backdoor,0.344
backdrop,0.32
backfire,0.265
background,0.399
backhand,0.427
backhoe,0.398
backoff,0.104
backroom,0.406
backseat,0.388
backside,0.182
backtrack,0.312
backward,0.309
backwardness,0.24
backwards,0.302
backwater,0.312
bacteria,0.177
bacterial,0.156
bacterium,0.194
bad,0.125
badass,0.255
badday,0.327
badfeeling,0.25
badger,0.344
badhabit,0.184
badly,0.073
badness,0.094
baffle,0.344
baffled,0.151
baggie,0.367
bail,0.373
bailiff,0.347
bait,0.276
bal,0.49
bald,0.306
balding,0.302
baldy,0.398
bale,0.437
balk,0.229
ballast,0.354
ballistic,0.26
ballistics,0.271
bam,0.427
ban,0.146
bandage,0.22
bandit,0.094
bane,0.265
bang,0.265
banger,0.378
banish,0.163
banished,0.052
banishment,0.16
banister,0.418
banjo,0.469
bankroll,0.469
bankrupt,0.163
bankruptcy,0.01
banshee,0.408
barb,0.448
barbarian,0.323
barbaric,0.235
barbarism,0.19
barbed,0.177
bard,0.47
bare,0.333
barefoot,0.445
barely,0.448
barf,0.34
barge,0.469
barium,0.406
bark,0.36
barkeep,0.48
barks,0.427
barnacle,0.408
barney,0.451
barometer,0.388
baroque,0.49
barrack,0.378
barracuda,0.333
barrage,0.388
barred,0.143
barrel,0.429
barren,0.173
barricade,0.323
barrier,0.333
barring,0.292
barrister,0.469
barrow,0.479
barter,0.465
baseboard,0.396
baseless,0.292
baseline,0.483
basement,0.388
bash,0.385
bashful,0.4
basket,0.458
bass,0.427
basso,0.417
bastard,0.094
bastarding,0.104
bastards,0.082
bat,0.324
batching,0.484
bate,0.429
bathymetry,0.432
baton,0.272
battalion,0.333
battered,0.08
battering,0.21
battery,0.48
battle,0.365
battled,0.292
battlefield,0.133
battleground,0.156
battlements,0.276
battleship,0.479
batty,0.375
bawdy,0.184
bawl,0.385
bayonet,0.263
bayou,0.469
bazooka,0.302
beady,0.448
beak,0.375
beaker,0.42
beanbag,0.45
bear,0.448
beard,0.49
bearded,0.439
bearings,0.418
bearskin,0.333
beast,0.214
beastly,0.146
beat,0.279
beaten,0.083
beater,0.438
beating,0.153
beatnik,0.429
beaver,0.49
bebop,0.482
beeper,0.438
beetle,0.323
befuddled,0.156
beg,0.292
beggar,0.24
begging,0.292
beginner,0.49
begrudge,0.177
beholden,0.296
beige,0.49
belated,0.24
belch,0.194
belittle,0.122
belittled,0.177
belligerent,0.344
bellow,0.248
bellows,0.458
bellyful,0.347
bemused,0.281
bender,0.49
bending,0.448
beneath,0.354
bent,0.375
benzene,0.439
bereaved,0.104
bereavement,0.265
bereft,0.229
berserk,0.398
berth,0.295
beryllium,0.417
beseech,0.33
beset,0.385
bestial,0.26
bet,0.385
betray,0.042
betrayal,0.083
betrayed,0.122
betting,0.237
bevy,0.429
beware,0.151
bewilder,0.306
bewildered,0.23
bewilderment,0.312
bias,0.4
biased,0.271
bib,0.385
bicarbonate,0.479
bicker,0.143
bickering,0.122
bidder,0.465
bide,0.368
bier,0.497
bifurcation,0.385
bigamy,0.327
biggestfear,0.062
bighorn,0.48
bigmouth,0.417
bigot,0.479
bigoted,0.153
bigotry,0.356
bilayer,0.438
bile,0.157
bilge,0.316
bill,0.396
billet,0.479
billing,0.406
billy,0.49
bimbo,0.396
bimonthly,0.408
bin,0.422
binary,0.49
bind,0.398
binder,0.438
binding,0.438
binge,0.304
binoculars,0.49
biochemical,0.367
biochemist,0.471
biology,0.479
biopsy,0.323
bipartite,0.365
bipolar,0.208
birdcage,0.48
birdman,0.49
bis,0.44
bisexual,0.438
bit,0.427
bitch,0.276
bitchy,0.188
bite,0.219
biter,0.26
bitter,0.218
bitterly,0.194
bitterness,0.115
bittersweet,0.469
bitty,0.469
bitumen,0.375
bizarre,0.379
blab,0.438
blabbermouth,0.323
black,0.326
black snake,0.104
blackboard,0.469
blacken,0.208
blackface,0.302
blackjack,0.419
blacklist,0.133
blackmail,0.094
blackmailer,0.092
blackness,0.26
blackout,0.126
blacksmith,0.48
bladder,0.406
blade,0.378
blame,0.115
bland,0.3
blare,0.439
blase,0.42
blasphemous,0.21
blasphemy,0.146
blast,0.167
blaster,0.459
blastoff,0.357
blatant,0.327
blather,0.344
bleach,0.336
bleak,0.204
bleed,0.041
bleeder,0.26
bleeding,0.135
bleep,0.479
blemish,0.219
blemished,0.173
blend,0.469
bleu,0.46
blight,0.271
blighted,0.146
blind,0.156
blinded,0.245
blindfold,0.448
blindfolded,0.208
blinding,0.304
blindly,0.439
blindness,0.245
blister,0.407
blistering,0.344
blitz,0.417
blizzard,0.375
bloat,0.229
bloated,0.167
block,0.286
blockade,0.38
blockage,0.25
blockhead,0.163
bloke,0.45
blood,0.219
bloodbath,0.06
bloodhound,0.327
bloodless,0.292
bloodshed,0.048
bloodshot,0.188
bloodthirsty,0.052
bloody,0.031
blot,0.365
blotched,0.133
blotter,0.36
blow,0.316
blowfish,0.344
blowjob,0.46
blown,0.333
blowout,0.398
blubber,0.388
bluddy,0.312
blueprint,0.49
blues,0.469
bluff,0.418
blunder,0.135
blur,0.268
blurred,0.32
blurry,0.059
blurt,0.408
boa,0.255
boa constrictor,0.198
boar,0.406
boards,0.469
boastful,0.49
boasting,0.417
boatload,0.365
bobbin,0.429
bode,0.344
bodice,0.39
bog,0.302
bogey,0.38
bogeyman,0.388
bogus,0.219
boil,0.417
boilerplate,0.398
boiling,0.302
boisterous,0.385
bold,0.49
bollocks,0.448
bolt,0.354
bolus,0.426
bomb,0.167
bombard,0.156
bombardier,0.24
bombardment,0.146
bombed,0.051
bomber,0.125
bombers,0.173
bombing,0.167
bombshell,0.327
bondage,0.146
bondsman,0.469
bone,0.337
bonehead,0.337
boner,0.344
bones,0.281
bonfire,0.48
bong,0.333
bonkers,0.306
bonne,0.448
bonnet,0.406
bony,0.445
boo,0.153
booby,0.396
booger,0.399
boogeyman,0.292
bookie,0.344
bookkeeper,0.48
boomer,0.48
boooo,0.271
boot,0.438
bootleg,0.357
bootlegger,0.354
booze,0.265
bop,0.429
bopper,0.398
border,0.406
borderline,0.449
bore,0.417
bored,0.153
boredom,0.167
borer,0.302
boring,0.194
boron,0.441
borough,0.429
borrow,0.398
borrower,0.439
boss,0.31
bossy,0.24
bother,0.208
bothering,0.208
bottle,0.469
bottleneck,0.284
bottling,0.365
bottom,0.417
bottomless,0.31
botulism,0.292
boulder,0.461
bounce,0.375
bouncer,0.49
bound,0.417
bounds,0.378
bourgeois,0.439
bourgeoisie,0.357
bout,0.208
bovine,0.449
bowed,0.41
bowel,0.306
bowels,0.194
boxcar,0.42
boxer,0.49
boxers,0.375
boxing,0.427
boycott,0.112
bozo,0.388
brachial,0.388
bracket,0.49
brackish,0.469
brad,0.49
brag,0.347
braid,0.427
brainless,0.138
brainwash,0.198
brake,0.312
brash,0.36
brass knuckle,0.406
brat,0.312
bravado,0.479
brawl,0.104
brawn,0.438
brazen,0.292
breach,0.177
breakable,0.194
breakaway,0.479
breakdown,0.365
breaker,0.323
breakers,0.469
breaking and entering,0.418
breakneck,0.254
breakup,0.25
breathless,0.323
breeches,0.365
breed,0.49
brevity,0.459
briar,0.493
bribe,0.112
bribery,0.135
brick,0.217
bridle,0.427
brief,0.469
brim,0.469
brimstone,0.357
brine,0.333
brink,0.375
bristle,0.375
brittle,0.276
broach,0.438
broadside,0.459
broadsword,0.469
broccoli,0.469
broke,0.245
broken,0.062
brokenheart,0.115
brokenhearted,0.13
brokerage,0.479
bromide,0.347
brooding,0.327
broom,0.385
broomstick,0.41
brothel,0.255
brown,0.396
brrr,0.373
bruise,0.133
bruising,0.084
brunch,0.406
brunt,0.204
brush,0.49
brutal,0.122
brutality,0.122
brute,0.115
brutish,0.27
bubonic,0.28
buckaroo,0.448
bucket,0.408
buckle,0.416
buckled,0.427
bucko,0.439
buckshot,0.255
buckwheat,0.49
bud,0.46
budding,0.49
buffalo,0.469
buffering,0.479
buffoon,0.344
bug,0.286
bugaboo,0.439
bugger,0.312
bugle,0.479
buildup,0.49
bulbous,0.39
bulge,0.26
bulimic,0.092
bulk,0.469
bulkhead,0.312
bulky,0.427
bulldog,0.494
bulldozer,0.459
bullet,0.408
bullfighter,0.448
bullfrog,0.344
bullheaded,0.229
bullock,0.281
bullpen,0.48
bullshit,0.042
bully,0.257
bum,0.281
bumblebee,0.469
bummed,0.296
bummer,0.163
bump,0.286
bumper,0.385
bumpy,0.306
bun,0.424
bunghole,0.286
bunion,0.276
bunk,0.438
bunker,0.375
bunkhouse,0.47
bunt,0.417
bur,0.385
burden,0.367
burdened,0.429
burdensome,0.229
bureaucracy,0.38
bureaucrat,0.208
bureaucratic,0.28
burglar,0.05
burglary,0.146
burial,0.203
buried,0.133
burke,0.466
burlap,0.429
burlesque,0.327
burn,0.219
burned,0.163
burner,0.296
burning,0.229
burnout,0.219
burnt,0.082
burp,0.219
burr,0.39
burro,0.4
burrow,0.438
burst,0.156
bury,0.077
bus,0.407
bush,0.413
bushel,0.417
buss,0.469
busted,0.204
buster,0.469
bustle,0.347
bustling,0.49
busy,0.402
busybody,0.255
butane,0.442
butler,0.469
butt,0.347
buttock,0.429
buttocks,0.458
buttress,0.438
buzz,0.333
buzzard,0.35
buzzing,0.43
bye,0.375
bygone,0.229
bylaw,0.469
byline,0.469
bypass,0.429
bystander,0.48
byte,0.49
cab,0.438
cabbage,0.398
caboose,0.44
cacophony,0.408
cactus,0.439
cad,0.447
cadaver,0.03
cadence,0.427
cage,0.316
cahoots,0.312
cairn,0.26
calamitous,0.219
calamity,0.122
calcareous,0.49
calculate,0.49
calculating,0.458
calculus,0.36
calendar,0.48
caliber,0.429
calico,0.406
calipers,0.48
callous,0.245
caloric,0.327
calorie,0.333
calorimeter,0.406
cam,0.448
camber,0.43
camisole,0.497
camouflage,0.438
camouflaged,0.35
can opener,0.444
cancel,0.214
canceling,0.229
cancellation,0.224
cancer,0.052
candidacy,0.49
candlestick,0.448
cane,0.459
canker,0.262
cannabis,0.271
canned,0.398
cannibal,0.122
cannibalism,0.094
canning,0.49
cannonball,0.344
canon,0.385
canons,0.385
cantbreathe,0.284
canthandleit,0.354
cantilever,0.357
cantstandit,0.418
cantwin,0.26
canyon,0.468
capillary,0.469
capitalism,0.448
capitalist,0.352
capitation,0.479
capitulation,0.375
caprice,0.333
capricious,0.221
capslock,0.33
captive,0.235
captivity,0.225
captor,0.347
capture,0.357
carburetor,0.469
carcass,0.115
carcinoma,0.153
cardiac,0.344
cardiologist,0.458
cardiology,0.203
cardiomyopathy,0.177
careless,0.255
carelessness,0.245
cargo,0.408
caries,0.115
carjack,0.438
carnage,0.406
carnal,0.417
carnivorous,0.224
carpal,0.449
carried,0.49
carsick,0.224
cartel,0.438
carter,0.312
cartilage,0.438
cartographic,0.49
carton,0.286
cartouche,0.427
cartridge,0.458
carve,0.469
carver,0.418
case,0.427
casein,0.47
casing,0.458
cask,0.49
casket,0.125
cassette,0.49
castaway,0.208
castrate,0.177
castration,0.198
casualty,0.235
catabolism,0.265
catalysis,0.385
catapult,0.48
cataract,0.406
catastrophe,0.146
catastrophic,0.071
catatonic,0.255
catching,0.49
caterpillar,0.461
cates,0.37
catfish,0.458
cathartic,0.45
catheter,0.336
cathouse,0.327
catnip,0.439
caucus,0.418
cauliflower,0.448
caulk,0.367
cause,0.469
caused,0.344
causeway,0.453
cautious,0.47
cave,0.459
caveat,0.344
caveman,0.235
cavern,0.323
cavernous,0.354
caving,0.378
cavity,0.466
cease,0.388
ceaseless,0.378
cede,0.275
celery,0.396
celibacy,0.302
celibate,0.419
cellblock,0.186
cellmate,0.167
cellulite,0.2
celluloid,0.469
cemented,0.429
cemetery,0.051
censor,0.344
censorship,0.219
censure,0.219
census,0.449
cent,0.439
centimeter,0.427
centipede,0.296
centrifugal,0.306
centrifuge,0.495
century,0.407
cerebral,0.408
cervical,0.375
cervix,0.429
cess,0.427
cessation,0.414
cesspool,0.167
chaff,0.333
chafing,0.43
chagrin,0.104
chagrined,0.112
chain,0.378
chainsaw,0.367
chaise,0.406
chalk,0.385
challenge,0.469
challenger,0.417
chameleon,0.49
changeable,0.49
channel,0.49
chaos,0.016
chaotic,0.115
chaps,0.35
charade,0.458
charcoal,0.302
charlatan,0.2
charred,0.208
chart,0.469
chase,0.396
chased,0.188
chaser,0.375
chasm,0.265
chassis,0.406
chaste,0.408
chastened,0.156
chastisement,0.156
chastity,0.469
chatterbox,0.459
chattering,0.46
chauvinist,0.31
cheapened,0.471
cheapskate,0.148
cheat,0.125
cheater,0.104
checker,0.33
checkered,0.459
cheeky,0.434
cheep,0.367
cheerless,0.204
cheesy,0.47
cheetah,0.469
chemical,0.337
chemist,0.408
chemo,0.214
chemotherapy,0.163
chevron,0.469
chicane,0.357
chicken pox,0.194
chickenpox,0.173
chieftain,0.343
chiffon,0.406
childless,0.31
childloss,0.24
chilling,0.208
chilly,0.329
chimera,0.292
chimp,0.394
chinchilla,0.48
chinook,0.408
chip,0.479
chipper,0.418
chipping,0.354
chiropractor,0.42
chirp,0.469
chisel,0.469
chiseler,0.429
chit,0.49
chloride,0.265
chlorine,0.306
chloroform,0.281
choke,0.167
cholera,0.02
cholesterol,0.198
choosy,0.28
chop,0.25
choppers,0.469
chore,0.406
chromatic,0.407
chromatography,0.48
chromium,0.458
chronic,0.255
chronicle,0.427
chug,0.401
chump,0.375
chunk,0.365
churchyard,0.296
churn,0.316
chutney,0.459
cigar,0.306
cigarette,0.219
cilantro,0.469
cinch,0.45
cinder,0.35
cipher,0.49
circle,0.48
circumcision,0.327
circumference,0.458
circumscribed,0.365
circumvent,0.316
cirrhosis,0.079
cirrus,0.47
citrine,0.375
citrus,0.469
civilians,0.49
claim,0.255
claimant,0.271
clam,0.442
clammy,0.354
clamor,0.438
clandestine,0.425
clang,0.459
clash,0.293
clashing,0.177
clasp,0.448
clatter,0.418
clause,0.48
clauses,0.449
claustrophobia,0.125
claustrophobic,0.092
clavicle,0.398
claw,0.26
claws,0.281
cleat,0.486
cleave,0.296
cleaver,0.24
cleft,0.306
clench,0.438
clicker,0.418
cliff,0.361
clinch,0.469
cling,0.417
clingy,0.224
clinic,0.469
clinical,0.337
clink,0.458
clip,0.438
clipper,0.293
clipping,0.46
clique,0.427
cloak,0.469
clobber,0.396
clockwork,0.49
clod,0.375
clog,0.104
cloister,0.438
clone,0.406
cloning,0.216
close,0.292
closed,0.24
closure,0.229
clot,0.15
clouded,0.24
cloudiness,0.469
cloudy,0.281
clove,0.439
cloves,0.427
cluck,0.39
clueless,0.35
clumsy,0.125
clunk,0.448
cluster,0.49
clutch,0.383
clutter,0.135
coachman,0.479
coagulation,0.381
coal,0.36
coalesce,0.479
coalition,0.49
coarse,0.333
coax,0.367
cobalt,0.408
cobble,0.448
cobra,0.312
cocaine,0.156
cock,0.418
cockamamie,0.45
cockeyed,0.459
cockroach,0.188
cocksucker,0.083
cocky,0.26
cocoon,0.47
codeine,0.375
codfish,0.49
codification,0.448
codify,0.448
coding,0.442
coed,0.469
coerce,0.26
coercion,0.33
coercive,0.479
coffin,0.073
cog,0.427
cohort,0.459
coil,0.448
coiled,0.378
coke,0.404
cola,0.469
cold,0.398
coldly,0.365
coldness,0.093
coldsweat,0.427
colic,0.135
collapse,0.208
collarbone,0.42
collate,0.438
collide,0.271
collision,0.245
collusion,0.365
colon,0.449
colonel,0.459
colonic,0.333
colonoscopy,0.208
colorless,0.354
column,0.48
columnar,0.448
com,0.396
coma,0.219
comatose,0.143
comb,0.49
combat,0.302
combative,0.381
combustible,0.386
combustion,0.457
comma,0.344
command,0.427
commando,0.323
commentator,0.492
commie,0.385
commissary,0.385
commit,0.365
committal,0.472
commodore,0.427
commoner,0.448
commotion,0.49
communism,0.264
communist,0.265
commutation,0.469
compact,0.458
companionless,0.271
comparative,0.47
compel,0.2
compelled,0.333
competitive,0.447
complain,0.143
complaint,0.143
complex,0.388
complexed,0.312
complexity,0.479
complicate,0.21
complicated,0.211
complication,0.365
complicity,0.323
compost,0.48
compress,0.406
compressed,0.323
compressor,0.418
comptroller,0.402
compulsion,0.118
compulsive,0.347
compulsory,0.343
con,0.255
concatenation,0.48
concave,0.441
conceal,0.312
concealed,0.344
concealment,0.302
conceit,0.354
conceited,0.194
concern,0.25
concerned,0.292
concierge,0.48
concoction,0.448
concomitant,0.427
concubine,0.388
concur,0.459
concussion,0.072
condemn,0.102
condemnation,0.133
conditionally,0.396
conditioned,0.49
conditioning,0.44
condo,0.439
condolence,0.26
condolences,0.198
condom,0.406
conduct,0.453
conduit,0.47
cone,0.417
confess,0.36
confession,0.469
confessional,0.458
confessions,0.325
confine,0.327
confined,0.286
confinement,0.333
confines,0.396
confiscate,0.25
confiscation,0.208
conflagration,0.344
conflict,0.335
conflicting,0.173
conform,0.479
confound,0.347
confounded,0.333
confront,0.281
confrontation,0.177
confuse,0.1
confused,0.22
confusing,0.229
confusion,0.255
conga,0.469
congenital,0.448
congestion,0.271
congress,0.449
congressman,0.438
conical,0.49
conjecture,0.396
conjugation,0.479
conjunctive,0.487
conjure,0.385
conjuring,0.224
conk,0.34
conscription,0.396
consequence,0.24
conservatism,0.406
consignment,0.49
consolation,0.408
conspicuous,0.479
conspiracy,0.125
conspirator,0.271
conspire,0.206
consternation,0.167
constipation,0.079
constrain,0.261
constrained,0.135
constraint,0.323
consume,0.427
consumption,0.39
contagion,0.208
contagious,0.184
containment,0.411
contaminate,0.14
contaminated,0.04
contamination,0.125
contempt,0.206
contemptible,0.146
contemptuous,0.204
contender,0.48
contending,0.49
contention,0.375
contentious,0.422
contiguous,0.375
continence,0.45
continental,0.486
contingency,0.396
contingent,0.47
contraband,0.177
contraception,0.296
contracted,0.344
contractile,0.48
contraction,0.292
contradict,0.16
contradiction,0.25
contradictory,0.365
contraption,0.448
contrary,0.327
contrast,0.48
contravene,0.357
contravention,0.344
contrite,0.347
contrition,0.347
contrived,0.408
controller,0.469
controlling,0.49
controversial,0.271
controversy,0.25
contusion,0.167
conundrum,0.354
convalescent,0.458
convent,0.48
conversion,0.48
convex,0.438
convexity,0.449
conveyancing,0.375
convict,0.177
convoluted,0.323
convolution,0.417
coo,0.49
cooling,0.469
coolness,0.49
coon,0.49
cop,0.327
copier,0.459
copious,0.427
copy,0.46
copycat,0.449
copying,0.448
copyright,0.458
coral snake,0.276
cord,0.388
cordon,0.469
cork,0.347
corkscrew,0.427
cornball,0.479
corned,0.459
corner,0.4
cornice,0.458
corny,0.448
corollary,0.458
coroner,0.323
corporation,0.429
corpse,0.094
corpsman,0.439
correction,0.448
correctional,0.292
corrective,0.448
corrosion,0.156
corrosive,0.14
corrupt,0.02
corrupting,0.062
corruption,0.052
corse,0.448
corset,0.49
cortical,0.38
cortisone,0.427
cost,0.365
costly,0.316
cote,0.439
cougar,0.438
cough,0.255
countdown,0.438
counter,0.439
counteract,0.378
counterattack,0.281
counterclaim,0.398
counterfeit,0.094
counterpart,0.448
counterpoint,0.438
counts,0.343
county,0.479
coup,0.275
coupe,0.479
court,0.479
courtroom,0.385
courts,0.367
coven,0.458
cover,0.365
covet,0.302
cow,0.449
coward,0.102
cowardice,0.133
cowardly,0.102
cowhand,0.438
cowhide,0.458
cowl,0.427
coy,0.347
coyote,0.459
crab,0.421
crabby,0.198
crack,0.302
cracked,0.224
cracking,0.327
crackle,0.327
crackpot,0.26
craig,0.448
cram,0.354
crammed,0.406
cramp,0.194
cramped,0.24
crane,0.396
cranial,0.354
cranium,0.439
crank,0.448
cranky,0.194
cranny,0.194
crap,0.083
crappy,0.039
craps,0.375
crash,0.194
crass,0.223
crate,0.427
crater,0.45
crawl,0.479
craze,0.255
crazed,0.153
craziness,0.238
crazy,0.156
creak,0.344
creaking,0.302
crease,0.44
creditor,0.479
creep,0.354
creeper,0.429
creeping,0.292
creepy,0.125
cremation,0.084
crest,0.458
crestfallen,0.235
cretin,0.265
cretins,0.094
crevice,0.361
cricket,0.423
cried,0.167
crime,0.071
criminal,0.021
criminality,0.122
crimp,0.26
cringe,0.245
cripple,0.094
crippled,0.035
crippling,0.156
crisis,0.208
criterion,0.396
critic,0.264
critical,0.312
criticise,0.073
criticism,0.115
criticize,0.143
criticized,0.24
critique,0.302
croak,0.337
croc,0.327
crock,0.385
crocodile,0.344
crook,0.171
crooked,0.146
cross,0.448
crossbow,0.344
crossed,0.431
crossfire,0.316
crouch,0.281
crouched,0.333
crouching,0.261
crow,0.224
crowbar,0.406
crowd,0.35
crowds,0.469
cruciate,0.429
crucifix,0.469
crucifixion,0.135
crucify,0.146
crud,0.312
crude,0.198
cruel,0.122
cruelly,0.146
cruelty,0.092
crumb,0.417
crumble,0.333
crumbling,0.167
crummy,0.125
crunch,0.292
crusader,0.439
crush,0.271
crushed,0.167
crusher,0.271
crushing,0.219
crutch,0.302
crux,0.469
cry,0.133
crybaby,0.375
crying,0.153
crypt,0.156
cryptic,0.296
cryptography,0.49
cubby,0.354
cube,0.469
cubic,0.458
cubicle,0.479
cuckold,0.21
cuckoo,0.42
cucumber,0.49
cuff,0.469
cull,0.365
culpability,0.112
culpable,0.14
culprit,0.062
cult,0.448
culvert,0.337
cumbersome,0.259
cunt,0.135
cupping,0.49
cur,0.44
curb,0.472
curfew,0.219
curl,0.385
curse,0.033
cursed,0.083
cursing,0.112
cursory,0.423
curt,0.245
curtail,0.306
curtailment,0.23
curvature,0.417
curve,0.48
curvilinear,0.48
cuss,0.354
cussed,0.156
custodial,0.418
custody,0.494
cut,0.49
cutaneous,0.365
cuticle,0.34
cutlass,0.173
cutoff,0.432
cutter,0.427
cutters,0.197
cutthroat,0.11
cutting,0.448
cutting board,0.337
cuttings,0.479
cyanide,0.229
cyclical,0.38
cyclone,0.416
cylinder,0.459
cylindrical,0.458
cynic,0.135
cynical,0.156
cynicism,0.104
cyst,0.173
cystic,0.314
cytomegalovirus,0.186
cytoplasm,0.378
czar,0.48
daemon,0.333
daft,0.255
dagger,0.224
dam,0.25
damage,0.059
damaged,0.104
damages,0.082
damn,0.073
damnation,0.135
damned,0.1
damp,0.36
dampened,0.271
damper,0.459
dandruff,0.398
danger,0.115
dangerous,0.02
dangerously,0.082
dangit,0.396
dangle,0.362
dank,0.39
daredevil,0.429
dark,0.198
darken,0.25
darkened,0.135
darkly,0.219
darkness,0.102
darkroom,0.188
darkside,0.102
darn,0.115
dart,0.417
dashed,0.276
dastardly,0.208
dawdle,0.479
daze,0.245
dazed,0.3
deactivate,0.235
dead,0.052
deadbeat,0.229
deadline,0.214
deadlines,0.406
deadlock,0.17
deadly,0.143
deaf,0.186
deafening,0.281
deafness,0.125
dearth,0.156
death,0.031
deathbed,0.051
deathly,0.073
debacle,0.156
debased,0.219
debatable,0.181
debate,0.408
debauchery,0.354
debenture,0.417
debilitating,0.125
debit,0.333
debrief,0.247
debriefing,0.427
debris,0.135
debt,0.204
debtor,0.219
decadence,0.237
decadent,0.29
decaf,0.48
decanter,0.438
decay,0.143
decayed,0.017
decaying,0.073
deceased,0.021
decedent,0.423
deceit,0.02
deceitful,0.071
deceive,0.094
deceived,0.059
deceiving,0.099
deception,0.09
deceptive,0.027
deciduous,0.385
decipher,0.417
deck,0.42
declination,0.25
decline,0.173
declining,0.328
decompose,0.194
decomposed,0.073
decomposition,0.133
decompress,0.438
decompression,0.208
decoy,0.149
decrease,0.125
decreased,0.224
decreasing,0.32
decrement,0.255
decrepit,0.156
decry,0.4
decryption,0.459
deduce,0.49
deduct,0.355
deductible,0.375
deduction,0.438
deep,0.49
defamation,0.11
defamatory,0.143
default,0.459
defeat,0.092
defeated,0.104
defeatist,0.163
defect,0.135
defection,0.146
defective,0.122
defector,0.163
defendant,0.25
defenseless,0.143
defer,0.245
deferring,0.343
defiance,0.333
defiant,0.25
defibrillator,0.398
deficiency,0.073
deficient,0.24
deficit,0.358
deflate,0.148
deflation,0.287
deflect,0.133
deflection,0.188
defloration,0.188
deform,0.112
deformed,0.198
deformity,0.16
defraud,0.175
defray,0.375
defrost,0.427
defunct,0.112
defuse,0.167
defy,0.353
degeneracy,0.143
degenerate,0.069
degeneration,0.245
degradation,0.16
degrade,0.083
degraded,0.167
degrading,0.031
dehydrated,0.31
dehydration,0.188
dejected,0.104
delay,0.204
delayed,0.188
delete,0.292
deleterious,0.297
deletion,0.062
deliberative,0.392
delineate,0.448
delinquency,0.135
delinquent,0.051
delirious,0.219
delirium,0.233
dell,0.458
delude,0.143
deluge,0.245
delusion,0.344
delusional,0.219
delve,0.469
demand,0.292
demanding,0.396
demeaned,0.271
demeaning,0.104
demented,0.088
dementia,0.092
demise,0.104
demographic,0.459
demolish,0.125
demolished,0.271
demolition,0.133
demon,0.037
demonic,0.146
demoralized,0.082
demos,0.418
deniability,0.23
denial,0.194
denied,0.188
denomination,0.49
denominational,0.458
denominator,0.45
denote,0.448
denounce,0.083
dense,0.354
dent,0.306
dentist,0.479
dentistry,0.429
dentists,0.364
denunciation,0.146
deny,0.316
denying,0.08
deodorant,0.48
depart,0.398
departed,0.245
depend,0.388
dependant,0.357
dependence,0.25
dependency,0.429
dependent,0.354
depicting,0.49
depletion,0.153
deplorable,0.135
deplore,0.135
deport,0.167
deportation,0.104
depose,0.286
deposition,0.394
depraved,0.031
depravity,0.115
depreciate,0.27
depreciated,0.135
depreciation,0.143
depress,0.219
depressed,0.024
depressing,0.146
depression,0.031
depressive,0.143
depresson,0.135
deprivation,0.194
deprive,0.271
deprived,0.354
deputy,0.429
derail,0.108
deranged,0.376
derelict,0.208
derision,0.265
derive,0.396
dermal,0.385
dermatology,0.422
derogation,0.208
derogatory,0.122
descend,0.385
descendent,0.391
descending,0.219
descent,0.3
desecrate,0.255
desecration,0.125
desert,0.469
deserted,0.156
deserter,0.122
desertion,0.122
desist,0.22
desolate,0.104
desolation,0.073
despair,0.115
despairing,0.073
despatch,0.448
desperado,0.26
desperate,0.083
desperation,0.125
despicable,0.146
despise,0.167
despondent,0.133
despotic,0.141
despotism,0.255
destitute,0.13
destroy,0.046
destroyed,0.031
destroyer,0.083
destroying,0.041
destruct,0.071
destruction,0.102
destructive,0.177
detach,0.357
detached,0.28
detachment,0.243
detain,0.351
detainee,0.306
detectable,0.479
detector,0.459
detention,0.265
deter,0.344
detergent,0.458
deteriorate,0.083
deteriorated,0.053
deteriorating,0.104
deterioration,0.13
deterrent,0.292
detest,0.083
detestation,0.177
detonate,0.375
detonation,0.167
detonator,0.207
detour,0.398
detract,0.344
detriment,0.281
detrimental,0.203
detritus,0.276
deuce,0.479
deutschmark,0.439
devalued,0.321
devastate,0.021
devastated,0.12
devastating,0.104
devastation,0.09
deviant,0.094
deviate,0.173
deviating,0.354
deviation,0.105
devil,0.161
deviled,0.347
devilish,0.073
devious,0.25
devoid,0.219
devolution,0.345
devolve,0.367
devour,0.344
dexter,0.458
dextrose,0.333
diabetes,0.051
diabetic,0.125
diabolical,0.102
diagnose,0.378
diagnostic,0.417
dialysis,0.194
diameter,0.427
diaper,0.409
diaphragm,0.459
diarrhea,0.092
diarrhoea,0.038
diatribe,0.354
dib,0.479
dice,0.458
dicey,0.29
dichotomous,0.365
dichotomy,0.323
dick,0.208
dickhead,0.115
dicks,0.31
dictate,0.48
dictation,0.255
dictator,0.073
dictatorial,0.204
dictatorship,0.082
diction,0.439
dictum,0.385
diddle,0.429
die,0.031
died,0.021
diesel,0.49
diet,0.429
differ,0.23
difference,0.474
differences,0.365
differentiation,0.367
differently,0.48
differing,0.418
difficult,0.235
difficulties,0.082
difficulty,0.079
diffuse,0.43
diffusion,0.356
dig,0.367
digit,0.447
digress,0.271
digs,0.448
dike,0.36
dilapidated,0.229
dilatation,0.385
dilation,0.347
dilemma,0.153
dill,0.427
diluent,0.417
dilute,0.275
diluted,0.469
dilution,0.445
dim,0.398
diminish,0.24
diminished,0.156
diminution,0.316
diminutive,0.323
dimwit,0.255
din,0.44
dingy,0.156
dinky,0.357
dinosaur,0.448
dint,0.378
dioxide,0.354
dippy,0.43
dipstick,0.365
dire,0.214
directory,0.439
dirt,0.112
dirty,0.153
disability,0.073
disable,0.115
disabled,0.308
disadvantage,0.15
disaffected,0.176
disagree,0.133
disagreeable,0.042
disagreeing,0.255
disagreement,0.104
disallow,0.156
disallowed,0.135
disapointment,0.104
disappear,0.143
disappearance,0.214
disappearing,0.167
disappoint,0.15
disappointed,0.071
disappointing,0.073
disappointment,0.115
disapproval,0.085
disapprove,0.16
disapproved,0.104
disapproving,0.245
disarm,0.292
disarray,0.198
disaster,0.082
disastrous,0.071
disband,0.302
disbelief,0.188
disbelieve,0.188
disburse,0.418
disbursement,0.24
discard,0.24
discarded,0.229
discards,0.24
discern,0.459
discernible,0.427
discernment,0.408
discharge,0.427
disclaim,0.235
disclaimer,0.367
disclose,0.49
disclosed,0.271
discoloration,0.224
discolored,0.204
discomfort,0.153
disconcerted,0.1
disconcerting,0.106
disconnect,0.438
disconnected,0.292
disconnection,0.167
disconnects,0.256
discontent,0.24
discontinuance,0.123
discontinue,0.354
discontinuity,0.303
discontinuous,0.233
discord,0.115
discourage,0.184
discouraged,0.22
discouragement,0.112
discouraging,0.167
discourse,0.41
discredit,0.075
discredited,0.112
discrepancy,0.26
discriminate,0.125
discriminating,0.16
discrimination,0.051
discuss,0.396
discussion,0.333
disdain,0.153
disdainful,0.097
disease,0.041
diseased,0.123
disembodied,0.167
disengage,0.406
disengagement,0.327
disfigured,0.153
disgrace,0.061
disgraced,0.071
disgraceful,0.082
disgruntled,0.104
disgust,0.052
disgusted,0.051
disgusting,0.031
disheartened,0.153
disheartening,0.01
dishonest,0.191
dishonesty,0.094
dishonor,0.104
dishonorable,0.112
dishwasher,0.48
disillusionment,0.051
disinclination,0.125
disincline,0.458
disinclined,0.385
disinfect,0.448
disinformation,0.23
disingenuous,0.194
disintegrate,0.143
disintegration,0.094
disinterested,0.398
disjoint,0.351
disjointed,0.323
disjunctive,0.286
dislike,0.156
disliked,0.062
disliking,0.163
dislocated,0.125
dislocation,0.229
dislodge,0.214
disloyal,0.062
disloyalty,0.187
dismal,0.194
dismantle,0.347
dismay,0.314
dismayed,0.165
dismemberment,0.104
dismiss,0.167
dismissal,0.153
dismissive,0.188
dismount,0.361
disobedience,0.051
disobedient,0.276
disobey,0.143
disorder,0.115
disordered,0.21
disorderly,0.188
disorganized,0.052
disorientation,0.163
disoriented,0.227
disown,0.153
disparage,0.092
disparaging,0.102
disparate,0.438
disparity,0.208
dispassionate,0.199
dispatch,0.317
dispatcher,0.365
dispel,0.388
dispensary,0.406
dispensation,0.388
dispersal,0.388
disperse,0.375
dispersed,0.344
dispersion,0.27
dispirited,0.204
displace,0.424
displaced,0.281
displacement,0.276
displease,0.021
displeased,0.135
displeasure,0.115
disposable,0.271
disposal,0.135
dispossessed,0.354
disprove,0.375
dispute,0.219
disqualification,0.066
disqualified,0.129
disqualify,0.208
disquieted,0.229
disregard,0.177
disregarded,0.26
disrelish,0.375
disreputable,0.104
disrepute,0.208
disrespect,0.062
disrespectful,0.031
disrupt,0.265
disrupting,0.186
disruption,0.235
disruptive,0.255
dissatisfaction,0.115
dissatisfied,0.042
dissect,0.367
dissection,0.276
dissemination,0.476
dissension,0.25
dissent,0.3
dissenting,0.208
dissertation,0.312
disservice,0.25
dissident,0.35
dissimilar,0.276
dissipate,0.385
dissipated,0.281
dissociation,0.135
dissociative,0.281
dissolution,0.204
dissolve,0.271
dissonance,0.173
dissuade,0.482
distal,0.41
distance,0.233
distant,0.229
distaste,0.184
distasteful,0.264
distillation,0.396
distilled,0.427
distort,0.1
distorted,0.25
distortion,0.299
distract,0.241
distracted,0.194
distracting,0.445
distraction,0.402
distraught,0.115
distress,0.073
distressed,0.143
distressing,0.075
district,0.438
distrust,0.06
disturb,0.175
disturbance,0.146
disturbed,0.125
disturbing,0.146
disuse,0.229
disused,0.25
ditch,0.357
ditto,0.449
ditty,0.47
diverge,0.375
divergence,0.429
divergent,0.449
diverging,0.417
divert,0.344
diverting,0.396
divest,0.365
divested,0.333
divestment,0.302
divide,0.333
divided,0.271
divisible,0.323
division,0.37
divisor,0.344
divorce,0.042
divorcee,0.153
divvy,0.351
dizziness,0.229
dizzy,0.199
doc,0.458
dock,0.49
docked,0.281
docking,0.354
dodge,0.333
dodger,0.427
dodging,0.396
dodgy,0.281
dodo,0.438
dogface,0.219
dogged,0.255
doghouse,0.438
dogmatic,0.448
doldrums,0.229
dole,0.448
dolor,0.167
dominant,0.406
dominate,0.439
dominating,0.427
dominatrix,0.39
donkey,0.406
dontlikeyou,0.055
dontmess,0.396
dontmesswithme,0.312
dontpanic,0.469
dontunderstand,0.219
doom,0.073
doomed,0.041
doomsday,0.125
doorknob,0.406
doormat,0.458
doornail,0.459
dope,0.295
dopey,0.32
dork,0.272
dorky,0.302
dormant,0.385
dorsal,0.449
dosage,0.344
dose,0.458
dossier,0.357
dot,0.434
dotted,0.48
dotty,0.375
doubled,0.427
doublet,0.42
doubling,0.459
doubt,0.395
doubtful,0.25
doubting,0.224
doubts,0.306
douche,0.49
douchebags,0.327
doughboy,0.365
dour,0.36
douse,0.365
down,0.208
downcast,0.071
downer,0.12
downfall,0.2
downhearted,0.119
downhill,0.292
downpour,0.328
downside,0.19
downtime,0.24
downward,0.188
drab,0.327
draft,0.438
drafty,0.458
drag,0.388
drain,0.277
drainage,0.219
drained,0.31
draining,0.337
drainpipe,0.417
drake,0.467
drama,0.43
dramaqueen,0.337
dramatic,0.367
drape,0.417
drapery,0.479
drastic,0.194
drat,0.302
draught,0.465
drawback,0.302
drawer,0.429
dread,0.153
dreaded,0.122
dreadful,0.092
dreadfully,0.246
dreading,0.125
dreary,0.26
dredge,0.427
drenched,0.302
dribble,0.417
dried,0.427
drier,0.306
drift,0.316
drifted,0.312
drifter,0.449
driftwood,0.321
drill,0.25
drinker,0.365
drip,0.392
dripping,0.302
drivel,0.398
droll,0.459
drone,0.429
drones,0.398
drool,0.385
drooping,0.245
droopy,0.438
drop,0.479
dropout,0.253
dropper,0.333
drought,0.133
drown,0.071
drowsiness,0.26
drowsy,0.375
drudgery,0.094
drug,0.214
drug dealing,0.042
drugged,0.102
druggist,0.24
drugs,0.167
drugstore,0.49
drunk,0.194
drunk driving,0.073
drunkard,0.24
drunken,0.155
drunkenness,0.214
dry,0.363
dryer,0.479
dryness,0.292
dualism,0.49
duality,0.438
dubious,0.414
ducking,0.344
duct,0.449
dud,0.167
duds,0.347
duel,0.271
dues,0.367
dugout,0.49
duh,0.357
dull,0.194
dullard,0.45
dumb,0.188
dumbasses,0.316
dumbbell,0.302
dumbbitch,0.281
dumfound,0.271
dumfounder,0.406
dummy,0.44
dump,0.345
dumps,0.302
dumpster,0.229
dun,0.458
dunce,0.188
dune,0.459
dung,0.104
dungeon,0.276
dunk,0.406
dupe,0.184
duplication,0.48
duplicity,0.406
duress,0.302
dusky,0.229
dust,0.344
duster,0.408
dusty,0.406
dwarf,0.37
dwarfed,0.365
dweeb,0.354
dye,0.479
dying,0.04
dyke,0.438
dynamite,0.344
dysentery,0.26
dysfunction,0.156
dysfunctional,0.125
dyspepsia,0.212
eagerness,0.406
ear,0.469
earthquake,0.073
earthy,0.375
easement,0.479
eater,0.459
eatingdisorders,0.365
eavesdrop,0.375
eavesdropping,0.49
ebb,0.354
ebony,0.49
eccentricity,0.408
echelon,0.49
edema,0.25
edge,0.439
edging,0.479
edgy,0.281
edict,0.316
eeeek,0.367
eeek,0.333
eek,0.292
eel,0.292
eerie,0.265
effects,0.47
effeminate,0.337
effusion,0.344
effyou,0.354
egghead,0.316
eggshell,0.408
ego,0.328
egomaniac,0.133
egotistical,0.156
egregious,0.15
egress,0.49
eject,0.434
ejection,0.188
elbow,0.448
eld,0.471
elder,0.448
elector,0.479
electoral,0.49
electric,0.458
electrician,0.449
electrocute,0.271
electrocution,0.177
eleven,0.449
elf,0.46
elicit,0.406
eliminate,0.265
elimination,0.052
elk,0.439
ell,0.469
elliptical,0.338
elope,0.396
elude,0.438
elusive,0.229
emaciated,0.103
embargo,0.229
embarrass,0.082
embarrassed,0.184
embarrassing,0.226
embarrassment,0.143
embattled,0.235
embed,0.417
embers,0.49
embezzlement,0.143
embezzler,0.146
embolism,0.104
embroiled,0.337
emergence,0.276
emergency,0.2
emery,0.469
emetophobia,0.243
emigrate,0.356
emo,0.354
emphysema,0.156
emptiness,0.177
empty,0.188
emu,0.42
emulate,0.438
enchantress,0.398
encircle,0.46
enclosure,0.417
encode,0.49
encroach,0.302
encroachment,0.255
encumbrance,0.3
end,0.198
endanger,0.115
endangered,0.083
endangerment,0.167
ended,0.302
endemic,0.406
endgame,0.449
ending,0.344
endless,0.347
endocarditis,0.235
endpoint,0.311
endure,0.32
enema,0.281
enemy,0.135
enforcer,0.398
engrave,0.486
engulf,0.398
enigmatic,0.469
enmity,0.094
ennui,0.406
enraged,0.083
enslave,0.073
enslaved,0.104
enslavement,0.086
entail,0.484
entangled,0.319
entanglement,0.302
entomology,0.438
entourage,0.491
entrails,0.365
entrapment,0.177
entreat,0.304
envious,0.11
envy,0.24
epidemic,0.092
epidermis,0.418
epidural,0.347
epilepsy,0.061
epileptic,0.146
epitaph,0.276
equation,0.479
equidistant,0.375
equivocal,0.327
eradicate,0.26
eradication,0.208
erase,0.24
eraser,0.458
erasure,0.281
ere,0.479
ergo,0.385
erode,0.208
erosion,0.312
err,0.146
errand,0.385
errant,0.205
erratic,0.271
erratum,0.327
erroneous,0.057
error,0.094
erst,0.277
erupt,0.188
eruption,0.156
escalade,0.48
escape,0.367
escaped,0.365
escarpment,0.406
eschew,0.184
escrow,0.449
esophagus,0.429
espionage,0.312
estoppel,0.354
estranged,0.156
estuary,0.469
ethanol,0.333
ether,0.49
euchre,0.47
eugenics,0.448
euphemism,0.418
euthanasia,0.229
evacuate,0.354
evacuation,0.16
evade,0.304
evaporate,0.357
evasion,0.229
evasive,0.117
evening,0.458
eventuality,0.469
evict,0.042
eviction,0.185
evidentiary,0.448
evil,0.04
evoke,0.438
ewe,0.429
ex,0.25
exacerbate,0.323
exacerbation,0.344
exacting,0.448
exaggerate,0.193
exaggerated,0.224
exaggeration,0.312
exam,0.479
examination,0.378
examiner,0.406
exasperated,0.229
exasperation,0.214
excavator,0.427
excepting,0.408
exception,0.469
excerpt,0.437
excess,0.385
excessive,0.417
excessively,0.449
excise,0.448
excision,0.26
exclude,0.292
excluded,0.061
excluding,0.271
exclusion,0.24
excrement,0.041
excretion,0.285
excruciating,0.083
excuse,0.24
execute,0.327
execution,0.16
executioner,0.235
executor,0.365
exegesis,0.458
exhausted,0.123
exhaustion,0.366
exhaustive,0.388
exhort,0.378
exhumation,0.177
exhume,0.184
exigent,0.385
exile,0.184
exit,0.37
exodus,0.286
exorbitant,0.398
exorcism,0.163
exorcist,0.219
expatriate,0.265
expect,0.469
expel,0.281
expendable,0.479
expenditure,0.25
expense,0.317
expenses,0.24
expensive,0.323
experiment,0.479
experimental,0.417
expiration,0.265
expired,0.198
expiry,0.194
expletive,0.357
explode,0.277
exploit,0.312
exploitation,0.156
explosion,0.167
explosions,0.123
explosive,0.156
expose,0.344
exposed,0.471
expound,0.438
expropriation,0.188
expulsion,0.19
extension,0.49
exterminate,0.177
extermination,0.19
exterminator,0.344
external,0.479
extinct,0.112
extinction,0.104
extinguish,0.24
extort,0.052
extortion,0.112
extraction,0.418
extractor,0.302
extracurricular,0.457
extradition,0.229
extrajudicial,0.365
extramural,0.336
extraneous,0.276
extreme,0.318
extreme disgust,0.052
extremely negative,0.03
extremity,0.408
extrusion,0.229
exude,0.375
eyelash,0.48
eyepiece,0.418
fab,0.49
fabricated,0.418
faceless,0.23
facsimile,0.49
faction,0.469
fade,0.354
faded,0.302
faeces,0.184
fag,0.122
faggot,0.219
fail,0.177
failing,0.125
failure,0.167
fain,0.479
faint,0.063
fainting,0.333
faithless,0.102
fake,0.073
faker,0.245
fall,0.177
fallacious,0.271
fallacy,0.112
fallback,0.458
fallible,0.365
falling,0.202
fallopian,0.297
fallout,0.428
fallow,0.375
false,0.12
falsehood,0.031
falsely,0.083
falsification,0.173
falsified,0.042
falsify,0.115
falsity,0.12
falter,0.421
famine,0.163
famished,0.177
fanaticism,0.292
fandango,0.49
fang,0.175
fangs,0.286
faraway,0.365
farce,0.265
farcical,0.406
fare,0.49
farewell,0.13
fart,0.194
farther,0.418
fascia,0.48
fascism,0.104
fascist,0.2
fasten,0.458
fasting,0.388
fat,0.198
fatal,0.061
fatalism,0.208
fatality,0.062
fateful,0.29
fathead,0.296
fatigue,0.173
fatigued,0.146
fatso,0.286
fatten,0.375
fatty,0.286
faucet,0.427
fault,0.188
faulty,0.184
faun,0.49
faux,0.291
fax,0.406
faze,0.417
fear,0.073
feared,0.24
fearful,0.083
fearfully,0.112
fearing,0.125
fears,0.061
fearsome,0.115
feathered,0.438
febrile,0.429
fecal,0.255
feces,0.24
fedup,0.327
fee,0.354
feeble,0.157
feelingdown,0.49
feign,0.34
feigned,0.173
fell,0.255
feller,0.406
felon,0.111
felony,0.206
femoral,0.417
femur,0.408
fen,0.49
fenced,0.323
fender,0.369
ferment,0.375
fermentation,0.42
ferocious,0.167
ferocity,0.235
ferret,0.385
fertilizer,0.438
fess,0.395
fetal,0.388
fetch,0.479
fetish,0.307
fetus,0.479
feud,0.146
feudal,0.367
feudalism,0.229
fever,0.194
feverish,0.385
fiasco,0.167
fib,0.438
fiberglass,0.451
fibrosis,0.16
fibrous,0.48
fickle,0.406
fiction,0.438
fictional,0.43
fictitious,0.224
fidgety,0.229
fiduciary,0.375
fiend,0.146
fiendish,0.167
fierce,0.281
fiery,0.418
fifteen,0.49
fighting,0.292
fights,0.07
figurative,0.479
file,0.48
filibuster,0.271
filings,0.323
filly,0.479
filter,0.44
filth,0.194
filthy,0.115
filtration,0.407
fin,0.333
final,0.276
finale,0.406
finalized,0.245
finch,0.438
finder,0.36
finger,0.321
fingernail,0.418
finish,0.471
finite,0.384
fink,0.41
fire,0.38
firearm,0.086
firearms,0.22
fireball,0.302
firecracker,0.474
firefight,0.153
firepower,0.375
firestorm,0.18
firewall,0.485
firing,0.188
firstworldprobs,0.458
fishy,0.224
fissile,0.333
fission,0.386
fissure,0.333
fist,0.333
fistfight,0.208
fistula,0.312
fiver,0.458
fizz,0.459
flabbergast,0.48
flabbergasted,0.312
flabby,0.292
flaccid,0.156
flagrant,0.286
flak,0.39
flake,0.385
flaky,0.363
flame,0.448
flamethrower,0.16
flaming,0.406
flammable,0.216
flank,0.448
flanked,0.333
flanking,0.49
flannel,0.49
flap,0.275
flapping,0.458
flashback,0.265
flask,0.418
flat,0.408
flatbed,0.49
flatfoot,0.265
flatness,0.479
flatten,0.286
flattery,0.47
flatulence,0.21
flaunt,0.438
flaw,0.319
flawed,0.133
flea,0.286
fleabag,0.271
fled,0.224
flee,0.292
fleeting,0.439
flexion,0.449
flickering,0.49
flighty,0.219
flimsy,0.302
flinch,0.35
fling,0.439
flip,0.281
flip flop,0.417
floater,0.48
flog,0.408
flood,0.208
floor,0.43
floozy,0.41
flop,0.081
flu,0.23
fluctuate,0.285
fluctuating,0.292
fluctuation,0.347
flue,0.354
fluke,0.446
flunk,0.104
flunky,0.205
flurries,0.422
flurry,0.302
flush,0.408
flustered,0.316
fluted,0.438
flutter,0.479
flux,0.473
flyer,0.48
fob,0.327
focal,0.367
fodder,0.316
foe,0.071
foggy,0.354
foil,0.312
foiled,0.235
fold,0.385
folded,0.179
folder,0.49
follicle,0.406
follicular,0.401
folly,0.184
fool,0.16
fooled,0.051
fooling,0.167
foolish,0.316
foolishness,0.235
foolproof,0.479
foot,0.49
foot stool,0.469
footwork,0.448
fop,0.281
foray,0.418
forbid,0.115
forbidding,0.198
forced,0.18
forceps,0.354
forcibly,0.365
forearm,0.469
foreboding,0.439
foreclose,0.22
foreclosure,0.167
forego,0.396
foregoing,0.42
foregone,0.271
forehead,0.47
foreman,0.458
forensic,0.439
forensics,0.235
foreveralone,0.296
forewarned,0.48
forfeit,0.083
forfeited,0.156
forfeiture,0.184
forger,0.156
forgery,0.235
forget,0.312
forgetful,0.24
forgetfulness,0.271
forgotten,0.235
fork,0.406
forked,0.333
forking,0.327
forklift,0.48
forlorn,0.316
formaldehyde,0.296
formless,0.398
fornicate,0.396
fornication,0.365
forsake,0.102
forsaken,0.05
forsooth,0.49
forty,0.458
fossil,0.48
foul,0.224
fox,0.323
foxhole,0.312
fraction,0.417
fractional,0.306
fracture,0.135
fragile,0.302
fragility,0.316
fragment,0.211
fragmentary,0.438
frail,0.255
frailty,0.385
frame,0.469
framework,0.459
frankenstorm,0.357
frantic,0.21
frantically,0.375
fraud,0.111
fraudulent,0.15
fraught,0.266
fray,0.337
frayed,0.312
frazzled,0.344
freak,0.052
freaked,0.135
freakedout,0.323
freakingout,0.219
freakish,0.135
freakout,0.25
freaky,0.19
freeze,0.191
freezer,0.396
freezing,0.327
freight,0.411
freighter,0.406
frenetic,0.429
frenzied,0.365
fret,0.289
fretful,0.409
fricking,0.333
friction,0.271
fried,0.479
friendless,0.102
frigate,0.49
friggen,0.39
fright,0.177
frighten,0.255
frightened,0.153
frightening,0.122
frightful,0.125
frigid,0.219
fringed,0.458
frisk,0.49
frivolous,0.271
frog,0.439
frontal,0.459
frontier,0.438
frontispiece,0.438
frost,0.449
frostbite,0.203
frosty,0.427
frown,0.214
frowning,0.194
frozen,0.344
frugal,0.48
fruitless,0.26
frustrate,0.1
frustrated,0.08
frustrates,0.146
frustrating,0.042
frustration,0.06
fuck,0.198
fuckedoff,0.122
fucker,0.094
fucking,0.229
fuckoff,0.19
fucksake,0.24
fucktard,0.214
fuckyeah,0.49
fuel,0.445
fugitive,0.104
fulcrum,0.41
fumble,0.36
fume,0.3
fumigation,0.327
fumin,0.354
fuming,0.24
fundamentalist,0.49
funeral,0.073
fungus,0.388
funk,0.466
funnel,0.354
furious,0.062
furiously,0.062
furlong,0.418
furnace,0.429
furrow,0.408
furry,0.428
fury,0.062
fuse,0.373
fuselage,0.312
fuss,0.406
fussy,0.417
fustrated,0.163
futile,0.122
futility,0.125
futon,0.429
fuzzy,0.306
gaff,0.333
gag,0.323
gaga,0.479
gahhh,0.323
gale,0.271
gall,0.417
gallbladder,0.354
galled,0.27
gallows,0.167
galvanic,0.396
gambler,0.458
gambling,0.365
gamma,0.48
gamut,0.49
gang,0.217
gangland,0.402
gangrene,0.133
gangster,0.292
gangway,0.49
gaol,0.24
gap,0.396
gape,0.493
gaping,0.408
garbage,0.188
garbled,0.074
gargle,0.41
gargoyle,0.286
garish,0.306
garlic,0.46
garner,0.479
gas,0.396
gaseous,0.398
gash,0.429
gasification,0.344
gasoline,0.417
gasp,0.44
gasping,0.208
gassy,0.354
gastric,0.327
gator,0.418
gauche,0.254
gauge,0.438
gauging,0.48
gaunt,0.214
gauntlet,0.42
gauze,0.46
gawk,0.333
gay,0.388
gazebo,0.469
gazette,0.469
geek,0.479
geeky,0.479
geez,0.417
geezer,0.458
geld,0.406
gelding,0.398
genealogy,0.479
genital,0.385
genitalia,0.323
genocide,0.02
geometry,0.49
gerbil,0.453
geriatric,0.479
germ,0.265
german,0.438
germination,0.439
germs,0.135
getoverit,0.327
getoveryourself,0.47
getyourown,0.469
ghastly,0.125
ghetto,0.302
ghost,0.265
ghostly,0.26
ghoul,0.26
gibberish,0.375
giddy,0.438
gigolo,0.4
gills,0.479
gimmick,0.38
gimp,0.469
gin,0.449
ginger,0.406
girder,0.388
gizzard,0.422
glabrous,0.413
glacial,0.439
gland,0.396
glass,0.49
glaucoma,0.208
glean,0.398
glib,0.438
glitch,0.444
gloom,0.135
gloomy,0.107
glue,0.45
glum,0.244
glut,0.417
gluten,0.385
glutton,0.438
glycerin,0.427
gnat,0.357
gnome,0.429
goat,0.448
goatee,0.479
gob,0.28
gobble,0.39
goblin,0.333
goddamn,0.125
goddamned,0.042
godforsaken,0.439
godless,0.316
gofuckyourself,0.167
gone,0.292
goner,0.41
gong,0.49
gonorrhea,0.106
goo,0.439
goober,0.469
goodbye,0.24
gooey,0.392
goof,0.448
goofy,0.281
goon,0.312
goop,0.469
goose,0.479
gopher,0.449
gore,0.26
gorge,0.365
gory,0.14
gossip,0.173
gothic,0.197
gouge,0.396
gourd,0.427
gout,0.354
governess,0.426
government,0.427
grab,0.448
gradation,0.487
gradient,0.48
graft,0.41
grain,0.39
grand theft auto,0.493
granular,0.478
granule,0.406
graphite,0.479
grapple,0.49
grappling,0.448
grasping,0.327
grate,0.333
grated,0.357
grave,0.153
gravel,0.39
graver,0.102
graveyard,0.041
gravitate,0.479
gray,0.335
grease,0.255
greased,0.25
greaser,0.408
greasy,0.399
great disgust,0.042
greatly negative,0.051
greed,0.173
greedy,0.125
green bean,0.469
green snake,0.229
grenade,0.281
grey,0.347
grief,0.07
grievance,0.092
grieve,0.122
grieved,0.104
grieving,0.093
grievous,0.146
griffin,0.418
grille,0.337
grim,0.31
grime,0.198
grimy,0.112
grind,0.48
grinder,0.459
grinding,0.415
gripe,0.184
grisly,0.083
grist,0.317
grit,0.449
grits,0.458
gritty,0.417
grizzly,0.398
groan,0.396
groggy,0.235
groin,0.296
grope,0.42
gross,0.115
grotesque,0.135
grouch,0.342
grouchy,0.143
ground,0.398
groundhog,0.385
groundless,0.333
grouse,0.448
grout,0.405
grovel,0.36
growl,0.194
growling,0.119
growls,0.125
growthefuckup,0.229
grr,0.229
grrr,0.271
grrrrr,0.281
grubby,0.156
grudge,0.115
grudging,0.092
grudgingly,0.156
gruel,0.382
grueling,0.18
gruesome,0.094
gruff,0.323
grumble,0.101
grump,0.26
grumpy,0.198
grunt,0.286
grunting,0.198
guano,0.296
guards,0.448
guerilla,0.146
guerrilla,0.219
guesswork,0.417
guidelines,0.459
guile,0.41
guillotine,0.163
guilt,0.208
guilty,0.135
gules,0.469
gullet,0.385
gullible,0.44
gully,0.316
gumption,0.48
gun,0.147
gunboat,0.139
gunfight,0.051
gunfighter,0.156
gunfire,0.156
gunk,0.25
gunman,0.167
gunmen,0.073
gunner,0.25
gunnery,0.281
gunplay,0.133
gunpoint,0.188
gunpowder,0.425
gunshot,0.042
gunslinger,0.316
gurney,0.408
gusher,0.406
gusset,0.427
gust,0.49
gut,0.408
gutless,0.25
gutter,0.466
guzzler,0.393
guzzling,0.46
gynecology,0.408
gypsy,0.375
hack,0.135
hacker,0.271
hacksaw,0.406
hadenough,0.323
hag,0.188
haggard,0.115
haggle,0.48
hail,0.459
hairball,0.37
hairbrush,0.454
hairless,0.136
hairline,0.418
hairpin,0.459
hale,0.479
halfback,0.49
halftime,0.458
halibut,0.449
hallucination,0.396
halo,0.49
halt,0.167
halter,0.448
halting,0.255
halve,0.316
halving,0.292
hammer,0.312
hammerhead,0.337
hammering,0.347
hamper,0.204
hamstring,0.406
handcuff,0.31
handgun,0.156
handicap,0.133
handicapped,0.204
handler,0.439
hang,0.323
hangar,0.49
hanger,0.439
hanging,0.378
hangman,0.153
hangover,0.188
hangry,0.219
hanky,0.46
haphazard,0.469
hapless,0.271
harass,0.16
harassing,0.12
harassment,0.083
harbinger,0.49
hard,0.302
hardcore,0.25
harden,0.276
hardened,0.406
hardening,0.388
hardheaded,0.156
hardness,0.417
hardship,0.094
hardwood,0.417
harebrained,0.296
harlot,0.198
harm,0.073
harmful,0.094
harper,0.417
harpoon,0.49
harrowing,0.209
harsh,0.25
harshness,0.323
hash,0.344
hashish,0.37
hassle,0.177
haste,0.378
hastily,0.271
hasty,0.188
hatch,0.479
hatchet,0.333
hate,0.031
hateeee,0.219
hateeveryone,0.041
hateful,0.071
hater,0.052
hateyou,0.125
hating,0.083
hatred,0.037
haughty,0.24
haunt,0.288
haunted,0.264
havoc,0.163
haw,0.406
hay,0.469
haywire,0.358
hazard,0.112
hazardous,0.061
haze,0.427
hazmat,0.398
hazy,0.45
headache,0.168
headaches,0.104
headless,0.136
headlock,0.448
headlong,0.354
headstone,0.24
headstrong,0.31
heady,0.448
hearsay,0.288
hearse,0.177
heart disease,0.25
heartache,0.088
heartattack,0.156
heartbreak,0.208
heartbreaker,0.265
heartbreaking,0.146
heartbroken,0.082
heartburn,0.143
heartless,0.071
heartsick,0.24
heartworm,0.333
heated,0.479
heathen,0.194
heaviness,0.219
heaving,0.201
heavy,0.25
heavy metal,0.417
heavyweight,0.429
heck,0.24
hectic,0.167
hedgehog,0.458
hee,0.43
heel,0.48
hegemonic,0.462
heifer,0.439
heinous,0.133
heist,0.184
helical,0.379
helium,0.49
hell,0.02
hellfire,0.143
hellhole,0.2
hellish,0.125
helmsman,0.49
helpless,0.104
helplessness,0.087
hematite,0.448
hematoma,0.146
hemlock,0.438
hemoglobin,0.469
hemorrhage,0.031
hemorrhoids,0.133
hemostat,0.388
hemp,0.469
hen,0.385
hepatitis,0.055
heresy,0.265
heretic,0.09
heretical,0.229
heretofore,0.479
herewith,0.45
hermaphrodite,0.48
hermeneutics,0.406
hermit,0.271
hernia,0.146
heroin,0.276
herpes,0.11
herpesvirus,0.219
hertz,0.396
hesitant,0.333
hesitate,0.459
hesitating,0.265
hesitation,0.286
heterogeneity,0.439
hew,0.417
hex,0.41
hiatus,0.479
hibernation,0.469
hiccup,0.271
hick,0.357
hickey,0.448
hidden,0.208
hide,0.438
hideaway,0.448
hideous,0.091
hideout,0.337
hiding,0.25
hieroglyphics,0.479
hightail,0.448
hijack,0.042
hijacker,0.104
hilt,0.396
hind,0.483
hinder,0.276
hindering,0.26
hindrance,0.135
hindsight,0.333
hinge,0.458
hip,0.448
hippo,0.49
hirsute,0.385
hiss,0.388
histology,0.49
hit,0.235
hitchhike,0.396
hitherto,0.448
hitter,0.418
hive,0.471
hives,0.417
hoarse,0.281
hoary,0.469
hoax,0.146
hobbit,0.479
hobo,0.323
hoe,0.302
hog,0.317
hogwash,0.42
hold,0.448
holdup,0.398
holler,0.276
hollow,0.3
holocaust,0.062
homeless,0.042
homeopathic,0.417
homeopathy,0.469
homesick,0.436
homework,0.396
homicidal,0.02
homicide,0.01
hominy,0.479
homologous,0.471
homophobic,0.13
homosexual,0.333
homosexuality,0.367
honcho,0.469
honky,0.458
hooch,0.429
hood,0.357
hooded,0.306
hoodlum,0.354
hoof,0.427
hook,0.418
hooker,0.214
hooky,0.468
hooligan,0.295
hoot,0.449
hooter,0.47
hop,0.45
hopeless,0.094
hopelessness,0.052
hopper,0.396
horde,0.286
hormone,0.49
horn,0.385
horned,0.316
hornet,0.398
horny,0.49
horrendous,0.073
horrible,0.071
horribly,0.05
horrid,0.052
horrific,0.094
horrified,0.04
horrifying,0.01
horror,0.115
horrors,0.061
horseman,0.441
horseradish,0.321
horseshit,0.153
hose,0.469
hospice,0.337
hospital,0.323
hostage,0.163
hostel,0.479
hostile,0.188
hostilities,0.276
hostility,0.122
hot,0.49
hot sauce,0.333
hothead,0.24
hound,0.417
hourly,0.469
houseboy,0.479
housework,0.484
hovel,0.333
howl,0.357
howsoever,0.459
hub,0.479
huff,0.388
huffy,0.42
hulk,0.46
hum,0.49
humbled,0.28
humbug,0.219
humdrum,0.269
humid,0.375
humidity,0.464
humiliate,0.052
humiliated,0.104
humiliating,0.062
humiliation,0.048
humongous,0.378
hump,0.296
humpback,0.235
hunchback,0.208
hundredth,0.427
hunger,0.083
hungry,0.083
hunk,0.438
hunks,0.417
hunky,0.469
hunt,0.327
hunter,0.292
hunting,0.448
huntress,0.357
hurdle,0.198
hurl,0.316
hurricane,0.177
hurricanes,0.286
hurried,0.314
hurry,0.422
hurryup,0.473
hurt,0.062
hurtful,0.104
hurting,0.153
hush,0.471
hushed,0.292
husk,0.378
hussy,0.219
hustle,0.406
hustler,0.26
hutch,0.385
hyacinth,0.372
hydra,0.406
hydrocephalus,0.286
hydrogen,0.469
hydrographic,0.49
hydrophobia,0.323
hyena,0.396
hymen,0.469
hyperbole,0.469
hypertension,0.133
hypertrophy,0.312
hyperventilate,0.347
hyperventilating,0.164
hypnosis,0.417
hypnotist,0.49
hypnotize,0.469
hypnotized,0.449
hypochondriac,0.194
hypocrisy,0.156
hypocrite,0.082
hypocritical,0.048
hypodermic,0.24
hypothermia,0.184
hypothetical,0.48
hysterectomy,0.178
hysteria,0.224
hysterical,0.29
ibuprofen,0.448
ice,0.44
iceberg,0.344
icky,0.357
id,0.449
idiocy,0.112
idiot,0.086
idiotic,0.104
idiots,0.143
idle,0.179
idleness,0.308
idler,0.2
idolatry,0.365
iffy,0.38
ifonly,0.406
igneous,0.469
ignite,0.458
ignition,0.365
ignorance,0.153
ignorant,0.102
ignore,0.146
ihatespiders,0.245
ilk,0.438
ill,0.073
illegal,0.061
illegality,0.094
illegally,0.133
illegible,0.296
illegitimate,0.184
illicit,0.188
illiterate,0.12
illness,0.098
illogical,0.208
imbalance,0.115
imbecile,0.082
imbedded,0.406
imissyou,0.48
imitate,0.469
imitated,0.333
imitation,0.406
immaterial,0.296
immature,0.114
immaturity,0.146
immemorial,0.327
immigrant,0.357
immigration,0.39
imminent,0.49
immobile,0.225
immoral,0.143
immorality,0.188
immovable,0.48
immutable,0.427
imp,0.35
impact,0.469
impair,0.153
impaired,0.13
impairment,0.17
impassable,0.342
impatience,0.278
impatient,0.25
impatiently,0.194
impeach,0.208
impeachment,0.163
impede,0.271
impediment,0.163
impending,0.48
imperceptible,0.378
imperfect,0.173
imperfection,0.19
imperfectly,0.297
imperialist,0.284
impermissible,0.188
impersonal,0.316
impersonation,0.375
impersonator,0.469
impertinence,0.17
impertinent,0.219
implant,0.429
implantation,0.396
implanted,0.347
implicate,0.25
implicated,0.354
implication,0.337
implied,0.327
implore,0.396
implosion,0.412
impolite,0.167
imposing,0.392
imposition,0.357
impossibility,0.17
impossible,0.153
impostor,0.135
impotence,0.198
impotent,0.146
impound,0.23
impoverished,0.125
impracticable,0.398
impractical,0.16
impregnable,0.378
imprison,0.112
imprisoned,0.032
imprisonment,0.133
improbable,0.097
improper,0.229
impropriety,0.133
imprudent,0.17
impudence,0.214
impudent,0.302
impulsive,0.365
impunity,0.313
impure,0.26
impurity,0.173
imputation,0.333
imtryingtosleep,0.438
inability,0.15
inaccessible,0.083
inaccurate,0.135
inaction,0.323
inactivate,0.245
inactivation,0.198
inactive,0.271
inactivity,0.135
inadequacy,0.286
inadequate,0.122
inadequateness,0.24
inadmissible,0.188
inadvertent,0.365
inadvertently,0.302
inaffable,0.388
inalienable,0.437
inane,0.271
inanimate,0.281
inapplicable,0.281
inappropriate,0.135
inattention,0.208
inaudible,0.28
inbred,0.397
incalculable,0.449
incandescent,0.354
incantation,0.439
incapable,0.156
incapacity,0.052
incarceration,0.1
incendiary,0.281
incensed,0.338
incessant,0.438
incessantly,0.417
incest,0.073
incestuous,0.188
inch,0.481
incidence,0.417
incident,0.084
incidental,0.281
incidentally,0.479
incineration,0.229
incinerator,0.25
incipient,0.442
incision,0.24
incisive,0.38
incite,0.449
incitement,0.302
inclement,0.26
inclination,0.378
incline,0.49
inclined,0.469
incoherent,0.122
incompatible,0.196
incompetence,0.077
incompetent,0.133
incomplete,0.153
incompletely,0.344
incompleteness,0.271
incomprehensible,0.25
inconceivable,0.198
inconclusive,0.153
incongruous,0.177
inconsequential,0.25
inconsiderate,0.224
inconsistency,0.125
inconsistent,0.271
incontinence,0.15
inconvenience,0.063
inconvenient,0.224
incorrect,0.14
incorrigible,0.13
incredulous,0.286
incriminate,0.188
incriminating,0.133
incrimination,0.152
incubation,0.461
incubus,0.458
incumbent,0.396
incur,0.312
incurable,0.104
indebted,0.138
indecency,0.135
indecent,0.083
indecision,0.184
indecisive,0.271
indefensible,0.173
indefinite,0.448
indelible,0.49
indemnify,0.449
indemnity,0.47
indent,0.479
indentation,0.374
indenture,0.434
indescribable,0.448
indeterminate,0.36
index,0.448
indice,0.469
indict,0.188
indictment,0.245
indie,0.479
indifference,0.265
indifferent,0.396
indigent,0.156
indigestion,0.204
indignant,0.26
indignation,0.173
indignity,0.167
indirect,0.385
indiscreet,0.177
indiscretion,0.265
indisposed,0.122
indistinct,0.255
indistinguishable,0.346
indoctrination,0.327
indolent,0.177
indomitable,0.458
induce,0.257
induced,0.397
induction,0.392
indulgence,0.479
industrial,0.469
ineffective,0.093
ineffectual,0.163
inefficiency,0.092
inefficient,0.19
inelastic,0.396
ineligible,0.143
inept,0.156
ineptitude,0.177
inequality,0.122
inequitable,0.281
inert,0.323
inertia,0.344
inevitable,0.316
inexact,0.153
inexcusable,0.271
inexperience,0.208
inexperienced,0.281
inexplicable,0.224
inexpressible,0.198
infamous,0.146
infamy,0.177
infanticide,0.167
infarct,0.08
infeasible,0.245
infect,0.102
infection,0.083
infectious,0.142
infer,0.449
inference,0.359
inferential,0.426
inferior,0.26
inferiority,0.177
infernal,0.083
inferno,0.051
infertile,0.274
infertility,0.17
infestation,0.256
infidel,0.177
infidelity,0.062
infiltrate,0.408
infiltration,0.265
infinitesimal,0.388
infirm,0.115
infirmity,0.094
inflammation,0.146
inflammatory,0.177
inflate,0.305
inflated,0.303
inflation,0.219
inflection,0.385
inflict,0.167
infliction,0.302
inflorescence,0.459
influenza,0.271
infomercial,0.427
informal,0.48
infraction,0.245
infrared,0.469
infrequent,0.312
infrequently,0.204
infringement,0.153
infuriate,0.102
infuriated,0.073
infuriates,0.135
infuriating,0.139
infuse,0.38
infused,0.385
infuser,0.469
ingestion,0.429
ingrate,0.235
inhabiting,0.458
inhale,0.427
inhaler,0.408
inhibit,0.167
inhibition,0.265
inhibitor,0.281
inhospitable,0.265
inhuman,0.107
inhumane,0.104
inhumanity,0.143
inimical,0.26
iniquity,0.219
inject,0.406
injection,0.281
injunction,0.281
injure,0.177
injured,0.083
injuring,0.073
injurious,0.177
injury,0.049
injustice,0.082
ink,0.471
inkling,0.448
inlay,0.406
inmate,0.235
innards,0.302
innate,0.49
innuendo,0.467
inoculation,0.333
inoperable,0.184
inoperative,0.138
inordinate,0.163
inorganic,0.385
inquest,0.458
inquiring,0.479
inquisitive,0.301
inquisitor,0.385
insane,0.062
insanity,0.098
insatiable,0.375
inscrutable,0.459
insect,0.276
insecticide,0.188
insecure,0.114
insecurity,0.094
insensitive,0.219
insert,0.481
inserted,0.479
insidious,0.146
insignificance,0.25
insignificant,0.083
insinuate,0.292
insipid,0.214
insistence,0.418
insists,0.49
insolence,0.115
insolent,0.112
insoluble,0.439
insolvency,0.323
insolvent,0.23
insomnia,0.198
insomniac,0.231
inspect,0.479
inspection,0.459
inspector,0.418
instability,0.177
instigate,0.278
instigation,0.323
insubordination,0.281
insufferable,0.22
insufficiency,0.115
insufficient,0.188
insufficiently,0.147
insulate,0.365
insulated,0.208
insulation,0.245
insulin,0.429
insult,0.085
insulting,0.094
insurgent,0.235
insurrection,0.229
intended,0.406
intentionally,0.45
intercept,0.221
interception,0.327
interchanged,0.396
interdependent,0.41
interdiction,0.337
interfere,0.323
interference,0.396
interject,0.333
interlocutory,0.49
interlude,0.47
intermediary,0.427
intermediate,0.48
interment,0.235
interminable,0.327
intermission,0.49
intermittent,0.337
intern,0.459
internal,0.439
interoffice,0.439
interpolate,0.46
interpolation,0.419
interrogate,0.323
interrogation,0.302
interrupt,0.21
interrupted,0.281
interrupting,0.146
interruption,0.184
interrupts,0.204
intersection,0.344
interstitial,0.333
intervening,0.398
intervention,0.388
intestate,0.459
intestinal,0.357
intestine,0.343
intestines,0.292
intimation,0.406
intimidate,0.21
intimidated,0.177
intimidating,0.229
intimidation,0.177
intolerable,0.146
intolerance,0.052
intolerant,0.135
intoxicated,0.079
intoxicating,0.224
intoxication,0.323
intracranial,0.281
intractable,0.154
intramural,0.49
intravenous,0.357
intrigue,0.362
intriguing,0.422
intrinsic,0.406
intrinsically,0.459
intrude,0.058
intruder,0.146
intrusion,0.293
intrusive,0.461
intubation,0.276
inundation,0.177
invade,0.408
invader,0.2
invalid,0.18
invalidate,0.315
invalidation,0.181
invalidity,0.186
invariably,0.458
invasion,0.271
invasive,0.194
inverse,0.459
inversely,0.286
inverted,0.31
invidious,0.112
invisibility,0.438
invisible,0.417
invocation,0.43
invoice,0.48
involuntary,0.354
involution,0.296
inwards,0.49
iodine,0.39
ion,0.429
iota,0.344
irate,0.188
ire,0.198
irked,0.164
irks,0.276
iron,0.448
ironic,0.435
irony,0.39
irradiation,0.385
irrational,0.125
irrationality,0.198
irreconcilable,0.146
irreducible,0.296
irrefutable,0.496
irregular,0.312
irregularity,0.104
irregularly,0.292
irrelevant,0.138
irreparable,0.061
irreplaceable,0.479
irrespective,0.497
irresponsible,0.177
irreverent,0.191
irreversible,0.17
irrevocable,0.296
irrigate,0.272
irrigation,0.259
irritability,0.146
irritable,0.112
irritate,0.167
irritated,0.21
irritates,0.173
irritating,0.104
irritation,0.073
isolate,0.235
isolated,0.221
isolation,0.198
isomorphism,0.448
isothermal,0.459
isotope,0.429
issue,0.316
itch,0.319
itching,0.208
itchy,0.334
itemize,0.459
iterate,0.449
iterative,0.429
itinerant,0.449
jab,0.385
jabber,0.417
jack,0.487
jackal,0.333
jackass,0.188
jackhammer,0.199
jacks,0.49
jaded,0.255
jag,0.408
jagged,0.082
jail,0.094
jailbird,0.24
jailbreak,0.354
jailer,0.194
jailhouse,0.104
jalopy,0.396
jammed,0.235
jammer,0.417
janitorial,0.49
jar,0.43
jargon,0.333
jarhead,0.408
jarring,0.21
jasper,0.48
jaundice,0.214
java,0.459
javelin,0.385
jawbone,0.468
jaws,0.385
jealous,0.173
jealousy,0.146
jeering,0.266
jeopardize,0.26
jeopardy,0.129
jerk,0.194
jerks,0.214
jerky,0.233
jester,0.388
jib,0.406
jiffy,0.41
jihad,0.323
jinx,0.337
jitters,0.224
jittery,0.344
jockstrap,0.347
jogger,0.417
jolt,0.365
jornada,0.417
jot,0.406
jour,0.479
judged,0.281
judging,0.24
judgment,0.396
judgmental,0.33
judicial,0.378
judiciary,0.439
jugular,0.271
jumble,0.357
jumbled,0.292
jumpy,0.353
junction,0.49
juncture,0.365
junk,0.115
junket,0.49
junkie,0.135
junky,0.385
junkyard,0.177
junta,0.451
jurisdiction,0.48
jurisprudence,0.36
jurist,0.479
jury,0.479
juststop,0.417
juxtaposition,0.427
kaiser,0.47
kale,0.469
kamikaze,0.204
kappa,0.469
kaput,0.281
karmic,0.357
keel,0.344
kelp,0.479
ken,0.438
kennel,0.43
kern,0.438
kerosene,0.302
kettle,0.357
keyed,0.469
keyhole,0.438
khan,0.463
kick,0.271
kickboxing,0.427
kicker,0.427
kicking,0.327
kidnap,0.032
kidnapped,0.044
kidnapper,0.115
kidnapping,0.094
kidney,0.448
kill,0.052
killer,0.041
killing,0.08
killjoy,0.178
kiln,0.451
kilo,0.438
kilometer,0.49
kilt,0.448
kinesiology,0.491
king snake,0.458
kingpin,0.357
kink,0.337
kinky,0.449
klutz,0.275
knead,0.49
kneecap,0.427
kneel,0.426
kneeling,0.245
knell,0.354
knick,0.48
knife,0.344
knob,0.34
knock,0.312
knockoff,0.35
knockout,0.388
knoll,0.434
knots,0.418
knotted,0.226
knucklehead,0.157
knuckles,0.271
kook,0.417
kooky,0.418
kosher,0.469
kraut,0.388
kris,0.427
kryptonite,0.306
kumquat,0.417
lab,0.479
laborious,0.393
labyrinth,0.479
lac,0.408
laceration,0.143
lack,0.25
lackey,0.26
lacking,0.229
lackluster,0.25
lactose,0.479
laden,0.392
lading,0.388
lady bug,0.49
lag,0.22
lagging,0.135
lair,0.469
lame,0.145
lament,0.198
lamenting,0.156
laminated,0.417
lamppost,0.42
lance,0.406
lancer,0.417
landfill,0.398
landlocked,0.28
landslide,0.25
lane,0.449
languid,0.281
languish,0.235
languishing,0.308
lanky,0.412
lapdog,0.388
lapel,0.46
lapse,0.42
lapsed,0.357
larceny,0.272
lard,0.427
larva,0.245
laryngitis,0.125
larynx,0.46
laser,0.469
lash,0.235
lasso,0.438
lastday,0.309
lastminute,0.418
latch,0.395
late,0.245
lateness,0.214
latent,0.469
lateral,0.469
latex,0.479
latrine,0.38
latrines,0.214
lattice,0.406
laud,0.493
laughingstock,0.427
launches,0.49
launder,0.479
laundering,0.439
lava,0.28
lawless,0.219
lawlessness,0.156
lawnmower,0.48
lawsuit,0.219
lax,0.43
laxative,0.271
layaway,0.429
laziness,0.271
lazy,0.392
lazyday,0.337
lead,0.323
leaded,0.439
leaflet,0.49
leak,0.378
leakage,0.188
leaky,0.17
leaning,0.48
leash,0.32
leathery,0.418
leave,0.375
leavemealone,0.24
leaving,0.163
lecherous,0.135
ledge,0.406
leech,0.25
leeches,0.115
leery,0.337
lees,0.36
left,0.354
leftout,0.229
leftover,0.49
leftovers,0.219
lefty,0.49
legion,0.469
legislator,0.49
legs,0.479
lender,0.34
length,0.479
lengthened,0.448
lens,0.42
leper,0.075
leprechaun,0.417
leprosy,0.13
lesbian,0.385
lesbianism,0.327
lesion,0.24
less,0.265
lessee,0.417
lessen,0.235
lessening,0.375
lesser,0.396
let,0.427
lethal,0.156
lethargic,0.214
lethargy,0.194
letterhead,0.45
leukemia,0.094
lever,0.4
leverage,0.459
levy,0.438
lewd,0.188
liabilities,0.429
liar,0.042
libel,0.128
libelous,0.125
lice,0.133
lichen,0.418
lick,0.47
lid,0.49
lie,0.13
liege,0.479
lien,0.396
lieu,0.427
lifeless,0.042
lifer,0.427
lifesucks,0.167
ligament,0.49
ligation,0.344
ligature,0.478
lightheaded,0.347
lightning,0.429
limbo,0.385
limey,0.469
limit,0.427
limitation,0.19
limited,0.229
limp,0.393
lin,0.416
linebacker,0.49
lined,0.438
liner,0.469
linger,0.48
lingo,0.448
link,0.427
lint,0.388
liposuction,0.292
liquefaction,0.449
liquidate,0.327
liquidation,0.417
liquidator,0.354
lisp,0.365
listing,0.438
listless,0.219
lithium,0.417
lithosphere,0.473
litigant,0.219
litigate,0.26
litigation,0.388
litigator,0.429
litigious,0.36
litter,0.255
little,0.385
liturgy,0.49
liver,0.439
livid,0.469
lizard,0.378
llama,0.49
lml,0.448
load,0.385
loafer,0.235
loam,0.469
loath,0.135
loathe,0.094
loathful,0.068
loathing,0.083
loathsome,0.12
lobbyist,0.385
lobe,0.459
lobotomy,0.296
locale,0.449
localized,0.49
locator,0.48
loch,0.449
lock,0.271
locker,0.439
lockup,0.24
loco,0.306
locomotion,0.47
locust,0.479
lode,0.365
lodger,0.48
logarithmic,0.469
logo,0.469
logotype,0.48
loin,0.42
lone,0.198
loneliness,0.146
lonely,0.25
loner,0.347
lonesome,0.281
longitude,0.479
longtime,0.362
loo,0.385
looming,0.367
loon,0.429
loony,0.439
loophole,0.406
loopy,0.438
loosen,0.487
loosening,0.378
lop,0.429
lopsided,0.125
lose,0.115
loser,0.083
losing,0.076
loss,0.062
lost,0.199
loudmouth,0.337
loudness,0.35
loudspeaker,0.49
louse,0.184
lousy,0.125
loveless,0.102
low,0.292
lowdown,0.306
lower,0.327
lowering,0.286
lowest,0.312
lowlands,0.323
lowlife,0.296
lox,0.49
lsd,0.375
ludicrous,0.137
lug,0.344
lumbar,0.323
lumbering,0.354
lump,0.438
lumpy,0.271
lunacy,0.132
lunatic,0.125
lunge,0.354
lurch,0.404
lure,0.439
lurid,0.186
lurk,0.219
lurking,0.421
lust,0.469
lustful,0.427
lusty,0.469
lute,0.459
lye,0.378
lying,0.208
lymph,0.398
lymphatic,0.38
lymphoma,0.208
lynch,0.167
lynching,0.135
mace,0.45
machete,0.26
machinery,0.458
machinist,0.49
mackerel,0.418
mad,0.219
madden,0.329
madder,0.323
madhouse,0.156
madman,0.135
madness,0.104
mafia,0.204
maggot,0.235
magma,0.323
magnifier,0.469
maid,0.406
maim,0.133
makeshift,0.479
makesmemad,0.296
malady,0.19
malaise,0.15
malaria,0.125
malarkey,0.396
malevolent,0.094
malfeasance,0.062
malformation,0.083
malfunction,0.125
malice,0.073
malicious,0.177
malign,0.14
malignancy,0.149
malignant,0.143
maligned,0.102
mallet,0.354
malnutrition,0.024
malpractice,0.094
mammoth,0.48
mandamus,0.439
mandate,0.448
mandatory,0.271
mandrel,0.31
mange,0.311
mangle,0.292
mangy,0.214
manhole,0.378
manhunt,0.145
mania,0.29
maniac,0.12
maniacal,0.2
manic,0.054
manifestly,0.469
manipulate,0.255
manipulation,0.188
manipulative,0.177
mannequin,0.427
mannered,0.469
manslaughter,0.09
mantis,0.48
mantra,0.396
manure,0.25
marbled,0.396
marginal,0.235
marijuana,0.312
mark,0.491
marks,0.43
marl,0.372
maroon,0.469
marooned,0.229
marred,0.181
marrow,0.398
marsh,0.302
marshal,0.469
martial,0.48
martingale,0.469
martyr,0.281
martyrdom,0.323
mash,0.44
masked,0.375
masochism,0.194
masochist,0.164
masquerade,0.431
mass,0.458
massacre,0.031
mat,0.459
matador,0.224
materialism,0.22
materialist,0.255
materialistic,0.42
materiality,0.417
materially,0.49
math,0.417
mathematics,0.438
matted,0.281
matter,0.487
matting,0.479
maudlin,0.337
mausoleum,0.344
maverick,0.354
mayday,0.344
mayhem,0.188
mayor,0.469
maze,0.438
meager,0.144
mean,0.44
meander,0.48
meandering,0.427
meanie,0.388
meaningless,0.156
meanness,0.102
meantime,0.432
measles,0.092
measuring,0.448
measuring tape,0.337
meathead,0.306
mechanical,0.479
med,0.375
meddle,0.302
meddling,0.245
medial,0.458
median,0.459
medicate,0.417
mediocre,0.188
mediocrity,0.073
medley,0.487
meh,0.38
melancholic,0.181
melancholy,0.188
melodrama,0.378
melodramatic,0.235
melon,0.461
melt,0.448
membrane,0.406
menace,0.125
menacing,0.042
menial,0.49
meningitis,0.104
meniscus,0.323
menopause,0.204
menses,0.163
menstrual,0.408
mental,0.49
menthol,0.49
mercantile,0.48
mercenary,0.245
merciless,0.062
mercurial,0.49
mercury,0.337
mere,0.396
meridional,0.365
mescaline,0.49
mesh,0.429
meshes,0.44
mess,0.143
messedup,0.333
messy,0.26
metabolic,0.408
metallurgy,0.396
metastasis,0.177
meteor,0.398
meteorite,0.385
meter,0.438
meth,0.354
methadone,0.24
methane,0.29
methanol,0.292
metropolitan,0.387
mew,0.418
mezzanine,0.479
mick,0.449
microbe,0.255
microfilm,0.469
microgram,0.448
micron,0.375
microscopic,0.36
middle,0.458
midget,0.396
midline,0.332
midshipman,0.469
midst,0.324
midterm,0.427
midtown,0.479
midway,0.459
miffed,0.204
migraine,0.135
migrate,0.415
migration,0.492
migratory,0.448
mildew,0.344
militant,0.418
militants,0.26
military,0.396
militia,0.396
milligram,0.429
millimeter,0.427
mime,0.455
mimicking,0.316
mimicry,0.42
mince,0.417
mincemeat,0.396
mindless,0.184
minefield,0.188
miner,0.408
mini,0.421
miniature,0.429
minibus,0.439
minimal,0.448
minimize,0.36
minimized,0.458
minimum,0.38
minion,0.49
minor,0.25
minority,0.31
minstrel,0.458
minuscule,0.396
minutiae,0.323
minx,0.448
mir,0.417
mire,0.344
misappropriation,0.097
misbehave,0.02
misbehavior,0.031
miscalculation,0.177
miscarriage,0.042
mischief,0.385
mischievous,0.439
misconception,0.21
misconduct,0.061
misdemeanor,0.21
misdirection,0.131
miser,0.208
miserable,0.062
miserably,0.28
misery,0.146
misfire,0.153
misfit,0.173
misfortune,0.094
misguided,0.28
mishap,0.071
misinformed,0.156
misinterpretation,0.112
mislead,0.167
misleading,0.07
misled,0.177
mismanagement,0.094
mismatch,0.25
mismatched,0.25
misnomer,0.296
misplace,0.229
misplaced,0.247
misread,0.115
misrepresent,0.198
misrepresentation,0.323
misrepresented,0.042
missile,0.24
missiles,0.07
missing,0.306
missingyou,0.26
misspell,0.292
misstatement,0.302
mist,0.375
mistake,0.208
mistaken,0.131
mistreated,0.01
mistrial,0.427
mistrust,0.135
misty,0.427
misunderstand,0.177
misunderstanding,0.112
misunderstood,0.177
misuse,0.083
mite,0.29
miter,0.458
mitigation,0.448
mitt,0.406
mitzvah,0.422
mixedemotions,0.44
moan,0.357
moat,0.398
mob,0.296
mobster,0.188
mock,0.36
mocked,0.225
mockery,0.094
mocking,0.082
mod,0.458
moderate disgust,0.229
moderate negative,0.177
modicum,0.234
modification,0.48
modify,0.458
modulation,0.458
moiety,0.378
moist,0.47
moisture,0.406
molasses,0.49
mold,0.33
moldy,0.235
mole,0.436
molecular,0.495
molest,0.133
molestation,0.102
molester,0.143
molten,0.417
monarchy,0.45
monastic,0.438
mongoloid,0.177
mongoose,0.327
mongrel,0.425
monitor,0.49
monk,0.472
monochrome,0.312
monogram,0.48
monolayer,0.427
monolith,0.429
monopolist,0.33
monopoly,0.449
monotonous,0.354
monotony,0.398
monoxide,0.433
monsoon,0.358
monster,0.133
monstrosity,0.094
monstrous,0.094
montage,0.438
moo,0.438
mooch,0.378
moody,0.245
moor,0.311
moored,0.344
mooring,0.323
moorings,0.406
moorland,0.49
moot,0.344
mooted,0.388
mop,0.396
mope,0.406
morass,0.387
moratorium,0.337
morbid,0.09
morbidity,0.37
morbidness,0.12
morgue,0.022
moribund,0.083
moron,0.133
moronic,0.122
morose,0.24
morph,0.448
morphine,0.229
morphism,0.398
morsel,0.49
mortal,0.196
mortality,0.229
mortar,0.333
mortgage,0.255
mortgagee,0.418
mortgagor,0.431
mortician,0.104
mortification,0.135
mortified,0.073
mortuary,0.133
mosquito,0.229
moss,0.235
mossy,0.375
mote,0.375
moth,0.323
motherfucker,0.122
motherfucking,0.071
motherless,0.163
motionless,0.323
motley,0.48
motte,0.481
mottled,0.38
mould,0.357
mourn,0.056
mournful,0.18
mourning,0.177
mouse,0.427
mousetrap,0.18
moustache,0.47
mousy,0.48
mouthwash,0.438
movable,0.469
moving,0.479
movingon,0.49
mow,0.42
mower,0.458
mri,0.365
muchneeded,0.438
mucis,0.398
muck,0.347
mucked,0.184
mucous,0.33
mucus,0.143
mud,0.333
muddle,0.184
muddled,0.25
muddy,0.292
muffled,0.479
muffler,0.357
mugger,0.125
mulberry,0.469
mulch,0.349
mule,0.32
multiple sclerosis,0.188
mumble,0.292
mumbo,0.429
mummy,0.4
mumps,0.099
munchkin,0.49
mundane,0.312
murder,0.061
murderer,0.01
murderess,0.041
murderous,0.017
murky,0.143
murmur,0.458
muscle,0.359
mushroom,0.49
musk,0.469
musket,0.26
muskrat,0.439
muslin,0.439
muss,0.418
must,0.408
musty,0.354
mutable,0.426
mutant,0.337
mutate,0.281
mutation,0.365
mute,0.271
muted,0.26
mutilate,0.125
mutilated,0.041
mutilation,0.122
mutiny,0.323
mutt,0.418
mutter,0.406
mutton,0.427
muzzle,0.388
myopia,0.245
myopic,0.344
myriad,0.48
mysterious,0.448
mystery,0.417
mystified,0.344
myth,0.458
nab,0.469
nada,0.25
nadir,0.479
nag,0.271
nail,0.469
nail gun,0.378
naive,0.406
naked,0.323
nakedness,0.48
nameless,0.344
namesake,0.418
nanometer,0.375
napalm,0.265
nape,0.427
napkin,0.469
narcissism,0.214
narcissist,0.173
narcissistic,0.323
narcotic,0.102
narrow,0.26
narrowing,0.354
nasal,0.479
nasty,0.115
naught,0.344
naughty,0.451
nausea,0.104
nauseate,0.062
nauseating,0.021
nauseous,0.135
nautilus,0.396
navel,0.448
nay,0.344
nearsighted,0.271
nebulae,0.49
nebulous,0.469
necromancer,0.333
necrosis,0.115
needalife,0.49
needit,0.25
needle,0.25
needles,0.25
needless,0.327
needtoknow,0.427
needy,0.36
nefarious,0.184
negation,0.255
negative,0.102
negativity,0.06
neglect,0.045
neglected,0.271
neglecting,0.177
negligee,0.385
negligence,0.092
negligent,0.167
negligently,0.056
negligible,0.177
negotiation,0.49
negro,0.354
neigh,0.378
neighborhood,0.385
nemesis,0.271
neophyte,0.286
neoprene,0.316
nepotism,0.349
nerd,0.408
nerdy,0.296
nerve,0.129
nerves,0.333
nervous,0.235
nervousness,0.163
nervouswreck,0.112
nervy,0.25
ness,0.396
net,0.441
nether,0.24
netting,0.368
nettle,0.406
neuralgia,0.092
neurology,0.459
neurosis,0.122
neurosurgery,0.49
neurotic,0.198
neutral,0.469
neutrality,0.469
neutron,0.469
newt,0.458
nexus,0.496
niche,0.459
nichts,0.406
nickname,0.49
nicotine,0.235
nigger,0.24
nightfall,0.49
nightmare,0.005
nightmares,0.082
nightstand,0.49
nihilism,0.367
nil,0.286
nimrod,0.327
nincompoop,0.365
ninety,0.479
ninny,0.344
ninth,0.49
nip,0.281
nipper,0.386
nipple,0.48
nitrate,0.388
nitrogen,0.427
nitrous,0.435
nitwit,0.146
nix,0.33
no anticipation,0.396
no emotion,0.17
no sentiment,0.092
no surprise,0.171
no trust,0.055
nobodycares,0.365
node,0.396
nodular,0.438
nodule,0.312
nohope,0.2
noir,0.375
noise,0.26
noisy,0.271
nomad,0.375
nomadic,0.427
nonce,0.422
nonchalant,0.312
noncompliance,0.112
nondescript,0.49
nonexistent,0.208
nonfiction,0.426
nonpayment,0.229
nonresident,0.25
nonsense,0.214
nonsensical,0.173
noob,0.417
nook,0.48
noose,0.356
nopoint,0.276
noregrets,0.469
northwestern,0.479
noschool,0.49
nosebleed,0.153
nosey,0.276
nosnow,0.392
nostalgia,0.417
nostalgic,0.458
nostril,0.396
nosun,0.388
nosy,0.292
not positive,0.051
notamorningperson,0.469
notch,0.459
notched,0.48
notebook,0.449
nothappy,0.112
nothingness,0.204
notorious,0.366
notready,0.133
notwithstanding,0.367
nought,0.312
novelist,0.34
novice,0.429
nowork,0.312
noxious,0.177
nozzle,0.438
nuance,0.408
nuances,0.49
nuclear,0.219
nude,0.49
nudge,0.448
nudist,0.44
nudity,0.438
nuisance,0.198
nuke,0.125
nul,0.337
nullify,0.255
numb,0.108
number,0.406
numbers,0.406
numbness,0.306
numbskull,0.3
numerator,0.49
numerical,0.479
nunchucks,0.337
nut,0.365
nutcase,0.286
nuthouse,0.347
nutshell,0.458
nutty,0.444
nylon,0.49
nylong,0.439
nymphomaniac,0.398
oaf,0.344
oar,0.469
obese,0.133
obesity,0.215
obi,0.469
obit,0.41
obituary,0.188
objection,0.347
objectionable,0.459
obligation,0.222
obligatory,0.337
oblige,0.281
obliged,0.327
obligor,0.302
oblique,0.438
obliterate,0.25
obliterated,0.24
obliteration,0.177
oblivion,0.153
oblivious,0.229
obnoxious,0.088
obscene,0.05
obscenity,0.083
obscure,0.37
obscured,0.115
obscurity,0.208
obsess,0.112
obsessed,0.219
obsessing,0.173
obsession,0.229
obsessive,0.219
obsolescence,0.25
obsolete,0.337
obstacle,0.204
obstinate,0.146
obstruct,0.115
obstruction,0.125
obstructive,0.204
obtuse,0.281
obverse,0.47
occasional,0.49
occipital,0.398
occlusion,0.306
occult,0.292
occupied,0.337
occupier,0.427
occupy,0.396
occur,0.451
ocd,0.333
octave,0.438
ocular,0.418
odd,0.265
oddball,0.316
oddity,0.312
odious,0.235
odometer,0.367
odor,0.337
oedipal,0.312
offal,0.302
offence,0.312
offend,0.094
offended,0.188
offender,0.104
offense,0.23
offensive,0.135
offhand,0.388
office,0.427
offices,0.469
offing,0.49
offload,0.479
offshore,0.417
offside,0.323
ogre,0.135
ohdear,0.458
ohno,0.396
ohshit,0.23
oils,0.459
oily,0.276
ointment,0.438
okra,0.469
old,0.41
olden,0.284
older,0.385
oldie,0.363
oldies,0.438
oligarchy,0.327
omen,0.39
omgomgomg,0.49
ominous,0.255
omission,0.367
omit,0.33
omitted,0.26
omnibus,0.49
oncologist,0.26
oncology,0.204
onedge,0.479
onion,0.378
onslaught,0.198
oodles,0.49
oomph,0.449
ooze,0.344
oozing,0.238
op,0.48
opacity,0.471
opaque,0.344
ope,0.375
operatic,0.375
operation,0.475
operations,0.48
ophthalmic,0.427
opiate,0.281
opinionated,0.156
opium,0.276
opponent,0.08
oppose,0.431
opposed,0.092
opposing,0.188
opposite,0.235
opposites,0.281
opposition,0.135
oppress,0.186
oppressed,0.119
oppression,0.08
oppressive,0.276
oppressor,0.16
ops,0.417
optionally,0.365
optometrist,0.446
opus,0.458
orangutan,0.43
orb,0.463
orbital,0.458
orbs,0.469
orc,0.24
ordeal,0.344
ordinary,0.375
ordnance,0.354
organism,0.457
orgies,0.388
orgy,0.346
orifice,0.448
ornery,0.361
orphan,0.133
orphanage,0.184
orphaned,0.062
orthodontist,0.469
orthodox,0.388
orthodoxy,0.271
orthopedic,0.406
oscillate,0.449
oscillating,0.469
oscillatory,0.375
ostensibly,0.473
ostentatious,0.479
ostracized,0.115
other,0.472
otter,0.439
otto,0.427
ought,0.438
oust,0.296
outage,0.306
outboard,0.448
outbreak,0.26
outburst,0.209
outcast,0.153
outcry,0.271
outdated,0.167
outhouse,0.281
outlandish,0.448
outlaw,0.255
outlying,0.46
outnumber,0.347
outpatient,0.26
outrage,0.06
outraged,0.156
outrageous,0.153
outsider,0.398
outskirts,0.474
outstretched,0.448
outward,0.449
outwards,0.44
outweigh,0.486
outwit,0.302
oval,0.417
ovary,0.469
ovate,0.385
overbearing,0.323
overburden,0.115
overcast,0.417
overcharged,0.276
overcrowded,0.292
overdo,0.156
overdose,0.11
overdrive,0.303
overdue,0.125
overestimate,0.367
overestimated,0.344
overflow,0.398
overflowing,0.439
overgrown,0.333
overgrowth,0.417
overhead,0.344
overheated,0.25
overkill,0.379
overload,0.381
overlook,0.292
overpaid,0.429
overplayed,0.224
overpower,0.448
overpowering,0.392
overpriced,0.271
overprotective,0.448
overrated,0.312
overreact,0.306
override,0.316
overriding,0.24
overrule,0.224
overrun,0.271
overshadow,0.333
oversight,0.385
overslept,0.408
overstate,0.281
overstock,0.344
overthinker,0.43
overthinking,0.408
overthrow,0.26
overtime,0.447
overtired,0.21
overture,0.49
overturn,0.24
overweight,0.052
overwhelm,0.25
overwhelmed,0.341
overwhelming,0.327
overworked,0.133
overwrought,0.156
overzealous,0.427
owing,0.396
ox,0.417
oxidation,0.453
oxide,0.354
oxymoron,0.427
pacemaker,0.448
pact,0.442
paddock,0.48
padlock,0.459
pagan,0.292
paganism,0.24
pagination,0.459
pail,0.448
pain,0.012
pained,0.112
painful,0.05
painfully,0.156
painkiller,0.487
pains,0.106
painstaking,0.396
pale,0.281
paleontology,0.438
pall,0.277
palladium,0.47
palmer,0.48
palpitations,0.417
palsy,0.083
paltry,0.333
panacea,0.42
pancreas,0.469
pandemic,0.16
pandemonium,0.229
pane,0.385
panel,0.469
pang,0.146
panhandle,0.441
panic,0.062
panicattack,0.255
panicked,0.1
panicking,0.094
panicky,0.284
pant,0.448
pantheon,0.144
panther,0.303
panty,0.451
pap,0.438
papacy,0.481
papal,0.493
paperweight,0.421
paperwork,0.448
paprika,0.417
papyrus,0.459
parable,0.479
parabolic,0.459
paradox,0.417
paradoxical,0.406
paraffin,0.426
paragon,0.49
paralegal,0.479
parallax,0.437
paralysis,0.156
paralyze,0.188
paralyzed,0.194
paramedics,0.479
paramilitary,0.154
paranoia,0.146
paranoid,0.122
paranormal,0.167
parapet,0.45
paraphernalia,0.443
paraplegic,0.188
parasite,0.092
parasitic,0.037
parched,0.25
parenthetical,0.49
pariah,0.397
parietal,0.481
paring,0.429
parka,0.469
parkinsons,0.104
parlay,0.469
parliamentary,0.49
parole,0.388
parse,0.469
parsimonious,0.417
parsimony,0.449
parsley,0.458
partial,0.429
partiality,0.375
partially,0.418
parting,0.26
partisanship,0.438
partly,0.415
parts,0.459
pas,0.49
passage,0.429
passageway,0.49
passim,0.458
passing,0.458
passive,0.42
passivity,0.241
password,0.39
past,0.49
pasty,0.479
pat,0.418
patch,0.439
pate,0.406
patella,0.43
pathetic,0.088
pathological,0.22
pathologist,0.354
pathology,0.271
pathos,0.35
patrol,0.427
patrolman,0.469
patronising,0.439
patronize,0.43
patter,0.312
pattern,0.479
paucity,0.153
pauper,0.26
pause,0.429
pavement,0.46
paving,0.408
paw,0.417
pawn,0.39
pawnshop,0.396
payable,0.385
payback,0.459
payer,0.313
payphone,0.469
peat,0.333
pebble,0.354
peck,0.202
pecker,0.459
peculiarity,0.439
pecuniary,0.49
pedantic,0.229
peddler,0.408
pedestrian,0.438
pedometer,0.469
pedophile,0.051
pee,0.449
peek,0.486
peel,0.439
peeper,0.182
peephole,0.479
peer,0.458
peeved,0.156
pegs,0.408
peice,0.479
pellet,0.448
pelvic,0.32
pelvis,0.378
penal,0.208
penalty,0.062
penance,0.219
pendency,0.396
pendent,0.47
pending,0.396
penetrate,0.287
penetrating,0.469
penetration,0.438
penicillin,0.417
penile,0.49
penis,0.354
penitentiary,0.229
penniless,0.062
pensioner,0.44
pentagon,0.49
penultimate,0.469
pepper,0.4
peptic,0.398
peptide,0.38
percent,0.47
percentage,0.469
percentile,0.479
perchance,0.48
percolation,0.397
perdition,0.135
peremptory,0.429
perforated,0.219
perforation,0.365
perforce,0.357
peri,0.448
peridot,0.458
peril,0.052
perilous,0.143
perimeter,0.47
period,0.396
periodically,0.48
peripheral,0.406
periphery,0.469
perish,0.296
perishable,0.27
perished,0.135
perishing,0.229
perjury,0.229
permeate,0.417
permeation,0.418
permutation,0.385
pernicious,0.229
peroxide,0.458
perpetrate,0.327
perpetrator,0.229
perpetuate,0.397
perplexed,0.312
perplexing,0.316
perplexity,0.275
persecute,0.281
persecution,0.229
perspiration,0.385
pert,0.469
perturbation,0.27
pertussis,0.279
pervading,0.418
perverse,0.146
perversion,0.083
pervert,0.082
perverted,0.062
pesky,0.25
pessimism,0.083
pessimist,0.125
pessimistic,0.088
pest,0.188
pester,0.143
pestilence,0.122
pestle,0.427
petition,0.498
petloss,0.271
petpeeve,0.375
petrified,0.221
petrify,0.177
petrol,0.418
petty,0.21
petulant,0.247
pew,0.449
pewter,0.396
peyote,0.406
phalanx,0.398
phantom,0.26
phi,0.42
philistine,0.39
phlegm,0.173
phobia,0.173
phonics,0.49
phony,0.115
phooey,0.333
phosphor,0.438
phosphorus,0.429
photometry,0.417
photon,0.459
phylogeny,0.378
pi,0.469
picket,0.365
picketing,0.33
pickled,0.344
pickpocket,0.365
picky,0.257
pieceofshit,0.083
pierce,0.365
pig,0.343
piggyback,0.438
pigheaded,0.271
pigment,0.39
pigskin,0.347
pigsty,0.133
pike,0.427
pile,0.461
piles,0.469
pileup,0.34
pillage,0.24
pillbox,0.385
pimp,0.146
pimple,0.245
pin,0.438
pinch,0.34
pinching,0.25
pinhead,0.459
pinhole,0.375
pinion,0.444
pinot,0.365
pip,0.448
piped,0.36
pipeline,0.479
pipette,0.48
piping,0.365
pipsqueak,0.347
pique,0.417
piracy,0.296
piranha,0.219
pirate,0.156
piss,0.354
pissed,0.102
pissedoff,0.24
pisser,0.378
pissesmeoff,0.18
pissingmeoff,0.208
pissoff,0.255
pistol,0.17
piston,0.398
pit,0.408
pitchfork,0.312
pitfall,0.177
pith,0.458
pithy,0.48
pitiful,0.219
pitted,0.358
pitter,0.469
pituitary,0.406
pity,0.16
pivot,0.458
placard,0.388
placenta,0.375
placket,0.408
plagiarism,0.135
plague,0.083
plaid,0.48
plaintiff,0.365
plaintive,0.292
plank,0.427
plasma,0.474
plaster,0.438
plastic,0.49
platonic,0.49
platoon,0.448
plead,0.177
pleat,0.49
plexus,0.333
plication,0.36
plight,0.45
plinth,0.438
plodding,0.449
plop,0.385
plot,0.469
ploughed,0.438
plover,0.439
ploy,0.458
pluck,0.375
plumb,0.448
plumber,0.327
plumbing,0.469
plume,0.469
plummet,0.302
plump,0.385
plumper,0.406
plunder,0.125
plunge,0.307
plunger,0.365
plutonium,0.406
ply,0.458
pneumatic,0.337
pneumonia,0.208
poacher,0.24
poachers,0.315
poaching,0.302
pocket,0.458
pod,0.48
pogo,0.48
point,0.49
pointedly,0.408
pointless,0.055
pointy,0.469
poison,0.083
poisoned,0.057
poisoning,0.094
poisonous,0.102
poke,0.365
poker,0.48
pokes,0.365
polar,0.468
pole,0.418
polemic,0.133
police,0.458
police officer,0.479
policy,0.324
polio,0.296
politic,0.365
political,0.347
politician,0.323
politics,0.25
polity,0.268
polling,0.448
pollute,0.173
pollution,0.062
poltergeist,0.271
polyester,0.479
polygamy,0.365
polygon,0.49
polygonal,0.427
polygraph,0.427
polymer,0.438
polymorphism,0.429
pomp,0.448
poncho,0.49
ponderous,0.29
pooch,0.355
poof,0.469
poop,0.163
poor,0.156
poorly,0.077
popper,0.42
poppycock,0.347
porcupine,0.388
pore,0.427
pork,0.37
porky,0.234
porn,0.344
porno,0.302
pornographic,0.23
pornography,0.323
porosity,0.312
porous,0.385
portage,0.49
pose,0.427
poser,0.469
posse,0.398
possessed,0.327
possessing,0.461
possessive,0.279
possessor,0.48
possibly,0.448
possum,0.408
posthumous,0.232
postmortem,0.296
postpone,0.316
postponed,0.439
postponement,0.448
postscript,0.487
postulate,0.487
potassium,0.469
pothead,0.378
pothole,0.344
potted,0.469
potty,0.367
pouch,0.438
poultry,0.48
pounce,0.49
pounding,0.333
pour,0.448
pout,0.458
pouting,0.263
pouty,0.333
poverty,0.071
pow,0.375
powdery,0.323
powerless,0.125
powwow,0.49
pox,0.235
prawn,0.488
praxis,0.438
praying mantis,0.479
precarious,0.107
precautionary,0.449
preceding,0.456
precept,0.448
precession,0.469
precinct,0.375
precipice,0.198
precipitate,0.417
precipitation,0.454
precipitous,0.429
preclude,0.333
precocious,0.398
predator,0.143
predatory,0.083
predicament,0.365
predictable,0.312
predicting,0.463
predictive,0.479
predispose,0.469
preface,0.459
prehistoric,0.417
prejudice,0.11
prejudiced,0.235
prejudicial,0.115
prelim,0.462
premarital,0.49
premature,0.281
prematurely,0.292
premed,0.49
premeditated,0.354
premonition,0.365
preoccupation,0.375
preoccupied,0.265
preposterous,0.167
prerequisite,0.448
prescribe,0.459
prescription,0.302
pressing,0.24
pressure,0.36
presume,0.448
presumption,0.375
presumptive,0.323
presumptuous,0.265
pretend,0.49
pretended,0.167
pretending,0.378
pretense,0.323
pretensions,0.347
pretentious,0.156
pretext,0.418
prey,0.378
price,0.479
pricey,0.34
prick,0.323
prickly,0.333
prig,0.388
primates,0.365
primeval,0.427
priming,0.481
primitive,0.323
printer,0.479
prior,0.468
prismatic,0.429
prison,0.112
prisoner,0.071
prissy,0.354
privately,0.458
probation,0.206
probationary,0.333
probe,0.398
probing,0.385
probity,0.469
problem,0.062
problematic,0.073
procrastinate,0.276
procrastination,0.323
prod,0.48
profane,0.167
profanity,0.115
profuse,0.479
prog,0.448
prohibit,0.167
prohibited,0.115
prohibition,0.204
prohibitive,0.156
projectile,0.276
projectiles,0.25
proletarian,0.385
proletariat,0.404
prolonged,0.406
promiscuity,0.219
promiscuous,0.214
prone,0.415
prong,0.367
proof,0.438
propagation,0.354
propane,0.346
propeller,0.479
prophylaxis,0.292
prosecute,0.479
prosecution,0.245
prosecutor,0.45
prostate,0.323
prosthetic,0.34
prostitute,0.167
prostitution,0.125
prostrate,0.276
protest,0.14
protestant,0.33
protocol,0.178
proton,0.458
protozoa,0.35
protrusion,0.354
proviso,0.418
provocation,0.21
provocative,0.438
provoke,0.3
provoked,0.271
provoking,0.338
provost,0.48
prowl,0.312
prowler,0.375
prude,0.327
pruning,0.265
pry,0.406
prying,0.385
pseudo,0.367
psi,0.429
psoriasis,0.125
psych,0.48
psyche,0.427
psychedelic,0.45
psychiatric,0.21
psychiatrist,0.489
psychiatry,0.191
psychic,0.49
psychics,0.49
psycho,0.039
psychoanalysis,0.438
psychoanalyst,0.343
psychobabble,0.363
psychological,0.406
psychologist,0.375
psychopath,0.04
psychopathic,0.077
psychosis,0.167
psychosomatic,0.25
psychotherapy,0.396
psychotic,0.198
pterodactyl,0.354
ptsd,0.373
pubes,0.49
pubic,0.406
publicspeaking,0.448
puck,0.398
pucker,0.327
puddle,0.396
pudgy,0.31
puffing,0.396
puffy,0.333
puke,0.204
pull,0.45
pulley,0.48
pulmonary,0.276
pulp,0.469
pulpit,0.469
pulsar,0.49
pulsation,0.448
pump,0.417
punch,0.229
punched,0.188
punching,0.332
puncture,0.198
pungent,0.347
punish,0.061
punishable,0.198
punished,0.177
punishing,0.094
punishment,0.083
punitive,0.281
punk,0.429
punt,0.365
puny,0.312
puppet,0.459
puppeteer,0.337
purgatory,0.255
purge,0.125
pursue,0.417
pursuing,0.483
pus,0.135
push,0.417
pusher,0.323
pushing,0.396
pushover,0.347
pushy,0.08
puss,0.306
pussy,0.323
putrid,0.146
puts,0.428
putt,0.48
putter,0.371
putty,0.438
puzzled,0.204
puzzling,0.296
pygmy,0.357
pylon,0.417
python,0.219
quadrangle,0.458
quadratic,0.43
quadrature,0.458
quadrupole,0.45
quagmire,0.318
quake,0.11
quandary,0.208
quarantine,0.16
quarrel,0.112
quarry,0.378
quart,0.439
quartered,0.296
quartet,0.479
quartile,0.438
quarto,0.458
quash,0.271
quaternary,0.491
queasiness,0.23
queasy,0.25
queer,0.286
quell,0.388
quench,0.385
questionable,0.268
questioning,0.438
questionnaire,0.385
queue,0.458
queues,0.385
quibble,0.312
quicksand,0.219
quicksilver,0.417
quid,0.479
quinine,0.418
quirk,0.49
quit,0.469
quits,0.229
quitter,0.26
quiver,0.32
quivering,0.407
quiz,0.462
quota,0.427
rabbi,0.459
rabble,0.184
rabid,0.089
rabies,0.115
racer,0.48
racial,0.292
racism,0.122
racist,0.061
rack,0.385
racketeering,0.167
racking,0.411
racy,0.427
radial,0.439
radiation,0.167
radiator,0.385
radioactive,0.19
radioactivity,0.24
radiography,0.469
radiologist,0.49
radiology,0.459
radium,0.469
radon,0.323
rag,0.255
rage,0.082
ragemode,0.363
ragetweet,0.398
ragged,0.198
raggedy,0.198
raging,0.219
rags,0.434
ragtime,0.469
raid,0.35
raider,0.302
rail,0.47
raincoat,0.458
rainmaker,0.448
rainstorm,0.392
rake,0.41
ram,0.406
rambling,0.448
ramp,0.49
rampage,0.24
rampant,0.49
rampart,0.322
ramrod,0.406
ranch,0.357
rancid,0.156
random,0.49
randomly,0.41
randomness,0.418
randy,0.49
range,0.49
rant,0.219
ranting,0.181
rape,0.062
rapist,0.062
raptor,0.27
raptors,0.28
rapture,0.439
rare,0.396
rarely,0.408
rascal,0.169
rash,0.219
rat,0.271
ratchet,0.449
rationing,0.396
rattan,0.434
rattle,0.49
rattled,0.354
rattler,0.396
rattlesnake,0.188
ratty,0.354
raucous,0.316
ravage,0.214
rave,0.49
raven,0.479
ravenous,0.406
ravine,0.354
raving,0.312
raw,0.143
rawhide,0.292
rawr,0.457
razor,0.26
reaction,0.47
reactionary,0.406
reactive,0.434
reactor,0.438
reagent,0.385
realtor,0.429
ream,0.49
reaper,0.34
rear,0.459
reassign,0.359
rebel,0.235
rebellion,0.245
rebellious,0.344
rebels,0.135
rebuke,0.115
rebut,0.154
rebuttal,0.312
recalcitrant,0.357
recant,0.333
recapture,0.333
recast,0.367
recede,0.231
receding,0.224
receipts,0.32
receptor,0.417
recesses,0.367
recession,0.368
recheck,0.44
recherche,0.458
recidivism,0.245
reckless,0.262
recklessness,0.292
reckoning,0.418
reclaim,0.469
recline,0.46
reclining,0.448
recluse,0.24
recoil,0.089
reconfigure,0.429
reconsider,0.448
reconvene,0.49
recount,0.479
recourse,0.402
recruiting,0.448
recruitment,0.479
recruits,0.396
rectal,0.344
rectangle,0.479
rectangular,0.438
rectification,0.449
rector,0.458
rectory,0.49
rectum,0.438
recumbent,0.429
recur,0.479
recurrence,0.49
recurring,0.37
recursion,0.312
recursive,0.459
recursively,0.427
red,0.427
redemption,0.376
redirect,0.469
redneck,0.401
redness,0.151
redo,0.481
reduce,0.219
reduced,0.229
reduction,0.365
redundancy,0.316
redundant,0.21
reed,0.49
reek,0.177
reel,0.449
reeling,0.327
ref,0.469
reflector,0.479
reflux,0.281
refraction,0.388
refrain,0.314
refraining,0.418
refugee,0.379
refusal,0.052
refuse,0.18
refused,0.163
refusing,0.143
refutation,0.312
refute,0.312
regime,0.29
regimen,0.428
regiment,0.469
regimental,0.292
register,0.49
regress,0.255
regression,0.312
regressive,0.302
regret,0.23
regretful,0.167
regrettable,0.104
regretted,0.352
regretting,0.255
regular,0.435
regurgitation,0.16
rehabilitation,0.406
rehash,0.405
reins,0.48
reinstall,0.458
reiterate,0.422
reject,0.06
rejected,0.102
rejection,0.08
rejects,0.083
relapse,0.173
relegation,0.375
relentless,0.333
relinquish,0.265
relocation,0.396
reluctance,0.24
reluctant,0.292
remainder,0.398
remaining,0.449
remand,0.245
rematch,0.469
remedial,0.369
remiss,0.19
remission,0.418
remnant,0.367
remorse,0.103
remorseful,0.347
remote,0.458
remoteness,0.323
removal,0.245
remove,0.292
remover,0.337
renal,0.3
rend,0.429
rendition,0.417
renegade,0.14
renounce,0.156
rent,0.344
renunciation,0.26
repay,0.469
repayment,0.479
repeal,0.26
repeat,0.49
repeated,0.429
repeatedly,0.479
repeater,0.479
repel,0.224
repellant,0.292
repellent,0.286
repelling,0.184
repent,0.449
repentance,0.417
repentant,0.326
repetition,0.375
repetitive,0.32
replace,0.417
replacement,0.385
replica,0.48
replicate,0.48
replication,0.342
reported,0.418
repose,0.469
reposition,0.408
repository,0.406
repossess,0.418
reprehensible,0.316
repress,0.208
repressed,0.188
repression,0.214
reprimand,0.153
reprisal,0.125
reprise,0.459
reproach,0.24
reptile,0.35
republican,0.398
repudiation,0.167
repugnance,0.062
repugnant,0.061
repulsion,0.247
repulsive,0.146
reputed,0.439
requiem,0.475
require,0.398
requisite,0.448
requisition,0.478
reread,0.448
rerun,0.333
reschedule,0.438
rescind,0.347
rescission,0.333
resection,0.375
resent,0.073
resentful,0.12
resentment,0.163
reset,0.49
reside,0.451
residual,0.448
residue,0.354
resign,0.25
resignation,0.145
resigned,0.24
resin,0.284
resist,0.414
resistance,0.427
resisting,0.408
resistive,0.396
resonator,0.469
resounding,0.49
respirator,0.433
respondent,0.449
restless,0.219
restlessness,0.083
restrain,0.134
restrained,0.354
restraining,0.296
restraint,0.167
restrict,0.115
restricted,0.276
restriction,0.13
restrictive,0.215
retain,0.367
retainer,0.396
retaining,0.417
retaliate,0.111
retaliation,0.156
retaliatory,0.194
retard,0.194
retardation,0.125
retarded,0.302
retards,0.362
retention,0.344
retentive,0.439
rethink,0.48
reticent,0.396
retina,0.49
retire,0.398
retired,0.27
retirement,0.25
retiring,0.408
retold,0.459
retort,0.417
retrace,0.25
retract,0.316
retraction,0.312
retractor,0.354
retrenchment,0.23
retriever,0.459
retrograde,0.208
retrospect,0.406
rev,0.367
reveal,0.493
revenge,0.23
reverberation,0.39
reversal,0.38
reversion,0.458
revert,0.38
revision,0.417
revocation,0.26
revoke,0.251
revolt,0.343
revolting,0.102
revolution,0.417
revolver,0.194
revulsion,0.104
rewind,0.46
rewire,0.365
rewrite,0.49
rhetoric,0.417
rhetorical,0.417
rheumatism,0.219
rib,0.49
ribbed,0.365
rick,0.459
rickety,0.224
rickshaw,0.438
ricochet,0.287
rid,0.194
riddance,0.323
riddled,0.281
ridge,0.484
ridicule,0.143
ridiculed,0.112
ridiculous,0.159
riffraff,0.36
rifle,0.329
rifleman,0.245
rifles,0.337
rift,0.246
rigged,0.188
rigid,0.357
rigidity,0.198
rigor,0.375
rigorous,0.438
riot,0.061
rioting,0.156
riotous,0.163
riots,0.099
rip,0.146
ripper,0.219
risk,0.24
risky,0.224
rite,0.378
ritual,0.375
ritualistic,0.45
rival,0.286
rivalry,0.192
rivet,0.458
riveted,0.385
riveting,0.448
roach,0.146
roadblock,0.337
roadrage,0.458
roadrunner,0.49
roar,0.427
roaring,0.449
rob,0.112
robber,0.135
robbery,0.133
robot,0.441
robotic,0.417
roc,0.427
rocks,0.365
rod,0.479
rodent,0.323
rodeo,0.49
roe,0.49
rogue,0.334
roll,0.469
rollers,0.49
rook,0.38
rooster,0.459
rope,0.385
ropes,0.458
rosette,0.469
rot,0.031
rota,0.32
rotate,0.458
rotten,0.104
rotting,0.188
rough,0.406
roughly,0.448
roughneck,0.323
roughness,0.214
roulette,0.326
roundabout,0.49
rouser,0.48
rout,0.163
routine,0.365
rove,0.457
row,0.427
rowboat,0.455
rowdy,0.255
rowing,0.458
rubber,0.46
rubbing,0.406
rubbish,0.198
rubble,0.308
rubric,0.427
ruckus,0.271
rudder,0.439
ruddy,0.49
rude,0.061
rudeness,0.28
rudimentary,0.286
rudiments,0.385
rue,0.323
rueful,0.173
ruff,0.365
ruffian,0.13
ruffle,0.443
ruin,0.125
ruination,0.184
ruined,0.135
ruinous,0.255
ruins,0.25
ruler,0.44
ruling,0.177
rumble,0.367
rummage,0.243
rumor,0.255
rumored,0.427
rump,0.449
rumpus,0.448
runaround,0.448
runaway,0.271
runes,0.438
runner,0.459
runt,0.37
rupture,0.125
rush,0.406
rushing,0.398
rust,0.281
rusted,0.286
rustic,0.369
rustle,0.333
rustler,0.281
rusty,0.271
rut,0.333
ruth,0.469
ruthless,0.208
rye,0.49
sable,0.449
sabotage,0.135
saboteur,0.25
sac,0.344
sack,0.385
sacrifice,0.208
sacrifices,0.281
sacrificial,0.198
sacrilege,0.281
sacrilegious,0.146
sad,0.225
saddens,0.104
sadist,0.042
sadistic,0.031
sadly,0.047
sadness,0.052
saffron,0.443
sag,0.153
saggy,0.37
sake,0.49
salamander,0.41
saline,0.43
saliva,0.214
salmonella,0.167
salt,0.323
salted,0.333
saltwater,0.327
salty,0.388
sanatorium,0.469
sanctimonious,0.24
sanction,0.201
sanctioned,0.323
sandal,0.49
sander,0.438
sandman,0.479
sandpaper,0.417
sandstorm,0.324
sandy,0.406
sanitarium,0.448
sanitary,0.458
sans,0.459
sap,0.47
sapiens,0.48
sarcasm,0.125
sarcastic,0.397
sarcoma,0.26
sarcophagus,0.271
sardonic,0.208
sash,0.48
sassafras,0.469
sassy,0.271
satanic,0.062
satire,0.458
satirical,0.323
saturate,0.281
saturated,0.474
saturation,0.255
satyr,0.28
saucepan,0.347
saucy,0.25
savage,0.204
savagery,0.219
saw,0.316
sawdust,0.398
sawmill,0.427
scab,0.354
scabbard,0.325
scaffold,0.48
scaffolding,0.496
scalding,0.271
scale,0.31
scales,0.439
scallop,0.49
scalp,0.347
scalpel,0.302
scaly,0.281
scam,0.042
scamp,0.458
scan,0.479
scandal,0.122
scandalous,0.135
scanty,0.287
scape,0.29
scapegoat,0.184
scar,0.146
scarab,0.406
scarce,0.292
scarcely,0.082
scarcity,0.167
scare,0.122
scarecrow,0.219
scared,0.146
scares,0.122
scarier,0.156
scariest,0.167
scary,0.062
scat,0.337
scatter,0.229
scattered,0.208
scattering,0.347
scavenger,0.177
sceptical,0.214
scepticism,0.292
schadenfreude,0.354
schematic,0.49
schilling,0.367
schism,0.28
schizophrenia,0.092
schizophrenic,0.102
schlep,0.302
schmuck,0.363
schnitzel,0.365
schoolwork,0.479
sciatica,0.286
scintilla,0.476
scion,0.49
scissors,0.458
scoff,0.125
scold,0.194
scolding,0.071
scone,0.418
scorch,0.214
scorching,0.406
scorn,0.11
scorned,0.062
scornful,0.173
scorpion,0.198
scoundrel,0.094
scour,0.388
scourge,0.214
scowl,0.302
scram,0.306
scramble,0.469
scrambled,0.451
scrambler,0.417
scrambling,0.421
scrap,0.156
scrape,0.365
scrapie,0.306
scraping,0.265
scrappy,0.301
scratch,0.276
scratchy,0.235
scrawny,0.276
scream,0.188
screamer,0.156
screaming,0.245
screech,0.214
screw,0.385
screwball,0.271
screwed,0.302
screwy,0.344
screwyou,0.26
scribble,0.429
scrimmage,0.367
scrip,0.43
scroll,0.375
scrotum,0.396
scrounge,0.21
scrounger,0.323
scrub,0.417
scruffy,0.194
scrutinize,0.458
scuff,0.165
scuffle,0.146
scullery,0.469
scum,0.357
scumbag,0.24
scurry,0.398
scurvy,0.354
scuttle,0.438
seal,0.49
seals,0.412
seam,0.427
seamless,0.459
sear,0.49
seared,0.229
seasick,0.115
seaweed,0.446
sec,0.49
secession,0.323
secluded,0.357
seclusion,0.23
second,0.49
secondhand,0.194
secrecy,0.294
secret,0.479
secrete,0.427
secretion,0.354
secretive,0.39
sect,0.265
sectarian,0.26
sectional,0.427
secular,0.463
secularism,0.367
sedan,0.48
sedative,0.314
sedentary,0.292
sedge,0.406
sediment,0.438
sedimentary,0.398
sedition,0.327
seduce,0.462
seedling,0.406
seedy,0.229
seem,0.471
seemingly,0.49
seething,0.312
segment,0.469
segregate,0.29
segregated,0.164
segregation,0.302
seismic,0.323
seizure,0.177
seldom,0.323
selenium,0.469
selfharm,0.35
selfish,0.061
selfishness,0.2
sellout,0.398
seltzer,0.448
semi,0.296
semiautomatic,0.469
semicolon,0.378
seminal,0.459
semiotics,0.449
senate,0.49
senator,0.391
senescence,0.378
senile,0.28
seniority,0.408
senseless,0.125
sentencing,0.12
sentry,0.47
separable,0.469
separate,0.24
separately,0.31
separation,0.198
separatist,0.245
sepia,0.448
sepsis,0.229
septic,0.281
septum,0.276
sequestered,0.16
sequestration,0.177
sergeant,0.408
serial,0.469
seriousness,0.439
sermon,0.417
serpent,0.115
serrated,0.388
servant,0.34
servile,0.439
servitude,0.25
sess,0.418
setback,0.198
sever,0.156
severable,0.406
severance,0.396
severe,0.164
severely,0.219
severity,0.26
sewage,0.255
sewer,0.286
sewerage,0.208
sexist,0.255
shabby,0.235
shack,0.396
shackle,0.276
shade,0.388
shades,0.49
shading,0.42
shadow,0.302
shadowy,0.135
shady,0.323
shag,0.417
shake,0.439
shakedown,0.286
shaken,0.344
shaking,0.275
shaky,0.26
shallow,0.427
shallows,0.388
sham,0.354
shaman,0.49
shambles,0.271
shame,0.06
shamed,0.135
shameful,0.04
shameless,0.274
shanty,0.427
shard,0.388
shark,0.26
sharp,0.459
sharpshooter,0.24
shatter,0.108
shattered,0.097
shattering,0.135
shaver,0.418
sheaf,0.396
shear,0.286
shears,0.429
sheath,0.46
sheathing,0.378
shed,0.427
sheepish,0.326
sheet,0.439
shelling,0.337
shelved,0.306
shift,0.479
shifty,0.365
shimmy,0.478
shin,0.459
shipwreck,0.268
shipyard,0.398
shire,0.479
shit,0.0
shitday,0.281
shitfaced,0.214
shithead,0.12
shitless,0.271
shitload,0.02
shittest,0.076
shitty,0.02
shiver,0.26
shivering,0.122
shoals,0.396
shock,0.286
shocked,0.292
shocker,0.235
shocking,0.378
shoddy,0.082
shoelace,0.396
shoemaker,0.396
shoeshine,0.392
shook,0.163
shoot,0.092
shooter,0.224
shooting,0.276
shootout,0.08
shoplifter,0.167
shoplifting,0.152
shorn,0.396
short,0.184
shortage,0.094
shortcoming,0.195
shorten,0.302
shortening,0.286
shorthand,0.459
shortness,0.459
shortstop,0.418
shortwave,0.46
shot,0.144
shotgun,0.2
shout,0.229
shove,0.306
shovel,0.427
shoveling,0.265
showdown,0.302
showoff,0.344
shrapnel,0.24
shred,0.224
shrew,0.306
shriek,0.459
shrill,0.312
shrink,0.385
shrinking,0.19
shrivel,0.16
shroud,0.417
shrubbery,0.49
shrug,0.208
shrunk,0.163
shudder,0.344
shuddering,0.302
shuffle,0.459
shun,0.418
shunned,0.271
shunt,0.312
shut,0.24
shutdown,0.173
shutit,0.281
shutter,0.191
shutup,0.333
shy,0.28
shyness,0.312
shyster,0.292
sic,0.37
sick,0.104
sickbay,0.296
sicken,0.051
sickening,0.074
sickle,0.427
sickly,0.188
sickness,0.094
side,0.439
sidearm,0.41
sidebar,0.469
sideline,0.44
sideshow,0.458
sidestep,0.378
sidewalk,0.479
siege,0.271
sieve,0.459
sigh,0.469
sigma,0.49
signify,0.453
silence,0.438
silencer,0.417
silent,0.469
silently,0.448
silicon,0.439
silicone,0.48
sill,0.433
silliness,0.327
silly,0.384
silo,0.4
simmering,0.382
simpleton,0.429
simplistic,0.49
sin,0.177
sinful,0.143
single,0.291
sinister,0.125
sink,0.375
sinker,0.302
sinking,0.135
sinner,0.237
sinning,0.17
sip,0.375
siphon,0.354
sipping,0.469
sissy,0.333
sith,0.439
sixpence,0.469
sizzle,0.427
ska,0.458
skedaddle,0.427
skeet,0.469
skein,0.449
skeletal,0.306
skeleton,0.183
skeptic,0.135
skeptical,0.207
skepticism,0.229
sketchy,0.333
skewed,0.34
skewer,0.47
skid,0.357
skiff,0.479
skim,0.418
skimpy,0.302
skinny,0.333
skip,0.458
skipper,0.44
skirmish,0.29
skirting,0.449
skit,0.438
skittish,0.156
skull,0.276
skunk,0.284
slab,0.398
slag,0.266
slam,0.459
slammer,0.417
slander,0.184
slanderous,0.057
slang,0.479
slant,0.469
slap,0.1
slash,0.26
slashes,0.33
slaughter,0.052
slaughterhouse,0.146
slaughtering,0.133
slave,0.171
slavery,0.052
slay,0.133
slayer,0.041
sleaze,0.312
sleazy,0.292
sledgehammer,0.449
sleepless,0.213
sleeplessness,0.104
sleepyhead,0.327
sleet,0.41
sleuth,0.46
slick,0.388
sliding,0.356
slight disgust,0.156
slight trust,0.306
slightly,0.47
slightly negative,0.19
slime,0.3
slimy,0.177
sling,0.417
slingshot,0.323
slink,0.46
slinky,0.4
slip,0.316
slippery,0.219
slit,0.406
sliver,0.388
slob,0.275
slobber,0.35
sloop,0.48
slop,0.306
slope,0.347
sloppy,0.303
slot,0.469
sloth,0.198
slouch,0.365
slough,0.265
slow,0.357
slowly,0.427
slowness,0.302
sludge,0.354
slug,0.276
slugger,0.458
sluggish,0.224
sluice,0.427
slum,0.292
slump,0.194
slur,0.115
slush,0.427
slut,0.071
slutty,0.224
smack,0.323
smaller,0.3
smallest,0.281
smallpox,0.156
smartass,0.364
smash,0.195
smashed,0.143
smattering,0.448
smear,0.23
smelling,0.458
smelly,0.1
smelt,0.333
smidgen,0.367
smite,0.303
smithereens,0.281
smitten,0.153
smock,0.429
smog,0.271
smoke,0.188
smoker,0.208
smokey,0.494
smoking,0.176
smoky,0.459
smother,0.292
smudge,0.327
smug,0.198
smuggle,0.194
smuggler,0.062
smuggling,0.229
smut,0.357
snafu,0.375
snag,0.417
snags,0.177
snail,0.48
snake,0.276
snakes,0.176
snakeskin,0.276
snap,0.344
snapper,0.417
snare,0.229
snarl,0.43
snarling,0.312
snatch,0.219
snatcher,0.122
sneak,0.281
sneaking,0.203
sneaky,0.24
sneer,0.133
sneeze,0.271
sneezing,0.434
snide,0.186
sniff,0.396
snip,0.417
snipe,0.198
sniper,0.167
snippy,0.418
snitch,0.3
snob,0.296
snoop,0.134
snooty,0.39
snooze,0.235
snore,0.245
snort,0.469
snot,0.214
snotty,0.18
snout,0.276
snowmageddon,0.375
snowplow,0.449
snowstorm,0.204
snub,0.229
snubbed,0.265
snuff,0.357
soak,0.48
soaked,0.365
soaking,0.438
soangry,0.327
soannoyed,0.271
sob,0.115
soc,0.427
socialanxiety,0.27
socialist,0.448
sociopath,0.104
sod,0.427
sodding,0.24
sodium,0.49
soggy,0.312
soil,0.35
soiled,0.106
solder,0.439
soldier,0.392
sole,0.427
solidification,0.48
solitaire,0.365
solitary,0.224
solitude,0.208
solo,0.438
somad,0.429
somatic,0.438
somber,0.184
some anticipation,0.423
some disgust,0.094
somersault,0.214
somewhat negative,0.208
sonervous,0.344
soot,0.375
sopissed,0.276
sorcerer,0.377
sorcery,0.279
sordid,0.219
sore,0.094
sorely,0.284
soreness,0.113
sorghum,0.469
sorrow,0.052
sorrowful,0.049
sorry,0.406
sortie,0.49
sorting,0.469
sos,0.354
soscared,0.229
soscary,0.301
soslow,0.347
sostressed,0.435
sou,0.48
soulless,0.125
soundproof,0.49
sour,0.276
sourpuss,0.188
southwest,0.406
soviet,0.347
soy,0.438
spade,0.469
spam,0.188
spammers,0.354
spandex,0.429
spank,0.112
spanking,0.194
spar,0.417
sparring,0.292
sparse,0.24
spasm,0.194
spastic,0.24
spat,0.427
spatter,0.292
spatula,0.302
spaz,0.443
speck,0.418
speckled,0.449
specter,0.265
spectral,0.43
spectroscopy,0.47
spectrum,0.312
speculate,0.398
speculation,0.325
speculative,0.276
speculum,0.417
speechless,0.459
speeding,0.438
speedometer,0.427
spell,0.385
spender,0.312
spending,0.333
spent,0.296
sperm,0.396
spew,0.26
sphincter,0.347
spic,0.302
spicy,0.44
spider,0.229
spiders,0.26
spigot,0.38
spike,0.382
spiked,0.281
spiky,0.284
spill,0.408
spillin,0.375
spinal,0.312
spine,0.495
spineless,0.344
spinner,0.458
spinster,0.357
spiny,0.167
spiral,0.49
spire,0.354
spit,0.149
spite,0.08
spiteful,0.073
spitfire,0.233
spittoon,0.276
splatter,0.312
spleen,0.448
splice,0.386
spline,0.49
splint,0.179
splinter,0.136
split,0.344
splitting,0.188
splurge,0.365
spoil,0.146
spoiler,0.347
spoiling,0.135
spoils,0.388
spongy,0.469
spoof,0.49
spook,0.327
spooky,0.104
spool,0.397
spoon,0.479
sporadic,0.333
spore,0.48
spotted,0.354
spotty,0.281
spout,0.438
sprain,0.063
spray,0.438
spud,0.403
spunk,0.438
spur,0.378
spurious,0.178
spurt,0.448
spy,0.26
squabble,0.173
squadron,0.469
squall,0.191
squamous,0.344
squander,0.24
squat,0.33
squatter,0.39
squaw,0.428
squawk,0.265
squeak,0.271
squeaky,0.229
squeal,0.25
squeamish,0.176
squeeze,0.458
squeezing,0.26
squelch,0.271
squid,0.497
squint,0.385
squire,0.479
squirm,0.235
squirt,0.406
squish,0.26
stab,0.167
stabbed,0.031
staccato,0.396
stack,0.47
stagehand,0.42
stagnant,0.3
stagnation,0.276
staid,0.385
stain,0.453
stained,0.245
stair,0.375
staircase,0.469
stake,0.406
stakeout,0.344
stale,0.235
stalemate,0.296
stalk,0.436
stalker,0.177
stall,0.37
stamp,0.438
stampede,0.235
standby,0.26
standoff,0.333
standstill,0.441
staph,0.375
stapler,0.37
stark,0.33
starry,0.438
startle,0.276
startled,0.333
starvation,0.24
starve,0.073
starved,0.097
starving,0.163
stash,0.344
stat,0.479
static,0.297
staticky,0.357
stationary,0.408
stator,0.281
stature,0.47
staunch,0.48
stave,0.417
stayaway,0.369
stayed,0.497
steal,0.021
stealing,0.086
stealthy,0.38
steam,0.469
steamroller,0.396
steamship,0.469
steamy,0.479
steep,0.312
steer,0.469
stench,0.104
stepfather,0.396
stepmother,0.427
steppe,0.427
stereoscopic,0.363
stereotype,0.151
stereotyped,0.375
sterile,0.302
sterility,0.201
sterilize,0.406
steroid,0.36
stethoscope,0.427
stfu,0.292
stick,0.396
sticking,0.486
stickler,0.385
stickup,0.453
sticky,0.385
stiff,0.158
stiffen,0.36
stiffness,0.323
stifle,0.24
stifled,0.229
stifling,0.163
stigma,0.327
stiletto,0.396
stillbirth,0.092
stillborn,0.271
stillwaiting,0.344
stilts,0.439
stimulant,0.441
sting,0.163
stinger,0.279
stinging,0.26
stingy,0.094
stink,0.042
stinker,0.163
stinking,0.041
stinky,0.092
stint,0.49
stipulation,0.469
stir,0.448
stitch,0.306
stockade,0.375
stockbroker,0.417
stockings,0.458
stoic,0.427
stole,0.135
stolen,0.156
stomach,0.367
stomachache,0.03
stomp,0.365
stomped,0.229
stone,0.216
stoned,0.177
stonewall,0.337
stoneware,0.458
stony,0.356
stooge,0.438
stool,0.448
stools,0.459
stoop,0.49
stoopid,0.28
stop,0.28
stoppage,0.224
stopper,0.365
stopping,0.388
stopwatch,0.469
storm,0.188
storming,0.265
stormy,0.146
stound,0.49
stove,0.466
stowaway,0.224
straddle,0.306
strain,0.19
strained,0.122
strait,0.438
straitjacket,0.224
straits,0.408
strand,0.396
stranded,0.292
strange,0.314
stranger,0.33
strangle,0.094
strangulation,0.04
strap,0.38
strapless,0.314
stratum,0.365
stratus,0.448
straw,0.48
stray,0.133
streak,0.44
streaked,0.458
stream,0.449
streetcar,0.39
strenuous,0.104
strep,0.365
stress,0.173
stressed,0.167
stresses,0.115
stressful,0.153
stressin,0.146
stressing,0.163
stretcher,0.438
stricken,0.163
stride,0.49
strife,0.344
strike,0.271
strikeout,0.316
striking,0.357
string,0.385
strings,0.457
stringy,0.43
strip,0.427
striped,0.344
stripped,0.255
strobe,0.49
struggle,0.365
stub,0.396
stubbed,0.323
stubble,0.333
stubborn,0.157
stubbornness,0.156
stubby,0.417
stucco,0.439
stuck,0.153
stuckup,0.281
studded,0.396
stuffing,0.417
stuffy,0.323
stumble,0.153
stump,0.449
stumped,0.344
stun,0.333
stunned,0.306
stunner,0.418
stunt,0.387
stunted,0.194
stuntman,0.49
stupefaction,0.294
stupefy,0.2
stupid,0.133
stupidity,0.06
stupidpeople,0.073
stupidrain,0.26
stupor,0.323
sturgeon,0.417
stutter,0.25
sty,0.296
subatomic,0.385
subcommittee,0.396
subcutaneous,0.396
subduction,0.35
subdue,0.275
subdued,0.236
subdural,0.381
subito,0.372
subjected,0.286
subjection,0.354
subjugation,0.28
sublet,0.469
sublevel,0.365
subliminal,0.41
submerged,0.337
submersible,0.406
submissive,0.48
subordinate,0.276
subordination,0.27
subplot,0.469
subpoena,0.281
subsequence,0.438
subsequent,0.449
subsequently,0.38
subservient,0.255
subset,0.429
subside,0.375
subsidence,0.32
subsoil,0.429
subspace,0.47
substandard,0.235
substation,0.469
substitute,0.427
substituted,0.271
substitution,0.406
substructure,0.441
subterranean,0.469
subtitle,0.445
subtract,0.208
subtraction,0.163
subtype,0.427
suburb,0.354
suburban,0.439
suburbia,0.438
subversion,0.347
subversive,0.198
subvert,0.357
subway,0.418
succubus,0.417
succumb,0.202
suck,0.344
sucker,0.265
sucking,0.227
sucks,0.115
suction,0.46
sudden,0.449
suds,0.458
sue,0.219
suffer,0.082
sufferer,0.156
suffering,0.02
suffix,0.43
suffocate,0.219
suffocating,0.133
suffocation,0.02
suicidal,0.021
suicide,0.03
suicidebombing,0.031
sulfate,0.427
sulfur,0.173
sulk,0.25
sullen,0.25
sully,0.378
sulphur,0.26
summarily,0.469
sumo,0.48
sump,0.365
sunburn,0.061
sunk,0.146
sunken,0.103
sunless,0.245
superannuation,0.448
superficial,0.357
superfluous,0.316
superimposed,0.49
superposition,0.48
supersede,0.479
superstition,0.177
superstitious,0.281
supervision,0.459
supplant,0.344
supplication,0.469
supposed,0.296
supposing,0.449
suppress,0.281
suppression,0.267
surcharge,0.375
surface,0.448
surge,0.449
surgery,0.286
surgical,0.327
surly,0.221
surrender,0.115
surrendering,0.198
surrogate,0.406
surveillance,0.365
surveying,0.488
susceptibility,0.458
susceptible,0.438
suspect,0.133
suspected,0.173
suspend,0.24
suspended,0.224
suspenders,0.391
suspense,0.286
suspension,0.288
suspicion,0.204
suspicions,0.208
suspicious,0.153
suture,0.24
sux,0.406
swab,0.47
swagger,0.333
swallow,0.466
swamp,0.245
swamped,0.156
swampy,0.306
swank,0.49
swarm,0.302
swarming,0.375
swastika,0.316
swat,0.38
swearing,0.333
sweat,0.388
sweating,0.292
sweatshop,0.385
sweaty,0.281
sweep,0.448
sweeper,0.47
sweeping,0.344
swell,0.36
swelling,0.323
sweltering,0.204
swerve,0.276
swill,0.427
swindle,0.122
swindler,0.125
swine,0.34
swinger,0.459
swirl,0.49
switchblade,0.357
swollen,0.236
swoon,0.292
swoop,0.479
sword,0.438
swordsman,0.395
syllable,0.448
symptom,0.38
symptomatic,0.367
syncope,0.245
syndicate,0.439
syndrome,0.229
synod,0.469
synonymous,0.48
synthetic,0.396
syphilis,0.071
syringe,0.25
tabasco,0.375
tabernacle,0.408
tablecloth,0.48
tablespoon,0.49
tabloid,0.438
taboo,0.198
tabular,0.438
tabulate,0.48
tabulation,0.396
tachometer,0.398
tacit,0.459
tack,0.365
tackle,0.365
tackled,0.438
tackling,0.48
tacky,0.245
tad,0.459
tadpole,0.35
taffy,0.448
tail,0.48
tailed,0.438
tailgate,0.323
tailings,0.439
taillight,0.479
tailpipe,0.46
taint,0.141
taker,0.375
tallow,0.344
talon,0.344
talons,0.32
tamer,0.385
tamper,0.184
tampon,0.396
tangle,0.354
tangled,0.26
tank,0.431
tantrum,0.219
taoism,0.49
tap,0.461
tape measure,0.406
tapering,0.344
tapeworm,0.357
taps,0.448
tar,0.438
tarantula,0.26
tardiness,0.296
tardy,0.204
tariff,0.459
tarmac,0.357
tarnish,0.204
tarot,0.479
tarp,0.479
tarry,0.392
tartan,0.448
tartar,0.214
tasteless,0.146
tat,0.429
tattler,0.417
tattoo,0.49
taunt,0.083
taupe,0.406
taut,0.432
tawdry,0.375
tax,0.26
taxed,0.255
taxicab,0.479
taxonomy,0.37
teapot,0.479
tear,0.404
tearful,0.208
teary,0.167
tease,0.317
teasing,0.235
tedious,0.104
tedium,0.224
tee,0.459
teeny,0.427
teething,0.396
teflon,0.354
telemetry,0.46
telescopic,0.49
telltale,0.24
temp,0.49
tempera,0.458
temperament,0.42
temperamental,0.316
temperate,0.469
tempest,0.245
template,0.479
temporary,0.458
tempt,0.21
temptation,0.365
temptress,0.427
tenant,0.385
tenderfoot,0.469
tendon,0.341
tenement,0.47
tenfold,0.469
tense,0.396
tensile,0.458
tension,0.304
tentacle,0.37
tenths,0.406
tenuous,0.398
tepid,0.337
term,0.45
terminal,0.316
terminate,0.171
termination,0.344
terminator,0.37
terminus,0.281
termite,0.265
terms,0.49
terrible,0.061
terribly,0.061
terrified,0.09
terrifies,0.083
terrify,0.052
terrifying,0.031
territorial,0.405
terror,0.069
terrorism,0.06
terrorist,0.019
terrorists,0.062
terrorize,0.041
test,0.449
testicle,0.458
testicular,0.388
testy,0.135
tetanus,0.133
tether,0.323
tethered,0.26
thankless,0.146
thatch,0.337
thaw,0.438
theft,0.135
theism,0.46
theistic,0.397
theocracy,0.49
theocratic,0.38
theological,0.48
theology,0.448
therapist,0.468
therapy,0.49
thereabouts,0.427
therewith,0.462
thermal,0.48
thermocouple,0.406
thermometer,0.4
thermostat,0.439
thick,0.449
thicken,0.406
thickening,0.448
thicket,0.385
thief,0.088
thigh,0.469
thimble,0.49
thin,0.469
thing,0.449
thingy,0.458
thirds,0.402
thirst,0.298
thirsty,0.281
thirteen,0.459
thirteenth,0.408
thistle,0.427
thong,0.467
thorn,0.296
thorny,0.177
thorough,0.467
thoughtless,0.194
thrash,0.26
threat,0.135
threaten,0.104
threatened,0.052
threatening,0.071
threesome,0.49
thresh,0.49
thrice,0.469
thriller,0.49
throat,0.35
throes,0.146
throng,0.48
throw,0.344
throwback,0.28
thrower,0.47
thrush,0.306
thud,0.255
thug,0.24
thump,0.28
thumper,0.354
thumping,0.214
thunder,0.296
thunderbolt,0.418
thunderclap,0.39
thundering,0.337
thunderstorm,0.135
thunderstruck,0.194
thwart,0.281
thyroid,0.234
tibia,0.45
tic,0.271
ticked,0.469
ticker,0.479
tidal wave,0.24
tiger,0.479
tighten,0.388
tightness,0.344
tightrope,0.354
tile,0.429
till,0.49
tiller,0.448
tilt,0.365
tilting,0.459
timber,0.332
timbre,0.46
timeless,0.408
timeout,0.344
timer,0.469
times,0.49
timewasters,0.391
timid,0.327
timidity,0.333
tin,0.469
tincture,0.44
tine,0.438
tinfoil,0.448
tinge,0.469
tingle,0.46
tingling,0.427
tinker,0.396
tinnitus,0.384
tiny,0.479
tipper,0.427
tipster,0.49
tirade,0.378
tire,0.438
tired,0.125
tiredness,0.387
tiredofit,0.3
tiresome,0.24
tiring,0.153
tit,0.402
titanic,0.427
toad,0.302
tobacco,0.327
toby,0.427
tod,0.469
toe,0.406
toilet,0.49
toils,0.48
toll,0.296
tomb,0.112
tombstone,0.204
tome,0.429
toner,0.448
tong,0.475
tonnage,0.323
tonsils,0.347
toocold,0.42
tool,0.49
toomuchtodo,0.42
tooth,0.439
toothache,0.188
toothed,0.449
toothless,0.312
topographical,0.438
topography,0.469
topple,0.198
tor,0.337
torment,0.057
tormented,0.071
torn,0.153
tornado,0.26
torpedo,0.219
torque,0.466
torrid,0.281
torsion,0.312
torso,0.408
tort,0.229
tortious,0.312
tortuous,0.194
torture,0.115
tortured,0.062
toss,0.418
touchy,0.323
tough,0.344
toughen,0.458
toupee,0.323
tourmaline,0.448
tourniquet,0.335
tout,0.48
toxic,0.008
toxicity,0.104
toxicology,0.302
toxin,0.115
traces,0.482
trachea,0.448
tracing,0.418
track,0.448
tracker,0.398
tract,0.406
traction,0.429
tractor,0.449
traffic,0.323
traffic light,0.49
trafficking,0.25
tragedies,0.1
tragedy,0.052
tragic,0.048
trait,0.469
traitor,0.112
traitorous,0.073
tramp,0.108
trample,0.235
trance,0.469
transcriber,0.49
transferred,0.48
transfixed,0.427
transfusion,0.417
transgression,0.158
transistor,0.48
transit,0.439
transitive,0.479
transitory,0.438
translocation,0.367
transmutation,0.438
transom,0.375
transplant,0.445
transpose,0.44
transposition,0.312
transsexual,0.264
transverse,0.429
transvestite,0.27
trap,0.104
trapdoor,0.094
trapped,0.135
trapper,0.296
trapping,0.333
trappings,0.458
traps,0.235
trash,0.163
trashy,0.071
trauma,0.112
traumatic,0.062
travesty,0.354
trawl,0.255
trawler,0.316
treacherous,0.112
treachery,0.104
treadmill,0.459
treason,0.094
treble,0.358
trek,0.469
trellis,0.299
tremble,0.177
trembling,0.177
tremor,0.104
trench,0.429
trespass,0.229
triad,0.469
triage,0.398
trial,0.438
triangular,0.43
triangulate,0.408
tribal,0.417
tribulation,0.448
tribunal,0.41
trickery,0.146
trickster,0.375
tricky,0.219
trident,0.403
trifle,0.271
trifling,0.375
trig,0.438
trigger,0.271
trigonometry,0.396
trimmer,0.26
trine,0.396
tripe,0.312
tripod,0.406
tripping,0.276
trite,0.458
tritium,0.412
trivial,0.406
troll,0.378
troop,0.375
trooper,0.458
troops,0.385
trouble,0.135
troubled,0.167
troublemaker,0.26
troubles,0.051
troublesome,0.283
trowel,0.47
trucker,0.494
truckload,0.48
truculent,0.21
truncate,0.323
truncated,0.316
trunk,0.271
tryout,0.459
tryouts,0.49
tsunami,0.042
tub,0.449
tubby,0.427
tube,0.418
tuberculosis,0.214
tubing,0.438
tubular,0.458
tuck,0.367
tucker,0.475
tuesday,0.469
tug,0.32
tugboat,0.271
tumble,0.276
tumbleweed,0.312
tummy,0.427
tumor,0.102
tumour,0.092
tumult,0.271
tumultuous,0.208
tun,0.386
tunnel,0.312
turban,0.469
turbidity,0.184
turbulence,0.062
turbulent,0.302
turd,0.24
turmoil,0.198
turnoff,0.312
turnover,0.49
turnpike,0.459
turpentine,0.32
turret,0.494
turtle,0.291
tussle,0.333
tutelage,0.393
twat,0.292
twats,0.406
tweak,0.44
tweezers,0.493
twelve,0.49
twentieth,0.469
twerp,0.408
twig,0.378
twill,0.449
twinge,0.316
twist,0.375
twisted,0.071
twister,0.33
twit,0.194
twitching,0.292
twitchy,0.094
twofaced,0.387
typhoid,0.265
typhoon,0.323
typo,0.224
typography,0.48
tyrannical,0.167
tyranny,0.112
tyrant,0.115
tyre,0.48
ugliness,0.094
ugly,0.167
uhoh,0.32
ulcer,0.286
ulterior,0.375
ultimately,0.385
ultimatum,0.219
ultimo,0.375
umbilical,0.398
umbra,0.408
unabashed,0.292
unable,0.132
unacceptable,0.133
unaccompanied,0.292
unaccountable,0.18
unaccounted,0.41
unacknowledged,0.24
unaided,0.29
unambiguous,0.406
unanimity,0.49
unannounced,0.24
unanswered,0.276
unanticipated,0.255
unappreciated,0.143
unapproved,0.184
unarmed,0.427
unassisted,0.302
unassuming,0.49
unattached,0.192
unattainable,0.22
unattended,0.255
unattractive,0.177
unauthorized,0.26
unavailable,0.323
unavoidable,0.35
unaware,0.208
unbalanced,0.302
unbearable,0.125
unbecoming,0.123
unbelief,0.265
unborn,0.312
unbound,0.354
unbridled,0.396
unbutton,0.479
uncalled,0.344
uncanny,0.469
uncaring,0.177
uncensured,0.438
uncertain,0.363
uncertainty,0.064
unchangeable,0.375
unchanged,0.49
uncharted,0.188
uncherished,0.25
uncivilized,0.133
unclaimed,0.316
unclean,0.133
unclear,0.229
uncomfortable,0.188
uncommon,0.459
uncompromising,0.32
unconfirmed,0.334
unconnected,0.188
unconscionable,0.208
unconscious,0.24
unconsciousness,0.177
unconstitutional,0.23
uncontrollable,0.265
uncontrolled,0.188
unconventional,0.177
unconvinced,0.409
unconvincing,0.19
uncooked,0.312
uncooperative,0.25
uncorrelated,0.333
uncouth,0.08
uncritical,0.48
uncut,0.448
undead,0.367
undecided,0.286
undefined,0.26
underage,0.469
underbelly,0.406
undercover,0.388
undercurrent,0.357
underdog,0.25
underestimate,0.413
undergo,0.398
underground,0.396
underhanded,0.188
underlie,0.323
underline,0.48
underlying,0.48
undermine,0.316
undermined,0.365
underneath,0.45
underpaid,0.146
underpants,0.448
underprivileged,0.167
underrated,0.208
underscore,0.375
undersecretary,0.459
undersized,0.316
understaffed,0.148
understatement,0.347
understudy,0.378
undertaker,0.363
undertow,0.327
underworld,0.177
underwrite,0.416
undeserved,0.219
undesirable,0.177
undesired,0.156
undetectable,0.438
undetected,0.224
undetermined,0.265
undeveloped,0.292
undignified,0.122
undirected,0.33
undisclosed,0.479
undiscovered,0.438
undo,0.365
undoing,0.219
undress,0.438
undressed,0.375
undue,0.156
unearned,0.177
unearth,0.427
uneasiness,0.19
uneasy,0.115
uneducated,0.177
unemployed,0.094
unemployment,0.094
unending,0.385
unequal,0.118
unethical,0.104
uneven,0.125
unexpectedly,0.354
unexplainable,0.26
unexplained,0.271
unexplored,0.401
unfair,0.173
unfairness,0.17
unfaithful,0.031
unfamiliar,0.219
unfavorable,0.133
unfeeling,0.235
unfinished,0.188
unfit,0.25
unfollow,0.281
unforeseen,0.255
unforgivable,0.276
unforgiving,0.406
unfortunate,0.073
unfortunately,0.104
unfounded,0.271
unfreeze,0.458
unfriendly,0.173
unfulfilled,0.184
unfurnished,0.316
unglued,0.378
ungodly,0.296
ungrateful,0.219
unguarded,0.156
unhand,0.406
unhappiness,0.083
unhappy,0.112
unhealthy,0.115
unheard,0.344
unhelpful,0.104
unholy,0.327
unhook,0.375
unidentified,0.385
uniformed,0.469
unimpeached,0.458
unimportant,0.281
unimpressed,0.198
unimproved,0.163
uninformed,0.156
uninhabited,0.301
uninitiated,0.271
uninspired,0.163
unintelligible,0.208
unintended,0.438
unintentional,0.333
unintentionally,0.46
uninterested,0.365
uninteresting,0.153
uninvited,0.09
unisex,0.492
unjust,0.115
unjustifiable,0.115
unjustified,0.288
unkind,0.135
unknowable,0.347
unknown,0.357
unlawful,0.094
unleash,0.479
unlicensed,0.306
unlike,0.439
unlikely,0.271
unlisted,0.365
unloaded,0.469
unlucky,0.073
unmanageable,0.177
unmanned,0.235
unmarked,0.416
unmarried,0.438
unmask,0.323
unmoved,0.184
unnamed,0.316
unnatural,0.153
unnecessary,0.219
unneeded,0.177
unnoticed,0.302
unnumbered,0.406
unobserved,0.398
unobtrusive,0.447
unoccupied,0.258
unofficial,0.26
unordered,0.224
unorganised,0.25
unorganized,0.26
unorthodox,0.34
unpaid,0.3
unpleasant,0.122
unpleasantness,0.062
unplug,0.239
unplugged,0.367
unpopular,0.073
unpredictable,0.429
unprepared,0.204
unproductive,0.1
unprofessional,0.042
unprofitable,0.163
unprotected,0.15
unproven,0.296
unpublished,0.406
unpunished,0.292
unqualified,0.17
unquestionable,0.469
unquote,0.388
unravel,0.378
unreachable,0.208
unread,0.458
unreal,0.173
unrealistic,0.229
unreasonable,0.115
unrecorded,0.241
unregistered,0.255
unregulated,0.344
unrelated,0.302
unreliable,0.108
unremarkable,0.271
unrepentant,0.24
unrequited,0.143
unresolved,0.135
unresponsive,0.108
unrest,0.102
unrestrained,0.385
unromantic,0.208
unruly,0.24
unsafe,0.115
unsanitary,0.063
unsatisfactory,0.122
unsatisfied,0.2
unsavory,0.071
unscheduled,0.312
unscientific,0.396
unscrew,0.333
unscrupulous,0.094
unseat,0.229
unseen,0.427
unsettled,0.208
unsightly,0.226
unsolicited,0.094
unsolved,0.146
unsophisticated,0.327
unsound,0.146
unspeakable,0.327
unspecified,0.24
unspoken,0.177
unstable,0.167
unsteady,0.122
unsuccessful,0.14
unsuitable,0.188
unsung,0.296
unsupervised,0.478
unsupported,0.26
unsure,0.143
unsuspecting,0.302
unsustainable,0.255
unsweetened,0.396
unsympathetic,0.163
untamed,0.429
untenable,0.143
untested,0.302
unthinkable,0.365
untidy,0.106
untimely,0.245
untitled,0.213
untold,0.24
untouchable,0.49
untoward,0.122
untraceable,0.321
untrained,0.149
untranslated,0.271
untrue,0.031
untrustworthy,0.097
unturned,0.312
unused,0.344
unusual,0.429
unusually,0.385
unutterable,0.406
unveil,0.439
unverified,0.214
unwanted,0.177
unwarranted,0.091
unwary,0.286
unwashed,0.365
unwelcome,0.115
unwell,0.143
unwilling,0.302
unwillingly,0.204
unwillingness,0.204
unwise,0.141
unwitting,0.26
unwittingly,0.312
unworthy,0.194
unwritten,0.367
unyielding,0.367
unzip,0.378
upheaval,0.29
uphill,0.396
uppercut,0.41
uppity,0.465
uproar,0.271
upset,0.071
upstart,0.449
uptight,0.184
uranium,0.375
urchin,0.417
urge,0.418
urgency,0.429
urgent,0.327
urinal,0.214
urinalysis,0.344
urinate,0.36
urination,0.271
urine,0.375
urn,0.194
use,0.438
used,0.354
useless,0.052
usurp,0.125
usurped,0.292
usury,0.344
utilitarian,0.427
vacate,0.357
vacuolar,0.439
vacuole,0.49
vacuous,0.354
vacuum,0.327
vagabond,0.384
vaginal,0.449
vagrancy,0.219
vagrant,0.265
vague,0.271
vagueness,0.15
vainly,0.365
valance,0.424
valium,0.419
valve,0.323
vamoose,0.459
vamp,0.31
vampire,0.271
vandal,0.135
vandalism,0.083
vanish,0.236
vanished,0.208
vanishing,0.292
vanity,0.26
vanquished,0.496
vara,0.49
variations,0.458
varicella,0.184
varicose,0.235
variegated,0.398
varmint,0.417
varnish,0.448
vasectomy,0.208
vassal,0.417
vat,0.333
vaudeville,0.49
vault,0.49
vaulted,0.417
veal,0.438
veer,0.469
vegan,0.49
veiled,0.37
vein,0.347
veined,0.487
vendetta,0.198
vending,0.417
veneer,0.49
venereal,0.302
vengeance,0.103
vengeful,0.15
venom,0.125
venomous,0.159
venous,0.406
vent,0.479
ventilator,0.471
venting,0.375
ventricular,0.44
verbiage,0.429
verbose,0.439
verbosity,0.3
verdict,0.325
vermin,0.167
vernacular,0.479
versus,0.31
vert,0.49
vertebra,0.427
vertebral,0.308
vertex,0.316
vertigo,0.292
very negative,0.062
veryangry,0.323
vesicle,0.359
vesicular,0.214
vessel,0.49
veto,0.271
vexed,0.115
viaduct,0.42
vibrator,0.479
vicarious,0.479
vice,0.296
vicious,0.208
victim,0.115
victimized,0.115
vie,0.484
vigilance,0.49
vigilant,0.469
vigilante,0.418
vile,0.083
villain,0.177
villainous,0.122
vinaigrette,0.49
vindictive,0.092
vinegar,0.276
vinyl,0.49
violate,0.061
violation,0.083
violence,0.061
violent,0.112
violently,0.12
viper,0.173
viral,0.24
virology,0.418
virulence,0.094
virus,0.277
viscosity,0.417
viscous,0.398
visor,0.396
vitreous,0.312
vixen,0.367
voiceless,0.271
voicemail,0.458
void,0.135
volatile,0.323
volatility,0.281
volcanic,0.344
volcano,0.24
volition,0.48
voltage,0.382
vomit,0.073
vomiting,0.156
voodoo,0.188
voracious,0.385
vortex,0.408
votive,0.479
vowel,0.49
voyeur,0.479
vulgar,0.083
vulgarity,0.104
vulnerability,0.25
vulnerable,0.198
vulture,0.316
wacko,0.271
wacky,0.153
wad,0.333
waddle,0.49
wag,0.448
wager,0.479
wagon,0.49
wail,0.418
wait,0.224
waiter,0.459
waiting,0.239
waive,0.276
waiver,0.396
walkout,0.292
wall,0.417
wallop,0.32
wallow,0.286
wan,0.384
wander,0.427
wanderer,0.458
wandering,0.323
wane,0.188
waning,0.375
wanker,0.29
wanton,0.427
war,0.022
warbler,0.48
warcrimes,0.031
ward,0.469
warfare,0.062
warhead,0.219
warlike,0.367
warlock,0.312
warlord,0.167
warn,0.429
warned,0.302
warning,0.229
warp,0.344
warpath,0.28
warped,0.219
warren,0.417
warrior,0.458
warship,0.292
wart,0.082
wartime,0.1
washout,0.383
wasp,0.39
waste,0.041
wastebasket,0.271
wasted,0.188
wasteful,0.173
wasteland,0.365
wasting,0.051
watchful,0.386
watchout,0.396
watery,0.367
waver,0.426
wavering,0.375
wax,0.436
waxy,0.408
way,0.48
wayward,0.344
weak,0.18
weaken,0.112
weakened,0.373
weakling,0.194
weakly,0.27
weakness,0.088
weapon,0.054
weaponry,0.219
wear,0.312
wearer,0.471
wearily,0.327
weariness,0.104
weary,0.194
weasel,0.408
weathered,0.422
wedge,0.49
weed,0.459
weeding,0.458
weeds,0.32
weedy,0.293
weekday,0.49
weenie,0.406
weep,0.053
weeping,0.082
weeping willow,0.344
weepy,0.068
weigh,0.333
weighing,0.449
weight,0.45
weightless,0.46
weights,0.458
weighty,0.427
weir,0.375
weird,0.26
weirdness,0.316
weirdo,0.173
weld,0.417
welder,0.448
wellhead,0.469
welsh,0.49
welt,0.39
wen,0.438
wench,0.469
werewolf,0.235
wet,0.385
wetback,0.271
whack,0.219
whaling,0.281
wham,0.469
whammy,0.461
wharf,0.469
whatdoido,0.406
whatnot,0.375
whatsoever,0.4
whatsthepoint,0.436
wheelbarrow,0.479
wheelchair,0.24
wheeze,0.229
whelp,0.344
whereabouts,0.439
wherewith,0.491
wherewithal,0.388
whiff,0.459
whim,0.378
whimper,0.271
whimsical,0.449
whine,0.342
whiny,0.208
whip,0.208
whiplash,0.257
whipped,0.198
whirl,0.461
whirlwind,0.417
whiskers,0.439
whisper,0.49
whitefish,0.492
whitewash,0.429
whittle,0.347
whopper,0.448
whore,0.135
whorehouse,0.2
wick,0.337
wicked,0.138
wickedness,0.031
wicker,0.427
widow,0.25
widowed,0.205
widower,0.184
wield,0.347
wild,0.312
wildcat,0.458
wildebeest,0.438
wilderness,0.281
wildfire,0.14
willies,0.48
wilt,0.226
wilted,0.245
wily,0.459
wimp,0.184
wimpy,0.188
wince,0.286
winch,0.385
windbag,0.438
winding,0.398
windowsill,0.429
windpipe,0.281
windy,0.33
wino,0.406
wintery,0.388
wintry,0.448
wire,0.48
wired,0.398
wiretap,0.224
wiring,0.49
wishbone,0.494
wistful,0.323
witch,0.292
witchcraft,0.183
withal,0.345
withdraw,0.26
withdrawal,0.275
withdrawals,0.427
withdrawn,0.182
wither,0.15
withered,0.188
withering,0.271
withhold,0.32
withholding,0.165
withstand,0.37
witless,0.198
wiz,0.467
wobble,0.375
wobbly,0.208
woe,0.34
woeful,0.135
woefully,0.204
wolf,0.448
wolverine,0.47
womanizer,0.281
womb,0.375
wont,0.24
wood,0.494
woodwork,0.49
woody,0.469
woof,0.354
woozy,0.177
wop,0.417
workaholic,0.344
workload,0.231
worldly,0.438
worm,0.13
wormhole,0.337
wormwood,0.458
worn,0.35
worried,0.094
worries,0.094
worry,0.245
worrying,0.047
worse,0.062
worsening,0.115
worstfeeling,0.092
worthless,0.083
would,0.493
wound,0.15
wounded,0.115
wounding,0.219
wounds,0.102
wracking,0.244
wrangler,0.417
wrangling,0.146
wrapping,0.46
wrath,0.039
wrathful,0.102
wreak,0.375
wreck,0.22
wreckage,0.082
wrecked,0.078
wrecker,0.229
wrench,0.396
wrenching,0.204
wrest,0.427
wrestle,0.388
wrestling,0.449
wretch,0.04
wretched,0.135
wriggle,0.469
wring,0.36
wringer,0.365
wrinkle,0.15
wrinkled,0.271
wrong,0.042
wrongdoing,0.112
wrongful,0.102
wrongly,0.054
wrought,0.322
wry,0.219
xanax,0.427
xenophobia,0.156
xerox,0.385
yak,0.469
yank,0.271
yard,0.468
yawn,0.385
yawning,0.323
yehey,0.49
yell,0.24
yeller,0.436
yelling,0.323
yelp,0.417
yesteryear,0.469
yew,0.312
yielding,0.49
yoke,0.281
yolk,0.49
yon,0.479
yousuck,0.225
yucky,0.142
yuletide,0.438
zap,0.385
zeal,0.367
zealot,0.48
zealous,0.292
zen,0.492
zephyr,0.479
zeta,0.385
zigzag,0.417
zilch,0.409
zinc,0.357
zip,0.487
zipper,0.39
zit,0.337
zombie,0.214
zoning,0.417
zoom,0.49
,0.253
