term,arousal
aaaaaaah,0.606
aaaah,0.636
abandon,0.519
abashed,0.644
abate,0.696
abba,0.5
abduct,0.72
abduction,0.99
aberrant,0.765
aberration,0.816
abeyance,0.51
abhor,0.602
abhorrence,0.684
abhorrent,0.75
ability,0.51
abject,0.59
ablation,0.5
ablaze,0.847
able,0.5
abnormal,0.604
abnormality,0.655
abolish,0.615
abolition,0.69
abominable,0.731
abominate,0.788
abomination,0.755
abort,0.686
abortion,0.77
abortive,0.776
abracadabra,0.632
abrasion,0.592
abrasive,0.61
abroad,0.596
abrogate,0.51
abrupt,0.819
abruptly,0.808
absinthe,0.51
absolute,0.51
absolution,0.5
absorb,0.558
absurd,0.656
absurdity,0.528
abundance,0.69
abundant,0.59
abuse,0.873
abused,0.874
abusive,0.903
abysmal,0.71
abyss,0.725
accede,0.51
accelerant,0.844
accelerate,0.902
accelerated,0.812
acceleration,0.905
accelerator,0.83
accentuate,0.556
accident,0.908
accidental,0.784
accidentally,0.741
acclaim,0.809
accolade,0.591
accomplice,0.58
accomplish,0.673
accomplished,0.52
accomplishment,0.694
accountability,0.537
accretion,0.519
accumulate,0.536
accumulation,0.527
accursed,0.745
accusation,0.718
accusative,0.755
accuse,0.752
accused,0.67
accuser,0.779
accusing,0.745
ache,0.76
achieve,0.545
achieved,0.519
achievement,0.808
aching,0.88
achy,0.84
acid,0.642
acidity,0.663
acknowledgement,0.539
acknowledgment,0.528
acquiring,0.51
acquisition,0.509
acquisitions,0.66
acquit,0.571
acrobat,0.828
act,0.704
acting,0.643
action,0.898
action figure,0.774
actionable,0.702
activate,0.65
activation,0.8
active,0.73
activist,0.653
activity,0.66
actor,0.561
actress,0.556
acumen,0.66
acute,0.652
acutely,0.543
ad,0.705
adamant,0.529
addict,0.696
addicted,0.712
addiction,0.806
addictive,0.683
additive,0.633
adept,0.539
adhering,0.561
adjournment,0.51
adjudicate,0.52
adjuster,0.54
adjustment,0.52
adjuvant,0.5
admirable,0.6
admiralty,0.547
admiration,0.583
admire,0.692
admired,0.56
admirer,0.72
admiring,0.578
admissibility,0.58
admissible,0.528
admitting,0.5
admonition,0.606
adolescence,0.694
adolescent,0.68
adopt,0.612
adoption,0.566
adorable,0.519
adoration,0.699
adoring,0.62
adrenalin,0.92
adrenaline,0.965
adulterated,0.865
adulterer,0.814
adultery,0.922
advanced,0.623
advancement,0.65
advancing,0.608
advantage,0.548
advantageous,0.64
advent,0.56
adventure,0.857
adventurer,0.839
adventures,0.764
adventurous,0.898
adversary,0.777
adverse,0.61
adversity,0.76
advertise,0.529
advertisement,0.566
advertising,0.608
adverts,0.5
advocacy,0.646
advocate,0.53
aeration,0.5
aerobics,0.771
aerodrome,0.74
aerodynamic,0.724
aerodynamics,0.663
aeronautics,0.633
aeroplane,0.642
aerospace,0.52
affect,0.569
affecting,0.574
affection,0.559
affections,0.547
affidavit,0.584
affiliated,0.519
affiliation,0.594
affinity,0.5
affirm,0.509
affirmation,0.5
affirmative,0.589
affirmatively,0.5
afflict,0.555
afflicted,0.5
affliction,0.635
affluence,0.618
afford,0.58
affront,0.74
affronted,0.75
afire,0.904
afraid,0.775
afresh,0.521
afterlife,0.567
agape,0.529
agglomeration,0.765
aggravate,0.77
aggravated,0.76
aggravates,0.778
aggravating,0.794
aggravation,0.784
aggregation,0.517
aggresive,0.971
aggression,0.929
aggressive,0.949
aggressively,0.926
aggressiveness,0.913
aggressor,0.948
agh,0.5
aghast,0.865
aghhh,0.635
agile,0.657
agility,0.702
agitate,0.796
agitated,0.882
agitation,0.931
aglow,0.51
agonizing,0.8
agony,0.775
agoraphobia,0.712
agreeable,0.5
agressive,0.918
ahead,0.52
ahhh,0.517
ahhhhhhhh,0.649
aiding,0.533
ailing,0.518
ailment,0.734
aim,0.569
airborne,0.519
aircraft,0.644
aircraft carrier,0.74
airfield,0.65
airlift,0.622
airliner,0.777
airlock,0.52
airman,0.716
airplane,0.702
airport,0.684
airspace,0.51
airspeed,0.78
airstrip,0.69
airway,0.585
alarm,0.882
alarm clock,0.727
alarmed,0.822
alarming,0.89
alchemy,0.583
alcohol,0.667
alcoholic,0.688
alcoholism,0.779
alert,0.82
alertness,0.875
alerts,0.804
alibi,0.528
alien,0.615
alienate,0.5
alienation,0.53
alight,0.657
alimentation,0.551
alive,0.637
alkaloids,0.562
allegation,0.578
alleged,0.522
allegorical,0.558
allegory,0.58
allegro,0.627
allergic,0.549
allergy,0.606
alley,0.5
alligator,0.704
allowable,0.5
allsmiles,0.528
allure,0.585
alluring,0.745
almighty,0.874
aloud,0.713
alreadyyyyy,0.717
alter,0.694
alteration,0.798
altercation,0.806
altered,0.765
altimeter,0.51
alzheimers,0.518
amaretto,0.551
amateur,0.5
amaze,0.843
amazed,0.779
amazedness,0.872
amazement,0.8
amazing,0.837
amazingly,0.765
ambassador,0.529
ambition,0.804
ambitious,0.821
ambulance,0.75
ambush,0.83
ameliorate,0.548
ammo,0.765
ammonia,0.587
ammunition,0.635
amorous,0.67
amphetamines,0.667
amplification,0.677
amplify,0.735
amputate,0.66
amputation,0.755
amuck,0.602
amuse,0.684
amused,0.847
amusement,0.837
amusing,0.829
anaconda,0.83
anal,0.798
analytic,0.521
analyzer,0.556
anaphylactic,0.588
anarchism,0.804
anarchist,0.7
anarchy,0.755
ancestry,0.519
androgen,0.523
anecdote,0.529
anemone,0.538
aneurysm,0.69
anger,0.865
angered,0.86
angermanagement,0.632
angina,0.63
angiogram,0.52
angiography,0.536
angriest,0.892
angry,0.83
angrytweet,0.644
angst,0.888
anguish,0.792
anguished,0.72
animal,0.51
animate,0.755
animated,0.676
animation,0.75
animosity,0.724
animus,0.676
annals,0.61
annexation,0.5
annihilate,0.918
annihilated,0.76
annihilation,0.8
anniversary,0.77
announce,0.618
announcer,0.57
annoy,0.765
annoyance,0.718
annoyed,0.783
annoyin,0.573
annoying,0.853
annoys,0.778
anomaly,0.538
anorexic,0.618
answering,0.5
antagonism,0.618
antagonist,0.615
antagonistic,0.604
antagonize,0.663
antecedent,0.551
antelope,0.51
anthill,0.578
anthrax,0.73
antiaircraft,0.622
antichrist,0.837
anticipation,0.539
anticipatory,0.551
antics,0.74
antigravity,0.714
antipathy,0.549
antisocial,0.686
antithetical,0.509
antsy,0.558
anus,0.644
anvil,0.51
anxiety,0.865
anxietyattack,0.925
anxious,0.875
anxiousness,0.814
aorta,0.51
aortic,0.54
apace,0.5
aphrodisiac,0.846
aplomb,0.509
apocalypse,0.867
apocalyptic,0.88
apostasy,0.52
apostate,0.5
appalled,0.792
appalling,0.827
apparition,0.573
appeal,0.598
appear,0.506
appellant,0.588
appendectomy,0.67
appendicitis,0.64
appetite,0.637
appetizer,0.56
appetizing,0.657
applaud,0.824
applause,0.857
applicant,0.558
appointment,0.594
appointments,0.677
appraisal,0.667
appreciates,0.5
appreciation,0.529
apprehend,0.624
apprehension,0.72
apprehensive,0.592
approaching,0.557
approbate,0.59
approbation,0.529
appropriation,0.632
approve,0.548
approvement,0.625
approving,0.583
approximate,0.56
approximating,0.615
aquatic,0.51
arbiter,0.537
arbitrary,0.702
arbitrate,0.62
arbitration,0.602
arcade,0.521
archangel,0.5
archer,0.622
archery,0.604
archetype,0.52
ardent,0.873
ardor,0.78
arduous,0.783
areyoukidding,0.633
areyoukiddingme,0.635
argh,0.538
arghh,0.536
arghhhh,0.618
argue,0.798
argumentation,0.549
argumentative,0.531
arguments,0.602
arise,0.582
aristocracy,0.549
aristocratic,0.519
armada,0.74
armament,0.764
armaments,0.839
armature,0.558
armed,0.75
armor,0.625
armored,0.509
armory,0.663
army,0.759
arousal,0.943
aroused,0.952
arraignment,0.837
arranged,0.531
arrest,0.951
arrhythmia,0.706
arrival,0.51
arrogance,0.75
arrogant,0.755
arsehole,0.598
arseholes,0.545
arsenal,0.741
arson,0.904
arsonist,0.84
arterial,0.51
artery,0.58
artful,0.608
arthritis,0.518
artifact,0.5
artifice,0.696
artillery,0.912
artiste,0.512
artistic,0.646
artists,0.667
asap,0.5
ascend,0.62
ascendancy,0.625
ascendant,0.673
ascending,0.644
ascension,0.72
ascent,0.627
ascertain,0.53
ascertained,0.529
ashamed,0.588
asphyxia,0.704
asphyxiation,0.745
aspiration,0.724
aspiring,0.582
ass,0.75
assail,0.51
assailant,0.868
assassin,0.933
assassinate,0.969
assassination,0.941
assault,0.848
assay,0.559
assemble,0.57
assembly,0.5
assemblyman,0.538
assent,0.515
assert,0.619
asserting,0.531
assess,0.5
assessment,0.623
assessor,0.538
asset,0.765
assets,0.613
asshole,0.582
assistance,0.519
association,0.5
asteroid,0.721
asteroids,0.694
asthma,0.549
asthmatic,0.706
astonish,0.845
astonished,0.775
astonishing,0.802
astonishingly,0.898
astonishment,0.718
astound,0.675
astray,0.676
astringent,0.5
astrologer,0.519
astronaut,0.601
astronomer,0.509
astronomical,0.632
astute,0.658
athlete,0.718
athletic,0.798
athleticism,0.863
athletics,0.691
atom,0.5
atomic,0.817
atone,0.673
atonement,0.602
atrocious,0.811
atrocity,0.844
atrophy,0.54
attack,0.948
attacker,0.962
attacking,0.837
attain,0.51
attainable,0.5
attainment,0.52
attempted,0.58
attendance,0.5
attention,0.599
attentionseeker,0.745
attentionseekers,0.673
attentive,0.52
attest,0.71
attestation,0.635
attitude,0.644
attorney,0.594
attract,0.663
attraction,0.774
attractive,0.63
attractiveness,0.667
attrition,0.54
auction,0.702
auctioneer,0.732
audacious,0.875
audacity,0.755
audience,0.61
audit,0.562
audition,0.685
auditions,0.765
auditor,0.571
augment,0.683
augmentation,0.613
auspices,0.5
auspicious,0.635
authentic,0.51
authenticity,0.548
authoritative,0.52
authority,0.592
authorization,0.567
authorize,0.596
authorship,0.635
autism,0.5
auto,0.569
autocratic,0.577
autograph,0.565
autographed,0.62
automobile,0.625
automotive,0.52
autopsy,0.65
availability,0.544
avalanche,0.915
avarice,0.726
avenge,0.867
avenger,0.865
avenging,0.88
averse,0.569
averseness,0.606
aversion,0.663
aviation,0.646
aviator,0.7
awakening,0.5
award,0.745
awards,0.736
awe,0.74
awed,0.774
awesome,0.897
awesomeness,0.647
awestruck,0.767
awful,0.786
awkward,0.65
awry,0.54
axe,0.69
ay,0.557
babe,0.536
babysit,0.587
baccalaureate,0.51
bachelorette,0.78
backfire,0.612
backhoe,0.554
backpacker,0.73
backroom,0.5
backtrack,0.525
backup,0.51
backwardness,0.5
bacteria,0.553
bacterial,0.5
bacterium,0.545
bad,0.625
badass,0.775
badfeeling,0.559
badhabit,0.594
badly,0.509
badness,0.823
baffled,0.6
bagman,0.5
bagpipes,0.556
bail,0.52
bailiff,0.519
bakery,0.5
ballerina,0.66
ballgame,0.79
ballistic,0.806
ballistics,0.787
ballpark,0.694
ballplayer,0.764
ballroom,0.635
ban,0.689
band,0.552
bandit,0.796
bandstand,0.536
bandwagon,0.651
bane,0.694
bang,0.951
banger,0.54
banish,0.677
banished,0.713
banishment,0.775
banker,0.588
bankroll,0.57
bankrupt,0.673
bankruptcy,0.696
banquet,0.571
banshee,0.565
banter,0.677
banzai,0.51
bar,0.531
barbarian,0.896
barbaric,0.798
barbarism,0.815
barbecue,0.643
barbed,0.594
bare,0.717
bargain,0.533
bargaining,0.64
baritone,0.529
bark,0.602
barkeep,0.5
barks,0.694
barman,0.61
barrack,0.5
barracuda,0.713
barrage,0.871
barred,0.741
barricade,0.667
barring,0.67
barrister,0.57
barroom,0.619
bartender,0.698
barter,0.559
baseball,0.76
baseball bat,0.567
basement,0.5
bash,0.546
basketball,0.764
bastard,0.692
bastarding,0.608
bastards,0.68
bastion,0.5
bate,0.525
battalion,0.818
battered,0.79
battering,0.798
battle,0.945
battled,0.794
battlefield,0.918
battleground,0.958
battleship,0.75
batty,0.619
bawdy,0.823
bawl,0.88
bayonet,0.775
bazooka,0.824
bday,0.6
beach,0.529
beaches,0.5
beaming,0.654
bear,0.57
bearer,0.547
bearish,0.549
beast,0.78
beastly,0.874
beat,0.647
beaten,0.846
beater,0.545
beating,0.833
beatnik,0.51
beautification,0.575
beautiful,0.614
beautify,0.592
beauty,0.6
become,0.583
bee,0.509
beehive,0.7
beep,0.541
beeper,0.72
beer,0.654
bees,0.635
befall,0.663
befriend,0.624
befuddled,0.714
beg,0.608
begin,0.569
beginning,0.528
beginnings,0.527
begrudge,0.731
begun,0.5
behappy,0.557
behemoth,0.781
beholden,0.555
belch,0.562
believed,0.562
bell,0.51
belligerent,0.68
bellows,0.515
bellyful,0.806
beloved,0.613
bender,0.51
bending,0.565
benefactor,0.578
beneficial,0.579
bequeath,0.5
bereavement,0.677
berserk,0.556
beset,0.717
bestdayever,0.646
bestfeeling,0.509
bestfriends,0.662
bestial,0.761
besties,0.509
bestow,0.56
bestseller,0.643
bet,0.698
betray,0.87
betrayal,0.719
betrayed,0.769
betrothed,0.63
betterment,0.536
betting,0.804
beware,0.596
bewilder,0.571
bewildered,0.63
bewilderment,0.716
biceps,0.588
bicker,0.643
bickering,0.8
bicycle,0.519
bid,0.53
bidding,0.644
bifurcation,0.625
big,0.588
bigamy,0.696
bigday,0.689
biggestfear,0.73
bighorn,0.547
bigmouth,0.577
bigot,0.745
bigoted,0.76
bigotry,0.737
bike,0.5
biker,0.71
bikini,0.639
billet,0.583
billiard,0.616
billiards,0.559
billion,0.564
billionaire,0.667
binge,0.65
bingo,0.667
biochemistry,0.531
bionic,0.57
biopsy,0.657
bipolar,0.685
birdman,0.567
birth,0.655
birthday,0.844
birthing,0.877
bisexual,0.765
bitch,0.74
bitchy,0.7
bite,0.796
biter,0.598
bitter,0.627
bitterly,0.685
bitterness,0.633
bittersweet,0.569
bizarre,0.62
blabbermouth,0.64
black snake,0.86
blacken,0.5
blackjack,0.679
blacklist,0.75
blackmail,0.802
blackmailer,0.78
blackout,0.53
blacksmith,0.531
blade,0.602
blame,0.64
blare,0.561
blasphemous,0.755
blasphemy,0.794
blast,0.929
blaster,0.538
blastoff,0.865
blatant,0.677
blazing,0.896
bleed,0.843
bleeder,0.852
bleeding,0.817
bleep,0.667
blemish,0.558
blender,0.534
blight,0.771
blighted,0.615
blindfold,0.684
blindfolded,0.564
blinding,0.596
blindly,0.598
bliss,0.5
blissful,0.639
blister,0.538
blistering,0.569
blitz,0.722
blizzard,0.726
bloat,0.694
bloated,0.593
blockade,0.519
blockage,0.608
blockbuster,0.676
blonde,0.545
blood,0.684
bloodbath,0.971
bloodline,0.657
bloodshed,0.942
bloodshot,0.81
bloodstream,0.53
bloodthirsty,0.804
bloody,0.91
bloomers,0.587
blotched,0.562
blow,0.75
blower,0.55
blowjob,0.784
blown,0.548
blowout,0.792
blowtorch,0.73
bluddy,0.528
bluejay,0.52
blunder,0.635
blunt,0.68
blush,0.61
blushing,0.789
boa,0.569
boa constrictor,0.784
boar,0.5
boardroom,0.566
boast,0.586
boastful,0.806
boasting,0.62
boating,0.613
boatman,0.573
bobsled,0.613
bodyguard,0.71
bogey,0.519
bogeyman,0.708
bohemian,0.5
boil,0.684
boiler,0.59
boilerplate,0.519
boiling,0.69
boisterous,0.806
boldness,0.684
bomb,0.912
bombard,0.961
bombardier,0.863
bombardment,0.959
bombed,0.851
bomber,0.837
bombers,0.92
bombing,0.963
bombshell,0.868
bonbon,0.551
bond,0.519
bondage,0.705
bonehead,0.521
boner,0.612
bonfire,0.719
bong,0.566
bonkers,0.847
bonnet,0.509
bonus,0.62
boo,0.676
boob,0.6
booger,0.537
boogeyman,0.559
boogie,0.543
bookie,0.633
booking,0.503
bookmaker,0.804
boom,0.655
boomer,0.539
boomerang,0.625
booming,0.554
boooo,0.549
boost,0.73
booster,0.6
boot,0.65
bootleg,0.519
bootlegger,0.649
booty,0.587
booze,0.745
bopper,0.53
borderline,0.52
borer,0.549
born,0.509
borrow,0.573
bosom,0.588
boss,0.627
bossy,0.824
bother,0.78
bothering,0.764
botulism,0.575
bounce,0.633
bouncer,0.653
bouncy,0.565
bound,0.667
boundless,0.642
bountiful,0.596
bounty,0.755
bourgeois,0.593
bout,0.808
bowler,0.633
boxer,0.81
boxers,0.88
boxing,0.854
boycott,0.69
boyfriend,0.604
boyhood,0.745
boyish,0.562
bra,0.529
brag,0.545
brains,0.557
brainstorm,0.784
brainwash,0.647
brainy,0.52
brandy,0.59
brash,0.814
bravado,0.51
brave,0.75
bravery,0.745
brawl,0.938
brazen,0.64
breach,0.745
breakable,0.667
breakaway,0.802
breaker,0.527
breakers,0.588
breaking and entering,0.729
breakingnews,0.552
breakneck,0.833
breakthrough,0.525
breakup,0.72
breathtaking,0.792
breech,0.637
brew,0.538
brewery,0.622
brewing,0.593
bribe,0.69
bribery,0.775
bridal,0.655
bride,0.708
bridegroom,0.736
bridesmaid,0.519
brig,0.539
brigade,0.71
bright,0.527
brighten,0.547
brightens,0.611
brighter,0.698
brightness,0.623
brilliance,0.673
brilliant,0.575
brimming,0.69
brimstone,0.52
brisk,0.745
broadcast,0.587
broadcasting,0.7
broaden,0.602
broadsword,0.573
broke,0.59
broken,0.5
brokenheart,0.577
brokenhearted,0.598
brokerage,0.5
bronco,0.51
brood,0.519
brothel,0.886
browse,0.75
brrr,0.54
bruise,0.64
bruising,0.52
brunette,0.528
brunt,0.75
brutal,0.882
brutality,0.832
brute,0.547
brutish,0.837
bubbly,0.608
bubonic,0.53
buck,0.577
buckshot,0.74
budding,0.5
buddy,0.585
budge,0.755
buffalo,0.528
buffet,0.546
buffoon,0.651
bug,0.5
bugger,0.627
buggy,0.509
bugle,0.588
bugler,0.54
build,0.546
builder,0.642
buildup,0.509
bulimic,0.57
bulky,0.591
bull,0.64
bulldog,0.65
bulldozer,0.549
bullet,0.794
bulletproof,0.721
bullfighter,0.794
bullheaded,0.74
bullhorn,0.653
bullion,0.558
bullpen,0.549
bullshit,0.676
bully,0.755
bulwark,0.552
bummer,0.5
bumper,0.573
bumpy,0.683
bungee,0.545
bunker,0.673
burden,0.583
burdened,0.519
burdensome,0.696
bureaucracy,0.578
bureaucrat,0.519
bureaucratic,0.63
burger,0.568
burglar,0.769
burglary,0.918
burial,0.577
buried,0.53
burlesque,0.615
burly,0.65
burn,0.783
burned,0.603
burner,0.816
burning,0.76
burnished,0.58
burnt,0.713
burp,0.594
burst,0.894
bury,0.571
business,0.569
business man,0.598
businessman,0.51
businesswoman,0.5
buss,0.5
bust,0.5
busted,0.676
bustle,0.814
bustling,0.85
busy,0.5
busybody,0.634
butcher,0.575
butt,0.725
butterscotch,0.51
buttock,0.6
buttocks,0.677
buttress,0.684
buxom,0.719
buy,0.769
buyer,0.519
buying,0.784
buzz,0.686
buzzard,0.5
buzzed,0.549
buzzer,0.716
buzzing,0.588
cabaret,0.656
caboodle,0.521
cabriolet,0.525
cacophony,0.562
cadaver,0.69
caffeine,0.759
cahoots,0.696
cakewalk,0.51
calamitous,0.685
calamity,0.795
caliber,0.551
calipers,0.51
calisthenics,0.663
call,0.627
callback,0.529
caller,0.615
calling,0.59
callous,0.5
calorie,0.54
calorimeter,0.56
camaraderie,0.51
camouflage,0.585
camp,0.617
campaign,0.73
campaigner,0.698
campaigning,0.663
camper,0.529
campfire,0.509
camping,0.529
cancer,0.694
candidacy,0.657
candlestick,0.531
canine,0.569
cannabis,0.5
cannibal,0.824
cannibalism,0.89
cannon,0.676
cannonball,0.84
canon,0.519
canons,0.588
cantbreathe,0.667
canteen,0.6
canthandleit,0.613
cantilever,0.618
cantina,0.612
cantstandit,0.546
cantwin,0.509
canyon,0.731
capability,0.571
capable,0.587
capital,0.5
capitalism,0.686
capitalist,0.577
capitalize,0.601
capitals,0.5
capitation,0.529
capitulation,0.546
caprice,0.64
capricious,0.65
captain,0.653
captivate,0.604
captivating,0.594
captive,0.558
captor,0.625
capture,0.65
car,0.54
carat,0.604
caravan,0.559
carburetor,0.612
carcass,0.529
carcinoma,0.692
cardiac,0.765
cardiologist,0.63
cardiology,0.545
cardiomyopathy,0.645
career,0.712
careful,0.538
caretaker,0.531
caries,0.569
carjack,0.682
carnage,0.6
carnal,0.679
carnival,0.888
carnivorous,0.613
carousel,0.5
carpenter,0.55
carpool,0.509
carriage,0.538
carrier,0.588
carrying,0.557
carsick,0.574
cartridge,0.5
carver,0.5
cascade,0.509
cash,0.552
casino,0.684
cast,0.62
castaway,0.646
caster,0.67
castration,0.735
catabolism,0.573
catalysis,0.559
catalyst,0.509
catalytic,0.519
catamaran,0.566
catapult,0.83
cataract,0.545
catastrophe,0.952
catastrophic,0.934
catatonic,0.5
catching,0.788
cater,0.5
caterer,0.557
cathartic,0.51
caulk,0.5
caused,0.52
caution,0.712
cautionary,0.541
cavalry,0.727
caveat,0.629
caveman,0.644
cavernous,0.548
ceasefire,0.594
ceaseless,0.704
celebrant,0.656
celebrate,0.857
celebrated,0.69
celebrating,0.86
celebration,0.824
celebrations,0.794
celebratory,0.653
celebrity,0.619
cellblock,0.57
cellist,0.5
cellmate,0.684
cemetery,0.63
censorship,0.698
censure,0.653
centrifugal,0.651
centrifuge,0.622
cerebral,0.509
ceremonial,0.54
ceremony,0.559
cha cha,0.546
chagrin,0.704
chagrined,0.745
chain,0.5
chainsaw,0.804
chairman,0.567
chairperson,0.657
chairwoman,0.664
challenge,0.922
challenger,0.755
chameleon,0.58
champ,0.754
champagne,0.6
champion,0.88
championship,0.8
chance,0.551
chancellor,0.5
chandelier,0.542
change,0.575
changer,0.519
changing,0.569
chant,0.698
chaos,0.923
chaotic,0.847
chaperon,0.52
chapman,0.529
charade,0.55
chardonnay,0.567
charge,0.633
chargeable,0.55
chariot,0.55
charisma,0.591
charismatic,0.684
charlatan,0.64
charmed,0.57
charmer,0.683
charming,0.66
charred,0.676
chase,0.878
chased,0.83
chaser,0.83
chasm,0.579
chastened,0.58
chastisement,0.852
chatterbox,0.548
chattering,0.663
chatty,0.548
chauvinist,0.539
cheapened,0.611
cheat,0.776
cheater,0.92
check,0.552
checklist,0.521
checkmate,0.708
checkout,0.51
cheeky,0.679
cheer,0.784
cheered,0.648
cheerful,0.72
cheerfulness,0.802
cheering,0.824
cheerleader,0.746
cheerleading,0.769
cheers,0.77
cheery,0.657
cheeseburger,0.529
cheetah,0.77
chemical,0.56
chemist,0.575
chemistry,0.52
chemo,0.686
chemotherapy,0.689
cheque,0.529
chic,0.624
chick,0.602
chicken pox,0.51
chickenpox,0.562
chief,0.544
chiefly,0.587
chieftain,0.529
childbirth,0.861
childloss,0.571
children,0.538
chili,0.566
chilling,0.85
chime,0.541
chimera,0.582
chimp,0.588
chimpanzee,0.633
chipmunk,0.562
chipper,0.588
chiropractor,0.549
chirp,0.602
chiseler,0.606
choice,0.52
choke,0.788
cholera,0.867
cholesterol,0.583
choose,0.542
choosing,0.529
choosy,0.76
chop,0.655
chopper,0.56
choppers,0.745
chopping,0.625
choreographer,0.639
choreography,0.75
christ,0.51
christmas,0.52
christmasbreak,0.64
christmasspirit,0.602
christmassy,0.698
christmastime,0.588
chromatography,0.537
chronic,0.615
chronicle,0.571
chuck,0.509
chuckle,0.736
chunky,0.517
chute,0.745
cigarette,0.528
cinema,0.538
cinematography,0.571
circling,0.654
circuitry,0.615
circulation,0.52
circulatory,0.575
circumcision,0.657
circumscribed,0.539
circumstance,0.565
circumstances,0.527
circumstantial,0.538
circumvent,0.642
circumvention,0.571
circus,0.637
cirque,0.647
cirrhosis,0.602
citation,0.549
city,0.531
citywide,0.509
claim,0.76
claimant,0.69
clairvoyant,0.531
clambake,0.54
clamor,0.643
clandestine,0.677
clang,0.52
clap,0.731
clapping,0.894
clarify,0.535
clash,0.918
clashing,0.764
classic rock,0.571
clatter,0.82
claustrophobia,0.84
claustrophobic,0.755
claw,0.6
claws,0.698
cleaner,0.556
cleavage,0.602
cleave,0.545
cleaver,0.627
clench,0.618
clerk,0.579
cleverness,0.509
clientele,0.577
cliff,0.62
climax,0.853
climb,0.66
climber,0.716
clinch,0.538
cling,0.62
clipping,0.5
clitoris,0.844
cloaking,0.595
clobber,0.578
clog,0.618
cloning,0.696
clot,0.558
clout,0.636
clown,0.598
clowns,0.673
club,0.618
clubhouse,0.571
clubs,0.53
clutch,0.5
clutter,0.598
coach,0.823
coagulation,0.558
coalition,0.73
coaster,0.788
cobra,0.712
cocaine,0.84
cock,0.562
cockamamie,0.5
cockroach,0.667
cocksucker,0.764
cocky,0.784
codeine,0.582
coed,0.531
coerce,0.741
coercion,0.708
coercive,0.67
cognac,0.51
cohabitation,0.526
cohesion,0.536
cohort,0.551
coiled,0.518
coin,0.574
cold,0.538
colic,0.736
coliseum,0.663
collaboration,0.628
collapse,0.689
collectively,0.573
collide,0.892
collision,0.848
collusion,0.51
colonel,0.592
colonoscopy,0.524
coloration,0.52
colorful,0.52
colossal,0.692
colt,0.587
columbine,0.521
combat,0.846
combatant,0.853
combative,0.69
combustible,0.65
combustion,0.807
comedian,0.735
comedy,0.555
comet,0.679
comical,0.737
comics,0.556
command,0.79
commandant,0.7
commandeer,0.639
commander,0.615
commanding,0.664
commando,0.71
commemorate,0.602
commemoration,0.615
commence,0.585
commend,0.694
commendable,0.57
commendation,0.5
commentator,0.51
commerce,0.5
commie,0.519
commissary,0.5
commit,0.529
commitment,0.71
committal,0.519
committed,0.542
commodore,0.53
commotion,0.7
communicative,0.56
communicator,0.509
communism,0.57
communist,0.702
commute,0.582
commuter,0.52
compel,0.847
compelled,0.654
compelling,0.57
compete,0.745
competence,0.802
competency,0.775
competent,0.56
competition,0.79
competitive,0.718
competitor,0.959
compilation,0.512
complacency,0.503
complain,0.682
complaint,0.606
completing,0.5
complex,0.608
complexed,0.577
complexion,0.52
complexity,0.62
complicate,0.657
complicated,0.66
complication,0.726
complicity,0.684
composer,0.588
compression,0.521
compromise,0.52
compulsion,0.76
compulsive,0.871
compulsory,0.541
con,0.736
concatenation,0.593
concealment,0.57
conceit,0.625
conceited,0.667
conceive,0.538
concentration,0.5
concern,0.734
concerned,0.698
concert,0.867
concerto,0.759
concours,0.53
concourse,0.657
concubine,0.594
concurrence,0.627
concurrent,0.547
concurring,0.6
concussion,0.708
condemn,0.793
condemnation,0.725
condom,0.637
conduct,0.51
conduction,0.557
conductivity,0.575
conductor,0.663
confederacy,0.541
confederate,0.546
conference,0.615
confess,0.712
confession,0.642
confessions,0.538
confetti,0.573
confidant,0.633
confine,0.551
confinement,0.656
confirmatory,0.5
confiscate,0.625
confiscation,0.706
conflagration,0.721
conflict,0.906
conflicting,0.738
confluence,0.598
confound,0.529
confounded,0.528
confront,0.76
confrontation,0.87
confuse,0.58
confused,0.65
confusing,0.69
confusion,0.667
conga,0.529
congestion,0.654
conglomerate,0.5
conglomeration,0.72
congrats,0.726
congratulate,0.724
congratulation,0.78
congratulations,0.755
congratulatory,0.616
congregate,0.53
conjugal,0.51
conjure,0.679
conjuring,0.653
connected,0.55
connection,0.56
conquer,0.873
conquering,0.873
conqueror,0.809
conquest,0.702
conscription,0.775
consecrated,0.5
consent,0.5
consequence,0.721
consistency,0.5
consort,0.509
conspicuous,0.52
conspiracy,0.787
conspirator,0.786
conspire,0.74
constable,0.667
constantly,0.561
constellation,0.533
consternation,0.68
constipation,0.612
constituent,0.5
constrain,0.5
constrained,0.537
constraint,0.55
construct,0.648
construction,0.612
constructive,0.57
construe,0.519
consume,0.62
consumer,0.551
consuming,0.541
consummate,0.54
consummation,0.676
consumption,0.531
contagion,0.63
contagious,0.725
contaminate,0.611
contaminated,0.5
contamination,0.61
contempt,0.635
contemptible,0.657
contemptuous,0.5
contend,0.657
contender,0.79
contending,0.698
contented,0.612
contention,0.51
contentious,0.573
contentment,0.61
contest,0.698
contestant,0.53
contingency,0.5
contingent,0.531
continuance,0.51
continuing,0.5
continuous,0.509
contraband,0.875
contraception,0.518
contracted,0.557
contractile,0.586
contraction,0.755
contradict,0.598
contradiction,0.66
contradictory,0.651
contraption,0.59
contrasted,0.538
contravene,0.618
contravention,0.627
contributor,0.51
contrition,0.583
contrived,0.53
controller,0.712
controversial,0.858
controversy,0.819
contusion,0.565
conundrum,0.524
convene,0.676
convention,0.622
conversation,0.51
conversion,0.605
convert,0.538
convertible,0.529
convey,0.633
conveyance,0.52
convict,0.84
conviction,0.704
convince,0.539
convinced,0.5
convincing,0.527
convocation,0.611
convoluted,0.614
convolution,0.559
convoy,0.671
cook,0.5
cooking,0.51
cool,0.54
coordinator,0.51
cop,0.77
cope,0.647
copilot,0.538
coping,0.63
copter,0.704
copycat,0.58
coral snake,0.712
cornet,0.52
coronary,0.613
coronation,0.592
coroner,0.558
corpse,0.657
corral,0.662
correctional,0.713
corrective,0.528
correspondent,0.565
corridor,0.589
corrosion,0.61
corrosive,0.618
corrupt,0.806
corrupting,0.804
corruption,0.83
corset,0.52
corvette,0.52
cosmic,0.538
cosmopolitan,0.51
costly,0.65
costume,0.51
cougar,0.588
cough,0.627
counsel,0.519
countdown,0.692
counteract,0.542
counterattack,0.951
counterclaim,0.76
counterfeit,0.694
counterpart,0.608
counterpoint,0.509
countless,0.566
coup,0.815
couple,0.605
courage,0.728
courageous,0.587
court,0.769
courthouse,0.503
courtroom,0.67
courts,0.71
coven,0.578
covert,0.57
covet,0.779
coveted,0.73
cowardice,0.621
cowboy,0.625
cowgirl,0.566
crabby,0.812
crack,0.625
cracked,0.52
crackerjack,0.509
cracking,0.557
crackle,0.643
crackpot,0.602
crafty,0.679
cram,0.73
crammed,0.74
cramp,0.796
cramped,0.567
cranial,0.51
cranky,0.776
crap,0.644
crappy,0.582
crash,0.906
crater,0.647
crave,0.51
craving,0.755
crawl,0.519
craze,0.657
crazed,0.877
craziness,0.908
crazy,0.843
creak,0.67
creaking,0.743
create,0.588
creation,0.575
creative,0.518
creativity,0.684
creator,0.592
creature,0.625
credit,0.549
credit card,0.55
creditable,0.51
crediting,0.55
creditor,0.594
creep,0.647
creeper,0.558
creeping,0.613
creepy,0.861
cremation,0.62
crescendo,0.575
cretin,0.583
cretins,0.741
crew,0.598
crewman,0.58
cricket,0.539
cried,0.612
crime,0.943
criminal,0.83
criminality,0.863
crimp,0.557
cringe,0.84
crippling,0.598
crisis,0.811
crisp,0.692
crispy,0.55
critic,0.604
critical,0.802
criticise,0.7
criticism,0.563
criticize,0.708
criticized,0.6
critique,0.76
critter,0.539
crocodile,0.708
crook,0.765
crooked,0.594
croquet,0.519
crossbow,0.598
crossfire,0.896
crossover,0.55
crotch,0.637
crouch,0.606
croupier,0.519
crowbar,0.531
crowd,0.827
crowds,0.723
crown,0.572
crowning,0.594
crucial,0.657
crucifixion,0.857
crucify,0.878
cruel,0.866
cruelly,0.79
cruelty,0.836
cruise ship,0.65
cruising,0.58
crumbling,0.696
crummy,0.531
crunch,0.63
crunchy,0.56
crusade,0.72
crusader,0.588
crush,0.676
crushed,0.647
crusher,0.709
crushing,0.755
crusty,0.531
crux,0.558
cry,0.627
crybaby,0.702
crying,0.704
cryptic,0.516
cuckold,0.573
cuddle,0.559
cuddled,0.547
cuddling,0.562
cull,0.702
culminate,0.55
culmination,0.586
culpability,0.745
culpable,0.7
culprit,0.676
cult,0.535
cumbersome,0.623
cunning,0.685
cunt,0.673
cupping,0.61
cur,0.519
curfew,0.618
curiosity,0.755
curious,0.6
curling,0.592
curse,0.72
cursed,0.783
cursing,0.86
curt,0.61
curtailment,0.578
curvilinear,0.575
cusp,0.71
cuss,0.538
cussed,0.625
custodian,0.625
customized,0.504
cute,0.528
cutie,0.528
cutlass,0.648
cutoff,0.51
cutter,0.731
cutters,0.653
cutthroat,0.823
cutting board,0.54
cyanide,0.667
cyberspace,0.594
cyclist,0.582
cyclone,0.796
cynic,0.632
cynical,0.76
cynicism,0.78
cyst,0.578
cytomegalovirus,0.657
dabble,0.53
dabbling,0.726
dagger,0.797
daiquiri,0.519
dam,0.553
damage,0.726
damaged,0.635
damages,0.76
damn,0.784
damnation,0.75
damned,0.76
dance,0.84
dancer,0.768
dancing,0.868
dandy,0.52
danger,0.923
dangerous,0.941
dangerously,0.93
dangit,0.606
dapper,0.56
dare,0.788
daredevil,0.714
daring,0.84
darkly,0.548
darkness,0.602
darkroom,0.627
darkside,0.69
darn,0.765
dart,0.608
dashing,0.627
dastardly,0.688
datenight,0.637
daze,0.735
dazed,0.697
dazzle,0.782
dazzling,0.88
deadline,0.615
deadlines,0.769
deadly,0.849
deafening,0.835
deal,0.599
dealer,0.615
dearth,0.539
death,0.72
deathbed,0.652
deathly,0.771
debacle,0.606
debased,0.529
debatable,0.61
debate,0.691
debauchery,0.901
debenture,0.5
debriefing,0.58
debt,0.598
debtor,0.546
debut,0.606
debutante,0.627
decadent,0.559
decanter,0.567
decathlon,0.753
decaying,0.51
deceased,0.538
deceit,0.696
deceitful,0.788
deceive,0.775
deceived,0.673
deceiving,0.636
december,0.54
deception,0.745
deceptive,0.605
decide,0.54
decipher,0.63
decision,0.51
decisive,0.509
declaration,0.59
declaratory,0.582
declare,0.623
declination,0.549
decode,0.51
decompose,0.596
decomposition,0.6
decompression,0.52
decontamination,0.538
decorating,0.548
decoration,0.553
decry,0.814
deduce,0.51
deejay,0.63
deem,0.529
deepen,0.53
defamation,0.67
defamatory,0.688
defeat,0.5
defeated,0.582
defeatist,0.567
defect,0.561
defection,0.594
defective,0.58
defector,0.696
defend,0.722
defendant,0.71
defender,0.708
defending,0.871
defense,0.698
defensible,0.509
defensive,0.64
deferral,0.542
deferring,0.5
defiance,0.78
defiant,0.792
defibrillator,0.663
deficit,0.5
deflation,0.536
deflection,0.5
defloration,0.69
deform,0.654
deformity,0.569
defraud,0.635
defray,0.598
deft,0.575
defy,0.884
degeneracy,0.72
degenerate,0.724
degeneration,0.578
degradation,0.608
degrade,0.5
degrading,0.583
dehydrated,0.685
dejected,0.654
delay,0.51
delectable,0.642
deleterious,0.725
deletion,0.506
deliberate,0.654
deliberation,0.678
deliberative,0.552
delicious,0.65
delight,0.666
delighted,0.664
delightful,0.735
delinquency,0.86
delinquent,0.904
delirious,0.774
delirium,0.694
deliverance,0.52
delude,0.627
deluge,0.714
delusion,0.647
delusional,0.745
deluxe,0.612
delve,0.529
demand,0.673
demanding,0.75
demeaned,0.52
demeaning,0.645
demented,0.787
dementia,0.779
demise,0.596
democracy,0.5
democratic,0.519
demolish,0.632
demolished,0.647
demolition,0.827
demon,0.908
demonic,0.875
demonstrate,0.552
demonstrated,0.5
demonstrating,0.571
demonstration,0.676
demonstrative,0.528
demonstrator,0.598
demoralized,0.59
deniability,0.509
denied,0.604
denounce,0.78
dent,0.606
dentist,0.62
dentistry,0.57
dentists,0.6
denunciation,0.83
deny,0.667
denying,0.542
departed,0.536
departure,0.5
depict,0.529
depicting,0.566
deplorable,0.657
deplore,0.575
deploy,0.52
deployment,0.52
deport,0.667
deportation,0.786
deposition,0.51
depraved,0.837
depravity,0.854
depreciate,0.623
depreciated,0.672
depreciation,0.571
depress,0.635
depressing,0.559
depression,0.52
deprivation,0.61
deprive,0.591
deprived,0.506
depth,0.561
deputy,0.53
derail,0.802
deranged,0.868
derision,0.67
derivation,0.519
dermatology,0.5
derogatory,0.58
descend,0.535
desecrate,0.806
desecration,0.833
deserter,0.71
desertion,0.63
deserved,0.582
deserving,0.596
designate,0.538
designation,0.571
designer,0.519
desirability,0.55
desirable,0.735
desire,0.692
desiring,0.821
desirous,0.824
despair,0.794
despairing,0.735
desperado,0.745
desperate,0.842
desperation,0.904
despicable,0.71
despise,0.745
despotic,0.824
despotism,0.696
destroy,0.935
destroyed,0.696
destroyer,0.83
destroying,0.828
destruct,0.868
destruction,0.929
destructive,0.87
detach,0.625
detachment,0.7
detainee,0.51
detect,0.52
detectable,0.539
detection,0.567
detective,0.764
detector,0.63
detention,0.698
deter,0.537
deteriorated,0.549
deterioration,0.512
determinable,0.565
determination,0.725
determined,0.528
detest,0.8
detestation,0.637
detonate,0.85
detonation,0.931
detonator,0.875
detour,0.539
detriment,0.538
detrimental,0.679
devastate,0.796
devastated,0.544
devastating,0.856
devastation,0.904
develop,0.67
developer,0.653
developing,0.587
development,0.5
deviant,0.589
deviate,0.562
deviating,0.634
deviation,0.513
devil,0.9
deviled,0.559
devilish,0.865
devious,0.519
devise,0.557
devotion,0.561
devour,0.888
dexterity,0.673
diabolical,0.912
diagnose,0.52
diagnosis,0.5
dialectic,0.54
dialysis,0.567
diamond,0.606
diamonds,0.684
diarrhea,0.684
diarrhoea,0.692
diatribe,0.569
dicey,0.833
dick,0.5
dickhead,0.608
dicks,0.694
dictator,0.76
dictatorial,0.77
dictatorship,0.806
dictum,0.51
diddle,0.566
die,0.765
died,0.65
difference,0.56
differences,0.582
differentiation,0.561
difficult,0.7
difficulties,0.784
difficulty,0.74
diffusion,0.615
dig,0.585
dignify,0.588
digress,0.625
digs,0.67
dilapidated,0.618
dilatation,0.574
dildo,0.587
dilemma,0.59
dine,0.519
dinosaur,0.63
dip,0.583
dire,0.66
directive,0.53
director,0.58
dirt,0.5
disagree,0.59
disagreeable,0.643
disagreeing,0.643
disagreement,0.618
disallow,0.519
disallowed,0.5
disappearance,0.698
disappoint,0.633
disappointing,0.64
disapproval,0.551
disapprove,0.594
disapproved,0.55
disapproving,0.625
disarm,0.528
disarray,0.657
disaster,0.892
disastrous,0.741
discern,0.566
discerning,0.584
discharge,0.538
disciplinary,0.593
disclaim,0.509
disclaimer,0.571
disclose,0.57
disclosed,0.575
disclosure,0.615
disco,0.806
discomfort,0.719
disconcerted,0.612
disconcerting,0.549
discontent,0.53
discontinuance,0.741
discord,0.882
discount,0.53
discourse,0.55
discover,0.793
discovery,0.627
discredit,0.529
discrepancy,0.643
discriminate,0.761
discriminating,0.783
discrimination,0.724
discuss,0.769
discussion,0.842
disease,0.539
diseased,0.51
disembodied,0.62
disengage,0.529
disfigured,0.613
disgrace,0.531
disgraced,0.661
disgraceful,0.702
disgruntled,0.658
disguise,0.694
disguised,0.615
disgust,0.775
disgusted,0.773
disgusting,0.796
dishonesty,0.592
dishonor,0.62
dishonorable,0.641
disillusionment,0.519
disinfection,0.556
disinformation,0.577
disingenuous,0.509
disintegrate,0.66
disintegration,0.551
disjointed,0.518
disliked,0.51
disliking,0.637
dislocated,0.625
dislocation,0.565
dislodge,0.769
disloyal,0.582
disloyalty,0.716
dismantle,0.644
dismay,0.681
dismayed,0.735
dismemberment,0.86
dismiss,0.541
dismissal,0.723
dismissive,0.541
disobedience,0.868
disobedient,0.706
disobey,0.556
disorder,0.816
disordered,0.714
disorderly,0.748
disorganized,0.507
disoriented,0.643
disown,0.637
disparage,0.663
disparaging,0.626
disparate,0.5
dispatcher,0.704
dispense,0.52
dispersal,0.507
disperse,0.569
dispersion,0.604
displace,0.541
displacement,0.531
displacency,0.528
displease,0.702
displeased,0.69
displeasure,0.559
disposal,0.608
dispose,0.538
disposition,0.542
dispossessed,0.577
disprove,0.625
dispute,0.75
disqualification,0.677
disqualify,0.595
disquieted,0.85
disregard,0.647
disreputable,0.688
disrepute,0.63
disrespect,0.637
disrespectful,0.694
disrupt,0.64
disrupting,0.557
disruption,0.735
disruptive,0.755
dissatisfaction,0.663
dissatisfied,0.561
dissect,0.75
dissection,0.632
disseminate,0.608
dissemination,0.551
dissension,0.618
dissent,0.655
dissenting,0.552
dissertation,0.575
disservice,0.794
dissident,0.582
dissociation,0.555
dissociative,0.615
dissuade,0.5
distaste,0.625
distasteful,0.676
distilled,0.573
distinct,0.578
distinction,0.571
distinctive,0.52
distinguishable,0.53
distinguished,0.593
distort,0.74
distorted,0.521
distortion,0.57
distract,0.609
distracting,0.583
distraction,0.557
distraught,0.903
distress,0.84
distressed,0.771
distressing,0.75
distribute,0.596
distribution,0.548
distrust,0.67
disturb,0.76
disturbance,0.907
disturbed,0.87
disturbing,0.792
diva,0.657
dive,0.531
diver,0.52
diverge,0.657
divergence,0.615
divergent,0.66
diverging,0.613
divers,0.58
diverse,0.519
diversified,0.538
diversify,0.588
diversion,0.821
diversionary,0.587
divert,0.622
diverting,0.571
divest,0.547
divestment,0.509
divide,0.52
divided,0.623
divination,0.65
divine,0.571
divinity,0.559
divisor,0.517
divorce,0.7
divorcee,0.61
divulge,0.718
dizziness,0.555
dizzy,0.582
do,0.548
docked,0.754
docket,0.509
docking,0.596
doctor,0.531
dodge,0.76
dodging,0.654
dodgy,0.51
doer,0.55
dog,0.5
dogged,0.75
dogmatic,0.52
doit,0.519
dollar,0.632
dolor,0.635
domain,0.549
dominance,0.775
dominant,0.854
dominate,0.814
dominating,0.769
domination,0.786
dominatrix,0.727
dominion,0.704
domino,0.51
dontlikeyou,0.5
dontmesswithme,0.635
doom,0.75
doomed,0.755
doomsday,0.861
doorbell,0.5
doorknob,0.553
dope,0.855
dork,0.519
doubled,0.536
doubting,0.56
douchebags,0.587
downcast,0.5
downer,0.594
downfall,0.717
downhill,0.573
downpour,0.602
drafty,0.5
drag,0.606
dragon,0.821
drama,0.755
dramaqueen,0.682
dramatic,0.78
drastic,0.839
drat,0.516
drawbridge,0.557
dread,0.792
dreaded,0.706
dreadful,0.786
dreadfully,0.806
dreading,0.76
dressy,0.57
dribble,0.551
drift,0.52
drifted,0.542
drifter,0.512
drill,0.602
drink,0.552
drinker,0.735
drinks,0.656
drive,0.689
driver,0.538
droll,0.573
drone,0.686
drones,0.577
drooping,0.558
dropout,0.55
drove,0.528
drown,0.86
drudgery,0.522
drug,0.79
drug dealing,0.843
drugged,0.75
druggist,0.561
drugs,0.75
drum,0.679
drummer,0.7
drumming,0.75
drunk,0.8
drunk driving,0.9
drunkard,0.873
drunken,0.849
drunkenness,0.774
duality,0.52
duchess,0.548
ducking,0.573
duel,0.696
duet,0.693
dumbasses,0.59
dumbbitch,0.636
dumfound,0.551
dump,0.5
dumps,0.583
dung,0.549
dungeon,0.608
duo,0.5
dupe,0.76
duplication,0.564
duplicity,0.5
duress,0.569
dusky,0.528
duty,0.579
dying,0.664
dynamic,0.75
dynamical,0.73
dynamics,0.682
dynamite,0.86
dynamo,0.65
dynasty,0.588
dysentery,0.528
dysfunctional,0.558
eager,0.812
eagerness,0.621
eagle,0.594
earn,0.769
earnings,0.65
earring,0.52
earthquake,0.93
eat,0.5
eatingdisorders,0.608
eavesdrop,0.71
ebullient,0.856
eccentric,0.806
eccentricity,0.735
eclectic,0.542
ecliptic,0.52
economical,0.564
ecstasy,0.922
ecstatic,0.769
edema,0.519
edgy,0.895
edict,0.547
eeeek,0.54
eek,0.529
eel,0.564
eerie,0.771
effect,0.518
effective,0.632
effectiveness,0.654
effects,0.578
effectual,0.559
effectually,0.5
effectuate,0.602
effeminate,0.619
efficacious,0.698
efficiency,0.509
efficient,0.604
effort,0.778
effusion,0.73
effyou,0.529
ego,0.576
egomaniac,0.708
egotistical,0.667
egregious,0.716
ejaculate,0.896
ejaculation,0.893
eject,0.656
ejection,0.836
elaboration,0.5
elastic,0.518
elated,0.96
elation,0.853
elect,0.554
election,0.519
elector,0.52
electoral,0.631
electric,0.708
electric slide,0.66
electrical,0.62
electrician,0.59
electricity,0.81
electrify,0.769
electrocute,0.731
electrocution,0.844
electromagnetic,0.632
electronics,0.545
elegant,0.5
elephant,0.51
elevate,0.5
elevated,0.594
elevation,0.759
elevator,0.604
elicit,0.594
eliminate,0.67
elimination,0.667
elite,0.704
elitist,0.606
elixir,0.587
elongation,0.5
elope,0.694
eloquent,0.68
elucidate,0.509
elucidation,0.574
elude,0.521
elusive,0.615
emaciated,0.541
emancipation,0.684
embargo,0.564
embark,0.55
embarrass,0.667
embarrassed,0.56
embarrassing,0.809
embarrassment,0.685
embattled,0.724
embed,0.554
embellish,0.5
embezzlement,0.827
embezzler,0.823
embodiment,0.69
embolism,0.66
embroiled,0.721
emcee,0.577
emerge,0.594
emergence,0.857
emergency,0.9
emery,0.583
emetophobia,0.62
emigrate,0.812
emigration,0.664
eminence,0.644
eminent,0.62
eminently,0.607
emotion,0.873
emotional,0.714
emotive,0.741
empathic,0.57
empathize,0.591
emperor,0.704
emphasis,0.745
emphasize,0.605
emphatic,0.707
emphysema,0.556
empire,0.73
empirical,0.51
employer,0.518
employment,0.594
emporium,0.556
empower,0.779
empress,0.669
enact,0.564
enactment,0.612
encampment,0.573
enchant,0.65
enchanted,0.633
enchanting,0.681
enchantment,0.775
enchantress,0.663
enchilada,0.553
encircle,0.5
encode,0.5
encomiastic,0.5
encounter,0.702
encourage,0.58
encouraged,0.702
encouragement,0.7
encouraging,0.583
encroach,0.742
encroachment,0.736
encumbrance,0.521
endanger,0.885
endangered,0.885
endangerment,0.873
endeavor,0.755
ended,0.5
endgame,0.538
endocarditis,0.587
endowed,0.51
endowment,0.578
endurance,0.745
endure,0.61
enema,0.673
enemy,0.794
energetic,0.868
energize,0.81
energy,0.725
enforce,0.644
enforcement,0.571
enforcer,0.612
engage,0.796
engaged,0.596
engagement,0.587
engaging,0.612
engender,0.741
engine,0.644
engineer,0.5
engrossing,0.702
engulf,0.573
enhance,0.578
enigma,0.7
enigmatic,0.589
enjoy,0.725
enjoying,0.759
enjoyment,0.612
enlarge,0.606
enlargement,0.577
enlighten,0.549
enlightened,0.566
enlightening,0.729
enlightenment,0.549
enliven,0.683
enmity,0.706
enormity,0.648
enormous,0.665
enormously,0.694
enraged,0.962
enrich,0.731
enroll,0.53
enslave,0.8
enslaved,0.72
enslavement,0.635
entail,0.63
entangled,0.578
entanglement,0.765
enterprising,0.784
entertain,0.684
entertained,0.644
entertainer,0.709
entertaining,0.658
entertainment,0.75
enthralled,0.602
enthusiasm,0.816
enthusiast,0.81
enthusiastic,0.868
entice,0.887
entourage,0.567
entrails,0.538
entrapment,0.604
entreat,0.56
entrepreneur,0.704
envious,0.754
envy,0.704
epic,0.713
epidemic,0.83
epilepsy,0.854
epileptic,0.794
epiphany,0.596
episodic,0.542
epitome,0.5
equestrian,0.519
equip,0.519
eradicate,0.69
eradication,0.788
erect,0.885
erectile,0.796
erection,0.856
erode,0.643
erosion,0.77
erotic,0.946
erotica,0.87
err,0.66
errand,0.519
errant,0.602
erratic,0.503
erratum,0.528
erroneous,0.561
error,0.559
erupt,0.82
eruption,0.913
escalade,0.724
escalate,0.714
escalating,0.724
escalation,0.807
escalator,0.53
escape,0.765
escaped,0.755
escarpment,0.553
escrow,0.52
esoteric,0.676
espionage,0.75
espouse,0.529
espresso,0.62
esquire,0.542
establish,0.5
estrogen,0.5
eternity,0.52
eugenics,0.53
eulogistic,0.623
eulogize,0.518
euphoria,0.955
euphoric,0.904
euthanasia,0.716
evacuate,0.792
evacuation,0.755
evaluate,0.64
evaluation,0.667
evanescence,0.519
evasion,0.51
evasive,0.596
event,0.673
eventful,0.837
eventuality,0.627
evict,0.632
eviction,0.731
evidence,0.5
evidentiary,0.541
evil,0.827
evolution,0.657
evolutionary,0.673
evolve,0.692
ex,0.52
exacerbate,0.776
exacerbation,0.81
exacting,0.673
exaggerate,0.76
exaggerated,0.885
exaggeration,0.775
exalt,0.75
exaltation,0.892
exalted,0.845
exam,0.663
examination,0.657
examine,0.623
examiner,0.575
exasperated,0.816
exasperation,0.833
excavate,0.613
excavation,0.644
excavator,0.673
exceed,0.827
exceeding,0.802
excellence,0.62
excellent,0.587
excelsior,0.625
exception,0.6
exceptional,0.74
excess,0.889
excessive,0.731
excessively,0.882
exchange,0.569
excise,0.561
excitability,0.91
excitable,0.939
excitation,0.958
excite,0.95
excited,0.931
excitement,0.684
exciting,0.792
exclaim,0.711
exclamation,0.745
exclude,0.5
excluded,0.54
excluding,0.55
exclusion,0.53
exclusive,0.63
excrement,0.558
excretion,0.65
excruciating,0.837
excursion,0.714
excuse,0.696
execute,0.708
execution,0.811
executioner,0.816
executor,0.755
exemplar,0.537
exemplify,0.506
exemption,0.578
exercise,0.789
exert,0.735
exertion,0.755
exhaust,0.71
exhaustion,0.633
exhaustive,0.635
exhibit,0.633
exhibition,0.59
exhilarated,0.963
exhilarating,0.823
exhilaration,0.868
exhort,0.66
exhortation,0.624
exhumation,0.586
exhume,0.627
exigent,0.611
exile,0.63
existence,0.513
existential,0.51
exodus,0.663
exonerate,0.5
exorbitant,0.865
exorcism,0.98
exorcist,0.906
exotic,0.711
expand,0.559
expanse,0.529
expansion,0.618
expansive,0.65
expatriate,0.764
expectance,0.724
expectancy,0.622
expectant,0.65
expectation,0.69
expedite,0.858
expedition,0.802
expeditious,0.645
expel,0.725
expenditure,0.608
expenses,0.633
expensive,0.54
experience,0.618
experienced,0.613
experiences,0.647
experiment,0.72
experimental,0.764
experimentation,0.769
experimenter,0.71
expert,0.646
expertise,0.589
expiration,0.539
expire,0.745
explain,0.517
explanation,0.61
expletive,0.567
explicit,0.694
explode,0.885
exploit,0.878
exploitation,0.92
exploration,0.65
exploratory,0.69
explore,0.66
explorer,0.663
explosion,0.96
explosions,0.86
explosive,0.943
expo,0.562
exponent,0.51
exponential,0.588
export,0.661
exportation,0.633
expose,0.643
exposed,0.661
exposition,0.627
expository,0.653
exposure,0.83
expound,0.575
express,0.623
expression,0.65
expressive,0.724
expressway,0.635
expropriation,0.735
expulsion,0.79
exquisite,0.644
exquisitely,0.728
extend,0.57
extendable,0.592
extension,0.51
extensive,0.52
exterminate,0.857
extermination,0.86
exterminator,0.804
externally,0.521
extinction,0.75
extinguish,0.576
extol,0.667
extort,0.827
extortion,0.868
extra,0.551
extracting,0.709
extraction,0.74
extractor,0.536
extradition,0.627
extrajudicial,0.686
extramural,0.559
extraneous,0.625
extraordinaire,0.864
extraordinary,0.728
extraterrestrial,0.833
extravagance,0.802
extravagant,0.763
extravaganza,0.786
extreme,0.8
extreme anticipation,0.74
extreme disgust,0.873
extreme surprise,0.935
extreme trust,0.713
extremely,0.827
extremely negative,0.786
extremely positive,0.73
extremity,0.588
extricate,0.51
extrusion,0.66
exuberance,0.816
exude,0.519
eyeful,0.5
eyewitness,0.686
fabled,0.538
fabrication,0.587
fabulous,0.66
facility,0.5
facsimile,0.5
factory,0.5
fad,0.52
fag,0.653
faggot,0.643
fail,0.578
failure,0.575
fainting,0.51
fair,0.557
fairway,0.51
faithless,0.683
fake,0.554
faker,0.63
falcon,0.58
fall,0.657
fallacious,0.587
fallacy,0.561
fallible,0.537
falling,0.716
falsehood,0.625
falsification,0.72
falsified,0.63
falsify,0.657
falsity,0.689
falter,0.65
fame,0.755
famed,0.75
famine,0.679
famished,0.654
famous,0.775
famously,0.765
fanatic,0.78
fanatical,0.83
fanaticism,0.896
fanciful,0.592
fancy,0.673
fandango,0.591
fanfare,0.64
fangs,0.598
fantasia,0.694
fantasize,0.66
fantastic,0.696
fantasy,0.627
farce,0.667
farewell,0.5
farther,0.5
fascinate,0.683
fascinated,0.714
fascinating,0.817
fascination,0.773
fascism,0.74
fascist,0.755
fashion,0.616
fashionable,0.51
fastball,0.679
fasten,0.585
fatal,0.775
fatalism,0.694
fatality,0.798
fateful,0.583
fathead,0.527
fatherhood,0.519
fatten,0.549
fault,0.558
faultless,0.5
faulty,0.52
favorite,0.59
favoriteholiday,0.618
favoritism,0.559
faze,0.515
fear,0.84
feared,0.733
fearfully,0.567
fearing,0.566
fearless,0.806
fears,0.821
fearsome,0.9
feast,0.724
feat,0.706
febrile,0.578
fecal,0.528
fecundity,0.591
fedup,0.5
feedback,0.557
feel,0.602
feigned,0.602
feisty,0.853
felicity,0.704
feline,0.745
feller,0.622
felon,0.898
felony,0.808
female,0.52
feminine,0.52
feminism,0.57
feminist,0.56
femme,0.529
fencing,0.654
fend,0.731
ferment,0.531
fermentation,0.567
ferocious,0.915
ferocity,0.906
ferry,0.509
fertility,0.529
fervent,0.632
fervor,0.769
fest,0.574
festival,0.706
festive,0.74
fete,0.551
fetish,0.706
fetus,0.519
feud,0.796
fever,0.674
feverish,0.696
fiancee,0.626
fiasco,0.6
fib,0.51
fiction,0.657
fiddler,0.58
fidelity,0.58
fidgety,0.786
field hockey,0.786
fiend,0.903
fiendish,0.846
fierce,0.877
fiery,0.85
fiesta,0.779
fiesty,0.663
fight,0.868
fighter,0.76
fighting,0.885
fights,0.92
filibuster,0.714
filly,0.564
filmmaker,0.51
filmy,0.51
filth,0.592
filthy,0.714
filtration,0.52
final,0.575
finalist,0.686
finalize,0.55
financial,0.5
financier,0.5
find,0.555
finder,0.55
fingerscrossed,0.54
fink,0.514
fire,0.804
firearm,0.943
firearms,0.943
fireball,0.777
firecracker,0.741
firefight,0.92
firefighter,0.77
firehouse,0.689
firelight,0.504
fireman,0.745
firepower,0.941
fireproof,0.679
firestorm,0.929
firewall,0.602
firework,0.904
fireworks,0.863
firing,0.931
firmly,0.51
first,0.5
firstworldprobs,0.612
fiscal,0.582
fishery,0.503
fishy,0.601
fission,0.5
fissure,0.51
fist,0.686
fistfight,0.902
fistful,0.509
fitness,0.529
fix,0.538
fizz,0.708
flabbergast,0.679
flabbergasted,0.802
flagging,0.519
flagrant,0.673
flagship,0.587
flagstaff,0.517
flak,0.6
flaky,0.509
flamboyant,0.794
flame,0.574
flamethrower,0.882
flaming,0.645
flammable,0.8
flanking,0.622
flapping,0.728
flare,0.823
flares,0.642
flaring,0.771
flash,0.59
flashing,0.574
flashy,0.6
flattered,0.608
flattering,0.686
flattery,0.575
flatulence,0.632
flaunt,0.611
fleabag,0.557
fled,0.639
flee,0.796
fleeting,0.65
fleshy,0.518
flexin,0.559
flexion,0.551
flick,0.541
flight,0.63
flighty,0.602
flinch,0.804
fling,0.696
flip,0.529
flip flop,0.519
flipping,0.551
flirt,0.79
flirtation,0.719
flirting,0.773
flirty,0.721
flock,0.546
flog,0.52
flood,0.778
flop,0.642
flourish,0.573
flowering,0.627
flu,0.547
fluctuate,0.617
fluctuating,0.591
fluctuation,0.75
flue,0.688
fluency,0.504
fluent,0.5
fluidity,0.51
flunk,0.548
fluorescent,0.595
flurries,0.76
flurry,0.76
flush,0.755
flustered,0.903
flutter,0.548
fly,0.775
flyboy,0.647
flying,0.606
foal,0.578
foe,0.827
folklore,0.585
follow,0.509
folly,0.833
fond,0.602
fondling,0.564
fool,0.56
fooled,0.692
foolhardy,0.816
fooling,0.755
football,0.76
footloose,0.595
footwork,0.54
fop,0.561
foray,0.618
forbid,0.686
forbidding,0.781
force,0.75
forced,0.721
forceful,0.673
forceps,0.615
forces,0.686
forcibly,0.704
foreboding,0.706
forecaster,0.611
foreclose,0.582
foreclosure,0.651
forefront,0.559
forego,0.661
foregone,0.567
foreign,0.681
foreigner,0.519
foreman,0.612
foremost,0.593
forensic,0.627
forensics,0.545
foreplay,0.627
forerunner,0.54
forestall,0.55
forewarned,0.618
forfeit,0.635
forfeited,0.65
forfeiture,0.588
forger,0.673
forgery,0.654
forked,0.585
forking,0.596
forklift,0.537
forlorn,0.571
formidable,0.709
fornicate,0.933
fornication,0.951
forsake,0.567
fort,0.673
forte,0.737
forthcoming,0.509
forthwith,0.606
fortification,0.769
fortify,0.824
fortitude,0.608
fortnight,0.65
fortress,0.5
fortunate,0.639
fortune,0.731
fortunes,0.706
forwarding,0.537
fox,0.555
foxhole,0.539
foxtrot,0.52
foxy,0.642
fracture,0.74
fragmentary,0.52
fragrant,0.598
frankenstorm,0.726
frankness,0.612
frantic,0.89
frantically,0.898
fraternity,0.536
fraud,0.688
fraudulent,0.774
fraught,0.662
fray,0.542
freak,0.839
freaked,0.917
freakedout,0.688
freakingout,0.769
freakish,0.915
freakout,0.696
freaky,0.615
free,0.5
freebie,0.596
freedom,0.544
freehold,0.63
freelance,0.577
freelancer,0.564
freestyle,0.652
freeway,0.644
freight,0.528
frenetic,0.93
frenzied,0.951
frenzy,0.965
frequency,0.557
freshman,0.57
freshstart,0.58
fretful,0.689
fricking,0.642
friction,0.778
friends,0.51
frigate,0.51
friggen,0.55
fright,0.816
frighten,0.843
frightened,0.817
frightening,0.969
frightful,0.755
frisbee,0.543
frisk,0.547
frisky,0.632
frivolous,0.565
froggy,0.56
frolic,0.864
frontier,0.55
frown,0.602
frowning,0.582
fruitful,0.618
fruition,0.567
fruitless,0.58
frustrate,0.809
frustrated,0.651
frustrates,0.653
frustrating,0.696
frustration,0.73
fry,0.61
fuck,0.93
fuckedoff,0.696
fucker,0.788
fucking,0.812
fuckoff,0.7
fucksake,0.702
fucktard,0.643
fuckyeah,0.811
fuel,0.528
fugitive,0.922
fulfillment,0.528
fullback,0.594
fulsome,0.509
fumble,0.551
fumigation,0.627
fuming,0.66
fun,0.843
functional,0.5
funday,0.549
fundraiser,0.577
fundraising,0.62
funk,0.589
funky,0.755
funny,0.61
furious,0.953
furiously,0.925
furnace,0.529
furor,0.863
fury,0.875
fuse,0.565
fuselage,0.558
fusion,0.561
fuss,0.876
fussy,0.643
fustrated,0.684
future,0.644
gadget,0.559
gag,0.66
gaggle,0.529
gahhh,0.557
gaiety,0.759
gain,0.64
gainful,0.589
gaining,0.618
galactic,0.67
galaxy,0.571
gale,0.691
gall,0.51
gallant,0.539
gallantry,0.663
galled,0.731
gallop,0.775
galloping,0.735
gallows,0.712
galore,0.574
gamble,0.798
gambler,0.694
gambling,0.806
game,0.788
gameday,0.593
gametime,0.571
gaming,0.633
gang,0.85
gangland,0.607
gangrene,0.653
gangster,0.833
gangway,0.575
gaol,0.75
gape,0.651
gaping,0.668
garbage,0.51
garbled,0.72
gargle,0.594
gargoyle,0.536
garish,0.625
garrison,0.527
gash,0.56
gasification,0.509
gasoline,0.562
gasp,0.754
gasping,0.704
gastric,0.559
gastronomy,0.519
gather,0.51
gathering,0.657
gator,0.52
gatorade,0.529
gaudy,0.735
gauge,0.646
gay,0.587
gaze,0.588
gazillion,0.534
gear,0.577
geisha,0.679
gelding,0.52
generative,0.549
generator,0.568
genial,0.63
genie,0.6
genital,0.694
genitalia,0.667
genius,0.667
genocide,0.878
germane,0.5
germs,0.51
gestation,0.538
get,0.594
getaway,0.76
getup,0.582
getyourown,0.547
ghastly,0.79
ghetto,0.63
ghost,0.755
ghostly,0.764
ghoul,0.561
giant,0.814
gibberish,0.51
giddy,0.847
gift,0.539
gifted,0.647
gifts,0.755
gig,0.755
gigantic,0.776
giggle,0.618
giggles,0.684
giggling,0.726
gigolo,0.706
gills,0.583
gimmick,0.663
gin,0.551
girl,0.572
girlfriend,0.763
girlie,0.54
giveaway,0.618
glad,0.76
gladiator,0.833
gladness,0.67
glamorous,0.63
glamour,0.606
glare,0.735
glaring,0.794
glaucoma,0.5
gleam,0.52
gleaming,0.635
glean,0.531
glee,0.58
gleeful,0.806
glide,0.706
glider,0.548
glint,0.538
glisten,0.608
glitter,0.75
glittering,0.588
gloat,0.637
global,0.52
glorification,0.541
glorified,0.57
glorify,0.591
glorious,0.673
glory,0.735
glossy,0.519
glow,0.5
glowing,0.62
glut,0.524
glutton,0.519
gluttony,0.702
gobble,0.623
goblin,0.542
god,0.518
goddamn,0.76
goddamned,0.758
goddess,0.56
godforsaken,0.52
godisgreat,0.596
godless,0.557
godlike,0.648
godsend,0.562
godson,0.515
gofuckyourself,0.654
gold,0.686
gong,0.529
gonorrhea,0.635
goodies,0.622
goodmusic,0.5
goodnews,0.74
goodtimes,0.526
goodvibes,0.5
goofball,0.55
gooood,0.652
gore,0.608
gorge,0.644
gorgeous,0.56
gorilla,0.72
gory,0.875
gossip,0.765
govern,0.702
governess,0.5
governing,0.7
government,0.53
governmental,0.541
governor,0.683
grab,0.706
graceful,0.51
gracious,0.634
grad,0.538
gradschool,0.602
graduate,0.549
graduation,0.67
graffiti,0.633
graft,0.528
grand,0.74
grand theft auto,0.663
grandchildren,0.545
grandeur,0.796
grandiose,0.682
grandstand,0.679
grantor,0.5
grapple,0.577
grappling,0.676
grasp,0.623
grasping,0.561
gratification,0.643
gratified,0.519
gratify,0.539
gratifying,0.606
gratis,0.51
gratuitous,0.65
gratuity,0.5
graver,0.622
gravitation,0.592
gravitational,0.51
gravity,0.635
greaser,0.518
great,0.665
great anticipation,0.735
great disgust,0.836
great surprise,0.941
great trust,0.528
greatday,0.571
greater,0.519
greatest,0.627
greatfriends,0.593
greatful,0.571
greatly,0.708
greatly negative,0.64
greatly positive,0.538
greatness,0.75
greed,0.78
greedy,0.66
green snake,0.634
greet,0.539
greeting,0.556
grenade,0.777
grief,0.64
grievance,0.635
grieve,0.5
grieving,0.673
grievous,0.64
grilled,0.5
grime,0.5
grimy,0.597
grin,0.57
grinder,0.615
grip,0.549
gripe,0.526
grisly,0.863
grizzly,0.679
groan,0.75
grocery,0.54
groom,0.5
groovy,0.538
grope,0.559
gross,0.575
grotesque,0.788
grouch,0.593
grouchy,0.708
grounded,0.601
groundless,0.535
grounds,0.5
groupie,0.583
grouping,0.58
grovel,0.5
grow,0.615
growl,0.764
growling,0.887
growls,0.675
growth,0.588
growthefuckup,0.692
grr,0.538
grrr,0.755
grrrrr,0.633
grubby,0.583
grudge,0.647
grudging,0.636
grudgingly,0.61
grueling,0.763
gruesome,0.837
gruff,0.611
grumble,0.75
grumpy,0.808
grunt,0.798
grunting,0.827
guard,0.51
guarded,0.686
guardian,0.686
guards,0.663
gubernatorial,0.604
guerilla,0.845
guerrilla,0.917
guesser,0.67
guidelines,0.5
guiding,0.52
guillotine,0.817
guilt,0.567
guilty,0.77
guise,0.547
guitar,0.542
guitarist,0.74
gully,0.519
gulp,0.66
gumption,0.538
gun,0.92
gunboat,0.663
gunfight,0.961
gunfighter,0.91
gunfire,0.93
gunman,0.922
gunmen,0.942
gunner,0.853
gunnery,0.861
gunplay,0.906
gunpoint,0.817
gunpowder,0.853
gunshot,0.953
gunslinger,0.873
gusher,0.52
gust,0.755
gusto,0.729
gusty,0.631
guts,0.649
gutsy,0.573
guzzler,0.537
gym,0.69
gymnasium,0.561
gymnast,0.76
gymnastic,0.706
gymnastics,0.677
gynecologist,0.566
gynecology,0.59
gypsy,0.665
hack,0.717
hacker,0.755
hacksaw,0.645
hadenough,0.566
hag,0.695
haggard,0.51
haggle,0.601
hail,0.627
hairdresser,0.509
hallelujah,0.554
hallowed,0.5
hallucination,0.706
halting,0.596
hamburger,0.551
hammer,0.509
hammering,0.779
hamper,0.711
handcuff,0.59
handgun,0.914
handle,0.571
handler,0.593
handshake,0.654
handsome,0.6
hang,0.529
hangman,0.877
hangout,0.5
hangover,0.565
hangry,0.794
hankering,0.54
haphazard,0.53
happen,0.67
happening,0.529
happier,0.76
happiest,0.716
happily,0.69
happiness,0.732
happy,0.735
happydance,0.76
happyday,0.65
happyheart,0.575
happyholidays,0.74
happynewyear,0.815
happyplace,0.589
happytweet,0.588
happyvalentinesday,0.784
harass,0.775
harassing,0.873
harassment,0.896
hard,0.708
hardball,0.667
hardcore,0.721
harden,0.598
hardened,0.618
hardening,0.673
hardheaded,0.699
hardness,0.58
hardship,0.775
hardworking,0.583
hardy,0.569
harebrained,0.551
harem,0.578
hark,0.5
harlot,0.798
harm,0.679
harmful,0.75
harness,0.549
harpoon,0.7
harrowing,0.81
harsh,0.65
harshness,0.6
hashish,0.57
hassle,0.74
haste,0.745
hasten,0.75
hastily,0.609
hasty,0.885
hatch,0.653
hatchet,0.608
hate,0.802
hateeee,0.606
hateeveryone,0.84
hateful,0.819
hater,0.702
hateyou,0.735
hating,0.82
hatred,0.847
haughty,0.708
haul,0.564
haulage,0.51
haunt,0.676
haunted,0.731
havoc,0.769
hawk,0.53
hawking,0.509
hayride,0.521
haywire,0.545
hazard,0.884
hazardous,0.75
headache,0.755
headaches,0.72
headland,0.551
headless,0.582
headlock,0.538
headlong,0.548
headmaster,0.564
headstrong,0.714
heady,0.806
heap,0.51
hearsay,0.623
heart,0.5
heart disease,0.75
heartache,0.75
heartattack,0.839
heartbeat,0.698
heartbreak,0.61
heartbreaker,0.685
heartbreaking,0.811
heartbroken,0.551
heartburn,0.613
heartily,0.531
heartland,0.51
heartless,0.652
hearts,0.592
heartworm,0.55
hearty,0.684
heat,0.612
heater,0.573
heathen,0.529
heave,0.588
heavily,0.679
heaviness,0.549
heaving,0.843
heavy metal,0.755
heavyweight,0.578
heck,0.728
hectic,0.811
hedge,0.602
hedonism,0.5
hefty,0.654
hegemonic,0.519
heheh,0.51
height,0.608
heighten,0.622
heightened,0.529
heinous,0.792
heir,0.654
heiress,0.571
heirs,0.519
heist,0.85
helicopter,0.806
helipad,0.637
heliport,0.604
hell,0.918
hellfire,0.89
hellhole,0.615
hellish,0.86
hematoma,0.6
hemorrhage,0.849
hemorrhoids,0.702
henhouse,0.577
hepatitis,0.596
heraldry,0.52
herd,0.5
hereditary,0.6
heresy,0.765
heretic,0.71
heretical,0.63
heritage,0.512
hermaphrodite,0.684
hermeneutics,0.577
hero,0.806
heroic,0.77
heroics,0.673
heroin,0.843
heroine,0.755
heroism,0.802
herpes,0.6
herpesvirus,0.558
hesitant,0.542
hesitate,0.548
hesitating,0.528
heterosexual,0.612
hex,0.51
heyday,0.68
hiccup,0.549
hickey,0.529
hide,0.51
hideous,0.75
hiding,0.567
hierarchical,0.62
hierarchy,0.722
high,0.51
high heels,0.528
highball,0.52
higher,0.528
highest,0.64
highlight,0.637
highness,0.67
hight,0.637
highway,0.583
hijack,0.908
hijacker,0.953
hiker,0.802
hiking,0.843
hilarious,0.64
hilltop,0.643
hilt,0.65
hind,0.644
hinder,0.537
hindering,0.654
hindrance,0.545
hinterland,0.52
hip hop,0.714
hire,0.558
hit,0.931
hitchhike,0.622
hitchhiker,0.626
hitter,0.683
hoax,0.696
hobby,0.56
hockey,0.786
hog,0.509
hoist,0.52
hokey,0.667
holidays,0.521
holidayseason,0.566
holler,0.825
holocaust,0.918
homage,0.56
hombres,0.538
homicidal,0.912
homicide,0.973
homophobic,0.736
homosexual,0.78
homosexuality,0.696
honeymoon,0.678
honk,0.635
honky,0.632
honor,0.587
honorarium,0.51
honorary,0.565
hooch,0.538
hooded,0.745
hoodlum,0.72
hooked,0.661
hooker,0.889
hookup,0.529
hooky,0.5
hooligan,0.712
hoot,0.56
hooter,0.615
hop,0.52
hopes,0.5
horde,0.713
hormonal,0.62
hormone,0.75
horn,0.51
horned,0.61
hornet,0.594
horny,0.908
horrendous,0.755
horrible,0.857
horribly,0.631
horrid,0.765
horrific,0.846
horrified,0.885
horrifying,0.76
horror,0.85
horrors,0.852
horse,0.51
horseback,0.588
horseman,0.7
horsepower,0.735
horseradish,0.584
horseshit,0.582
hospital,0.537
hostage,0.923
hostel,0.5
hostess,0.604
hostile,0.877
hostilities,0.81
hostility,0.775
hot,0.74
hot sauce,0.74
hothead,0.849
hotline,0.565
hotshot,0.727
hotyoga,0.609
hound,0.528
houseguest,0.5
householder,0.541
housekeeping,0.5
housewarming,0.71
hovercraft,0.654
howl,0.646
huddle,0.509
huffy,0.616
huge,0.625
hulk,0.74
humanrights,0.559
humbled,0.618
humbug,0.622
humiliate,0.714
humiliated,0.712
humiliating,0.716
humiliation,0.712
hummer,0.622
humongous,0.538
humor,0.633
humored,0.657
humorist,0.79
humorous,0.616
hunch,0.63
hunger,0.554
hungry,0.69
hunky,0.571
hunt,0.806
hunter,0.817
hunting,0.713
huntress,0.717
hurdle,0.682
hurl,0.745
hurrah,0.74
hurricane,0.958
hurricanes,0.898
hurried,0.806
hurry,0.735
hurryup,0.791
hurt,0.773
hurtful,0.68
hurting,0.778
husband,0.5
hussy,0.594
hustle,0.661
hustler,0.821
hydra,0.598
hydraulics,0.53
hydrocephalus,0.629
hydrodynamics,0.582
hydrophobia,0.784
hydroponics,0.549
hyena,0.719
hymen,0.651
hype,0.5
hyped,0.582
hyper,0.616
hyperactive,0.921
hyperbole,0.521
hyperspace,0.623
hypertension,0.784
hypertrophy,0.625
hyperventilate,0.729
hyperventilating,0.802
hypnotic,0.56
hypnotize,0.507
hypochondriac,0.588
hypocrisy,0.523
hypocrite,0.673
hypocritical,0.74
hypothermia,0.62
hysterectomy,0.66
hysteria,0.906
hysterical,0.942
iceberg,0.54
icebreaker,0.545
icky,0.51
iconic,0.537
idea,0.538
idealist,0.51
idiocy,0.635
idiot,0.567
idiotic,0.62
idiots,0.6
idol,0.805
idolatry,0.571
idolizing,0.712
ignite,0.785
ignition,0.72
ihatespiders,0.611
illegal,0.787
illegality,0.635
illegally,0.788
illegitimate,0.644
illicit,0.794
illness,0.717
illogical,0.63
illuminate,0.646
illuminating,0.613
illumination,0.588
illuminator,0.566
illustrious,0.55
ilovechristmas,0.59
iloveher,0.519
imaginable,0.529
imaginative,0.541
imbalance,0.538
imbecile,0.569
imbedded,0.58
imissyou,0.608
imitate,0.561
imitation,0.592
immature,0.5
immaturity,0.567
immeasurable,0.539
immeasurably,0.64
immediacy,0.63
immediate,0.548
immediately,0.78
immense,0.75
immerse,0.577
immersion,0.556
immigrant,0.663
immigration,0.667
imminent,0.784
immoral,0.622
immorality,0.689
immortal,0.75
immortality,0.635
immunization,0.51
impact,0.884
impair,0.5
impairment,0.571
impassioned,0.78
impatience,0.78
impatient,0.708
impatiently,0.75
impeach,0.776
impeachment,0.735
impede,0.51
impediment,0.6
impelled,0.741
impending,0.735
impenetrable,0.577
imperative,0.647
imperfect,0.527
imperfection,0.567
imperial,0.646
imperialist,0.786
impersonate,0.632
impersonation,0.618
impersonator,0.586
impertinence,0.653
impertinent,0.826
impetuous,0.814
impetus,0.74
implacable,0.663
implant,0.51
implantation,0.604
implanted,0.5
implement,0.573
implicate,0.67
implicated,0.673
implication,0.528
implied,0.53
implore,0.65
implosion,0.724
imply,0.67
impolite,0.59
importance,0.58
important,0.63
importation,0.5
impose,0.721
imposing,0.731
imposition,0.604
impossibility,0.625
impossible,0.51
impostor,0.704
impotence,0.689
impotent,0.587
impound,0.587
impracticable,0.549
impregnable,0.549
impregnate,0.721
impress,0.744
impressed,0.77
impression,0.557
impressionable,0.72
impressive,0.83
imprint,0.574
imprison,0.829
imprisoned,0.717
imprisonment,0.63
impromptu,0.729
improper,0.52
impropriety,0.591
improve,0.528
improvement,0.5
improves,0.625
improving,0.51
improvisation,0.812
improvise,0.65
improvised,0.673
imprudent,0.676
impudence,0.5
impudent,0.604
impulse,0.84
impulsive,0.864
impunity,0.721
impure,0.56
impurity,0.546
imputation,0.654
inability,0.529
inaccessible,0.585
inadequacy,0.5
inadequateness,0.529
inadmissible,0.636
inadvertently,0.541
inaffable,0.518
inappropriate,0.542
inaugural,0.567
inaugurate,0.582
inauguration,0.712
inbred,0.52
incalculable,0.62
incandescent,0.612
incantation,0.632
incapable,0.529
incapacity,0.5
incarceration,0.8
incarnate,0.651
incendiary,0.81
incensed,0.643
incentive,0.618
incessant,0.76
incessantly,0.765
incest,0.853
incestuous,0.736
incidence,0.527
incident,0.662
incidental,0.61
incidentally,0.5
incineration,0.787
incinerator,0.643
incision,0.663
incisive,0.602
incite,0.736
incitement,0.943
inclement,0.676
incoherent,0.612
income,0.51
incoming,0.509
incomparable,0.577
incompatible,0.5
incompetence,0.551
incompetent,0.566
incomprehensible,0.55
inconceivable,0.552
incongruous,0.504
inconsiderate,0.519
incontinence,0.598
inconvenience,0.667
inconvenient,0.61
incorporate,0.612
incorrect,0.569
incorrigible,0.667
increase,0.657
increased,0.66
incredible,0.796
incredulous,0.51
increment,0.637
incriminate,0.81
incriminating,0.788
incrimination,0.865
incubus,0.529
incumbent,0.54
incur,0.667
incurable,0.667
incursion,0.83
indebted,0.698
indecency,0.67
indecent,0.683
indefensible,0.647
indemnify,0.548
indemnity,0.607
indentation,0.5
independence,0.663
indescribable,0.529
indestructible,0.731
indicative,0.51
indict,0.731
indictment,0.745
indigenous,0.509
indigestion,0.61
indignant,0.6
indignation,0.778
indignity,0.5
indiscreet,0.587
indiscretion,0.637
indisposed,0.519
indoctrination,0.657
indomitable,0.8
induce,0.606
inducement,0.765
induction,0.593
indulge,0.716
industrial,0.6
industrialist,0.633
industrious,0.537
ineffable,0.577
inequality,0.575
inequitable,0.519
inexcusable,0.582
inexhaustible,0.541
inexperience,0.614
inexplicable,0.635
inexpressible,0.608
infallibility,0.663
infallible,0.687
infamous,0.58
infamy,0.676
infanticide,0.856
infantry,0.684
infarct,0.846
infatuated,0.764
infatuation,0.745
infect,0.777
infection,0.735
infectious,0.76
infernal,0.837
inferno,0.857
infertility,0.664
infestation,0.776
infidel,0.74
infidelity,0.777
infield,0.571
infiltrate,0.745
infiltration,0.792
infinite,0.583
infinitely,0.643
infirm,0.521
inflammation,0.765
inflammatory,0.642
inflatable,0.51
inflate,0.569
inflation,0.792
inflection,0.635
inflict,0.76
infliction,0.722
influence,0.663
influential,0.688
influenza,0.718
influx,0.635
inform,0.582
informant,0.612
informer,0.578
infraction,0.66
infrared,0.588
infringement,0.8
infuriate,0.934
infuriated,0.93
infuriates,0.913
infuriating,0.87
infuse,0.705
ingenious,0.69
ingenuity,0.59
ingest,0.559
ingestion,0.612
ingrate,0.606
inhalation,0.613
inhaler,0.5
inherit,0.546
inheritance,0.565
inhospitable,0.531
inhuman,0.66
inhumane,0.587
inhumanity,0.54
inimaginable,0.636
inimical,0.823
iniquity,0.567
initiation,0.529
initiative,0.615
inject,0.735
injection,0.741
injure,0.71
injured,0.68
injuring,0.79
injurious,0.759
injury,0.769
injustice,0.755
inkling,0.551
inlay,0.531
inmate,0.663
innermost,0.5
innovate,0.872
innovation,0.68
innovative,0.64
innuendo,0.67
inoculation,0.57
inordinate,0.63
inquest,0.569
inquire,0.519
inquirer,0.598
inquiring,0.51
inquisitive,0.637
inquisitor,0.873
insane,0.67
insanity,0.847
insatiable,0.656
inscrutable,0.541
insect,0.633
insecticide,0.598
insecure,0.538
insecurity,0.647
insemination,0.644
inseparable,0.52
insert,0.552
insertion,0.52
insider,0.562
insidious,0.622
insightful,0.691
insinuate,0.635
insist,0.651
insistence,0.704
insistent,0.635
insists,0.587
insolence,0.731
insolent,0.663
insomnia,0.611
inspect,0.603
inspection,0.63
inspector,0.58
inspiration,0.6
inspirational,0.72
inspire,0.627
inspired,0.702
instability,0.76
install,0.583
instantaneous,0.5
instantaneously,0.64
instigate,0.765
instigation,0.769
instinct,0.602
instinctive,0.575
instructional,0.5
instrument,0.537
instrumentalist,0.54
instrumentality,0.51
insubordination,0.775
insufferable,0.784
insufficiently,0.509
insult,0.831
insulting,0.84
insurgent,0.735
insurmountable,0.627
insurrection,0.706
intake,0.527
intelligence,0.587
intelligent,0.541
intend,0.52
intended,0.542
intending,0.567
intense,0.774
intensely,0.846
intensify,0.87
intensity,0.93
intensive,0.842
intentional,0.615
intentionally,0.676
interact,0.69
interaction,0.735
interactive,0.811
intercede,0.577
intercept,0.66
interception,0.673
interchange,0.527
intercourse,0.608
interdependence,0.618
interdiction,0.5
interest,0.667
interested,0.529
interesting,0.726
interfere,0.714
interference,0.736
interferometer,0.51
intergalactic,0.661
interject,0.648
interlocutory,0.5
intermediary,0.51
interment,0.608
intermittent,0.565
international,0.519
internship,0.51
interpolation,0.506
interpret,0.625
interpretation,0.594
interpretive,0.549
interrogate,0.808
interrogation,0.827
interrupt,0.635
interrupted,0.559
interrupting,0.593
interruption,0.632
interrupts,0.545
intersect,0.51
intersection,0.541
interstellar,0.702
intervene,0.677
intervening,0.627
intervention,0.696
interview,0.77
interviewer,0.736
interworking,0.587
intestinal,0.531
intestines,0.547
intimacy,0.802
intimate,0.598
intimately,0.573
intimation,0.673
intimidate,0.804
intimidated,0.663
intimidating,0.79
intimidation,0.791
intolerable,0.66
intolerance,0.704
intolerant,0.676
intoxicated,0.824
intoxicating,0.76
intoxication,0.71
intracranial,0.602
intractable,0.694
intravenous,0.538
intrepid,0.696
intricate,0.704
intrigue,0.83
intriguing,0.713
introduce,0.559
intrude,0.735
intruder,0.74
intrusion,0.641
intrusive,0.607
intubation,0.598
intuition,0.508
intuitive,0.573
intuitively,0.561
inundation,0.78
invade,0.892
invader,0.827
invaluable,0.5
invasion,0.843
invasive,0.73
invent,0.689
invention,0.577
inventive,0.627
inventor,0.667
inversion,0.63
invert,0.585
invest,0.663
investigate,0.5
investigation,0.592
investigative,0.6
investigator,0.509
investment,0.592
investor,0.655
invidious,0.65
invigorate,0.798
invincible,0.853
invitation,0.549
invite,0.655
inviting,0.571
invocation,0.62
invoke,0.74
involvement,0.62
invulnerable,0.683
irate,0.852
ire,0.74
iridescent,0.588
irked,0.791
irks,0.781
ironclad,0.648
ironic,0.55
irony,0.587
irradiation,0.736
irrational,0.648
irrationality,0.735
irreconcilable,0.667
irrefutable,0.549
irregular,0.548
irregularity,0.647
irregularly,0.565
irreparable,0.53
irreplaceable,0.58
irrepressible,0.566
irresistible,0.833
irrespective,0.538
irresponsible,0.68
irreverent,0.694
irreversible,0.541
irrevocable,0.56
irritability,0.853
irritable,0.952
irritate,0.89
irritated,0.816
irritates,0.81
irritating,0.912
irritation,0.833
issue,0.819
itch,0.61
itching,0.69
itchy,0.726
itemize,0.527
itinerant,0.545
itinerary,0.55
jab,0.519
jabber,0.506
jackal,0.582
jackass,0.692
jackhammer,0.69
jackpot,0.75
jaded,0.56
jaguar,0.71
jail,0.898
jailbird,0.567
jailbreak,0.629
jailer,0.63
jailhouse,0.887
jam,0.548
jamboree,0.625
jammed,0.817
jammer,0.54
jargon,0.548
jarhead,0.53
jarring,0.673
jaw,0.51
jaws,0.528
jealous,0.855
jealousy,0.783
jeep,0.51
jeering,0.792
jellyfish,0.567
jeopardize,0.877
jeopardy,0.908
jerk,0.63
jerks,0.788
jerky,0.538
jest,0.736
jester,0.67
jet,0.721
jewel,0.588
jewelry,0.569
jiggle,0.673
jigsaw,0.582
jihad,0.66
jingle,0.5
jinx,0.582
jitters,0.918
jittery,0.856
jive,0.551
job,0.541
jobinterview,0.837
jock,0.656
jockey,0.644
jog,0.708
jogger,0.51
joke,0.61
joker,0.76
joking,0.839
jolly,0.705
jolt,0.708
jornada,0.5
journalism,0.5
journey,0.702
journeyman,0.596
joust,0.528
joy,0.824
joyful,0.74
joyous,0.58
joyride,0.55
joys,0.643
jubilant,0.673
jubilee,0.5
judge,0.604
judged,0.686
judging,0.625
judgment,0.6
judgmental,0.602
judicial,0.667
judiciary,0.74
judo,0.79
juggle,0.76
juggler,0.821
juggling,0.874
jugular,0.573
juicer,0.52
juicy,0.529
juju,0.519
jukebox,0.54
jumble,0.613
jumbled,0.602
jumbo,0.552
jump,0.865
jump rope,0.66
jumpy,0.81
juncture,0.582
jungle,0.51
junket,0.519
junkie,0.86
junky,0.595
junta,0.503
jurisdiction,0.58
jurist,0.523
juror,0.64
jury,0.607
justice,0.538
juxtaposition,0.5
kaiser,0.509
kamikaze,0.81
karaoke,0.649
karate,0.833
karma,0.51
kayak,0.6
keen,0.719
keyword,0.52
kick,0.791
kickboxing,0.882
kicker,0.711
kicking,0.802
kickoff,0.6
kidder,0.768
kidding,0.625
kidnap,0.923
kidnapped,0.923
kidnapper,0.906
kidnapping,0.88
kids,0.5
kill,0.941
killer,0.971
killing,0.959
killjoy,0.55
kindling,0.651
kinetic,0.54
king,0.69
king snake,0.835
kingdom,0.547
kingpin,0.626
kink,0.634
kinky,0.558
kiss,0.813
kisser,0.682
kissy,0.684
kite,0.5
knack,0.518
knell,0.5
knick,0.509
knife,0.717
knighthood,0.66
knock,0.531
knockoff,0.606
knockout,0.755
kooky,0.582
kraut,0.5
kryptonite,0.69
kudos,0.587
lab,0.5
labor,0.639
laborer,0.51
laboring,0.644
laborious,0.635
labyrinth,0.811
laceration,0.667
lackey,0.51
lacrosse,0.656
laddie,0.539
ladylike,0.559
lagging,0.538
lance,0.62
lancer,0.528
landed,0.62
landing,0.696
landlord,0.5
landslide,0.864
lap,0.51
larceny,0.821
large,0.565
larger,0.654
laryngitis,0.5
laser,0.531
lash,0.794
lass,0.536
lastday,0.58
lasting,0.535
lastminute,0.582
latent,0.5
laudation,0.547
laugh,0.639
laughable,0.627
laughing,0.596
laughingstock,0.779
laughs,0.846
laughter,0.654
launch,0.814
launcher,0.745
launches,0.663
lava,0.539
lavish,0.648
law,0.59
lawless,0.69
lawlessness,0.804
lawman,0.523
lawnmower,0.531
lawsuit,0.794
lawyer,0.569
laxative,0.55
layaway,0.51
lead,0.657
leaded,0.625
leader,0.582
leadership,0.69
leading,0.698
leafy,0.53
leak,0.833
leakage,0.731
leaky,0.686
leap,0.663
learn,0.643
learning,0.588
leaving,0.542
lecherous,0.704
lecturer,0.549
leech,0.623
leeches,0.698
leery,0.64
lees,0.567
leeway,0.577
legacy,0.529
legend,0.519
legendary,0.537
legion,0.57
legislate,0.582
legislator,0.58
legwork,0.56
lender,0.52
lending,0.585
lengthened,0.53
lengthening,0.53
leopard,0.755
leper,0.589
leprosy,0.67
lesbian,0.66
lesbianism,0.725
lesion,0.623
lesson,0.577
lethal,0.8
leukemia,0.572
leverage,0.5
levitate,0.598
lewd,0.673
liabilities,0.608
liability,0.5
liable,0.519
liar,0.606
libel,0.694
libelous,0.735
liberal,0.565
liberalism,0.712
liberate,0.632
liberated,0.63
liberating,0.62
liberation,0.614
liberty,0.579
libido,0.602
lice,0.5
lie,0.725
lien,0.58
lieutenant,0.612
life,0.615
lifeblood,0.69
lifeguard,0.606
lifeisgood,0.575
lifelike,0.567
lifeline,0.552
lifer,0.519
lifesaver,0.745
lifesucks,0.637
lifetime,0.559
lift,0.518
liftoff,0.667
lightheaded,0.62
lightning,0.683
liking,0.604
limber,0.729
limelight,0.639
limitless,0.574
limousine,0.531
linebacker,0.66
lingering,0.643
lion,0.717
liposuction,0.684
liquefaction,0.622
liqueur,0.612
liquidate,0.654
liquidation,0.625
liquidator,0.663
liquidity,0.529
liquor,0.702
lithe,0.596
litigant,0.577
litigate,0.819
litigation,0.76
litigator,0.63
litigious,0.736
litter,0.551
live,0.673
livelife,0.624
lively,0.81
liven,0.713
livid,0.788
living,0.608
llama,0.59
lml,0.519
loath,0.714
loathe,0.73
loathful,0.74
loathing,0.796
loathsome,0.694
lobbyist,0.527
lobotomy,0.598
locate,0.52
lock,0.585
lockup,0.602
loco,0.774
locomotion,0.6
locomotive,0.65
logistics,0.5
lookout,0.538
looming,0.75
loophole,0.755
loopy,0.52
loot,0.711
lopsided,0.5
lordship,0.557
lose,0.538
loser,0.51
losing,0.686
loss,0.567
lost,0.663
lottery,0.731
lotto,0.635
loud,0.65
loudly,0.755
loudmouth,0.615
loudness,0.582
loudspeaker,0.735
love,0.519
lovee,0.592
loveee,0.592
lovelife,0.61
loveliness,0.509
lovelovelove,0.582
lovemaking,0.927
lovemylife,0.8
lover,0.816
lovesick,0.842
lovethis,0.552
loving,0.612
lowlife,0.529
luau,0.545
lubricant,0.55
lubrication,0.646
luckiest,0.69
lucky,0.61
luckygirl,0.712
lucrative,0.519
ludicrous,0.553
lumbering,0.561
lumberjack,0.66
luminescent,0.55
lunacy,0.847
lunatic,0.792
lunge,0.721
lurch,0.694
lure,0.565
lurid,0.833
lurk,0.74
lurking,0.781
luscious,0.552
lush,0.783
lust,0.944
luster,0.566
lustful,0.896
lustrous,0.606
lusty,0.941
luxuriant,0.745
luxurious,0.644
luxury,0.673
lying,0.704
lymph,0.51
lymphatic,0.509
lymphoma,0.645
lynch,0.885
lynching,0.92
lynx,0.59
macarena,0.601
machete,0.69
machine,0.5
machinery,0.615
machinist,0.598
macho,0.69
mad,0.873
madame,0.5
madden,0.602
madder,0.853
mademyday,0.573
madhouse,0.736
madman,0.88
madness,0.804
mafia,0.867
maggot,0.5
magic,0.663
magical,0.651
magician,0.657
magistrate,0.541
magma,0.623
magnate,0.708
magnetic,0.529
magnetism,0.529
magnification,0.615
magnificence,0.81
magnificent,0.68
magnify,0.561
magnitude,0.613
maim,0.724
main,0.51
mainstream,0.527
majestic,0.731
majesty,0.602
major,0.538
majority,0.56
makeover,0.51
maker,0.544
makeshift,0.611
makesmehappy,0.663
makesmemad,0.643
malady,0.686
malaise,0.6
malaria,0.653
malarkey,0.5
male,0.532
malevolent,0.854
malfeasance,0.745
malformation,0.602
malfunction,0.577
malice,0.811
malicious,0.765
malign,0.765
malignancy,0.814
malignant,0.824
maligned,0.684
mall,0.663
malleable,0.5
malnutrition,0.592
malpractice,0.559
mambo,0.622
manage,0.53
manager,0.549
managerial,0.52
mandamus,0.577
mandate,0.67
mandatory,0.667
maneuver,0.663
maneuvering,0.64
mange,0.558
mangosteen,0.5
mangy,0.698
manhole,0.5
manhood,0.735
manhunt,0.925
mania,0.683
maniac,0.849
maniacal,0.848
manic,0.892
manifest,0.647
manifestation,0.75
manifested,0.618
manifestly,0.588
manifesto,0.519
manipulate,0.7
manipulation,0.775
manipulative,0.724
manly,0.633
manned,0.588
mannered,0.556
manpower,0.62
mansions,0.529
manslaughter,0.92
manufacture,0.703
manufacturer,0.537
manufacturing,0.613
mar,0.544
marathon,0.778
marginal,0.644
mariachi,0.559
marijuana,0.779
marital,0.529
marketable,0.545
marketing,0.774
marksman,0.833
marksmanship,0.531
marred,0.561
marriage,0.684
married,0.57
marry,0.765
marshal,0.61
martial,0.71
martingale,0.51
martini,0.5
martyr,0.708
martyrdom,0.745
marvel,0.755
marvellous,0.809
marvelous,0.637
marvelously,0.708
masculine,0.54
masculinity,0.67
masked,0.549
masochism,0.845
masochist,0.784
masquerade,0.633
massacre,0.887
massive,0.66
masterful,0.51
mastermind,0.625
masterpiece,0.623
mastery,0.648
masturbate,0.926
masturbation,0.961
matador,0.88
match,0.573
matching,0.735
matchmaker,0.509
materialistic,0.506
materialize,0.596
mathematical,0.5
matinee,0.578
mating,0.84
matrimony,0.637
matron,0.519
matted,0.519
maverick,0.676
maxim,0.562
maximize,0.765
maximum,0.724
mayday,0.643
mayhem,0.87
maze,0.608
meandering,0.644
meaningful,0.5
meanness,0.694
measles,0.635
meathead,0.534
mechanical,0.569
mechanics,0.5
mechanism,0.583
medal,0.555
medallion,0.51
medallist,0.821
meddle,0.77
meddling,0.6
meet,0.51
meeting,0.569
mega,0.538
melee,0.704
melodious,0.53
melodrama,0.83
melodramatic,0.692
melt,0.615
meltdown,0.657
memorable,0.51
memorandum,0.5
memoriesiwontforget,0.542
menace,0.894
menacing,0.88
mending,0.633
meningitis,0.612
menses,0.686
menstrual,0.519
mentalhealth,0.541
meow,0.51
mercenary,0.837
merchant,0.5
merciless,0.88
mercurial,0.546
merengue,0.519
meringue,0.58
merit,0.5
meritorious,0.618
mermaid,0.623
merriment,0.721
merry,0.731
merrychristmas,0.51
mescaline,0.58
mesmerized,0.552
mess,0.843
messedup,0.615
messiah,0.634
messy,0.635
metabolic,0.531
metabolism,0.509
metallurgy,0.509
metamorphosis,0.571
metaphysical,0.573
metastasis,0.646
meteor,0.714
meteoric,0.802
meteorite,0.794
meteorological,0.557
meth,0.564
methadone,0.54
methanol,0.5
metropolis,0.625
mettle,0.529
microcosm,0.5
midshipman,0.615
midwife,0.57
midwifery,0.57
miffed,0.726
mighty,0.837
migraine,0.783
migrate,0.58
migration,0.731
migratory,0.521
militant,0.667
militants,0.673
military,0.71
militia,0.729
milkshake,0.521
million,0.647
millionaire,0.755
millionth,0.528
mimic,0.587
mince,0.529
mindfulness,0.635
minefield,0.839
miner,0.594
mining,0.598
ministerial,0.519
mink,0.515
minstrel,0.541
minx,0.519
miracle,0.607
miracles,0.735
miraculous,0.706
mirth,0.64
misappropriation,0.831
misbehave,0.847
misbehavior,0.704
miscarriage,0.781
mischief,0.834
mischievous,0.804
misconception,0.557
misconduct,0.667
misdemeanor,0.64
misdirection,0.71
miser,0.633
miserably,0.545
misfit,0.5
misfortune,0.78
misguided,0.531
mishap,0.654
misinformed,0.567
misinterpretation,0.556
mislead,0.765
misleading,0.66
misled,0.606
mismanagement,0.52
mismatched,0.557
misnomer,0.528
misread,0.558
misrepresent,0.542
misrepresentation,0.618
misrepresented,0.519
missile,0.83
missiles,0.922
mission,0.633
misstatement,0.547
mistake,0.585
mistaken,0.63
mistreated,0.792
mistress,0.796
mistrial,0.539
mistrust,0.657
misunderstand,0.548
misunderstanding,0.618
misunderstood,0.625
misuse,0.56
mite,0.584
miter,0.5
mitigating,0.52
mitigation,0.527
mitzvah,0.61
mixedemotions,0.673
mixer,0.5
moan,0.735
mob,0.788
mobile,0.569
mobility,0.596
mobilization,0.72
mobilize,0.684
mobster,0.87
mock,0.606
mocked,0.746
mockery,0.806
mocking,0.755
modeler,0.51
moderate disgust,0.558
moderate negative,0.5
moderate surprise,0.663
modernism,0.553
modification,0.52
modify,0.584
mogul,0.652
molest,0.816
molestation,0.808
molester,0.811
momentous,0.587
momentum,0.75
monarch,0.559
monarchy,0.557
money,0.608
monopolist,0.59
monopoly,0.509
monsoon,0.6
monster,0.935
monstrosity,0.933
monstrous,0.942
montage,0.52
monumental,0.594
mood,0.5
moods,0.633
moody,0.811
moonwalk,0.586
moored,0.5
moorings,0.5
moot,0.5
mooted,0.58
moped,0.582
morbid,0.833
morbidity,0.63
morbidness,0.694
morgue,0.539
moron,0.587
moronic,0.5
morose,0.663
morphism,0.549
mortal,0.786
mortality,0.726
mortar,0.627
mortgagee,0.633
mortgagor,0.522
mortification,0.644
mortified,0.731
mortuary,0.606
motherfucker,0.827
motherfucking,0.823
motherhood,0.546
motherless,0.541
motion,0.538
motivate,0.776
motivating,0.82
motivation,0.784
motivational,0.646
motive,0.588
motor,0.551
motorbike,0.608
motorboat,0.5
motorcade,0.73
motorcar,0.565
motorcycle,0.764
motorist,0.663
mountaineer,0.774
mountainous,0.519
mountaintop,0.541
mourn,0.583
mousetrap,0.643
mouthful,0.565
movable,0.509
move,0.647
movement,0.654
mover,0.539
movie,0.56
moving,0.673
movingforward,0.518
movingon,0.529
mow,0.559
mower,0.51
muchneeded,0.602
mucked,0.5
muddle,0.71
muddled,0.615
mugger,0.85
multinational,0.51
multiple,0.51
multiple sclerosis,0.587
multiplex,0.59
multiplication,0.565
multiplied,0.559
multiplier,0.615
multiply,0.625
multitude,0.765
mumbo,0.506
mummy,0.588
murder,0.942
murderer,0.96
murderess,0.941
murderous,0.94
murky,0.618
murmur,0.52
music,0.563
musical,0.63
musician,0.509
musket,0.654
musketeer,0.569
muskrat,0.51
mustang,0.642
mutable,0.531
mutant,0.676
mutate,0.548
mutation,0.625
mutilate,0.9
mutilated,0.841
mutilation,0.782
mutiny,0.89
myfavorite,0.587
mysterious,0.699
mystery,0.667
mystic,0.52
mysticism,0.598
mystified,0.6
mystique,0.633
mythic,0.528
mythical,0.556
mythological,0.573
nab,0.544
nail gun,0.806
naked,0.885
nakedness,0.76
napalm,0.58
narcissism,0.639
narcissist,0.614
narcissistic,0.708
narcotic,0.858
narrowing,0.593
nasty,0.62
naughty,0.857
nausea,0.781
nauseate,0.66
nauseating,0.64
nauseous,0.78
nautilus,0.509
navigate,0.555
navigator,0.592
navy,0.76
necessitate,0.604
necessities,0.63
necromancer,0.625
necrosis,0.622
need,0.574
needlepoint,0.5
needles,0.602
needtoknow,0.606
nefarious,0.72
negative,0.527
negativity,0.52
neglect,0.55
negligee,0.52
negligence,0.57
negligent,0.583
negligently,0.583
negotiable,0.585
negotiate,0.708
negotiation,0.615
neigh,0.642
nemesis,0.688
neonatal,0.529
nepotism,0.584
nerve,0.698
nerves,0.783
nervous,0.82
nervousness,0.915
nervouswreck,0.867
nervy,0.83
netting,0.509
neuralgia,0.706
neurological,0.54
neurologist,0.5
neurology,0.537
neurosis,0.766
neurosurgeon,0.673
neurosurgery,0.632
neurotic,0.801
new age,0.556
newbeginnings,0.613
newborn,0.58
newfound,0.741
newjob,0.643
newlife,0.646
newlywed,0.706
newme,0.55
newness,0.522
news,0.58
newscast,0.509
newscaster,0.51
newsflash,0.637
newsreel,0.571
newstart,0.51
newyear,0.784
nibble,0.551
nicotine,0.608
nifty,0.745
nightclub,0.894
nightlife,0.783
nightmare,0.81
nightmares,0.942
nihilism,0.51
nimble,0.729
nimrod,0.5
ninja,0.844
nintendo,0.571
nip,0.7
nipple,0.786
nippy,0.5
nitro,0.647
nitrous,0.561
nitwit,0.606
nocturnal,0.5
noise,0.883
noisy,0.812
nomadic,0.519
nomination,0.637
nominee,0.625
noncompliance,0.598
nonpayment,0.51
nonsense,0.531
nosebleed,0.776
nosey,0.655
nosy,0.558
notables,0.608
notably,0.533
notamorningperson,0.578
notched,0.53
noticeable,0.562
notoriety,0.633
notorious,0.582
novelty,0.521
noxious,0.585
nuclear,0.856
nude,0.915
nudge,0.5
nudie,0.529
nudist,0.796
nudity,0.853
nuisance,0.817
nuke,0.905
nunchucks,0.58
nuptials,0.588
nurse,0.578
nursing,0.549
nutcase,0.775
nuthouse,0.519
nymph,0.529
nymphomaniac,0.894
oath,0.615
objection,0.592
obligation,0.596
obligatory,0.571
oblige,0.77
obliged,0.68
obligor,0.6
obliterate,0.539
obliteration,0.622
obnoxious,0.602
obscene,0.745
obscenity,0.843
obscure,0.551
obsess,0.846
obsessed,0.84
obsessing,0.773
obsession,0.847
obsessive,0.823
obstacle,0.708
obstetrician,0.636
obstetrics,0.582
obstinate,0.696
obstruct,0.66
obstruction,0.742
obstructive,0.65
occupied,0.546
occupy,0.52
occur,0.561
occurrence,0.69
oddity,0.557
odious,0.708
odyssey,0.692
oedipal,0.575
oestrogen,0.608
offence,0.798
offend,0.804
offended,0.69
offender,0.851
offense,0.765
offensive,0.882
offer,0.745
offhand,0.5
official,0.565
offside,0.519
oftentimes,0.5
ogre,0.698
ohdear,0.519
ohgod,0.557
ohshit,0.594
oily,0.533
oligarchy,0.567
omen,0.657
omgomgomg,0.551
ominous,0.73
omnipotence,0.793
omnipotent,0.679
oncologist,0.654
oncoming,0.625
onedge,0.552
onelove,0.577
onslaught,0.939
onstage,0.673
onus,0.52
onward,0.538
oomph,0.613
ooze,0.577
oozing,0.515
opener,0.526
opening,0.51
openness,0.561
opera,0.5
operate,0.69
operation,0.611
operational,0.57
operations,0.549
operative,0.635
operator,0.63
opiate,0.594
opinionated,0.8
opponent,0.741
opportune,0.538
opportunism,0.752
opportunity,0.745
oppose,0.8
opposing,0.66
opposite,0.545
opposites,0.518
opposition,0.729
oppress,0.654
oppressed,0.64
oppression,0.673
oppressive,0.59
oppressor,0.776
ops,0.55
optimism,0.565
optimist,0.539
optimistic,0.58
opulence,0.615
opulent,0.66
oracle,0.531
orangutan,0.56
orbiting,0.643
orc,0.51
orchestra,0.5
ordeal,0.539
ordnance,0.825
organism,0.559
organization,0.535
organize,0.655
organizer,0.577
orgasm,0.863
orgies,0.953
orgy,0.962
originality,0.5
originate,0.5
originator,0.51
ornery,0.52
orthodontist,0.615
oscillate,0.58
oscillating,0.548
oscillatory,0.52
ostensible,0.549
ostensibly,0.529
ostentatious,0.794
ostracized,0.69
ought,0.511
oust,0.716
outage,0.684
outbid,0.622
outbreak,0.632
outburst,0.802
outcry,0.773
outdo,0.75
outgrow,0.529
outgrowth,0.62
outhouse,0.519
outing,0.672
outlandish,0.737
outlast,0.786
outlaw,0.662
outlive,0.769
outlook,0.525
outlying,0.562
outnumber,0.615
outpost,0.571
outpouring,0.685
outrage,0.689
outraged,0.696
outrageous,0.945
outrank,0.643
outrun,0.833
outset,0.5
outsider,0.549
outskirts,0.519
outsmart,0.657
outstanding,0.76
outweigh,0.6
outwit,0.755
ovation,0.758
overactive,0.885
overbearing,0.833
overburden,0.755
overcharged,0.78
overcome,0.689
overcoming,0.765
overcrowded,0.52
overdo,0.864
overdose,0.82
overdrive,0.715
overestimate,0.796
overestimated,0.646
overflow,0.792
overflowing,0.796
overgrown,0.5
overgrowth,0.79
overhanging,0.755
overhaul,0.651
overhead,0.7
overheated,0.598
overjoyed,0.708
overkill,0.861
overlaid,0.61
overlap,0.615
overlapping,0.578
overlay,0.596
overload,0.69
overlord,0.755
overlying,0.519
overpaid,0.67
overpass,0.561
overplayed,0.798
overpower,0.859
overpowering,0.779
overpriced,0.556
overprotective,0.673
overrated,0.63
overreact,0.912
overrun,0.764
oversee,0.649
overseer,0.52
overshadow,0.549
oversight,0.618
oversized,0.54
overstate,0.779
overstock,0.592
overtake,0.62
overtaken,0.552
overthemoon,0.531
overthinker,0.606
overthinking,0.761
overthrow,0.868
overtime,0.504
overturn,0.765
overweight,0.5
overwhelm,0.823
overwhelmed,0.68
overwhelming,0.83
overworked,0.67
overwrought,0.9
overzealous,0.804
pacemaker,0.569
pacing,0.551
paean,0.547
pagan,0.578
paganism,0.64
pageant,0.667
pager,0.526
pain,0.765
pained,0.5
painful,0.742
painfully,0.72
pains,0.673
paintball,0.745
palace,0.51
palatable,0.5
palpitations,0.702
pandemic,0.79
pandemonium,0.885
pang,0.595
panic,0.938
panicattack,0.724
panicked,0.949
panicking,0.882
panicky,0.962
panther,0.594
panties,0.529
panty,0.557
pantyhose,0.539
parabolic,0.509
parachute,0.787
parade,0.685
paradise,0.54
paradoxical,0.547
paralysis,0.5
paramedics,0.594
paramilitary,0.804
paramount,0.615
paranoia,0.841
paranoid,0.918
paranormal,0.814
paraphernalia,0.726
parasitic,0.6
parenthood,0.63
parenting,0.52
parkinsons,0.57
parlay,0.611
parliament,0.54
parliamentary,0.554
parody,0.651
parole,0.62
partake,0.656
participant,0.598
participate,0.58
participation,0.7
parting,0.542
partisan,0.549
partisanship,0.566
party,0.84
passion,0.865
passionate,0.827
passkey,0.5
paste,0.556
paternity,0.59
pathological,0.602
pathologist,0.552
pathology,0.56
patriarchal,0.5
patriot,0.635
patriotic,0.509
patriotism,0.635
patrol,0.664
patrolman,0.731
patter,0.635
pavilion,0.5
pay,0.588
payback,0.5
paycheck,0.63
payday,0.741
payer,0.63
payload,0.51
payoff,0.644
payout,0.6
peaked,0.704
peat,0.655
peck,0.53
pecker,0.509
pedantic,0.608
peddle,0.549
pediatrician,0.5
pedometer,0.561
pedophile,0.724
pee,0.529
peekaboo,0.607
peeper,0.537
peephole,0.5
peeved,0.75
pelagic,0.554
pelvic,0.632
pelvis,0.618
penal,0.565
penance,0.667
penetrate,0.877
penetrating,0.792
penetration,0.885
penile,0.736
penis,0.81
penitent,0.53
penitentiary,0.726
pentagon,0.636
pep,0.51
pepper,0.539
peppy,0.529
perceptive,0.5
percussion,0.635
perdition,0.656
perfection,0.745
perfectionist,0.704
perfecto,0.567
perforated,0.607
perforation,0.668
perforce,0.689
perform,0.555
performance,0.52
performer,0.53
peril,0.91
perilous,0.862
perish,0.57
perished,0.596
perjury,0.686
perk,0.519
perky,0.792
permeation,0.559
permissible,0.646
permutation,0.588
pernicious,0.6
peroxide,0.529
perpetrate,0.837
perpetrator,0.765
perpetuate,0.588
perpetuation,0.677
perplexed,0.705
perplexing,0.53
perplexity,0.72
persecute,0.873
persecution,0.865
perseverance,0.63
persevere,0.583
persist,0.644
persistence,0.611
persistent,0.667
persisting,0.677
personable,0.52
personality,0.513
perspiration,0.667
persuade,0.618
persuasion,0.67
persuasive,0.7
perturbation,0.84
pertussis,0.569
pervading,0.684
perverse,0.808
perversion,0.83
pervert,0.863
perverted,0.918
pesky,0.76
pest,0.68
pester,0.78
pestilence,0.66
petition,0.575
petitioner,0.531
petpeeve,0.594
petrified,0.625
petrify,0.571
petrol,0.519
petty,0.537
petulant,0.685
phantom,0.759
phenomenal,0.75
phenomenon,0.721
pheromone,0.573
philistine,0.5
phobia,0.904
phonics,0.519
phony,0.592
phosphorus,0.539
photogenic,0.5
physical,0.52
physicist,0.538
physique,0.5
picked,0.518
picket,0.615
picketing,0.557
pickpocket,0.704
pickup,0.529
picky,0.729
pieceofshit,0.724
pierce,0.67
pigsty,0.529
pileup,0.559
pilgrimage,0.522
pillage,0.685
pilot,0.68
pimp,0.7
pinball,0.64
pinch,0.632
pinching,0.788
pioneer,0.618
piped,0.529
pique,0.5
piracy,0.792
piranha,0.799
pirate,0.74
piscina,0.5
pissed,0.888
pissedoff,0.651
pisser,0.547
pissesmeoff,0.587
pissingmeoff,0.622
pissoff,0.617
pistol,0.9
pitcher,0.673
pitchfork,0.58
pitfall,0.775
pitted,0.653
pixie,0.537
pizzazz,0.735
pizzeria,0.52
plagiarism,0.716
plague,0.596
plaintiff,0.806
plaintive,0.529
plan,0.54
planes,0.606
planetary,0.5
plantation,0.585
platinum,0.518
platoon,0.7
plaudit,0.813
play,0.765
playa,0.51
playback,0.559
playbook,0.582
playboy,0.9
player,0.688
playful,0.688
playground,0.62
playhouse,0.729
playmate,0.509
playoff,0.716
playroom,0.661
plaything,0.602
playtime,0.596
playwright,0.55
plead,0.596
pleased,0.548
pleasurable,0.529
pleasure,0.74
pleasures,0.654
pledged,0.63
plentiful,0.735
plenty,0.612
plethora,0.602
plight,0.52
plot,0.567
plow,0.56
plowing,0.531
ploy,0.559
pluck,0.583
plucky,0.817
plumb,0.5
plumber,0.51
plummet,0.75
plunder,0.894
plunge,0.69
plunger,0.51
plutonium,0.675
pneumatic,0.52
pneumonia,0.608
poacher,0.673
poachers,0.857
poaching,0.824
pointedly,0.706
pointy,0.651
poison,0.76
poisoned,0.808
poisoning,0.837
poisonous,0.87
poke,0.713
poker,0.689
polemic,0.75
police,0.77
police officer,0.816
policeman,0.708
policewoman,0.74
policy,0.735
politic,0.581
political,0.73
politician,0.551
politics,0.528
polity,0.583
poll,0.5
polling,0.598
pollute,0.66
pollution,0.694
poltergeist,0.784
polygamy,0.647
polygon,0.558
polymorphism,0.592
pompous,0.571
pong,0.5
poorly,0.62
pop,0.51
popper,0.509
poppycock,0.51
popular,0.676
popularity,0.784
popularized,0.771
populous,0.63
porker,0.602
porn,0.915
porno,0.923
pornographic,0.896
pornography,0.921
portray,0.529
positive,0.51
positiveenergy,0.5
positively,0.645
positivity,0.549
posse,0.51
possess,0.59
possessed,0.884
possessing,0.593
possession,0.676
possessive,0.648
possessor,0.573
postponement,0.569
potency,0.745
potent,0.784
potential,0.625
pothead,0.51
potluck,0.561
potpourri,0.58
pounce,0.657
pounding,0.843
pour,0.57
poverty,0.519
power,0.67
powerful,0.83
powerfully,0.724
powerhouse,0.755
powerless,0.5
powwow,0.65
pox,0.567
practice,0.582
practiced,0.605
praisegod,0.5
praising,0.557
prance,0.547
prank,0.69
preaching,0.604
preamble,0.555
precarious,0.54
precaution,0.52
precautionary,0.587
precede,0.566
precedence,0.52
precious,0.5
precipice,0.784
precipitate,0.77
precipitation,0.663
precipitous,0.651
preclude,0.552
precocious,0.61
precursor,0.672
predator,0.76
predatory,0.865
predicting,0.647
prediction,0.635
predictor,0.615
predilection,0.529
predisposed,0.571
predisposition,0.611
predominance,0.702
predominant,0.596
predominate,0.61
preeminent,0.676
preference,0.5
pregnancy,0.769
pregnant,0.773
prejudice,0.613
prejudiced,0.625
prejudicial,0.745
premarital,0.598
prematurely,0.657
premier,0.519
premiere,0.596
premise,0.519
premium,0.59
premonition,0.765
prenuptial,0.569
preoccupation,0.694
preoccupied,0.7
prep,0.509
preparation,0.5
preparatory,0.5
prepare,0.542
preparedness,0.542
preparer,0.5
preparing,0.538
preponderance,0.551
preposterous,0.827
preppy,0.52
prescient,0.539
prescribe,0.55
presentation,0.604
presenter,0.607
presentment,0.663
preservation,0.51
preside,0.564
presidency,0.686
president,0.622
presidential,0.656
press,0.52
pressing,0.755
pressure,0.65
prestige,0.594
prestigious,0.644
presume,0.635
presumption,0.596
presumptuous,0.596
pretend,0.528
pretended,0.556
pretender,0.683
pretense,0.6
pretensions,0.68
pretentious,0.736
pretty,0.516
prevail,0.557
prevailing,0.708
prevalence,0.52
prey,0.5
priceless,0.696
pricey,0.567
prick,0.764
prickly,0.587
pride,0.634
primacy,0.66
primordial,0.569
princely,0.54
princess,0.557
printing,0.654
printout,0.66
prioritize,0.594
priority,0.562
prismatic,0.562
prison,0.677
prisoner,0.654
prissy,0.559
privately,0.562
privilege,0.625
prize,0.763
prized,0.53
proactive,0.723
probation,0.635
probationary,0.61
problem,0.644
problematic,0.72
procedure,0.548
proceed,0.63
processing,0.774
procession,0.539
proclaim,0.673
proclamation,0.767
procreate,0.76
procreation,0.714
proctologist,0.582
procure,0.52
procurement,0.559
prodigious,0.67
prodigy,0.704
produce,0.737
produced,0.528
producer,0.561
producing,0.616
production,0.594
productive,0.677
productivity,0.691
profane,0.701
profanity,0.79
profession,0.529
professionalism,0.541
proficiency,0.857
profound,0.546
prognosis,0.506
prognostic,0.604
progress,0.642
progression,0.562
progressive,0.606
prohibit,0.758
prohibited,0.77
prohibition,0.684
prohibitive,0.667
projectile,0.865
projectiles,0.848
projecting,0.564
projection,0.5
proletarian,0.5
proletariat,0.548
prolific,0.55
prolong,0.567
prolongation,0.536
prominence,0.59
prominent,0.627
prominently,0.633
promiscuity,0.96
promiscuous,0.8
promise,0.5
promising,0.549
promissory,0.551
promo,0.551
promote,0.596
promoter,0.573
promotion,0.755
promotional,0.646
prompt,0.548
promulgation,0.529
pronounce,0.52
pronounced,0.551
pronouncement,0.567
pronto,0.5
proof,0.509
propaganda,0.651
propagate,0.609
propagation,0.712
propel,0.786
propelled,0.736
propeller,0.569
propelling,0.77
prophecy,0.692
prophesy,0.538
prophetic,0.586
proposal,0.667
propose,0.72
proposition,0.75
propulsion,0.773
prosecute,0.587
prosecution,0.857
prospection,0.633
prospective,0.5
prospectively,0.62
prospector,0.651
prospectus,0.558
prosper,0.633
prosperity,0.6
prosperous,0.627
prostate,0.51
prostitute,0.86
prostitution,0.843
protagonist,0.704
protect,0.714
protecting,0.558
protection,0.53
protest,0.889
protestant,0.73
protocol,0.5
protracted,0.509
protrude,0.627
protrusion,0.67
proud,0.7
prove,0.52
provide,0.517
providing,0.55
provisional,0.539
provisions,0.51
provocation,0.893
provocative,0.814
provoke,0.871
provoked,0.676
provoking,0.92
prowess,0.657
prowl,0.542
prowler,0.608
proximity,0.508
prying,0.647
psoriasis,0.674
psych,0.5
psychedelic,0.63
psychiatric,0.616
psychiatrist,0.627
psychiatry,0.663
psychic,0.559
psychical,0.5
psychics,0.529
psycho,0.922
psychoanalyst,0.6
psychobabble,0.602
psychopath,0.943
psychopathic,0.918
psychosis,0.859
psychosomatic,0.58
psychotherapy,0.547
psychotic,0.856
pterodactyl,0.716
ptsd,0.52
pub,0.637
puberty,0.786
pubes,0.513
pubescent,0.57
pubic,0.57
public,0.51
publicist,0.531
publicity,0.622
publicspeaking,0.917
publish,0.547
publishing,0.615
puffing,0.612
puffy,0.54
puke,0.545
pull,0.685
pulsar,0.5
pulsation,0.567
puma,0.704
pump,0.882
pumped,0.7
pun,0.529
punch,0.787
punched,0.634
punching,0.915
punchy,0.618
puncture,0.777
pundit,0.582
pungent,0.755
punish,0.808
punishable,0.588
punished,0.735
punishing,0.898
punishment,0.825
punitive,0.576
punk,0.63
purchase,0.5
purchaser,0.549
purchasing,0.653
purgatory,0.705
purge,0.566
purpose,0.534
purposely,0.706
pursuance,0.5
pursue,0.783
pursuing,0.906
push,0.608
pusher,0.828
pushing,0.644
pushover,0.558
pushy,0.906
puss,0.582
pussy,0.759
putrid,0.62
putt,0.5
puzzled,0.5
puzzling,0.644
pyrotechnics,0.821
python,0.618
quadrangle,0.589
quake,0.824
qualifications,0.576
qualified,0.52
qualify,0.594
qualifying,0.577
qualities,0.51
quandary,0.575
quantum,0.5
quarantine,0.577
quarrel,0.929
quarterback,0.726
quartered,0.87
quartermaster,0.58
quash,0.689
queasiness,0.594
queasy,0.587
queen,0.692
queer,0.61
quell,0.696
quest,0.716
questionable,0.551
questioning,0.696
quibble,0.685
quick,0.755
quicken,0.75
quickie,0.7
quickly,0.85
quickness,0.635
quicksand,0.74
quintet,0.56
quit,0.559
quivering,0.776
quiz,0.61
quorum,0.544
quotation,0.59
quote,0.55
quotes,0.578
rabble,0.602
rabid,0.827
rabies,0.75
racehorse,0.702
racer,0.631
racetrack,0.808
racial,0.519
racism,0.673
racist,0.673
racketeering,0.877
racquetball,0.667
racy,0.566
radar,0.615
radiance,0.625
radiant,0.717
radiate,0.735
radiation,0.741
radical,0.792
radically,0.731
radioactive,0.798
radioactivity,0.91
radiography,0.614
raffle,0.51
rage,0.888
ragemode,0.663
ragetweet,0.551
ragged,0.519
raggedy,0.531
raging,0.927
ragtime,0.602
raid,0.726
raider,0.86
rail,0.5
railroad,0.592
railway,0.615
rainbows,0.517
rainmaker,0.509
rainstorm,0.535
raise,0.685
raising,0.519
rally,0.68
rambling,0.51
ramp,0.517
rampage,0.875
rampant,0.788
rampart,0.52
rancher,0.52
random,0.52
randomly,0.594
ranger,0.545
ranking,0.592
ransom,0.8
rant,0.774
ranting,0.755
rap,0.575
rape,0.856
rapid,0.788
rapidity,0.798
rapids,0.817
rapist,0.906
rapper,0.755
rapping,0.716
rapport,0.664
rapt,0.736
raptor,0.773
raptors,0.565
rapture,0.883
rarity,0.548
rascal,0.706
rash,0.82
rat,0.567
ratchet,0.52
ratification,0.577
rating,0.679
rationalism,0.5
rationality,0.51
rattled,0.641
rattler,0.73
rattlesnake,0.803
raucous,0.74
ravage,0.755
rave,0.637
ravenous,0.7
ravine,0.673
raving,0.764
ravishing,0.833
rawr,0.635
ray,0.67
razor,0.61
reach,0.625
react,0.716
reaction,0.811
reactionary,0.573
reactive,0.817
reactor,0.794
readiness,0.531
readjustment,0.563
readytogo,0.654
reaffirm,0.559
reagent,0.698
real,0.51
realism,0.545
realist,0.572
realistic,0.52
realization,0.51
realm,0.509
reaper,0.565
reappear,0.625
rear,0.52
rearrange,0.51
rearrangement,0.527
reassemble,0.54
rebate,0.569
rebel,0.83
rebellion,0.843
rebellious,0.88
rebels,0.86
rebirth,0.712
reboot,0.577
reborn,0.618
rebuild,0.557
rebuke,0.677
rebut,0.519
rebuttal,0.69
recalcitrant,0.624
recant,0.575
recap,0.578
recapture,0.656
receiving,0.562
receptive,0.519
recess,0.51
recharge,0.702
recidivism,0.52
reciprocal,0.52
reciprocity,0.673
recitation,0.519
reckless,0.788
recklessness,0.763
reckoning,0.622
reclaim,0.724
reclamation,0.75
recognition,0.587
recombinant,0.519
recompense,0.62
reconciliation,0.57
reconfigure,0.5
reconnaissance,0.604
reconnect,0.548
reconstruct,0.618
reconstruction,0.719
reconvene,0.529
recording,0.537
recover,0.51
recreate,0.545
recreation,0.632
recreational,0.686
recruit,0.654
recruiter,0.63
recruiting,0.787
recruitment,0.645
recruits,0.653
rectal,0.618
rectification,0.56
recur,0.5
recurrence,0.538
recurrent,0.5
recurring,0.56
recursion,0.58
recursive,0.59
recursively,0.519
redhead,0.549
redheaded,0.52
redneck,0.5
redo,0.5
redress,0.558
redundant,0.5
reelection,0.673
reeling,0.542
reenactment,0.592
referee,0.644
refit,0.577
reflection,0.5
reflector,0.51
reflux,0.559
reformation,0.5
reformer,0.569
refractor,0.541
refresh,0.64
refreshing,0.52
refugee,0.607
refund,0.528
refurbish,0.633
refusal,0.61
refuse,0.52
refusing,0.67
refutation,0.726
refute,0.731
regain,0.52
regenerate,0.607
regeneration,0.64
regent,0.529
reggae,0.52
regime,0.668
regimen,0.538
regiment,0.722
regimental,0.637
regionalism,0.5
registrar,0.537
regression,0.5
regret,0.623
regretted,0.54
regretting,0.567
regroup,0.602
regurgitation,0.647
rehabilitate,0.538
rehabilitation,0.528
rehearse,0.622
reign,0.567
reigning,0.632
reimbursement,0.61
reincarnation,0.747
reinforce,0.583
reinforcement,0.702
reinforcements,0.719
reinstall,0.5
reinstate,0.551
reinstatement,0.521
reinvest,0.627
reinvestment,0.622
reject,0.647
rejection,0.704
rejects,0.637
rejoice,0.65
rejoicing,0.637
rejoin,0.548
rejuvenate,0.588
rejuvenated,0.673
rekindle,0.52
relate,0.5
relation,0.604
relationship,0.566
relay,0.542
release,0.606
relegation,0.5
relentless,0.713
relevance,0.599
relevant,0.608
relics,0.58
relight,0.588
relinquish,0.606
relish,0.61
relive,0.65
reload,0.611
relocate,0.594
relocation,0.5
reluctance,0.606
reluctant,0.63
remarkable,0.573
remarkably,0.618
remarry,0.791
rematch,0.798
remiss,0.65
remit,0.509
remodel,0.647
remorse,0.673
remoteness,0.51
removal,0.54
remove,0.539
remuneration,0.76
renaissance,0.67
renegade,0.64
renegotiate,0.702
renewal,0.71
renovate,0.549
renovation,0.59
renunciation,0.578
reopen,0.528
reorganization,0.587
reorganize,0.59
rep,0.51
reparation,0.615
repay,0.632
repeat,0.529
repeatedly,0.575
repel,0.62
repellant,0.62
repellent,0.5
repelling,0.633
repentance,0.604
repentant,0.5
repertoire,0.594
repetition,0.519
replace,0.52
replacement,0.519
replay,0.522
replica,0.52
replicate,0.63
replication,0.618
reporter,0.55
reposition,0.529
repossess,0.667
reprehensible,0.569
representation,0.542
repress,0.612
repression,0.764
reprimand,0.528
reprisal,0.788
reprise,0.5
reproach,0.755
reproduce,0.622
reproduction,0.736
reproductive,0.604
reptile,0.566
republican,0.551
repudiation,0.686
repugnance,0.684
repugnant,0.735
repulsion,0.673
repulsive,0.775
repurchase,0.592
reputation,0.542
repute,0.5
reputed,0.528
required,0.509
requisition,0.51
reroute,0.598
rerun,0.62
rescission,0.529
rescue,0.926
research,0.663
researcher,0.51
resent,0.553
resentful,0.608
resentment,0.745
resign,0.543
resilient,0.54
resist,0.676
resistance,0.694
resistant,0.585
resisting,0.776
resistive,0.519
resolute,0.51
resolution,0.55
resonant,0.633
resonate,0.61
resonator,0.608
resounding,0.708
resourceful,0.704
resplendent,0.673
response,0.5
responsibility,0.5
responsible,0.527
responsive,0.569
restart,0.519
restitution,0.542
restless,0.81
restlessness,0.794
restock,0.538
restorative,0.51
restrain,0.696
restrained,0.59
restraining,0.702
restraint,0.618
restrict,0.539
restricted,0.5
restriction,0.59
restrictive,0.596
resumption,0.528
resurrect,0.725
resurrection,0.74
resuscitate,0.696
resuscitation,0.768
retaining,0.559
retaliate,0.812
retaliation,0.812
retaliatory,0.865
reticent,0.519
retort,0.52
retractor,0.59
retreat,0.519
retrenchment,0.65
retrial,0.577
retrieve,0.576
retriever,0.5
retrospect,0.5
reunion,0.5
reunite,0.55
reveal,0.637
revel,0.705
revelation,0.5
revelations,0.655
revels,0.683
revenge,0.94
revenue,0.51
reverberation,0.639
revere,0.562
reversal,0.51
reversion,0.538
revisit,0.53
revival,0.664
revive,0.78
revocation,0.61
revoke,0.696
revolt,0.878
revolting,0.69
revolution,0.902
revolutionary,0.887
revolutionize,0.816
revolve,0.546
revolver,0.796
revolving,0.57
revulsion,0.765
revving,0.875
reward,0.694
rewarding,0.637
rewind,0.551
rewrite,0.5
rhetorical,0.569
rhinestone,0.551
rhino,0.549
rhinoceros,0.656
rhythm,0.759
rhythmic,0.642
rhythmical,0.694
rich,0.627
riches,0.694
richness,0.833
rickshaw,0.594
ricochet,0.618
riddance,0.562
riddle,0.583
riddled,0.861
rider,0.627
ridicule,0.745
ridiculed,0.806
ridiculous,0.594
riding,0.654
rife,0.561
riff,0.551
rifle,0.9
rifleman,0.863
rifles,0.864
rift,0.519
rigged,0.51
rigging,0.518
righteousness,0.66
rigid,0.552
rigidity,0.53
rigor,0.745
rigorous,0.818
ringer,0.604
ringing,0.598
ringleader,0.55
ringmaster,0.622
ringside,0.644
riot,0.946
rioting,0.949
riotous,0.837
riots,0.882
rip,0.676
ripper,0.887
rise,0.593
rising,0.602
risk,0.816
risky,0.922
rite,0.57
ritual,0.52
ritualistic,0.583
rival,0.605
rivalry,0.765
riveting,0.544
roach,0.598
roadblock,0.669
roadhouse,0.62
roadie,0.566
roadrage,0.567
roadrunner,0.702
roadside,0.569
roadster,0.622
roadtrip,0.596
roadworks,0.538
roam,0.55
roar,0.816
roaring,0.817
roast,0.541
roasted,0.52
rob,0.84
robber,0.772
robbery,0.843
robotic,0.602
robotics,0.6
robust,0.604
roc,0.51
rocker,0.704
rocket,0.824
rodent,0.577
rodeo,0.676
rogue,0.713
roll,0.51
rollercoaster,0.91
rollicking,0.806
rolling,0.606
romance,0.682
romantic,0.531
romanticism,0.521
romp,0.64
root beer,0.52
rooted,0.527
rosy,0.528
rot,0.558
rotation,0.52
rotten,0.59
rough,0.794
roughly,0.539
roughneck,0.64
roughness,0.578
roulette,0.69
roundup,0.58
rouser,0.54
rousing,0.517
rout,0.625
rover,0.538
rowdy,0.9
royalty,0.571
rub,0.565
rubbing,0.569
rubble,0.509
ruckus,0.706
ruddy,0.63
rude,0.821
rudeness,0.819
rudiments,0.52
ruff,0.51
ruffian,0.824
ruffle,0.561
rugby,0.82
rugged,0.569
ruin,0.588
ruination,0.582
ruined,0.564
ruinous,0.69
ruling,0.566
rumba,0.827
rumble,0.745
rummage,0.615
rumor,0.582
rumored,0.604
rumpus,0.531
run,0.787
runaround,0.519
runaway,0.77
runner,0.747
running,0.858
running shoes,0.573
runt,0.5
rupture,0.633
ruse,0.64
rush,0.809
rushing,0.821
rustic,0.657
rustle,0.538
rustler,0.83
ruthless,0.85
saber,0.62
sable,0.596
sabotage,0.906
saboteur,0.804
sacrifice,0.833
sacrifices,0.717
sacrificial,0.755
sacrilege,0.708
sacrilegious,0.736
saddle,0.509
sadist,0.918
sadistic,0.906
safari,0.673
safeguard,0.624
safekeeping,0.51
sag,0.578
sailing,0.52
sailor,0.588
sake,0.573
sale,0.602
salesman,0.559
salient,0.573
salmonella,0.608
salsa,0.5
salty,0.531
salute,0.542
salvage,0.51
samba,0.74
samurai,0.736
sanction,0.75
sanctioned,0.696
sander,0.58
sandstorm,0.821
sanguine,0.56
sanitarium,0.645
sarcasm,0.685
sarcastic,0.781
sarcoma,0.519
sarcophagus,0.561
sardonic,0.679
sassy,0.704
satanic,0.843
satire,0.655
satirical,0.615
satisfaction,0.637
satisfactorily,0.57
satisfactory,0.569
satisfied,0.51
satisfy,0.79
satisfying,0.606
saturate,0.68
saturated,0.7
saturation,0.582
satyr,0.639
sauce,0.515
saucy,0.653
savage,0.931
savagery,0.907
savor,0.552
savory,0.717
savvy,0.52
saw,0.541
scaffold,0.5
scalding,0.54
scalpel,0.7
scam,0.745
scandal,0.821
scandalous,0.907
scape,0.625
scapegoat,0.685
scar,0.5
scarcity,0.5
scare,0.91
scared,0.828
scares,0.847
scarier,0.846
scariest,0.863
scary,0.952
scat,0.548
scatter,0.62
scattering,0.55
scavenger,0.578
scenario,0.51
scenic,0.548
scented,0.509
schadenfreude,0.64
schism,0.569
schizophrenia,0.88
schizophrenic,0.958
schnapps,0.567
schoolgirl,0.521
schoolwork,0.5
schoolyard,0.529
scientific,0.51
scientist,0.5
scifi,0.57
scintilla,0.528
scintillating,0.736
scintillation,0.579
scintillator,0.67
scoff,0.686
scold,0.755
scolding,0.833
scoop,0.543
scooter,0.587
scorch,0.689
scorching,0.635
scorer,0.608
scorn,0.721
scorned,0.529
scornful,0.608
scorpion,0.745
scotch,0.52
scoundrel,0.74
scour,0.602
scourge,0.64
scout,0.611
scowl,0.6
scramble,0.744
scrambled,0.535
scrambler,0.55
scrambling,0.81
scrape,0.615
scrapie,0.706
scratch,0.625
scratchy,0.61
scream,0.863
screamer,0.67
screaming,0.901
screech,0.802
screening,0.57
screenwriter,0.5
screwball,0.68
screwdriver,0.519
screwed,0.52
screwy,0.596
screwyou,0.647
scrimmage,0.66
scroll,0.63
scrotum,0.653
scrounge,0.565
scrumptious,0.65
scrupulous,0.685
scrutinize,0.587
scrutiny,0.653
scuff,0.56
scuffle,0.8
scumbag,0.591
scurry,0.647
seafood,0.5
seaman,0.51
sear,0.553
search,0.58
searching,0.657
searchlight,0.51
seasick,0.683
seaside,0.52
seasoned,0.57
secession,0.561
seclusion,0.558
secrecy,0.549
secret,0.58
secrete,0.567
secretion,0.582
sect,0.667
sectarian,0.606
sedition,0.557
seduce,0.864
seducer,0.812
seducing,0.794
seduction,0.891
seductive,0.821
seesaw,0.559
seething,0.821
segregate,0.627
segregated,0.575
segregation,0.545
seismic,0.925
seize,0.644
seizure,0.775
selectman,0.547
selfharm,0.62
selfish,0.637
selfishness,0.686
selflove,0.63
sell,0.608
semen,0.755
semiautomatic,0.51
senorita,0.55
sensation,0.663
sensational,0.827
sensual,0.79
sensuality,0.84
sensuous,0.798
sentencing,0.782
sentimentality,0.548
sentinel,0.602
sentry,0.547
separate,0.514
separation,0.592
separatist,0.627
sequestered,0.863
sequestration,0.86
serenade,0.57
sergeant,0.6
sermon,0.507
serpent,0.696
serpentine,0.646
sessions,0.578
settle,0.52
settled,0.51
sever,0.635
severance,0.62
severe,0.735
severely,0.673
severity,0.712
sex,0.939
sexist,0.798
sexual,0.959
sexuality,0.898
sexy,0.945
shabby,0.519
shackle,0.58
shady,0.509
shake,0.689
shakedown,0.692
shaken,0.657
shaker,0.728
shaking,0.849
shaky,0.734
sham,0.602
shaman,0.531
shambles,0.696
shame,0.67
shamed,0.567
shameful,0.68
shameless,0.713
share,0.548
shareholder,0.632
shark,0.845
sharp,0.585
sharpen,0.694
sharpened,0.647
sharpshooter,0.929
shatter,0.821
shattered,0.806
shattering,0.76
shear,0.647
shears,0.527
sheen,0.51
sheik,0.579
shelling,0.917
sheriff,0.541
shift,0.61
shifting,0.548
shifty,0.687
shimmer,0.562
shimmering,0.648
shin,0.5
shindig,0.56
shine,0.539
shiner,0.51
shining,0.673
shiny,0.604
ship,0.5
shipwreck,0.768
shipyard,0.583
shit,0.678
shitday,0.658
shitfaced,0.695
shithead,0.645
shitless,0.545
shitload,0.606
shittest,0.673
shitty,0.679
shiver,0.765
shivering,0.663
shock,0.821
shocked,0.773
shocker,0.804
shocking,0.853
shockingly,0.924
shook,0.759
shoot,0.926
shooter,0.814
shooting,0.931
shootout,0.927
shop,0.632
shopkeeper,0.51
shoplifter,0.83
shoplifting,0.833
shopper,0.615
shortstop,0.529
shot,0.75
shotgun,0.868
shout,0.925
shove,0.69
shoveling,0.62
show,0.771
showbiz,0.713
showboat,0.625
showdown,0.95
showgirl,0.694
showing,0.54
showoff,0.598
showy,0.657
shrapnel,0.74
shred,0.75
shrewd,0.673
shriek,0.827
shrill,0.721
shudder,0.791
shuddering,0.802
shun,0.604
shunt,0.5
shuttle,0.591
shutup,0.56
shyster,0.567
sickbay,0.51
sicken,0.5
sickening,0.618
sickle,0.585
sickly,0.55
sickness,0.704
sideshow,0.594
sidestep,0.559
sidewinder,0.5
siege,0.75
sighting,0.56
sightseeing,0.552
significant,0.649
simmering,0.613
simulation,0.574
simulator,0.559
simultaneous,0.577
sin,0.712
sinful,0.788
sing,0.606
singer,0.735
singing,0.594
sinister,0.896
sinker,0.557
sinner,0.667
sinning,0.7
sinus,0.563
siren,0.627
sissy,0.562
sitcom,0.537
sith,0.564
sizzle,0.704
ska,0.575
skate,0.653
skateboard,0.55
skater,0.774
skating,0.673
skedaddle,0.596
skeet,0.549
skeletal,0.558
skeptical,0.5
ski,0.67
skid,0.64
skier,0.788
skiing,0.824
skijump,0.647
skill,0.701
skilled,0.614
skillful,0.616
skip,0.804
skipper,0.577
skirmish,0.64
skirting,0.529
skirts,0.538
skittish,0.815
skull,0.558
skyscraper,0.696
slag,0.6
slam,0.577
slammer,0.565
slander,0.604
slanderous,0.8
slap,0.804
slash,0.5
slaughter,0.953
slaughterhouse,0.794
slaughtering,0.947
slave,0.795
slavery,0.783
slay,0.92
slayer,0.93
sleaze,0.538
sleazy,0.674
sled,0.547
sledding,0.547
sledge,0.5
sleeplessness,0.604
sleepover,0.519
sleigh,0.551
sleight,0.677
slender,0.548
sleuth,0.633
sliding,0.73
slight disgust,0.578
slight surprise,0.746
slimy,0.5
slingshot,0.654
slink,0.546
slinky,0.637
slip,0.714
slippery,0.74
slugger,0.5
sluice,0.52
slum,0.528
slur,0.814
slurp,0.528
slut,0.808
slutty,0.81
sly,0.69
smack,0.662
smallpox,0.583
smart,0.607
smartass,0.52
smarty,0.51
smash,0.692
smashed,0.66
smell,0.52
smelly,0.528
smile,0.598
smiled,0.53
smiles,0.606
smiling,0.679
smirk,0.596
smite,0.846
smithereens,0.561
smitten,0.76
smoke,0.5
smoker,0.528
smoking,0.557
smoldering,0.781
smooch,0.731
smother,0.685
smug,0.552
smuggle,0.775
smuggler,0.867
smuggling,0.783
snafu,0.549
snags,0.721
snake,0.75
snakes,0.662
snakeskin,0.696
snap,0.517
snappy,0.592
snapshot,0.578
snare,0.85
snarl,0.787
snarling,0.704
snatch,0.861
snatcher,0.867
sneak,0.745
sneakers,0.548
sneaking,0.755
sneaky,0.74
sneer,0.755
sneezing,0.57
snicker,0.693
snide,0.723
sniff,0.5
snipe,0.915
sniper,0.87
snitch,0.598
snob,0.52
snoop,0.74
snoopy,0.534
snore,0.61
snort,0.531
snowboard,0.68
snowboarder,0.754
snowday,0.5
snowmageddon,0.575
snowstorm,0.833
snubbed,0.528
snuggling,0.585
soangry,0.65
soannoyed,0.529
soar,0.74
soaring,0.704
soccer,0.837
socialanxiety,0.588
socialism,0.5
socialite,0.668
socialize,0.683
sociopath,0.863
sodding,0.5
softball,0.63
sohappy,0.673
soiled,0.529
soiree,0.692
solder,0.51
soldering,0.536
soldier,0.708
solicitation,0.519
solidification,0.5
solucky,0.529
solve,0.53
somber,0.5
some disgust,0.657
some surprise,0.849
somersault,0.769
somethingigetalot,0.567
somewhat positive,0.51
somuchtodo,0.598
sonervous,0.655
songwriter,0.558
sonic,0.5
sonorous,0.58
sopissed,0.577
soprano,0.55
sorcerer,0.633
sorcery,0.74
sordid,0.555
sore,0.65
soready,0.5
sorely,0.727
soreness,0.843
sorority,0.637
sos,0.675
soscared,0.652
soscary,0.66
sothankful,0.526
soulless,0.591
soulmate,0.5
sound,0.623
sounding,0.5
soundtrack,0.559
sour,0.594
sourpuss,0.62
sovereign,0.5
sovereignty,0.529
soviet,0.58
spacecraft,0.698
spaceman,0.577
spaceship,0.781
spade,0.667
spammers,0.5
spandex,0.52
spank,0.882
spanking,0.736
spark,0.745
sparkle,0.765
sparkly,0.59
sparring,0.87
spasm,0.594
spastic,0.541
spatial,0.625
spatter,0.63
spawn,0.586
spaz,0.5
speakeasy,0.536
speaker,0.66
speakerphone,0.569
speaking,0.59
spear,0.601
special,0.602
specialist,0.562
specialize,0.54
spectacle,0.745
spectacles,0.775
spectacular,0.74
spectator,0.56
specter,0.723
spectral,0.667
spectroscopy,0.541
spectrum,0.7
speculate,0.602
speculation,0.683
speculative,0.591
speed,0.849
speedboat,0.858
speedily,0.74
speeding,0.908
speedometer,0.549
speedway,0.519
speedy,0.625
spellbound,0.647
spend,0.745
spender,0.692
spending,0.556
sperm,0.706
spew,0.651
sphincter,0.633
spicy,0.733
spider,0.569
spiders,0.696
spiffy,0.582
spike,0.51
spiked,0.613
spiky,0.657
spill,0.633
spillin,0.5
spinner,0.593
spinning,0.61
spiny,0.639
spiral,0.624
spirited,0.587
spirits,0.847
spit,0.545
spite,0.6
spiteful,0.71
spitfire,0.623
splatter,0.596
splendid,0.74
splendor,0.612
split,0.618
splitting,0.598
spoil,0.723
spoiler,0.527
spoiling,0.678
spoils,0.76
sponsor,0.537
sponsorship,0.608
spontaneity,0.698
spontaneous,0.578
spoof,0.594
spook,0.887
spooky,0.858
sport,0.7
sporting,0.656
sports,0.683
sports car,0.696
sportsman,0.735
sportsmanship,0.582
sportswriter,0.551
sporty,0.713
spotty,0.606
spousal,0.582
spouse,0.6
sprain,0.58
sprawl,0.596
spread,0.583
spree,0.663
sprinkling,0.51
sprint,0.649
sprout,0.565
spunk,0.632
spunky,0.879
spur,0.545
spurred,0.684
spurt,0.55
spy,0.686
squabble,0.85
squad,0.711
squadron,0.686
squall,0.833
squander,0.755
squash,0.667
squat,0.55
squeak,0.679
squeaky,0.771
squeal,0.731
squealer,0.519
squeamish,0.656
squeeze,0.676
squeezing,0.598
squelch,0.51
squirm,0.824
squish,0.788
stab,0.882
stabbed,0.875
staccato,0.5
stadium,0.679
stagecoach,0.519
stagehand,0.684
stagger,0.62
staggering,0.657
stagnant,0.5
stairway,0.51
stake,0.608
stakeout,0.546
stalker,0.93
stallion,0.596
stamina,0.694
stampede,0.875
standoff,0.84
standup,0.583
stardom,0.786
stark,0.63
starry,0.643
stars,0.521
starship,0.719
startle,0.817
startled,0.865
startling,0.768
starvation,0.592
starve,0.729
starved,0.689
starving,0.67
stash,0.63
stately,0.728
statement,0.608
steal,0.856
stealing,0.913
steamboat,0.5
steaming,0.553
steamroller,0.567
steamy,0.538
steep,0.612
steeple,0.519
stellar,0.58
stench,0.57
stepdaughter,0.51
stepmother,0.53
stereo,0.519
stereotyped,0.51
sterility,0.519
sterilize,0.51
steroid,0.706
stfu,0.5
stickup,0.537
sticky,0.569
stiffen,0.582
stiffness,0.5
stifle,0.764
stifled,0.731
stifling,0.858
stigma,0.5
stillbirth,0.809
stillborn,0.519
stilts,0.577
stimulant,0.794
stimulate,0.798
stimulating,0.804
stimulation,0.821
stimulus,0.779
sting,0.651
stinger,0.625
stinging,0.73
stingy,0.548
stinker,0.567
stinking,0.657
stinky,0.558
stipend,0.546
stipulate,0.546
stipulation,0.622
stir,0.773
stirring,0.702
stitch,0.538
stockbroker,0.676
stockholder,0.625
stocks,0.598
stole,0.76
stolen,0.646
stomachache,0.745
stomp,0.565
stomped,0.684
stoned,0.796
stop,0.51
stopwatch,0.521
store,0.538
storm,0.94
storming,0.91
stormy,0.87
stout,0.657
straddle,0.55
straighten,0.5
strain,0.75
strained,0.656
straitjacket,0.719
strange,0.663
strangle,0.927
strangulation,0.886
strategic,0.708
strategist,0.594
strategy,0.667
stratosphere,0.583
stratus,0.52
stray,0.76
streak,0.608
stream,0.537
streamer,0.53
streamline,0.573
streetcar,0.569
strength,0.682
strengthen,0.796
strengthening,0.627
strenuous,0.66
strep,0.594
stress,0.843
stressed,0.74
stresses,0.817
stressful,0.873
stressin,0.81
stressing,0.866
stretch,0.578
stricken,0.72
strict,0.646
stride,0.67
strife,0.898
strike,0.811
strikeout,0.52
striker,0.589
striking,0.827
strikingly,0.684
stringy,0.51
strip,0.5
stripped,0.615
stripper,0.848
striptease,0.918
strive,0.837
strobe,0.633
strolling,0.515
strong,0.745
stronghold,0.636
strongly,0.817
struggle,0.82
stubbed,0.642
stubborn,0.702
stubbornness,0.673
stuck,0.644
stud,0.531
stuffy,0.615
stumble,0.716
stump,0.51
stumped,0.604
stun,0.71
stunned,0.663
stunner,0.78
stunning,0.673
stunt,0.555
stupefaction,0.704
stupefy,0.74
stupendous,0.69
stupid,0.51
stupidpeople,0.675
stupidrain,0.52
stupor,0.59
sturdy,0.642
sty,0.5
subatomic,0.538
subduction,0.569
subdue,0.64
subito,0.627
subjected,0.52
subjugation,0.61
sublet,0.551
subliminal,0.528
submerge,0.643
submerged,0.528
submission,0.58
submitting,0.61
subordination,0.527
subpoena,0.634
subsequence,0.51
subsidence,0.509
subsidize,0.615
substantiate,0.549
substituted,0.545
suburb,0.566
suburbs,0.571
subversion,0.608
subversive,0.765
subvert,0.557
succeed,0.755
succeeding,0.755
success,0.88
successful,0.724
successor,0.531
succubus,0.647
succulent,0.538
succumb,0.787
suck,0.706
sucking,0.528
suckling,0.558
sucks,0.683
suction,0.593
sudden,0.66
suddenly,0.51
sue,0.731
suffer,0.91
sufferer,0.69
suffering,0.719
suffocate,0.764
suffocating,0.774
suffocation,0.83
suggestive,0.5
suicidal,0.867
suicide,0.873
suicidebombing,0.957
suitor,0.639
sulfur,0.53
sulk,0.58
sully,0.55
sultry,0.696
summertime,0.5
summit,0.618
summon,0.56
summons,0.604
sumptuous,0.55
sunburn,0.755
sunk,0.531
suntan,0.51
super,0.663
superb,0.708
superhero,0.82
superhuman,0.745
superimposed,0.529
superintendent,0.57
superior,0.697
superiority,0.602
superlative,0.566
superman,0.794
supermarket,0.547
supermodel,0.663
supernatant,0.5
supernatural,0.824
supernova,0.673
superposition,0.57
superpower,0.784
supersede,0.51
superstar,0.86
superstition,0.64
superstitious,0.545
superstore,0.6
supervise,0.555
supervision,0.578
supplant,0.558
supple,0.528
supplication,0.57
supply,0.519
supporter,0.51
supporters,0.539
suppress,0.559
suppression,0.541
supremacy,0.706
supreme,0.7
supremely,0.725
surcharge,0.528
surf,0.65
surfboard,0.73
surfer,0.701
surge,0.684
surgeon,0.598
surgery,0.769
surgical,0.696
surpassing,0.66
surplus,0.68
surprise,0.875
surprised,0.855
surprises,0.769
surprising,0.79
surprisingly,0.793
surreal,0.529
surrogate,0.59
surround,0.623
surveillance,0.72
survival,0.798
survive,0.824
surviving,0.836
survivor,0.75
susceptibility,0.627
suspect,0.75
suspected,0.755
suspense,0.775
suspension,0.53
suspicion,0.711
suspicions,0.745
suspicious,0.745
sustenance,0.519
suture,0.51
sux,0.531
swag,0.676
swagger,0.731
swallow,0.608
swami,0.547
swank,0.5
swap,0.5
swarm,0.735
swarming,0.6
swat,0.694
sway,0.596
swear,0.577
swearing,0.559
sweat,0.579
sweating,0.667
sweatshop,0.797
sweaty,0.54
sweeper,0.549
sweetest,0.5
sweetie,0.549
swell,0.679
swelling,0.608
sweltering,0.644
swerve,0.612
swift,0.776
swiftly,0.885
swill,0.528
swimmer,0.698
swimming,0.559
swindle,0.74
swindler,0.721
swine,0.519
swing,0.51
swinger,0.778
swinging,0.51
swirl,0.726
swish,0.51
switch,0.538
switchblade,0.596
switchboard,0.519
swollen,0.51
swoon,0.51
swoop,0.618
sword,0.653
swordfish,0.52
swordplay,0.75
swordsman,0.857
sympathize,0.627
symphonic,0.545
symptom,0.529
synaptic,0.553
synchronous,0.538
syncope,0.538
syndrome,0.51
synergistic,0.55
synergy,0.51
synoptic,0.51
syphilis,0.606
syringe,0.68
tabasco,0.546
taboo,0.794
tackle,0.686
tackled,0.612
tackling,0.694
tactics,0.676
tailoring,0.54
take,0.537
takeoff,0.884
takeover,0.531
taker,0.521
talent,0.607
talented,0.635
talisman,0.542
talkative,0.673
talker,0.604
tall,0.591
talon,0.569
talons,0.698
tambourine,0.548
tame,0.604
tamer,0.783
taming,0.514
tamper,0.802
tangle,0.545
tangled,0.539
tango,0.56
tanker,0.647
tanned,0.55
tantalizing,0.788
tantrum,0.817
tarantula,0.718
tardy,0.592
target,0.573
targeted,0.537
tasting,0.603
tasty,0.786
tattler,0.53
tattoo,0.602
taunt,0.696
taut,0.704
tavern,0.577
tawdry,0.51
taxpayer,0.528
teach,0.51
tear,0.62
tearful,0.5
tearsofjoy,0.74
tease,0.79
teaser,0.558
teasing,0.725
technician,0.51
techno,0.539
teeming,0.55
teen,0.531
teenage,0.673
teenager,0.593
teens,0.66
telegram,0.542
telekinesis,0.646
telepathy,0.51
telephone,0.52
telethon,0.641
televised,0.519
telltale,0.663
temper,0.623
temperament,0.625
temperamental,0.774
temperature,0.559
tempest,0.843
tempt,0.677
temptation,0.817
tempting,0.74
temptress,0.787
tenacious,0.658
tenacity,0.657
tendency,0.5
tender,0.52
tending,0.556
tennis,0.519
tensile,0.51
tension,0.81
tentacle,0.559
tentative,0.657
tequila,0.71
terminator,0.663
terrible,0.849
terribly,0.731
terrier,0.54
terrific,0.65
terrified,0.902
terrifies,0.923
terrify,0.889
terrifying,0.836
territorial,0.6
terror,0.902
terrorism,0.971
terrorist,0.93
terrorists,0.967
terrorize,0.907
test,0.5
testicle,0.651
testicular,0.68
testify,0.65
testimonial,0.538
testimony,0.578
testosterone,0.84
testy,0.64
tetanus,0.577
tether,0.62
thanking,0.538
thankless,0.5
thaumaturgy,0.546
theater,0.635
theatrical,0.69
theatrics,0.539
thebest,0.596
theft,0.867
thelife,0.566
thermodynamics,0.594
thesis,0.582
thief,0.888
thirst,0.519
thirsty,0.66
thong,0.596
thorn,0.541
thorny,0.69
thoroughbred,0.74
thoughtless,0.58
thrash,0.51
threat,0.865
threaten,0.958
threatened,0.928
threatening,0.875
threesome,0.676
threshold,0.519
thrill,0.837
thrilled,0.818
thriller,0.796
thrilling,0.827
thrive,0.529
thriving,0.521
throat,0.538
throb,0.673
throbbing,0.808
throes,0.76
throne,0.606
throng,0.81
throttle,0.804
throw,0.77
thrower,0.69
thrown,0.55
thrust,0.647
thruster,0.812
thud,0.686
thug,0.882
thump,0.792
thumper,0.623
thumping,0.755
thunder,0.916
thunderbolt,0.719
thunderclap,0.833
thundering,0.778
thunderstorm,0.86
thunderstruck,0.716
thwart,0.684
tickle,0.727
tickled,0.707
ticklish,0.814
tidal,0.539
tidal wave,0.894
tide,0.556
tidings,0.51
tiger,0.765
tightness,0.606
tightrope,0.653
tillage,0.591
tilt,0.549
timewasters,0.535
tingle,0.56
tingling,0.615
tinker,0.528
tinkle,0.529
tinkling,0.53
tinnitus,0.536
tinsel,0.521
tipper,0.571
tipsy,0.625
tirade,0.587
tireless,0.75
tiresome,0.542
tiring,0.51
tistheseason,0.548
tit,0.539
titan,0.653
titanic,0.786
titty,0.548
tobacco,0.546
toffee,0.51
toil,0.51
toils,0.71
tomahawk,0.642
tomb,0.5
toocold,0.55
toomuchtodo,0.688
toothache,0.853
toothless,0.541
topless,0.765
topple,0.82
torch,0.63
torment,0.75
tormented,0.855
torn,0.51
tornado,0.896
torpedo,0.794
torrent,0.745
torrid,0.625
torsion,0.651
tort,0.635
tortious,0.724
tortuous,0.755
torture,0.878
tortured,0.89
toss,0.725
touchdown,0.77
touchy,0.51
tough,0.588
toughen,0.683
toughness,0.618
tour,0.545
tourism,0.531
tourmaline,0.513
tournament,0.74
tourniquet,0.521
tout,0.538
tow,0.5
towering,0.69
toxic,0.885
toxicity,0.865
toxicology,0.736
toxin,0.654
toymaker,0.51
trachea,0.509
tracing,0.591
tracker,0.744
tractable,0.5
traction,0.585
tractor,0.58
trade,0.544
trader,0.632
trading,0.602
traffic,0.559
trafficking,0.71
tragedies,0.91
tragedy,0.843
tragic,0.904
train,0.705
train set,0.598
trained,0.538
trainer,0.719
training,0.776
traitor,0.796
traitorous,0.745
trajectory,0.558
tram,0.628
tramp,0.51
trample,0.764
trampoline,0.69
tramway,0.538
transact,0.625
transaction,0.577
transatlantic,0.596
transcend,0.771
transcendence,0.608
transcendent,0.6
transcendental,0.652
transfixed,0.66
transform,0.667
transformation,0.618
transformer,0.582
transfusion,0.73
transgression,0.89
transit,0.59
transition,0.561
translocation,0.612
translucent,0.5
transmit,0.581
transmitter,0.511
transmutation,0.74
transplant,0.806
transplantation,0.694
transponder,0.575
transport,0.627
transportation,0.56
transporter,0.625
transpose,0.585
transsexual,0.815
transvestite,0.675
trap,0.61
trapdoor,0.67
trapeze,0.625
trapped,0.615
trapper,0.654
trapping,0.621
traps,0.673
trash,0.541
trauma,0.792
traumatic,0.885
travail,0.677
travel,0.689
traveler,0.571
traveling,0.75
traverse,0.59
travesty,0.644
trawl,0.59
treacherous,0.815
treachery,0.852
tread,0.52
treadmill,0.636
treason,0.806
treasure,0.592
treasures,0.771
treasury,0.541
treat,0.571
trek,0.53
trellis,0.5
tremble,0.878
trembling,0.824
tremendous,0.888
tremendously,0.722
tremor,0.833
trench,0.76
trendy,0.52
trepidation,0.594
trespass,0.67
trial,0.663
triathlon,0.853
tribulation,0.612
tribunal,0.67
tribune,0.585
tribute,0.573
trick,0.7
trickery,0.798
trickster,0.68
tricky,0.651
trident,0.606
trigger,0.804
trilogy,0.52
trimmer,0.548
trio,0.613
trip,0.643
triplet,0.51
triplicate,0.545
tripping,0.594
triumph,0.798
triumphant,0.837
troll,0.627
trolley,0.558
trombone,0.5
troop,0.696
trooper,0.694
troops,0.718
trophy,0.643
tropic,0.529
trot,0.664
trouble,0.811
troubled,0.627
troublemaker,0.9
troubles,0.854
troublesome,0.894
trucker,0.609
truculent,0.731
truelove,0.6
trump,0.716
trumpet,0.57
trumpeter,0.6
truncate,0.6
truncated,0.602
trust,0.547
trusting,0.508
truthfulness,0.549
try,0.551
tryout,0.539
tryouts,0.602
tsunami,0.944
tuberculosis,0.519
tucker,0.558
tufted,0.51
tug,0.604
tugboat,0.51
tumble,0.556
tumor,0.664
tumour,0.627
tumult,0.64
tumultuous,0.622
turbidity,0.607
turbine,0.549
turbo,0.729
turbulence,0.922
turbulent,0.792
turd,0.519
turmoil,0.888
turnaround,0.654
turned,0.538
turning,0.684
turnoff,0.56
turnout,0.692
turpentine,0.539
turret,0.5
tussle,0.919
twats,0.588
twinge,0.72
twinkle,0.724
twirl,0.647
twisted,0.736
twister,0.68
twit,0.653
twitch,0.74
twitching,0.7
twitchy,0.918
twofaced,0.62
twosome,0.544
tycoon,0.596
typhoon,0.796
typist,0.559
tyrannical,0.86
tyranny,0.792
tyrant,0.85
ubiquitous,0.571
ugly,0.63
uhoh,0.622
ulcer,0.596
ulterior,0.509
ultimate,0.645
ultimatum,0.855
ultrasound,0.594
umpire,0.592
unabashed,0.614
unaccountable,0.6
unafraid,0.52
unannounced,0.588
unanticipated,0.775
unattainable,0.635
unavoidable,0.58
unbalanced,0.596
unbearable,0.798
unbeatable,0.719
unbeaten,0.76
unbelief,0.582
unbelievable,0.79
unbounded,0.6
unbreakable,0.573
unbridled,0.759
unbutton,0.539
uncensured,0.649
uncertain,0.5
uncivilized,0.6
unclean,0.529
uncomfortable,0.61
uncompromising,0.531
unconscionable,0.618
unconstitutional,0.588
unconstrained,0.64
uncontrollable,0.79
uncontrolled,0.891
unconventional,0.509
unconvincing,0.532
uncouth,0.761
uncover,0.552
undead,0.635
undefeated,0.752
undercover,0.627
undercurrent,0.582
undergo,0.554
undergraduate,0.5
underrated,0.52
undertake,0.702
undertaker,0.696
undertaking,0.53
undertow,0.639
underwear,0.546
underworld,0.676
underwrite,0.52
undeserved,0.552
undesirable,0.644
undetectable,0.539
undignified,0.627
undisputed,0.588
undress,0.9
undressed,0.755
undue,0.573
undying,0.5
unearth,0.635
uneasiness,0.798
uneasy,0.598
unending,0.519
unequivocally,0.668
unexpected,0.72
unexpectedly,0.759
unexplained,0.531
unexplored,0.64
unfailing,0.635
unfairness,0.817
unfaithful,0.806
unfamiliar,0.558
unfettered,0.65
unflinching,0.606
unfold,0.51
unforeseen,0.714
unforgettable,0.561
unforgivable,0.743
unforgiving,0.63
unfounded,0.52
unfriendly,0.67
unguarded,0.578
unhappiness,0.63
unhappy,0.5
unhealthy,0.549
unheard,0.539
unholy,0.56
unhook,0.592
unicorn,0.51
uniformed,0.519
unimaginable,0.634
unimpeachable,0.55
unintentional,0.538
university,0.574
unjust,0.625
unjustifiable,0.596
unjustified,0.541
unknowable,0.54
unlawful,0.759
unleash,0.775
unlicensed,0.574
unlimited,0.623
unload,0.639
unmanageable,0.666
unmask,0.69
unmatched,0.536
unmistakable,0.571
unnatural,0.587
unorganised,0.5
unorganized,0.657
unpack,0.528
unpleasant,0.612
unpleasantness,0.724
unpredictable,0.769
unprotected,0.582
unpunished,0.594
unquestionably,0.63
unquestioned,0.509
unravel,0.598
unreachable,0.679
unrealistic,0.5
unreasonable,0.702
unrelenting,0.79
unrest,0.577
unrestrained,0.775
unruly,0.745
unsafe,0.562
unsanitary,0.592
unsatisfactory,0.52
unsatisfied,0.547
unsavory,0.637
unscrupulous,0.727
unseat,0.5
unsettled,0.647
unsightly,0.559
unspeakable,0.567
unstable,0.587
unsteady,0.5
unstoppable,0.887
unsuitable,0.528
unsure,0.58
unsurpassed,0.569
unsuspecting,0.509
unsustainable,0.65
unsympathetic,0.62
untamed,0.778
untenable,0.637
untidy,0.61
untimely,0.676
untouchable,0.602
untoward,0.555
untraceable,0.674
untrained,0.529
untrue,0.5
unutterable,0.592
unveiling,0.57
unwanted,0.546
unwarranted,0.5
unwavering,0.63
unwed,0.595
unwell,0.64
unwillingly,0.548
unwise,0.61
unwitting,0.526
unwittingly,0.51
unyielding,0.806
unzip,0.52
upbeat,0.531
update,0.535
upgrade,0.5
upheaval,0.83
uphill,0.723
upland,0.578
uplift,0.779
uplifting,0.548
uplink,0.51
upload,0.683
upper,0.529
uppercut,0.6
uppity,0.546
uprising,0.777
uproar,0.902
upscale,0.526
upset,0.68
upstart,0.5
uptight,0.716
uranium,0.58
urban,0.528
urchin,0.51
urge,0.68
urgency,0.908
urgent,0.918
urinal,0.51
urinalysis,0.532
urinate,0.5
urn,0.52
usefulness,0.519
usurp,0.818
usurped,0.78
usury,0.679
utmost,0.74
utterance,0.64
vaccination,0.578
vaccine,0.52
vagabond,0.531
vagina,0.87
vaginal,0.765
vagrancy,0.567
vagrant,0.548
valentine,0.615
valiant,0.745
valuable,0.547
valuables,0.625
value,0.582
vamp,0.794
vampire,0.802
vandal,0.792
vandalism,0.904
vanguard,0.64
vanished,0.566
vanishing,0.55
vanity,0.54
vanquish,0.76
vanquished,0.529
vanquishing,0.748
vantage,0.632
variation,0.561
variations,0.548
varicella,0.593
varied,0.701
variegated,0.549
varmint,0.5
varsity,0.594
vasectomy,0.663
vassal,0.525
vast,0.535
vehement,0.5
vehicle,0.565
velocity,0.769
vendetta,0.784
vending,0.565
vendor,0.541
veneration,0.65
venereal,0.654
vengeance,0.927
vengeful,0.84
venom,0.77
venomous,0.841
venous,0.571
vent,0.519
ventricular,0.549
ventriloquist,0.6
venture,0.81
veracity,0.724
verbiage,0.56
verdict,0.689
vermin,0.712
versatile,0.625
versatility,0.585
versus,0.5
vertex,0.51
vertigo,0.655
verve,0.84
very negative,0.521
very positive,0.551
veryangry,0.714
vesicle,0.509
vexed,0.802
viability,0.5
vibes,0.688
vibrant,0.824
vibrate,0.698
vibration,0.657
vibrator,0.798
vibratory,0.69
vice,0.778
vicious,0.694
victim,0.676
victimized,0.644
victor,0.587
victoria,0.811
victorious,0.886
victory,0.735
video,0.577
video game,0.765
vigilance,0.615
vigilant,0.643
vigilante,0.627
vigor,0.755
vigorous,0.77
viking,0.755
vile,0.537
villain,0.892
villainous,0.84
vindicate,0.596
vindication,0.632
vindictive,0.83
violate,0.97
violation,0.892
violence,0.933
violent,0.918
violently,0.97
viper,0.846
viral,0.612
virginal,0.577
virginity,0.676
virility,0.67
virology,0.569
virtual,0.532
virtually,0.521
virtuoso,0.591
virtuous,0.53
virulence,0.533
virus,0.74
viscosity,0.521
visionary,0.565
vital,0.716
vitality,0.565
vitals,0.604
viva,0.567
vivacious,0.82
vivid,0.627
vixen,0.615
vocalist,0.596
vodka,0.632
volatile,0.786
volatility,0.755
volcanic,0.91
volcano,0.844
volition,0.587
volleyball,0.7
voltage,0.855
voltmeter,0.596
volunteering,0.614
voluptuous,0.719
vomit,0.569
vomiting,0.78
voodoo,0.6
voracious,0.892
vortex,0.691
vote,0.5
voter,0.538
voting,0.602
vow,0.51
voyage,0.714
voyager,0.596
voyeur,0.615
vulgar,0.82
vulgarity,0.87
vulnerability,0.51
vulture,0.604
wacko,0.574
wacky,0.72
wade,0.656
wager,0.816
wail,0.724
waitinggame,0.549
waitress,0.531
waive,0.559
waiver,0.63
walkout,0.853
wallop,0.79
wallow,0.878
wanderer,0.519
wanker,0.569
wannabe,0.547
want,0.642
wanton,0.739
war,0.892
warcrimes,0.852
warden,0.627
wardrobe,0.51
warfare,0.885
warhead,0.756
warlike,0.847
warlock,0.558
warlord,0.796
warming,0.637
warms,0.58
warn,0.647
warned,0.604
warning,0.774
warpath,0.676
warped,0.663
warren,0.57
warrior,0.863
warship,0.89
wartime,0.912
wasp,0.62
waste,0.51
wasted,0.558
wasteful,0.73
watchdog,0.811
watchman,0.509
watchout,0.53
water polo,0.67
waver,0.63
ways,0.56
wayward,0.573
wealth,0.637
wealthy,0.566
weapon,0.84
weaponry,0.84
wearing,0.52
wed,0.549
wedding,0.802
wedlock,0.654
weeding,0.528
weeds,0.551
weeeee,0.63
weekend,0.625
weep,0.621
weeping,0.688
weepy,0.615
weights,0.5
weird,0.66
weirdo,0.539
welcome,0.555
welcomed,0.585
welcoming,0.527
welder,0.679
welding,0.569
welt,0.632
wench,0.519
werewolf,0.811
western,0.5
whack,0.816
whaling,0.717
whatif,0.528
whatmakesmesmile,0.588
whim,0.68
whimper,0.545
whimsical,0.637
whimsy,0.639
whine,0.686
whiny,0.548
whip,0.899
whiplash,0.76
whipped,0.804
whirl,0.788
whirlwind,0.915
whisk,0.537
whiskey,0.706
whisky,0.615
whistle,0.551
whiz,0.627
wholesale,0.551
whoo,0.578
whopper,0.598
whopping,0.74
whore,0.88
whorehouse,0.93
wicked,0.8
wickedness,0.727
wicket,0.5
widen,0.538
wield,0.66
wienie,0.509
wife,0.63
wiggle,0.676
wild,0.922
wildcat,0.632
wildfire,0.929
wildlife,0.53
willful,0.719
willing,0.561
willingness,0.5
willpower,0.776
wily,0.67
win,0.694
windbag,0.51
windfall,0.864
winding,0.582
windy,0.541
winger,0.794
wingman,0.578
wink,0.557
winner,0.81
winning,0.712
winnings,0.829
wino,0.535
wintertime,0.516
wintery,0.512
wiretap,0.642
wish,0.583
wishbone,0.531
wishful,0.712
wishing,0.6
wishmeluck,0.582
witch,0.71
witchcraft,0.779
withdrawal,0.541
withering,0.65
withstand,0.548
witness,0.569
wits,0.596
witty,0.707
wiz,0.545
wobble,0.62
wobbly,0.759
woe,0.606
woeful,0.555
woefully,0.58
wokemeup,0.52
wolf,0.712
wolverine,0.673
woman,0.5
womanhood,0.656
womanizer,0.8
womanly,0.615
wonder,0.771
wonderful,0.776
wonderfully,0.76
wonderment,0.679
wondrous,0.679
woo,0.729
woof,0.509
woohoo,0.67
wooing,0.73
wording,0.5
work,0.596
workaholic,0.657
worker,0.598
working,0.585
workings,0.56
workload,0.792
workman,0.618
workout,0.827
workup,0.713
worldly,0.612
worried,0.824
worries,0.679
worry,0.776
worrying,0.75
worse,0.704
worsening,0.685
worshipful,0.648
worstfeeling,0.625
worth,0.51
wound,0.717
wounded,0.77
wounding,0.725
wounds,0.735
wracking,0.607
wrangler,0.574
wrangling,0.865
wrath,0.908
wrathful,0.73
wreak,0.622
wreck,0.77
wrecked,0.618
wrecker,0.716
wrenching,0.833
wrest,0.75
wrestle,0.89
wrestler,0.863
wrestling,0.868
wretch,0.667
wretched,0.56
wriggle,0.627
wright,0.528
wring,0.656
wringer,0.519
wrong,0.582
wrongdoing,0.745
wrongful,0.68
wrongly,0.55
wrought,0.559
wry,0.548
xenophobia,0.771
xmas,0.717
xoxo,0.52
yaaaay,0.677
yaaay,0.61
yaay,0.575
yacht,0.67
yachting,0.635
yahoo,0.583
yank,0.63
yaw,0.592
yay,0.575
yayy,0.587
yayyy,0.7
yayyyy,0.613
yeahhh,0.792
yeahhhh,0.721
yearning,0.51
yehey,0.53
yell,0.798
yeller,0.5
yelling,0.939
yelp,0.709
yesss,0.657
yessss,0.796
yey,0.53
yield,0.578
yielding,0.643
yo-yo,0.643
yoke,0.62
young,0.52
youngster,0.557
yousuck,0.614
youth,0.608
yucky,0.806
yummy,0.55
yuppie,0.61
zany,0.641
zeal,0.741
zealot,0.793
zealous,0.829
zeppelin,0.55
zest,0.769
zesty,0.528
zigzag,0.606
zillion,0.559
zippy,0.523
zombie,0.648
zoo,0.52
zoom,0.52
