term,valence
aaaah,0.52
abacus,0.51
abalone,0.5
abba,0.562
abbey,0.58
abbreviate,0.531
abide,0.635
abiding,0.796
ability,0.875
able,0.786
aboard,0.698
abode,0.62
abound,0.704
abovementioned,0.541
abracadabra,0.673
abreast,0.635
abroad,0.677
absolute,0.526
absolution,0.715
absolve,0.684
absorbent,0.552
absorption,0.609
abundance,0.812
abundant,0.958
abutment,0.5
academic,0.781
academy,0.704
accede,0.698
accelerant,0.643
accelerate,0.615
accelerated,0.61
acceleration,0.704
accelerator,0.593
accent,0.598
accentuate,0.673
accept,0.847
acceptable,0.812
acceptance,0.833
acceptances,0.847
access,0.714
accessible,0.796
accession,0.612
accessory,0.562
acclaim,0.562
accolade,0.688
accommodate,0.844
accommodation,0.817
accompaniment,0.74
accompany,0.833
accompanying,0.787
accomplish,0.929
accomplished,0.87
accomplishment,0.917
accord,0.898
accordance,0.659
accordion,0.604
account,0.531
accountability,0.755
accountable,0.709
accountant,0.625
accounting,0.552
accounts,0.592
accredited,0.669
accrue,0.52
accumulate,0.573
accuracy,0.604
accurate,0.743
accustomed,0.542
ace,0.643
achieve,0.816
achieved,0.896
achievement,0.896
acknowledge,0.786
acknowledged,0.714
acknowledgement,0.819
acknowledgment,0.796
acoustic,0.542
acoustics,0.611
acquaint,0.646
acquaintance,0.656
acquainted,0.906
acquiescence,0.542
acquire,0.833
acquiring,0.735
acquisition,0.698
acquisitions,0.773
acquit,0.583
acquittal,0.76
acre,0.583
acreage,0.741
acres,0.51
acrobat,0.708
acrylic,0.582
act,0.656
acting,0.698
action,0.76
action figure,0.615
actionable,0.673
activate,0.764
activation,0.781
active,0.847
activist,0.531
activity,0.701
actor,0.653
actress,0.633
actual,0.729
actuality,0.75
actuary,0.51
acumen,0.564
acupuncture,0.531
ad,0.521
adage,0.517
adapt,0.74
adaptable,0.735
adaptation,0.663
add,0.728
added,0.562
addition,0.562
additional,0.673
additive,0.561
address,0.65
addressee,0.622
addresses,0.51
adept,0.594
adequacy,0.615
adequate,0.854
adhere,0.633
adherence,0.76
adherent,0.561
adhering,0.612
adhesion,0.521
adhesive,0.604
adjacent,0.645
adjective,0.57
adjoining,0.52
adjudicate,0.559
adjudication,0.551
adjust,0.647
adjuster,0.51
adjustment,0.59
adjuvant,0.51
admin,0.688
administer,0.635
administration,0.625
administrative,0.542
administrator,0.538
admirable,0.929
admiral,0.844
admiralty,0.594
admiration,0.969
admire,0.867
admired,0.917
admirer,0.796
admiring,0.867
admissibility,0.802
admissible,0.78
admission,0.802
admit,0.538
admittance,0.69
admitted,0.72
admitting,0.62
ado,0.52
adobe,0.5
adolescent,0.781
adopt,0.694
adoption,0.625
adoptive,0.531
adorable,0.969
adoration,0.885
adore,0.854
adoring,0.885
adorn,0.91
adornment,0.918
adrenalin,0.865
adrenaline,0.765
adult,0.815
adulthood,0.541
advance,0.673
advanced,0.844
advancement,0.776
advancing,0.929
advantage,0.917
advantageous,0.837
advent,0.665
adventure,0.917
adventurer,0.781
adventures,0.812
adventurous,0.969
advertise,0.5
advertisement,0.6
advertising,0.622
adverts,0.551
advice,0.698
advisable,0.867
advise,0.76
advised,0.823
advisement,0.698
adviser,0.745
advisor,0.646
advisory,0.656
advocacy,0.5
advocate,0.551
aeration,0.55
aerial,0.615
aerobics,0.708
aerodrome,0.541
aerodynamic,0.561
aerodynamics,0.59
aeronautics,0.551
aeroplane,0.714
aerospace,0.643
aesthetic,0.708
aesthetics,0.847
affable,0.704
affair,0.52
affection,0.898
affectionate,0.949
affections,0.76
affiliated,0.673
affiliation,0.615
affinity,0.8
affirm,0.745
affirmation,0.75
affirmative,0.854
affirmatively,0.908
affluence,0.663
affluent,0.756
afford,0.571
affordable,0.84
afield,0.594
afloat,0.602
afore,0.5
aforesaid,0.531
afresh,0.643
afterlife,0.571
afternoon,0.533
aga,0.542
agape,0.612
agate,0.54
age,0.561
agenda,0.531
aggregate,0.73
aggregation,0.583
agile,0.8
agility,0.72
aglow,0.78
agree,0.906
agreeable,0.906
agreed,0.797
agreeing,0.854
agreement,0.76
agricultural,0.686
agriculture,0.64
agua,0.598
ahead,0.708
ahhh,0.562
ahhhhhhhh,0.552
ahoy,0.5
aid,0.796
aide,0.724
aiding,0.643
aids,0.561
air,0.708
airbag,0.51
airborne,0.542
aircraft,0.646
airfield,0.601
airlift,0.573
airline,0.65
airliner,0.667
airman,0.587
airplane,0.719
airport,0.729
airs,0.583
airship,0.542
airspace,0.562
airspeed,0.583
airstrip,0.55
airway,0.638
akin,0.639
alabaster,0.542
alarm clock,0.542
alas,0.571
alb,0.521
albatross,0.5
albino,0.5
album,0.635
alchemy,0.541
alderman,0.55
ale,0.53
alfalfa,0.546
algebraic,0.531
alias,0.541
alight,0.667
align,0.656
aligned,0.583
alignment,0.643
alike,0.653
alimentation,0.781
alimony,0.612
alive,0.816
allegation,0.578
allegiance,0.917
allegorical,0.517
allegory,0.615
allegro,0.635
alleviate,0.869
alleviation,0.735
alliance,0.696
allied,0.714
allocate,0.673
allocation,0.604
allot,0.622
allotment,0.6
allow,0.698
allowable,0.698
allowance,0.673
allowed,0.73
alloy,0.583
allsmiles,0.786
allure,0.804
alluring,0.837
ally,0.792
almanac,0.688
almighty,0.938
almond,0.698
aloft,0.771
aloha,0.698
alpha,0.708
alphabet,0.562
alphabetical,0.537
alpine,0.594
alreadyyyyy,0.592
altar,0.724
alternate,0.625
alternative,0.628
altimeter,0.615
altitude,0.708
alto,0.656
altogether,0.833
alumnus,0.633
amaretto,0.543
amass,0.552
amaze,0.896
amazed,0.796
amazedness,0.827
amazement,0.75
amazing,0.906
amazingly,0.918
ambassador,0.651
amber,0.635
ambience,0.735
ambient,0.625
ambition,0.51
ambivalent,0.51
ambrosia,0.571
ambulance,0.5
ameliorate,0.77
amen,0.781
amend,0.688
amendment,0.531
amends,0.64
amenity,0.75
amethyst,0.622
amiable,0.847
amicable,0.875
amid,0.51
amino,0.551
amnesty,0.551
amorous,0.844
amortization,0.592
amount,0.562
amour,0.865
amphitheater,0.653
ample,0.744
amplification,0.69
amplify,0.677
amplitude,0.694
amply,0.781
amulet,0.781
amuse,0.812
amused,0.942
amusement,0.929
amusing,0.96
ana,0.541
anagram,0.552
analogous,0.531
analogue,0.57
analogy,0.51
analysis,0.729
analyst,0.604
analytic,0.665
analytical,0.625
analyze,0.667
analyzer,0.625
anatomic,0.562
anatomy,0.562
ancestor,0.592
ancestral,0.64
ancestry,0.708
anchor,0.52
anchorage,0.5
android,0.663
anecdote,0.583
anemone,0.552
anew,0.771
angel,0.906
angelic,0.927
angle,0.541
angling,0.625
angora,0.529
animal,0.521
animate,0.827
animated,0.823
animation,0.888
animosity,0.51
animus,0.698
ankle,0.5
annex,0.594
annexe,0.584
anniversary,0.88
annotate,0.592
annotation,0.604
announce,0.694
announcement,0.729
announcer,0.602
annual,0.552
annuity,0.521
anointed,0.5
anointing,0.653
answer,0.537
answerable,0.708
answering,0.684
antelope,0.542
antenna,0.521
anterior,0.51
anthem,0.78
anthropologist,0.551
antibiotic,0.51
anticipate,0.622
anticipation,0.698
anticipatory,0.653
antidote,0.541
antiquarian,0.5
antique,0.634
antiques,0.54
anytime,0.625
apace,0.536
apache,0.687
apartment,0.719
apartments,0.704
ape,0.548
aperture,0.612
apex,0.57
aphrodisiac,0.75
aplomb,0.5
apologize,0.551
apology,0.571
apostle,0.646
apostolic,0.592
apothecary,0.561
apparel,0.698
apparently,0.531
appeal,0.663
appear,0.735
appearance,0.669
appease,0.633
append,0.573
appetite,0.704
appetizer,0.755
appetizing,0.806
applaud,0.865
applause,0.953
apple,0.811
apple juice,0.765
applejack,0.604
applesauce,0.75
appliance,0.582
appliances,0.594
applicability,0.677
applicant,0.612
application,0.646
apply,0.612
appoint,0.565
appointment,0.688
appointments,0.745
apportion,0.677
apportionment,0.552
appraise,0.677
appreciable,0.873
appreciate,0.885
appreciated,0.91
appreciates,0.765
appreciation,0.917
appreciative,0.857
apprehend,0.521
apprentice,0.615
apprenticeship,0.812
approach,0.612
approaching,0.74
approbate,0.646
approbation,0.792
appropriate,0.833
appropriation,0.51
approval,0.854
approve,0.875
approved,0.833
approvement,0.88
approving,0.917
approximate,0.551
approximately,0.622
approximating,0.583
approximation,0.582
appurtenances,0.573
apricot,0.708
apron,0.582
apt,0.582
aptitude,0.75
aqua,0.656
aquamarine,0.729
aquarium,0.663
aquatic,0.677
aqueduct,0.551
arable,0.51
arbiter,0.561
arbitration,0.587
arbor,0.583
arc,0.552
arcade,0.676
arcane,0.5
arch,0.5
archaeological,0.74
archaeologist,0.552
archaeology,0.596
archangel,0.837
archbishop,0.622
arched,0.582
archer,0.573
archery,0.594
archipelago,0.745
architect,0.776
architectural,0.729
architecture,0.82
arctic,0.615
ardent,0.694
ardor,0.5
arena,0.51
argent,0.594
argument,0.51
arguments,0.541
arise,0.75
aristocracy,0.688
aristocrat,0.583
arm,0.552
armature,0.51
armchair,0.646
aroma,0.823
aromatherapy,0.847
arousal,0.791
arouse,0.74
aroused,0.708
arrange,0.74
arranged,0.698
arrangement,0.625
array,0.521
arrival,0.678
arrive,0.837
art,0.812
artful,0.771
artichoke,0.583
article,0.594
articles,0.552
articulate,0.677
artifact,0.51
artisan,0.781
artist,0.802
artiste,0.844
artistic,0.802
artistry,0.823
artists,0.796
artwork,0.896
asap,0.571
ascend,0.83
ascendancy,0.724
ascendant,0.656
ascending,0.826
ascension,0.765
ascent,0.755
ascertain,0.56
ascertained,0.531
ask,0.531
asleep,0.604
aspiration,0.704
aspire,0.812
aspiring,0.844
assay,0.633
assemble,0.542
assembled,0.663
assembly,0.698
assent,0.615
assert,0.75
asserting,0.694
assertion,0.74
assertive,0.719
assess,0.698
assessment,0.75
assessor,0.551
asset,0.797
assets,0.667
assign,0.622
assignee,0.51
assimilate,0.559
assist,0.833
assistance,0.656
assistant,0.625
associate,0.812
association,0.745
assorted,0.602
assortment,0.694
assuage,0.745
assume,0.698
assumed,0.612
assuming,0.74
assurance,0.675
assure,0.91
assured,0.878
assuredly,0.786
asterisk,0.541
astonish,0.786
astonished,0.51
astonishing,0.844
astonishingly,0.827
astonishment,0.68
astound,0.729
astral,0.604
astrologer,0.594
astrology,0.635
astronaut,0.792
astronomer,0.75
astronomical,0.6
astronomy,0.613
astute,0.776
asymmetric,0.58
athlete,0.781
athletic,0.857
athleticism,0.75
athletics,0.831
atlas,0.531
atmosphere,0.604
atmospheric,0.531
atom,0.51
atonement,0.55
atpeace,0.724
attach,0.52
attached,0.562
attachment,0.57
attain,0.806
attainable,0.76
attainment,0.83
attempt,0.625
attempted,0.594
attend,0.65
attendance,0.812
attendant,0.58
attention,0.74
attentionseekers,0.531
attentive,0.812
attic,0.521
attire,0.742
attitude,0.76
attorney,0.6
attract,0.796
attraction,0.906
attractive,0.906
attractiveness,0.938
attributable,0.704
attribute,0.781
attribution,0.646
auburn,0.51
auction,0.594
auctioneer,0.542
audacious,0.74
audacity,0.76
audible,0.673
audience,0.698
audio,0.709
audition,0.75
auditions,0.74
auditor,0.582
auditorium,0.529
auditory,0.531
augment,0.65
augmentation,0.714
august,0.652
aunt,0.667
auntie,0.643
aura,0.76
aurora,0.817
auspices,0.542
auspicious,0.562
austere,0.5
authentic,0.885
authenticate,0.833
authentication,0.724
authenticity,0.67
author,0.775
authoritative,0.636
authority,0.592
authorization,0.521
authorize,0.772
authorized,0.76
authorship,0.667
auto,0.571
autobiographical,0.909
autobiography,0.735
autocorrect,0.551
autocratic,0.542
autograph,0.735
autographed,0.781
automated,0.578
automatic,0.562
automobile,0.753
automotive,0.656
autonomy,0.781
autopilot,0.594
autumn,0.765
auxiliary,0.622
avail,0.8
availability,0.796
available,0.844
avatar,0.633
avenue,0.677
average,0.684
aversation,0.582
avert,0.51
aviary,0.5
aviation,0.708
aviator,0.615
avid,0.582
avocado,0.677
awake,0.667
awaken,0.729
awakening,0.745
award,0.865
awards,0.958
aware,0.656
awareness,0.684
awesome,0.98
awesomeness,0.917
awestruck,0.615
awning,0.5
ay,0.5
aye,0.562
azure,0.62
babble,0.552
babe,0.86
baby,0.837
babysit,0.719
babysitter,0.656
baccalaureate,0.729
baccarat,0.583
bachelor,0.667
bachelorette,0.735
backbone,0.538
backer,0.646
backgammon,0.58
backpack,0.729
backpacker,0.51
backup,0.52
backwoods,0.541
backyard,0.552
bacon,0.698
badge,0.567
bag,0.5
bagel,0.531
baggage,0.61
baggy,0.521
bagman,0.506
bagpipes,0.541
bake,0.867
bakery,0.802
baking,0.549
balance,0.684
balanced,0.806
balcony,0.562
ball,0.74
ballad,0.792
ballerina,0.802
ballet,0.656
ballgame,0.781
balloon,0.729
ballot,0.521
ballpark,0.724
ballplayer,0.719
ballpoint,0.596
ballroom,0.847
ballsy,0.531
balm,0.625
balmy,0.684
balsam,0.663
balsamic,0.582
bamboo,0.646
banana,0.612
band,0.648
bandanna,0.562
bandstand,0.735
bandwagon,0.625
bandwidth,0.714
bank,0.562
banker,0.586
banking,0.51
banner,0.521
banquet,0.765
banter,0.594
banzai,0.55
baptism,0.844
baptismal,0.646
baptize,0.739
bar,0.5
barbecue,0.792
barber,0.543
barbershop,0.597
barbie doll,0.729
bareback,0.5
bargain,0.653
bargaining,0.622
baritone,0.592
barley,0.614
barmaid,0.521
barman,0.594
barn,0.51
barnyard,0.51
baron,0.52
baroness,0.625
barroom,0.686
bartender,0.573
base,0.635
baseball,0.66
baseball bat,0.667
baseman,0.604
bases,0.569
basic,0.643
basics,0.688
basil,0.534
basilica,0.612
basin,0.552
basis,0.602
bask,0.76
basketball,0.814
bass guitar,0.738
bassoon,0.5
bastion,0.531
batch,0.56
bath,0.725
bathe,0.677
bathhouse,0.602
bathing,0.74
bathrobe,0.531
bathroom,0.561
bathtub,0.625
batter,0.561
bauble,0.698
bay,0.719
bazaar,0.604
bday,0.729
be,0.67
beach,0.885
beaches,0.865
beacon,0.58
bead,0.592
beading,0.542
beads,0.673
beagle,0.649
beam,0.584
beaming,0.892
bean,0.667
beanie,0.5
bearable,0.542
bearer,0.571
bearing,0.571
bearish,0.521
beau,0.612
beautification,0.885
beautiful,0.875
beautify,0.898
beauty,0.842
beck,0.58
beckon,0.663
become,0.641
bed,0.604
bedding,0.704
bedpan,0.51
bedrock,0.561
bedroom,0.744
bedside,0.604
bedspread,0.551
bedtime,0.673
bee,0.52
beef,0.582
beefsteak,0.594
beehive,0.541
beep,0.595
beer,0.592
bees,0.562
beeswax,0.583
befall,0.52
befitting,0.708
befriend,0.93
begin,0.677
beginning,0.816
beginnings,0.837
begun,0.677
behappy,0.875
behave,0.677
behavior,0.594
behavioral,0.612
behemoth,0.583
behest,0.602
behold,0.61
beholder,0.714
belay,0.5
belief,0.896
believable,0.866
believe,0.781
believed,0.5
believer,0.725
believing,0.87
bell,0.552
bellboy,0.542
bellhop,0.5
bellman,0.54
belly,0.51
bellybutton,0.531
belong,0.643
belongings,0.592
beloved,0.969
belt,0.541
beluga,0.51
bench,0.571
bend,0.571
benedictory,0.677
benefactor,0.833
beneficial,0.82
beneficiary,0.776
benefit,0.906
benevolence,0.786
benevolent,0.786
benign,0.694
bequeath,0.743
bequest,0.661
beret,0.542
bergamot,0.51
berlin,0.592
bestdayever,0.76
bestfeeling,0.806
bestfriends,0.934
besties,0.888
bestow,0.656
bestseller,0.771
beta,0.71
betrothed,0.833
betterment,0.898
betty,0.542
bevel,0.757
beverage,0.635
bible,0.719
biblical,0.635
bibliography,0.622
bicentennial,0.541
biceps,0.592
bicolor,0.58
bicycle,0.708
bid,0.76
bidding,0.586
biennial,0.531
big,0.802
bigday,0.796
biggie,0.531
bike,0.708
biker,0.604
bikini,0.73
bilateral,0.633
bilingual,0.735
billboard,0.594
billiard,0.719
billiards,0.643
billion,0.719
billionaire,0.806
bindery,0.548
bing,0.573
bingo,0.735
binocular,0.531
binomial,0.6
bio,0.612
biochemistry,0.552
biogenesis,0.594
biographer,0.708
biography,0.698
biological,0.59
biologist,0.625
bionic,0.571
biosphere,0.684
birch,0.562
bird,0.729
birdie,0.594
birth,0.896
birthday,0.969
birthing,0.796
birthmark,0.63
birthplace,0.781
birthright,0.684
biscuit,0.888
bishop,0.594
bison,0.573
bisque,0.693
bistro,0.594
bitsy,0.51
biweekly,0.581
biz,0.5
blackberry,0.667
blackbird,0.52
blameless,0.759
blank,0.531
blanket,0.74
blaze,0.698
blazer,0.635
blazing,0.594
blender,0.602
blending,0.56
bless,0.929
blessed,0.91
blessing,0.929
blessings,0.929
blimp,0.6
blink,0.552
blip,0.529
bliss,0.816
blissful,0.885
blob,0.5
blockbuster,0.73
blog,0.639
blond,0.59
blonde,0.698
bloodline,0.51
bloodstream,0.552
bloom,0.816
bloomers,0.521
blooming,0.86
blossom,0.792
blouse,0.58
blower,0.564
blowing,0.521
blowtorch,0.52
blue,0.646
blue spruce,0.559
blueberry,0.656
bluebird,0.573
bluegrass,0.573
bluejay,0.635
bluish,0.604
blunt,0.551
blush,0.698
blushing,0.51
board,0.592
board game,0.711
boarder,0.604
boarding,0.531
boardroom,0.555
boardwalk,0.643
boast,0.52
boat,0.516
boathouse,0.592
boating,0.638
boatman,0.592
bobcat,0.562
bobsled,0.667
bodega,0.573
bodily,0.594
body,0.694
bodyguard,0.51
bohemian,0.622
boiler,0.561
boldness,0.806
bolster,0.708
bonanza,0.875
bonbon,0.865
bond,0.667
bonding,0.594
bonds,0.74
bonny,0.561
bonsai,0.714
bonus,0.857
boob,0.694
boogie,0.59
book,0.802
bookcase,0.553
booking,0.708
bookish,0.604
bookkeeping,0.52
booklet,0.51
bookmaker,0.583
bookmark,0.543
books,0.729
bookseller,0.583
bookshop,0.688
bookstore,0.771
bookworm,0.563
boom,0.604
boomerang,0.531
booming,0.688
boon,0.878
boost,0.865
booster,0.755
booth,0.531
boots,0.602
booty,0.663
bordering,0.643
boreal,0.582
born,0.865
bosom,0.612
boston,0.643
botanical,0.66
botanist,0.651
botany,0.604
bouncy,0.562
boundary,0.561
boundless,0.684
bountiful,0.854
bounty,0.76
bouquet,0.724
bourbon,0.602
bourse,0.53
boutique,0.745
bouttime,0.588
bow,0.53
bowl,0.625
bowler,0.552
bowling,0.656
bowls,0.551
box,0.5
boy,0.646
boyfriend,0.781
boyhood,0.729
boyish,0.698
boysenberry,0.646
bra,0.672
brace,0.61
bracelet,0.776
braces,0.5
brackets,0.573
brain,0.667
brains,0.663
brainstorm,0.794
brainy,0.708
bran,0.688
branch,0.538
branching,0.52
brand,0.562
brandy,0.6
brass,0.5
brassiere,0.51
bratwurst,0.51
brave,0.837
bravery,0.898
bread,0.66
breadth,0.667
break,0.61
breakfast,0.885
breakingnews,0.5
breakthrough,0.68
breast,0.753
breath,0.684
breathe,0.833
breather,0.624
breathtaking,0.936
breech,0.5
breeder,0.645
breeding,0.667
breeze,0.837
breezy,0.531
brethren,0.917
breve,0.535
brew,0.74
brewery,0.71
brewing,0.74
bridal,0.823
bride,0.84
bridegroom,0.809
bridesmaid,0.748
bridge,0.625
briefcase,0.542
briefing,0.612
briefly,0.686
brig,0.573
brigade,0.604
bright,0.89
brighten,0.76
brightens,0.771
brighter,0.918
brightness,0.938
brilliance,0.99
brilliant,0.939
brimming,0.656
bring,0.635
brisk,0.719
brisket,0.552
bro,0.794
broad,0.762
broadcast,0.615
broadcasting,0.542
broaden,0.678
brocade,0.5
brochure,0.552
broil,0.51
broker,0.582
bronco,0.5
bronze,0.622
brooch,0.531
brood,0.633
brook,0.594
broth,0.5
brother,0.823
brotherhood,0.99
brotherly,0.865
brow,0.562
brownstone,0.559
browse,0.635
brunette,0.802
bubble,0.774
bubbling,0.5
bubbly,0.698
buck,0.677
buddha,0.69
buddhism,0.51
buddhist,0.57
buddy,0.884
budge,0.719
budget,0.643
buff,0.561
buffer,0.52
buffet,0.656
bugged,0.561
buggy,0.5
bugler,0.542
build,0.771
builder,0.66
building,0.705
buildings,0.582
bulb,0.562
bull,0.521
bulletin,0.573
bulletproof,0.75
bullhorn,0.51
bullion,0.693
bulwark,0.551
bunch,0.552
bundle,0.51
bungalow,0.562
bungee,0.637
bunny,0.74
buoy,0.562
buoyancy,0.625
buoyant,0.625
bureau,0.562
burger,0.688
burly,0.562
burnished,0.52
burrito,0.688
bursary,0.729
busboy,0.51
bushy,0.562
business,0.688
business man,0.53
businessman,0.653
businesswoman,0.719
busload,0.561
bust,0.52
butcher,0.5
butter,0.65
buttercup,0.562
butterfly,0.892
buttermilk,0.633
butterscotch,0.708
buttery,0.625
button,0.52
buxom,0.562
buy,0.771
buyer,0.613
buying,0.665
buzzed,0.583
buzzer,0.549
byzantine,0.546
cabal,0.5
cabana,0.698
cabaret,0.677
cabbie,0.521
cabernet,0.543
cabin,0.643
cabinet,0.552
cable,0.583
caboodle,0.529
cabriolet,0.667
cache,0.552
caddie,0.521
caddy,0.58
cadet,0.504
cafe,0.781
cafeteria,0.757
caffeine,0.562
cagey,0.542
cake,0.81
cakewalk,0.719
calamari,0.521
calcium,0.6
calculated,0.633
calculation,0.646
calculator,0.513
calender,0.531
calf,0.531
calibrate,0.552
calisthenics,0.562
call,0.594
callback,0.524
caller,0.646
calligraphy,0.62
calling,0.646
calls,0.608
calm,0.875
calming,0.885
calmness,0.934
camaraderie,0.833
camcorder,0.556
camel,0.54
cameo,0.573
camera,0.64
cameraman,0.542
camp,0.622
campaign,0.602
campaigner,0.592
campaigning,0.531
camper,0.573
campfire,0.677
camping,0.653
campsite,0.68
campus,0.604
can,0.662
canal,0.673
canary,0.582
candid,0.667
candidate,0.596
candied,0.713
candle,0.602
candlelight,0.789
candles,0.615
candor,0.74
candy,0.93
canine,0.573
canister,0.553
cannon,0.529
canoe,0.542
canonical,0.542
canopy,0.615
cantaloupe,0.592
canteen,0.688
canterbury,0.582
cantina,0.646
canto,0.776
canton,0.542
canvas,0.719
canvass,0.675
cap,0.612
capability,0.833
capable,0.765
capacity,0.719
cape,0.531
caper,0.51
capital,0.52
capitalize,0.771
capitals,0.755
capitol,0.535
cappuccino,0.792
caps,0.51
capsule,0.583
captain,0.552
caption,0.814
captivate,0.698
captivating,0.895
car,0.776
caramel,0.901
carat,0.823
caravan,0.635
carbon,0.604
card,0.531
cardboard,0.5
cardigan,0.599
cardinal,0.583
cards,0.568
care,0.729
career,0.74
carefree,0.755
careful,0.625
carefully,0.698
caress,0.833
caret,0.656
caretaker,0.714
caribou,0.562
caricature,0.604
caring,0.635
carnation,0.653
carnival,0.927
carol,0.673
carols,0.847
carousel,0.704
carp,0.531
carpenter,0.521
carpentry,0.561
carpet,0.52
carpeting,0.542
carpool,0.625
carriage,0.65
carrier,0.533
carrot,0.5
carry,0.635
carrying,0.656
cart,0.52
carte,0.592
cartography,0.52
cartoon,0.867
carving,0.541
cascade,0.735
cash,0.867
cashier,0.615
cashmere,0.653
casino,0.542
casserole,0.57
cast,0.558
caste,0.51
caster,0.604
castle,0.68
castor,0.583
casual,0.643
casually,0.658
cat,0.667
catalog,0.561
catalogue,0.647
catalyst,0.604
catalytic,0.562
catamaran,0.571
catch,0.531
catcher,0.653
catchphrase,0.698
catchy,0.677
catechism,0.656
categorical,0.615
category,0.571
cater,0.802
caterer,0.55
cathedral,0.598
catholic,0.646
cattle,0.622
catwalk,0.698
caudal,0.5
cauldron,0.51
causal,0.562
causality,0.5
causation,0.562
caution,0.552
cautionary,0.51
cautiously,0.51
cavalier,0.735
cavalry,0.667
caviar,0.906
cayenne,0.615
ceasefire,0.542
cedar,0.56
ceiling,0.52
celebrant,0.865
celebrate,0.917
celebrated,0.875
celebrating,0.927
celebration,0.939
celebrations,0.958
celebratory,0.857
celebrity,0.76
celestial,0.817
cell,0.541
cellar,0.51
cellist,0.667
cello,0.635
cellophane,0.648
cellular,0.643
cement,0.544
centenary,0.604
centennial,0.583
center,0.643
centerfold,0.571
centerpiece,0.594
central,0.64
centrality,0.571
centralization,0.521
centralize,0.684
centrally,0.729
centurion,0.59
ceramic,0.521
ceramics,0.573
cereal,0.612
cereals,0.719
ceremonial,0.771
ceremony,0.76
certain,0.76
certainty,0.781
certifiable,0.714
certificate,0.786
certified,0.781
certify,0.866
cha cha,0.714
chai,0.5
chair,0.562
chairman,0.656
chairperson,0.73
chairwoman,0.719
chalet,0.653
chalice,0.633
chamber,0.583
chambermaid,0.594
chambers,0.542
champ,0.854
champagne,0.76
champion,0.89
championship,0.833
chance,0.833
chancellor,0.646
chandelier,0.615
chandler,0.51
change,0.625
changed,0.594
changer,0.583
changing,0.571
chant,0.771
chap,0.55
chapel,0.573
chaperon,0.5
chaplain,0.582
chapman,0.562
chapter,0.58
char,0.554
character,0.667
characteristic,0.583
characterize,0.729
chardonnay,0.677
charge,0.51
chargeable,0.551
charger,0.531
chariot,0.684
charisma,0.938
charismatic,0.938
charitable,0.865
charity,0.92
charm,0.833
charmed,0.938
charmer,0.882
charming,0.917
charter,0.677
chartered,0.569
chat,0.729
chateau,0.615
chatter,0.56
chatty,0.594
chauffeur,0.5
cheap,0.612
check,0.523
checkbook,0.552
checkers,0.676
checklist,0.561
checkmate,0.667
checkout,0.597
checkpoint,0.571
checkup,0.5
cheek,0.67
cheeks,0.708
cheer,0.938
cheered,0.875
cheerful,0.99
cheerfulness,0.969
cheering,0.815
cheerleader,0.923
cheerleading,0.698
cheers,0.948
cheery,0.949
cheese,0.74
cheeseburger,0.802
cheesecake,0.86
chef,0.854
chemise,0.53
chemistry,0.625
cheque,0.698
cherish,0.896
cherishing,0.836
cherry,0.688
cherub,0.663
chess,0.656
chest,0.52
chestnut,0.714
chew,0.52
chewy,0.625
chic,0.87
chick,0.771
chicken,0.594
chief,0.52
chiefly,0.6
child,0.912
childbirth,0.604
childhood,0.865
childish,0.573
childlike,0.656
children,0.857
chili,0.592
chill,0.837
chilled,0.521
chime,0.573
chimes,0.625
chimney,0.583
chimpanzee,0.5
chin,0.571
china,0.561
chine,0.561
chipmunk,0.573
chirping,0.5
chitchat,0.673
chivalry,0.857
chocolate,0.885
choice,0.745
choir,0.704
choose,0.615
choosing,0.719
chopper,0.594
chopping,0.56
chops,0.612
choral,0.852
chord,0.729
chords,0.639
choreographer,0.646
choreography,0.812
chorus,0.62
chosen,0.865
chow,0.573
chowder,0.51
christ,0.781
christen,0.673
christening,0.725
christian,0.76
christmas,0.959
christmasbreak,0.842
christmaseve,0.812
christmasspirit,0.867
christmassy,0.875
christmastime,0.837
chrome,0.582
chromosome,0.5
chronograph,0.5
chronological,0.594
chubby,0.531
chuck,0.542
chuckle,0.844
chum,0.911
chummy,0.76
chunky,0.52
church,0.708
chute,0.58
ciao,0.542
cider,0.53
cinema,0.698
cinematic,0.663
cinematographer,0.792
cinematography,0.781
cinnamon,0.6
circling,0.51
circuit,0.586
circuitry,0.596
circular,0.562
circulate,0.612
circulation,0.735
circulatory,0.592
circumferential,0.551
circumstance,0.52
circumstances,0.562
circumstantial,0.5
circumvention,0.531
circus,0.724
cirque,0.604
cistern,0.541
citadel,0.585
citation,0.57
cite,0.625
citizen,0.631
citizenship,0.786
city,0.847
citywide,0.592
civic,0.653
civics,0.7
civil,0.521
civilian,0.7
civility,0.76
civilization,0.823
civilized,0.792
clad,0.583
clairvoyant,0.765
clambake,0.542
clamp,0.541
clan,0.562
clap,0.779
clapper,0.5
clapping,0.823
clarification,0.802
clarify,0.652
clarinet,0.592
clarion,0.5
clarity,0.796
class,0.656
classic,0.69
classic rock,0.729
classical,0.643
classics,0.75
classification,0.583
classified,0.571
classify,0.646
classmate,0.781
classroom,0.539
classy,0.917
clay,0.542
clean,0.827
cleaner,0.604
cleaning,0.595
cleanliness,0.816
cleanly,0.823
cleanse,0.625
cleanser,0.604
cleansing,0.729
cleanup,0.729
clear,0.857
clearance,0.542
clearing,0.68
clearness,0.875
cleavage,0.542
clef,0.615
clemency,0.594
clergy,0.531
clergyman,0.594
cleric,0.521
clerical,0.52
clerk,0.5
clerkship,0.582
clever,0.896
cleverness,0.878
click,0.536
client,0.583
clientele,0.625
climate,0.635
climatology,0.531
climax,0.735
climb,0.615
climber,0.573
clipboard,0.594
clitoris,0.625
cloaking,0.521
cloakroom,0.69
clock,0.677
closeness,0.796
closet,0.531
cloth,0.51
clothe,0.797
clothes,0.833
clothesline,0.582
clothing,0.75
cloud,0.74
clouds,0.735
clout,0.584
clover,0.605
clown,0.65
clowns,0.6
club,0.646
clubhouse,0.694
clubs,0.723
clue,0.653
clump,0.551
clutches,0.542
coach,0.633
coast,0.719
coastal,0.604
coaster,0.612
coastline,0.745
coat,0.677
coating,0.62
cobbler,0.51
cockpit,0.52
cocktail,0.74
cocoa,0.776
coconut,0.622
cod,0.51
code,0.583
codex,0.531
coefficient,0.677
coexist,0.708
coexistence,0.588
coexisting,0.551
coffee,0.823
coffee table,0.72
coffeehouse,0.694
coffeepot,0.76
cogent,0.765
cognac,0.615
cognate,0.615
cognition,0.635
cognitive,0.513
cohabitation,0.646
coherence,0.72
coherent,0.698
cohesion,0.604
cohesive,0.531
coin,0.677
coinage,0.5
coincide,0.635
coincidence,0.612
coincident,0.562
coincidental,0.646
coinciding,0.673
coleslaw,0.707
coliseum,0.612
collaborate,0.816
collaboration,0.885
collaborator,0.729
collage,0.68
collagen,0.541
collar,0.656
collateral,0.531
collation,0.52
colleague,0.74
collect,0.635
collected,0.57
collection,0.725
collective,0.583
collectively,0.817
collector,0.552
college,0.7
collegiate,0.592
collie,0.562
collocation,0.637
colloquial,0.604
cologne,0.677
colonial,0.553
colony,0.716
colophon,0.5
color,0.786
coloration,0.541
colored,0.806
colorful,0.85
coloring,0.781
colors,0.875
colossal,0.698
colt,0.561
columbine,0.52
columnist,0.646
combatant,0.531
combination,0.708
combinatorial,0.561
combine,0.663
combined,0.622
combo,0.698
come,0.529
comeback,0.58
comedian,0.812
comedy,0.918
comet,0.704
comfort,0.863
comfortable,0.927
comforter,0.618
comforting,0.906
comfy,0.93
comic,0.917
comical,0.844
comics,0.69
coming,0.653
commandant,0.622
commandeer,0.552
commander,0.531
commanding,0.562
commandment,0.656
commemorate,0.812
commemoration,0.719
commemorative,0.75
commence,0.76
commend,0.906
commendable,0.786
commendation,0.911
commensurate,0.61
comment,0.667
commentary,0.602
commerce,0.646
commercial,0.806
commission,0.677
commissioner,0.602
commitment,0.714
committed,0.71
committee,0.592
commodity,0.615
common,0.6
commonly,0.604
commonplace,0.52
commons,0.633
commonwealth,0.63
communal,0.592
commune,0.5
communicable,0.796
communicate,0.823
communication,0.837
communicative,0.847
communicator,0.573
communion,0.765
community,0.75
commutative,0.667
commute,0.622
commuter,0.646
comp,0.573
compaction,0.531
compactness,0.582
companion,0.77
companionship,0.833
company,0.906
comparable,0.562
comparatively,0.604
compare,0.552
comparison,0.583
compartment,0.5
compass,0.541
compassion,0.735
compassionate,0.857
compatibility,0.816
compatible,0.892
compelling,0.698
compendium,0.61
compensate,0.612
compensation,0.775
compensatory,0.589
compete,0.573
competence,0.615
competency,0.768
competent,0.865
competition,0.58
competitor,0.612
compilation,0.53
compile,0.6
complacency,0.604
complacent,0.625
complement,0.76
complementary,0.714
complete,0.75
completed,0.823
completely,0.73
completeness,0.823
completing,0.614
completion,0.656
complexion,0.521
compliance,0.75
compliant,0.677
compliment,0.82
complimentary,0.823
comply,0.806
complying,0.729
compo,0.5
component,0.531
compose,0.639
composed,0.684
composer,0.822
composite,0.591
composition,0.765
composure,0.802
compound,0.635
comprehend,0.875
comprehension,0.908
comprehensive,0.796
compressible,0.622
compression,0.646
comprise,0.839
compromise,0.677
computable,0.57
computation,0.583
compute,0.531
computer,0.802
computerized,0.677
computing,0.745
comrade,0.781
concede,0.67
conceivable,0.73
conceive,0.708
concentrate,0.75
concentration,0.735
concentric,0.73
concept,0.573
conception,0.694
concert,0.938
concerto,0.613
concession,0.588
concessional,0.77
conch,0.583
conciliation,0.792
concise,0.583
conclave,0.573
conclude,0.53
concluding,0.531
conclusion,0.615
conclusive,0.5
concord,0.677
concordance,0.625
concours,0.5
concourse,0.74
concrete,0.633
concurrence,0.764
concurrent,0.573
concurring,0.573
condensation,0.51
condensed,0.598
condescending,0.583
condescension,0.521
condiment,0.52
condition,0.5
conditional,0.521
conditioner,0.781
conditions,0.551
condone,0.571
condor,0.573
conducive,0.775
conduction,0.53
conductivity,0.583
conductor,0.677
confederacy,0.59
confederate,0.551
confederation,0.663
confer,0.573
conference,0.688
confetti,0.781
confidant,0.837
confide,0.669
confidence,0.959
confident,0.765
confidential,0.643
confidentiality,0.667
confidentially,0.633
configuration,0.54
confirm,0.802
confirmation,0.812
confirmatory,0.656
confirmed,0.76
confluence,0.677
conformance,0.608
conformation,0.622
conformity,0.645
congenial,0.82
conglomerate,0.5
conglomeration,0.541
congrats,0.93
congratulate,0.927
congratulation,0.948
congratulations,0.96
congratulatory,0.959
congregate,0.653
congregation,0.561
congressional,0.552
congruence,0.656
conic,0.51
conjugal,0.698
conjugate,0.583
conjunction,0.52
connect,0.724
connected,0.816
connection,0.729
connective,0.719
connoisseur,0.76
conquer,0.694
conquering,0.76
conqueror,0.604
conquest,0.71
conscience,0.663
conscientious,0.688
conscious,0.74
consciousness,0.84
consecrated,0.663
consecration,0.771
consecutive,0.663
consensual,0.663
consensus,0.627
consent,0.75
consenting,0.727
consequent,0.663
conservation,0.832
conservative,0.615
conservatory,0.635
conserve,0.69
consider,0.677
considerable,0.653
considerate,0.781
consideration,0.589
consignee,0.635
consist,0.823
consistency,0.714
consistent,0.786
console,0.625
consoled,0.7
consolidate,0.88
consolidated,0.7
consolidation,0.604
consonant,0.5
consort,0.632
constable,0.573
constancy,0.786
constant,0.74
constantly,0.663
constellation,0.719
constituency,0.5
constituent,0.573
constituents,0.573
constitute,0.812
constitution,0.59
constitutional,0.633
constitutionality,0.612
construct,0.75
construction,0.848
constructive,0.86
construe,0.602
consul,0.573
consulate,0.561
consult,0.755
consultant,0.77
consultation,0.66
consumer,0.507
consuming,0.573
consummate,0.551
consummation,0.583
contact,0.719
contain,0.542
container,0.551
contemplate,0.74
contemplation,0.552
contemplative,0.729
contemporaneous,0.64
contemporary,0.72
contend,0.51
content,0.764
contented,0.857
contentment,0.875
contents,0.656
contest,0.667
contestant,0.76
context,0.531
continent,0.551
continual,0.5
continually,0.646
continuance,0.729
continuation,0.615
continue,0.63
continued,0.635
continuing,0.667
continuity,0.781
continuous,0.625
continuously,0.719
continuum,0.677
contour,0.589
contract,0.594
contracting,0.594
contractor,0.592
contrasted,0.521
contribute,0.806
contribution,0.854
contributor,0.844
control,0.729
convection,0.521
convene,0.583
convenience,0.781
conveniences,0.802
convenient,0.846
convention,0.622
conventional,0.594
converge,0.635
convergence,0.551
convergent,0.781
conversant,0.724
conversation,0.75
conversational,0.719
conversationalist,0.719
converse,0.594
conversing,0.755
convert,0.551
converted,0.663
convertible,0.542
convey,0.719
conveyance,0.615
conviction,0.615
convince,0.708
convinced,0.75
convincing,0.76
convocation,0.538
convoy,0.5
cook,0.847
cookbook,0.602
cooker,0.592
cookery,0.633
cookie,0.792
cookies,0.823
cooking,0.694
cookout,0.68
cool,0.885
coolant,0.72
cooler,0.664
coop,0.612
cooperate,0.898
cooperating,0.76
cooperation,0.847
cooperative,0.816
coordinate,0.698
coordination,0.677
coordinator,0.75
copacetic,0.51
cope,0.592
copilot,0.64
coping,0.562
copper,0.58
copter,0.571
coral,0.802
cordial,0.823
cordless,0.667
corduroy,0.57
core,0.721
corn,0.594
cornbread,0.643
cornea,0.521
cornerstone,0.55
cornet,0.507
cornfield,0.719
cornflakes,0.729
cornstarch,0.643
corona,0.818
coronary,0.567
coronation,0.792
corporal,0.582
corporate,0.592
corporeal,0.52
corps,0.551
corpus,0.543
corral,0.606
correct,0.857
correctness,0.796
correlation,0.596
correlative,0.51
correspond,0.71
correspondence,0.663
correspondent,0.573
corresponding,0.74
corridor,0.604
corroborate,0.671
corroboration,0.625
corsage,0.51
cortex,0.594
corvette,0.551
cosmetic,0.625
cosmetics,0.765
cosmic,0.663
cosmology,0.651
cosmopolitan,0.823
cosmos,0.86
costume,0.548
cosy,0.847
cot,0.625
cottage,0.6
cotton,0.639
couch,0.594
council,0.875
councilman,0.531
counsel,0.594
counseling,0.667
counsellor,0.823
counselor,0.873
count,0.594
countenance,0.635
counterbalance,0.52
countess,0.562
countless,0.52
country,0.698
countryman,0.673
countrymusic,0.795
countryside,0.732
couple,0.806
coupled,0.612
coupling,0.594
coupon,0.704
courage,0.83
courageous,0.918
courier,0.551
courses,0.735
coursing,0.542
courteous,0.937
courtesy,0.927
courthouse,0.571
courtship,0.667
courtside,0.592
courtyard,0.503
cousin,0.675
cousins,0.76
cove,0.5
covenant,0.594
coverage,0.767
covered,0.562
covering,0.615
covert,0.5
coveted,0.661
cowboy,0.594
cowgirl,0.541
coworker,0.667
cozy,0.91
cracker,0.604
crackerjack,0.567
cradle,0.776
craft,0.76
crafts,0.667
craftsman,0.719
craftsmanship,0.823
crafty,0.589
cranberry,0.793
cranberry juice,0.622
crave,0.625
craving,0.51
crawfish,0.51
crayon,0.604
crayons,0.684
cream,0.688
creamed,0.723
creamer,0.594
creamy,0.823
create,0.786
creation,0.927
creative,0.917
creativity,0.938
creator,0.865
creature,0.669
credence,0.76
credential,0.735
credentials,0.708
credibility,0.875
credible,0.917
credit,0.673
credit card,0.67
creditable,0.802
credited,0.781
crediting,0.673
creed,0.573
creek,0.552
creole,0.667
crepe,0.562
crescendo,0.76
crescent,0.698
crew,0.604
crewman,0.602
crib,0.653
crimson,0.667
crisp,0.776
crispy,0.656
critter,0.542
crockery,0.552
croft,0.531
croissant,0.745
crop,0.615
croquet,0.551
cross country,0.531
crossing,0.549
crossover,0.559
crosswalk,0.557
crossword,0.611
crotch,0.521
croupier,0.531
crowded,0.694
crown,0.708
crowning,0.773
crucial,0.541
cruise,0.74
cruise ship,0.878
cruiser,0.737
cruising,0.886
crunchy,0.625
crusade,0.592
crust,0.542
crusty,0.625
crystal,0.618
crystalline,0.765
crystallization,0.6
cub,0.646
cuddle,0.885
cuddled,0.906
cuddles,0.847
cuddling,0.917
cue,0.521
cuisine,0.714
culinary,0.654
culminate,0.667
culmination,0.656
cultivate,0.708
cultivated,0.837
cultivation,0.625
cultural,0.802
culture,0.753
cultured,0.635
cumulus,0.57
cunning,0.604
cup,0.615
cupboard,0.553
cupcake,0.656
curable,0.823
curate,0.726
curative,0.667
curator,0.688
curd,0.542
cure,0.719
curiosity,0.75
curious,0.635
curling,0.583
currency,0.583
current,0.625
curriculum,0.708
curry,0.633
curtain,0.698
curtains,0.615
curtsy,0.635
curved,0.542
cushion,0.653
cushy,0.823
cusp,0.667
custard,0.618
custodian,0.594
custom,0.552
customary,0.7
customer,0.562
customized,0.625
cute,0.92
cutie,0.638
cutlery,0.552
cwt,0.5
cyberspace,0.677
cycle,0.635
cyclist,0.684
cymbal,0.542
dab,0.51
dabble,0.55
dabbling,0.562
dad,0.857
daddy,0.795
dado,0.51
daily,0.653
dainty,0.604
daiquiri,0.67
dairy,0.633
daisy,0.562
dak,0.51
dale,0.622
dame,0.694
damsel,0.719
dance,0.894
dancer,0.74
dancing,0.885
dandy,0.673
dapper,0.77
dare,0.677
daresay,0.54
daring,0.583
darling,0.885
dash,0.574
dashboard,0.51
dashing,0.612
data,0.5
database,0.604
date,0.604
datenight,0.708
daughter,0.908
dawn,0.827
dawned,0.694
day,0.719
daybreak,0.802
daycare,0.776
daydream,0.75
daydreaming,0.776
daylight,0.865
daymade,0.646
dayoff,0.76
daytime,0.75
dazzle,0.73
dazzling,0.854
deacon,0.531
deal,0.719
dealer,0.799
dealership,0.541
dealing,0.724
dealings,0.6
dean,0.612
dear,0.88
dearest,0.902
debut,0.806
debutante,0.771
decade,0.531
decathlon,0.573
december,0.74
decency,0.75
decent,0.823
decide,0.656
decidedly,0.75
decimal,0.507
decimeter,0.52
decision,0.646
decisive,0.74
declaration,0.551
declaratory,0.635
declare,0.677
deco,0.625
decode,0.551
decoder,0.562
decontamination,0.611
decor,0.734
decorate,0.954
decorating,0.863
decoration,0.878
decorative,0.908
decorator,0.84
decorum,0.802
decree,0.552
dedicate,0.823
dedication,0.867
deed,0.52
deejay,0.551
deem,0.594
deepen,0.625
deer,0.583
defend,0.698
defended,0.663
defender,0.639
defending,0.604
defense,0.652
defensible,0.74
defensive,0.542
deference,0.51
deferral,0.765
define,0.688
defined,0.67
definite,0.708
definition,0.573
definitive,0.583
deft,0.719
degree,0.724
delectable,0.781
delegate,0.612
delegation,0.562
deli,0.561
deliberate,0.551
deliberation,0.561
delicacy,0.812
delicate,0.583
delicatessen,0.656
delicious,0.927
delight,0.949
delighted,0.938
delightful,0.918
delineation,0.521
deliver,0.583
deliverance,0.75
delivery,0.704
delta,0.551
deluxe,0.792
demeanor,0.633
demo,0.51
democracy,0.68
democrat,0.582
democratic,0.802
demonstrable,0.735
demonstrate,0.771
demonstrated,0.617
demonstrating,0.698
demonstration,0.551
demonstrative,0.656
demonstrator,0.52
demure,0.69
den,0.51
denim,0.52
density,0.602
dental,0.573
department,0.708
departmental,0.612
departure,0.573
dependable,0.88
depict,0.663
deploy,0.5
deployment,0.51
deposit,0.54
depositary,0.604
depository,0.551
depot,0.635
depth,0.708
derivation,0.521
derivative,0.541
dermatologist,0.531
descendant,0.684
describe,0.542
description,0.582
descriptive,0.667
deserve,0.802
deserved,0.781
deserving,0.802
design,0.796
designate,0.531
designated,0.5
designation,0.612
designed,0.745
designer,0.875
designing,0.792
desirability,0.684
desirable,0.74
desire,0.896
desiring,0.814
desirous,0.719
desk,0.51
dessert,0.755
destination,0.708
destined,0.698
destiny,0.781
detail,0.514
detailed,0.603
details,0.583
detect,0.531
detection,0.708
detective,0.5
determinable,0.625
determinate,0.63
determination,0.776
determine,0.612
determined,0.76
develop,0.771
developer,0.844
developing,0.833
development,0.827
device,0.562
devise,0.551
devote,0.802
devoted,0.867
devotee,0.816
devotion,0.802
devotional,0.74
devout,0.62
dew,0.604
dexterity,0.771
diagnosis,0.571
diagnostics,0.54
diagonal,0.5
diagram,0.562
dial,0.62
dialect,0.635
dialectic,0.51
dialogue,0.599
diamond,0.91
diamonds,0.927
diary,0.698
dibs,0.51
dictionary,0.62
didactic,0.645
dietary,0.551
different,0.612
differential,0.52
digest,0.72
digestion,0.531
digestive,0.542
digital,0.74
dignified,0.766
dignify,0.854
dignity,0.844
dildo,0.536
diligence,0.688
diligent,0.76
dime,0.653
dimension,0.592
dimensional,0.561
dine,0.821
diner,0.643
dinghy,0.51
dingo,0.608
dining,0.724
dinner,0.823
dinnertime,0.796
diocesan,0.52
diocese,0.51
diorama,0.592
dip,0.516
diploma,0.75
diplomacy,0.74
diplomat,0.563
diplomatic,0.653
dipper,0.548
direct,0.793
directed,0.542
direction,0.719
directive,0.604
directly,0.747
director,0.688
disc,0.622
discerning,0.542
disciple,0.765
disciplinary,0.562
discipline,0.615
disciplined,0.728
disclosure,0.5
disco,0.71
discount,0.724
discounted,0.677
discover,0.771
discovery,0.823
discreet,0.552
discrete,0.585
discretion,0.552
discretionary,0.52
discus,0.542
disguise,0.573
disguised,0.5
dish,0.552
disinfectant,0.531
disinfection,0.517
disk,0.573
diskette,0.531
dispense,0.561
dispenser,0.583
displacency,0.5
display,0.677
dispose,0.548
disposed,0.688
disposition,0.663
disseminate,0.562
distillate,0.5
distinct,0.542
distinction,0.584
distinctive,0.885
distinguish,0.675
distinguishable,0.635
distinguished,0.823
distinguishing,0.622
distribute,0.643
distribution,0.635
distributor,0.702
diurnal,0.714
diva,0.66
divan,0.75
dive,0.583
diver,0.594
divers,0.583
diverse,0.562
diversified,0.602
diversify,0.656
diversion,0.74
diversionary,0.551
diversity,0.806
dividend,0.583
divination,0.5
divine,0.918
divinity,0.896
divulge,0.531
do,0.67
doable,0.76
docile,0.604
docket,0.505
doctor,0.7
doctorate,0.776
doctrinal,0.51
doctrine,0.5
document,0.594
documentary,0.622
documentation,0.719
documents,0.53
doe,0.55
doer,0.724
dog,0.704
doggy,0.646
dogma,0.53
dogsick,0.571
doings,0.604
doit,0.5
dojo,0.5
doll,0.729
dollar,0.755
dollhouse,0.643
dolphin,0.776
domain,0.573
dome,0.62
domestic,0.729
domesticated,0.635
domestication,0.594
domicile,0.604
domiciled,0.542
dominance,0.542
domination,0.505
dominion,0.542
domino,0.594
don,0.646
donate,0.774
donation,0.792
donor,0.714
doodle,0.604
door,0.549
doorbell,0.564
doorman,0.57
doorstep,0.531
doorway,0.573
dopamine,0.548
dorm,0.719
dormitory,0.633
doting,0.888
double,0.677
doubtless,0.688
dough,0.588
doughnut,0.663
dove,0.729
downfield,0.521
download,0.602
downright,0.625
downriver,0.542
downy,0.63
dowry,0.604
doze,0.592
dozen,0.583
dragon,0.541
dragonfly,0.571
draw,0.704
drawbridge,0.551
drawers,0.539
drawing,0.698
dream,0.844
dreamboat,0.776
dreamer,0.82
dreaming,0.854
dreamland,0.844
dreams,0.865
dreamt,0.812
dreamy,0.837
dress,0.76
dresser,0.604
dressmaker,0.698
dressy,0.8
drink,0.65
drinking,0.562
drinks,0.729
drive,0.625
driver,0.553
driveway,0.612
drizzle,0.521
droplet,0.625
drove,0.541
druid,0.517
drum,0.615
drummer,0.646
drumming,0.594
dual,0.573
dub,0.51
duchess,0.656
duck,0.594
duckling,0.602
ducky,0.52
ductile,0.508
dude,0.809
due,0.562
duet,0.694
duffel,0.5
duke,0.667
dumpling,0.58
duo,0.51
duplex,0.592
duplicate,0.521
durability,0.75
durable,0.74
duration,0.656
dusk,0.532
dustpan,0.609
dutiful,0.724
duty,0.583
dwell,0.698
dweller,0.615
dwelling,0.765
dynamic,0.724
dynamical,0.786
dynamics,0.745
dynamo,0.531
dynasty,0.725
eager,0.521
eagle,0.604
earful,0.533
earl,0.582
earlier,0.562
early,0.633
earn,0.865
earnest,0.653
earnestly,0.847
earnestness,0.812
earnings,0.938
earpiece,0.583
earring,0.583
earrings,0.676
earshot,0.552
earth,0.75
earthenware,0.552
earthling,0.531
earthly,0.625
ease,0.796
easel,0.694
easily,0.885
east,0.51
eastbound,0.541
eastern,0.521
easy,0.865
easygoing,0.823
eat,0.731
eating,0.847
ebullient,0.659
eccentric,0.531
ecclesiastical,0.673
echinacea,0.592
echo,0.573
eclectic,0.646
eclipse,0.541
ecliptic,0.531
ecological,0.885
economic,0.561
economical,0.667
economics,0.625
economy,0.583
ecosystem,0.729
ecstasy,0.796
ecstatic,0.875
ecumenical,0.561
eddy,0.5
edible,0.75
edification,0.625
edifice,0.551
edit,0.51
editing,0.604
edition,0.542
editor,0.772
editorial,0.583
educate,0.76
educated,0.816
education,0.896
educational,0.745
educator,0.827
effect,0.57
effective,0.844
effectiveness,0.64
effectual,0.776
effectually,0.724
effectuate,0.51
efficacious,0.823
efficacy,0.802
efficiency,0.802
efficient,0.959
effigy,0.51
effort,0.698
effortless,0.626
egg,0.684
eggnog,0.635
eggplant,0.592
eight,0.54
eighteen,0.523
eighth,0.531
eighty,0.5
ejaculate,0.604
ejaculation,0.615
elaborate,0.561
elaboration,0.708
elan,0.562
elapse,0.514
elapsed,0.583
elastic,0.656
elasticity,0.635
elated,0.792
elation,0.74
elderly,0.615
elders,0.602
eldest,0.625
elect,0.667
election,0.625
elective,0.612
electorate,0.56
electric slide,0.542
electrical,0.531
electricity,0.698
electrify,0.52
electromagnetic,0.531
electron,0.52
electronic,0.571
electronics,0.708
elegance,0.918
elegant,0.865
element,0.531
elemental,0.627
elementary,0.594
elements,0.51
elephant,0.531
elevate,0.812
elevated,0.704
elevation,0.76
elevator,0.562
eleventh,0.594
eligible,0.75
elite,0.688
elitist,0.5
elixir,0.708
ellipse,0.531
ellipsis,0.653
ellipsoid,0.5
elliptic,0.5
elm,0.51
elongate,0.583
elongation,0.561
eloquence,0.729
eloquent,0.87
elucidate,0.583
elucidation,0.65
email,0.698
emanate,0.653
emancipation,0.704
embankment,0.677
embark,0.541
embassy,0.622
embellish,0.842
embellishment,0.673
emblem,0.64
emblematic,0.771
embodiment,0.562
embossed,0.531
embrace,0.949
embroidered,0.677
embroidery,0.781
embryo,0.673
embryonic,0.573
emcee,0.694
emerald,0.74
emerge,0.602
emeritus,0.633
emigration,0.564
eminence,0.816
eminent,0.74
eminently,0.694
emir,0.51
emissary,0.562
emission,0.51
emit,0.638
emotion,0.693
emotional,0.779
emotive,0.917
empathic,0.76
empathize,0.802
empathy,0.729
emperor,0.651
emphasis,0.653
emphasize,0.51
emphatic,0.615
empire,0.688
empirical,0.5
empiricism,0.583
employ,0.729
employee,0.582
employer,0.663
employment,0.75
emporium,0.622
empower,0.694
empress,0.716
emption,0.57
emulsion,0.562
enable,0.76
enablement,0.6
enact,0.68
enactment,0.667
enamel,0.594
encampment,0.677
enchant,0.873
enchanted,0.917
enchanting,0.917
enchantment,0.816
enchilada,0.542
encircling,0.51
enclave,0.531
enclose,0.531
encomiastic,0.541
encomium,0.541
encompass,0.52
encore,0.51
encounter,0.865
encourage,0.896
encouraged,0.953
encouragement,0.865
encouraging,0.823
encrypt,0.5
encryption,0.547
encyclopedia,0.679
end table,0.541
endearing,0.663
endeavor,0.677
endorse,0.592
endorsement,0.834
endow,0.684
endowed,0.755
endowment,0.685
endpapers,0.542
endurance,0.592
enduring,0.633
energetic,0.847
energize,0.792
energy,0.944
enforce,0.583
enforcement,0.594
engage,0.771
engaged,0.837
engagement,0.906
engaging,0.948
engender,0.561
engine,0.615
engineer,0.719
engineering,0.735
engraved,0.542
engraver,0.552
engraving,0.604
engrossed,0.541
engrossing,0.698
enhance,0.802
enhancement,0.877
enigma,0.513
enjoin,0.594
enjoy,0.959
enjoyable,1.0
enjoying,0.908
enjoyment,0.93
enlarge,0.735
enlarged,0.673
enlargement,0.677
enlighten,0.729
enlightened,0.956
enlightening,0.825
enlightenment,0.837
enlist,0.51
enliven,0.833
enormity,0.594
enormous,0.677
enormously,0.76
enrich,0.896
enroll,0.696
enrollment,0.667
ensemble,0.697
ensign,0.663
ensue,0.698
ensure,0.737
enter,0.708
enterprise,0.76
enterprising,0.865
entertain,0.918
entertained,0.902
entertainer,0.888
entertaining,0.833
entertainment,0.847
enthralled,0.745
enthusiasm,0.938
enthusiast,0.867
enthusiastic,0.885
entice,0.521
entire,0.689
entirety,0.854
entitle,0.729
entity,0.542
entrance,0.698
entree,0.615
entrepreneur,0.885
entrust,0.693
entry,0.552
enumerate,0.521
enumeration,0.548
envelope,0.604
environ,0.724
environment,0.646
environmental,0.633
environs,0.561
envision,0.625
envoy,0.531
enzyme,0.562
ephemeral,0.5
ephemeris,0.64
epic,0.857
epilogue,0.582
epiphany,0.625
episcopal,0.542
episode,0.719
episodic,0.531
epistle,0.604
epithet,0.53
epitome,0.51
epoch,0.553
equal,0.781
equality,0.898
equalization,0.625
equalize,0.738
equalizer,0.604
equally,0.625
equate,0.724
equator,0.55
equatorial,0.55
equestrian,0.633
equilibration,0.724
equilibrium,0.676
equip,0.65
equipment,0.745
equitable,0.714
equity,0.792
equivalence,0.663
equivalent,0.646
era,0.615
erect,0.643
erectile,0.542
erection,0.64
erotic,0.625
erotica,0.781
erudite,0.719
escalate,0.653
escalating,0.646
escalation,0.571
escalator,0.5
escort,0.729
esoteric,0.5
especial,0.827
espouse,0.802
espresso,0.677
esprit,0.552
esquire,0.604
essay,0.559
essayist,0.656
essence,0.663
essential,0.812
essentially,0.75
establish,0.708
established,0.796
establishment,0.69
estate,0.653
esteem,0.745
esteemed,0.694
esthetic,0.635
estimable,0.796
estimate,0.719
estimation,0.74
estrogen,0.58
etch,0.51
etching,0.567
eternal,0.854
eternity,0.765
ethereal,0.52
ethic,0.786
ethical,0.854
ethics,0.658
ethnic,0.583
ethnography,0.571
etiology,0.5
etiquette,0.604
etymology,0.531
eucalyptus,0.602
eulogistic,0.74
eulogium,0.542
eulogize,0.85
eulogy,0.625
euphoria,0.769
euphoric,0.745
euro,0.68
evaluate,0.663
evaluation,0.542
evanescence,0.527
evangelical,0.602
evangelist,0.582
evangelistic,0.66
evaporation,0.556
eve,0.612
evens,0.592
event,0.745
eventful,0.543
eventual,0.633
evergreen,0.729
everlasting,0.74
evermore,0.677
everyday,0.74
everyman,0.522
evidence,0.5
evident,0.633
evolution,0.781
evolutionary,0.796
evolve,0.655
exact,0.719
exalt,0.656
exaltation,0.594
exalted,0.676
examine,0.615
example,0.542
excavate,0.583
excavation,0.54
exceed,0.5
exceeding,0.5
excel,0.561
excellence,0.958
excellent,0.97
excelsior,0.7
exceptional,0.806
exchange,0.74
excitability,0.906
excitable,0.803
excitation,0.792
excite,0.823
excited,0.908
excitement,0.896
exciting,0.95
exclaim,0.635
exclamation,0.612
exclusive,0.792
excursion,0.625
exec,0.64
executive,0.704
exemplar,0.844
exemplary,0.833
exemplify,0.735
exempt,0.588
exemption,0.531
exercise,0.75
exert,0.694
exertion,0.663
exhale,0.542
exhaust,0.546
exhibit,0.688
exhibition,0.698
exhilarated,0.89
exhilarating,0.917
exhilaration,0.792
exhortation,0.531
exist,0.857
existence,0.76
existent,0.635
existential,0.583
existing,0.802
exonerate,0.592
exotic,0.84
expand,0.792
expanded,0.76
expanse,0.594
expansion,0.776
expansive,0.708
expectance,0.552
expectancy,0.581
expectant,0.708
expectation,0.771
expected,0.729
expecting,0.561
expediency,0.604
expedient,0.885
expedite,0.571
expedition,0.735
expeditious,0.602
experience,0.827
experienced,0.771
experiences,0.793
experimentation,0.637
experimenter,0.708
expert,0.776
expertise,0.792
expire,0.573
explain,0.719
explanation,0.615
explanatory,0.573
explication,0.51
explicit,0.562
exploration,0.594
exploratory,0.653
explore,0.776
explorer,0.729
expo,0.61
exponent,0.529
exponential,0.704
export,0.567
exportation,0.76
exposition,0.521
expository,0.706
exposure,0.57
express,0.76
expression,0.79
expressive,0.755
expressway,0.633
exquisite,0.892
exquisitely,0.849
extant,0.646
extend,0.646
extendable,0.66
extended,0.57
extensive,0.635
extent,0.646
exterior,0.542
externally,0.643
extinguisher,0.707
extol,0.582
extra,0.656
extract,0.565
extracting,0.521
extraordinaire,0.847
extraordinary,0.969
extraterrestrial,0.51
extravagance,0.531
extravagant,0.72
extravaganza,0.646
extreme anticipation,0.551
extreme surprise,0.833
extreme trust,0.826
extremely,0.635
extremely positive,0.993
extricate,0.542
extrinsic,0.51
exuberance,0.698
eye,0.531
eyeball,0.526
eyebrow,0.51
eyeful,0.802
eyeglass,0.531
eyeglasses,0.561
eyelet,0.632
eyeliner,0.688
eyes,0.76
eyesight,0.75
eyewitness,0.541
fable,0.663
fabled,0.625
fabric,0.635
fabricate,0.636
fabrication,0.573
fabulous,0.979
facade,0.52
face,0.571
facet,0.667
facial,0.594
facile,0.74
facilitate,0.812
facility,0.625
facing,0.604
fact,0.683
factor,0.635
factory,0.5
facts,0.688
factual,0.656
faculties,0.643
faculty,0.615
fad,0.663
fair,0.812
fairly,0.79
fairness,0.74
fairway,0.541
fairy,0.776
faith,0.833
faithful,0.888
faithfulness,0.833
falafel,0.56
falcon,0.557
fame,0.896
famed,0.878
familiar,0.906
familiarity,0.854
familiarize,0.76
family,0.968
familytime,0.939
famous,0.916
famously,0.856
fan,0.781
fanatic,0.573
fanatical,0.555
fanciful,0.677
fancy,0.854
fanfare,0.656
fanning,0.615
fantasia,0.898
fantasize,0.771
fantastic,0.969
fantasy,0.88
farm,0.781
farmer,0.677
farmhouse,0.69
farming,0.58
farmland,0.729
faro,0.544
fascinate,0.854
fascinated,0.812
fascinating,0.979
fascination,0.885
fashion,0.827
fashionable,0.75
fastball,0.688
fastener,0.577
fastening,0.594
fate,0.571
fated,0.582
father,0.812
fatherhood,0.885
fatherland,0.729
fatherly,0.865
fathom,0.52
faultless,0.792
fauna,0.646
favor,0.812
favorable,0.952
favorite,0.885
favoriteholiday,0.867
favoritism,0.582
fawn,0.626
fearless,0.81
feasibility,0.653
feasible,0.694
feast,0.979
feat,0.75
feather,0.677
feature,0.667
features,0.667
fecundity,0.688
fed,0.602
federal,0.53
federation,0.633
feed,0.812
feedback,0.622
feeder,0.604
feel,0.802
feelgood,0.99
feeling,0.806
feelinggood,0.94
feet,0.51
feisty,0.592
felicity,0.913
feline,0.615
fellow,0.745
fellowship,0.9
felt,0.643
female,0.857
feminine,0.802
femininity,0.75
feminism,0.541
feminist,0.51
femme,0.551
fence,0.5
fencing,0.542
fend,0.646
fennel,0.573
fern,0.602
ferry,0.604
ferryboat,0.594
fertile,0.888
fertility,0.885
fertilize,0.708
fervent,0.646
fervor,0.573
fest,0.704
festival,0.87
festive,0.854
fete,0.58
fiancee,0.959
fiat,0.52
fiber,0.719
fiddle,0.571
fiddler,0.615
fidelity,0.765
field,0.64
field hockey,0.602
fielder,0.583
fiesta,0.927
fiesty,0.571
fifty,0.571
fig,0.573
fight,0.531
fighter,0.637
figment,0.552
figure,0.688
figurine,0.76
filament,0.51
filamentous,0.531
filet,0.615
filigree,0.576
filing,0.62
fill,0.729
filler,0.531
fillet,0.745
filling,0.51
film,0.823
filmmaker,0.704
filmy,0.583
finalist,0.833
finality,0.615
finalize,0.556
finally,0.583
finance,0.753
financial,0.667
financier,0.602
find,0.774
finding,0.796
fine,0.823
finery,0.562
finesse,0.74
fingerprint,0.583
fingerscrossed,0.573
finished,0.51
fir,0.521
firefighter,0.637
firefly,0.622
firehouse,0.594
firelight,0.677
fireman,0.583
fireplace,0.667
fireproof,0.684
fireside,0.684
firewood,0.52
firework,0.786
fireworks,0.735
firm,0.635
firmament,0.75
firmly,0.786
firmness,0.823
first,0.625
firstborn,0.786
fiscal,0.5
fish,0.51
fisherman,0.656
fishery,0.574
fishing,0.677
fishing boat,0.521
fistful,0.5
fit,0.604
fitness,0.875
fits,0.571
fitted,0.507
fitting,0.612
fittings,0.531
five,0.51
fix,0.76
fixable,0.724
fixation,0.562
fixed,0.684
fixer,0.633
fixture,0.663
fixtures,0.643
fjord,0.51
flag,0.592
flagging,0.521
flagpole,0.5
flagship,0.592
flagstaff,0.52
flair,0.775
flamboyant,0.615
flamingo,0.667
flan,0.604
flange,0.5
flare,0.558
flares,0.58
flaring,0.625
flash,0.571
flashing,0.604
flashlight,0.653
flashy,0.704
flatter,0.521
flattered,0.865
flattering,0.755
flavor,0.885
flawless,0.729
fleece,0.561
fleet,0.547
flesh,0.604
fleshy,0.5
flex,0.604
flexibility,0.867
flexible,0.719
flexin,0.552
flick,0.688
flicker,0.635
flier,0.541
flight,0.646
flint,0.521
flipper,0.677
flipping,0.553
flirt,0.792
flirtation,0.653
flirting,0.59
flirty,0.714
float,0.688
flock,0.5
flooring,0.562
floppy,0.549
flora,0.833
floral,0.833
florist,0.771
floss,0.5
flotation,0.51
flounder,0.711
flour,0.53
flourish,0.939
flow,0.696
flower,0.802
flowering,0.906
flowers,0.875
flowery,0.792
flows,0.571
fluency,0.776
fluent,0.76
fluff,0.52
fluffy,0.781
fluid,0.673
fluidity,0.729
fluorescence,0.667
fluorescent,0.602
flute,0.635
fluvial,0.571
fly,0.76
flyboy,0.541
flying,0.877
flywheel,0.667
foal,0.542
foam,0.698
foaming,0.643
foamy,0.663
focus,0.69
fog,0.51
foliage,0.62
folio,0.513
folk,0.663
folklore,0.755
follow,0.667
follower,0.646
fond,0.885
fondle,0.823
fondling,0.794
fondness,0.885
fondue,0.656
font,0.615
food,0.888
foodie,0.781
foolhardy,0.541
footage,0.625
football,0.755
footbridge,0.582
foothold,0.673
footing,0.76
footlocker,0.5
footloose,0.549
footpath,0.677
footprint,0.592
footwear,0.643
forage,0.583
forbearance,0.52
force,0.612
forceful,0.533
forces,0.551
ford,0.521
fore,0.667
forecast,0.783
forecaster,0.635
forefathers,0.69
forefinger,0.51
forefront,0.573
foreground,0.708
foreign,0.573
foreigner,0.5
foremost,0.735
foreplay,0.724
forerunner,0.694
foresee,0.583
foreseen,0.566
foresight,0.68
forest,0.729
forestall,0.54
forethought,0.765
forevermore,0.843
foreword,0.59
forge,0.52
forgive,0.781
forgiven,0.75
forgiveness,0.667
forgiving,0.885
form,0.51
formal,0.735
formalism,0.838
formality,0.594
format,0.562
formation,0.615
formative,0.688
formed,0.656
formidable,0.708
forming,0.729
formula,0.521
formulary,0.531
formulate,0.851
fort,0.78
forte,0.829
forthcoming,0.66
forthright,0.663
forthwith,0.688
fortification,0.652
fortify,0.745
fortitude,0.823
fortnight,0.77
fortnightly,0.592
fortress,0.816
fortuitous,0.625
fortunate,0.927
fortune,0.926
fortunes,0.824
forum,0.556
forward,0.873
forwarding,0.583
fossils,0.52
found,0.833
foundation,0.771
founder,0.76
founding,0.698
foundry,0.531
fountain,0.704
four,0.552
fourfold,0.53
foursome,0.615
fourteen,0.552
fourth,0.559
fowl,0.51
foxtrot,0.562
foxy,0.552
foyer,0.552
fragrance,0.847
fragrant,0.615
franc,0.71
franchise,0.663
frank,0.625
frankness,0.571
frat,0.714
fraternal,0.844
fraternity,0.892
freckle,0.542
free,0.896
freebie,0.796
freedom,0.969
freehold,0.635
freelance,0.833
freelancer,0.614
freely,0.875
freeman,0.823
freestyle,0.765
freeway,0.531
french horn,0.573
frenzy,0.61
frequency,0.561
frequent,0.594
frequently,0.596
fresco,0.827
fresh,0.908
freshair,0.688
freshen,0.806
freshener,0.704
freshman,0.677
freshness,0.917
freshstart,0.765
freshwater,0.854
friar,0.51
friday,0.624
fridge,0.571
friend,0.906
friendliness,0.981
friendly,0.917
friends,0.929
friendship,0.958
fringe,0.52
frisbee,0.706
frisky,0.7
frock,0.632
froggy,0.5
frolic,0.781
front,0.677
frontage,0.51
fronting,0.5
frosted,0.748
frosting,0.823
froth,0.612
frothy,0.774
fruit,0.896
fruit punch,0.837
fruitcake,0.865
fruitful,0.73
fruition,0.776
fruits,0.865
fruity,0.683
fry,0.52
fryer,0.573
fuchsia,0.633
fudge,0.853
fulfill,0.784
fulfilled,0.896
fulfilling,0.823
fulfillment,0.833
full,0.602
fullback,0.5
fullness,0.868
fully,0.763
fulsome,0.51
fun,0.918
function,0.694
functional,0.75
fund,0.521
fundamental,0.708
fundamentally,0.653
funday,0.743
funding,0.729
fundraiser,0.61
fundraising,0.76
funds,0.633
funky,0.531
funny,0.918
fur,0.583
furlough,0.531
furnish,0.755
furnishings,0.592
furniture,0.688
furor,0.5
furtherance,0.698
fusion,0.635
future,0.888
fuzz,0.521
gab,0.5
gaby,0.51
gad,0.51
gadget,0.635
gage,0.552
gaggle,0.542
gaiety,0.854
gain,0.917
gainful,0.73
gaining,0.837
gait,0.51
gal,0.5
gala,0.755
galactic,0.656
galaxy,0.75
gallant,0.908
gallantry,0.906
gallery,0.659
galley,0.52
gallon,0.531
gallop,0.5
galloping,0.643
galore,0.823
gamble,0.568
game,0.735
gameday,0.729
gametime,0.735
gaming,0.896
gammon,0.51
gander,0.51
garage,0.531
garb,0.562
garden,0.77
gardener,0.673
gardening,0.854
gardens,0.775
garment,0.531
garnet,0.643
garnish,0.765
garrison,0.51
garter,0.521
gasket,0.541
gastronomy,0.812
gate,0.51
gatekeeper,0.51
gateway,0.592
gather,0.648
gatherer,0.51
gathering,0.854
gatorade,0.719
gaudy,0.653
gavel,0.52
gaze,0.633
gazelle,0.669
gazetteer,0.531
gazillion,0.531
gazing,0.677
gear,0.51
geisha,0.521
gel,0.524
gelatin,0.562
gem,0.917
gemini,0.531
gender,0.688
general,0.834
generality,0.604
generalization,0.542
generally,0.562
generate,0.771
generation,0.903
generative,0.724
generator,0.704
generic,0.52
generosity,0.958
generous,1.0
genesis,0.612
genetic,0.562
genetics,0.552
genial,0.867
genie,0.76
genius,0.878
genome,0.507
genre,0.52
gent,0.573
genteel,0.917
gentile,0.833
gentle,0.847
gentleman,0.823
gentlemanly,0.918
gentleness,0.927
gently,0.917
gentry,0.56
genuine,0.875
genus,0.582
geographic,0.698
geographical,0.5
geography,0.719
geological,0.667
geologist,0.594
geology,0.635
geometric,0.542
geranium,0.635
germane,0.57
germinate,0.604
gestation,0.561
gesture,0.667
get,0.74
getaway,0.5
getup,0.541
giant,0.646
gift,0.88
gifted,0.902
gifts,0.865
gig,0.816
gigantic,0.75
giggle,0.719
giggles,0.865
giggling,0.886
gilded,0.719
gill,0.521
gilt,0.583
gingerbread,0.597
gingerly,0.602
ginseng,0.677
giraffe,0.561
girdle,0.5
girl,0.74
girlfriend,0.712
girlie,0.604
girlish,0.677
girly,0.595
girth,0.52
gist,0.622
give,0.75
giveaway,0.865
giver,0.688
giving,0.795
gizmo,0.51
glacier,0.573
glad,0.938
glade,0.6
gladiator,0.5
gladness,0.896
glamorous,0.918
glamour,0.823
glance,0.625
glare,0.698
glaring,0.694
glasses,0.531
glassware,0.633
glaze,0.65
glazed,0.622
gleam,0.781
gleaming,0.827
glee,0.698
gleeful,0.906
glen,0.573
glide,0.561
glider,0.618
glimmer,0.615
glimpse,0.646
glint,0.677
glisten,0.765
glitter,0.814
glittering,0.86
gloat,0.5
global,0.583
globe,0.76
globular,0.542
glorification,0.821
glorified,0.865
glorify,0.94
glorious,0.959
glory,0.948
gloss,0.757
glossary,0.57
glossy,0.802
glove,0.5
gloves,0.542
glow,0.918
glowing,0.94
glucose,0.562
gluttony,0.5
go,0.51
goal,0.83
goalie,0.573
goals,0.719
goblet,0.786
god,0.758
godbless,0.823
goddess,0.865
godfather,0.694
godisgood,0.74
godisgreat,0.712
godlike,0.854
godly,0.747
godmother,0.733
godsend,0.865
godson,0.68
goggle,0.525
goggles,0.667
gold,0.939
golden,0.802
goldfish,0.786
golf,0.573
golfer,0.602
golfing,0.625
gondola,0.52
good,0.938
goodday,0.961
goodfeeling,0.939
goodhealth,0.938
goodie,0.854
goodies,0.95
goodlife,0.917
goodly,0.701
goodmood,0.823
goodmorning,0.922
goodmusic,0.756
goodness,0.969
goodnews,0.961
goods,0.888
goodtimes,0.91
goodvibes,0.827
goodwill,0.938
goody,0.786
goofball,0.561
gooood,0.857
gorgeous,0.92
gorilla,0.565
gospel,0.74
goulash,0.582
gourmet,0.911
govern,0.573
governing,0.635
governmental,0.521
governor,0.5
gown,0.625
grace,0.906
graceful,0.906
gracias,0.833
gracious,0.918
graciously,0.948
grad,0.806
grade,0.698
graded,0.562
grader,0.583
grades,0.521
gradschool,0.616
gradual,0.571
gradually,0.583
graduate,0.898
graduation,0.88
graffiti,0.582
grail,0.573
gram,0.578
grammar,0.56
grand,0.898
grandchild,0.781
grandchildren,0.796
granddad,0.74
granddaddy,0.708
granddaughter,0.823
grandeur,0.885
grandfather,0.827
grandiose,0.9
grandma,0.796
grandmother,0.792
grandpa,0.806
grandson,0.778
grandstand,0.5
grange,0.531
granite,0.572
granny,0.796
granola,0.625
grant,0.719
granted,0.882
grantee,0.865
grantor,0.542
grape,0.729
grape juice,0.696
grapefruit,0.521
grapes,0.784
grapevine,0.541
graph,0.51
graphic,0.602
graphics,0.542
grasp,0.56
grass,0.604
grasshopper,0.5
grassy,0.647
grateful,0.958
gratification,0.867
gratified,0.781
gratify,0.837
gratifying,0.857
grating,0.512
gratis,0.796
gratitude,0.885
gratuitous,0.735
gratuity,0.865
gravitation,0.698
gravitational,0.528
gravity,0.51
gravy,0.608
graze,0.56
great,0.958
great anticipation,0.786
great aunt,0.896
great grandfather,0.729
great grandma,0.771
great grandmother,0.802
great grandpa,0.857
great surprise,0.939
great trust,0.939
great uncle,0.729
greatday,0.823
greater,0.755
greatest,0.847
greatfriends,0.908
greatful,0.923
greatly,0.75
greatly positive,0.967
greatness,0.99
greatnight,0.918
green,0.63
green pepper,0.5
greenhouse,0.719
greenish,0.574
greenwood,0.531
greet,0.885
greeted,0.781
greeting,0.854
gregarious,0.551
greyhound,0.52
grid,0.562
gridiron,0.667
grill,0.755
grilled,0.702
grin,0.885
grindstone,0.541
gringo,0.54
grip,0.52
grocer,0.625
groceries,0.74
grocery,0.687
groom,0.698
groove,0.552
groovy,0.615
grotto,0.51
grounded,0.531
grounding,0.521
grounds,0.667
groundwork,0.5
group,0.573
groupie,0.521
grouping,0.745
grove,0.604
grow,0.914
grownup,0.735
growth,0.917
grub,0.602
guacamole,0.684
guarantee,0.949
guaranty,0.646
guard,0.592
guarded,0.758
guardhouse,0.51
guardian,0.656
guardianship,0.592
gubernatorial,0.552
guess,0.64
guesser,0.542
guest,0.719
guesthouse,0.729
guidance,0.729
guide,0.688
guidebook,0.677
guiding,0.667
guild,0.58
guinea,0.521
guise,0.531
guitar,0.844
guitarist,0.827
gulf,0.52
gull,0.594
gulp,0.551
gum,0.573
gumbo,0.5
gummy,0.521
guru,0.573
gush,0.51
gusto,0.692
gusty,0.687
guts,0.592
gutsy,0.635
guy,0.583
gym,0.635
gymnasium,0.667
gymnast,0.67
gymnastic,0.81
gymnastics,0.745
gynecologist,0.552
gyroscope,0.5
habit,0.625
habitat,0.633
habitation,0.781
habitual,0.527
habitually,0.6
hacienda,0.688
haiku,0.583
hair,0.582
haircut,0.677
hairdo,0.552
hairdresser,0.708
hairdryer,0.642
hairspray,0.549
hairstyle,0.771
hairy,0.542
half,0.5
half dollar,0.573
halfway,0.51
hall,0.51
hallelujah,0.77
hallmark,0.646
hallowed,0.74
hallway,0.573
ham,0.673
hamburger,0.809
hamlet,0.573
hammock,0.673
hamster,0.52
hand,0.542
handbag,0.562
handball,0.561
handbook,0.6
handful,0.521
handheld,0.646
handicraft,0.724
handiwork,0.753
handkerchief,0.51
handle,0.698
handmade,0.776
handout,0.56
handprint,0.635
handshake,0.816
handsome,0.89
handwriting,0.615
handy,0.741
handyman,0.66
hangout,0.573
hank,0.51
hankering,0.604
hap,0.503
happen,0.677
happening,0.646
happier,0.99
happiest,0.99
happily,1.0
happiness,0.96
happy,1.0
happydance,0.857
happyday,0.929
happyheart,0.949
happyholidays,0.927
happynewyear,0.969
happyplace,0.938
happytweet,0.847
happyvalentinesday,0.929
harbor,0.594
hardball,0.542
hardware,0.594
hardworking,0.719
hardy,0.571
hare,0.62
harem,0.521
hark,0.571
harmless,0.625
harmonica,0.847
harmonics,0.865
harmonious,0.938
harmoniously,0.969
harmonize,0.939
harmony,0.949
harness,0.57
harp,0.618
harpsichord,0.541
harry,0.52
hart,0.643
harvest,0.781
hasten,0.571
hat,0.604
haul,0.551
haulage,0.561
have,0.757
haven,0.684
hawk,0.583
hawking,0.521
haye,0.615
hayride,0.561
haystack,0.552
head,0.53
headband,0.67
headdress,0.594
header,0.56
headgear,0.542
heading,0.551
headland,0.574
headlight,0.592
headline,0.63
headliner,0.5
headmaster,0.604
headphones,0.6
headquarter,0.615
headquarters,0.615
headset,0.602
headway,0.823
heal,0.765
healer,0.863
healing,0.75
health,0.935
healthcare,0.78
healthful,0.93
healthy,0.938
heap,0.582
hear,0.76
hearer,0.656
hearing,0.669
heart,0.827
heartbeat,0.75
hearted,0.823
heartfelt,0.904
hearth,0.76
heartily,0.927
heartland,0.812
hearts,0.948
hearty,0.76
heat,0.534
heater,0.5
heath,0.802
heather,0.5
heating,0.647
heave,0.716
heaven,0.896
heavenly,0.844
heavens,0.806
heavily,0.542
hectares,0.57
hedge,0.604
hedonism,0.51
heed,0.75
heels,0.5
heft,0.503
hefty,0.55
heheh,0.625
height,0.677
heighten,0.755
heightened,0.592
heir,0.84
heiress,0.827
heirloom,0.684
heirs,0.796
helicopter,0.714
helipad,0.78
heliport,0.594
helix,0.521
helm,0.511
helmet,0.573
help,0.673
helper,0.704
helpful,0.816
hem,0.562
hemi,0.51
hemisphere,0.531
hemispheric,0.562
henceforth,0.527
henhouse,0.5
herald,0.643
heraldry,0.55
herb,0.643
herbaceous,0.56
herbal,0.592
herbarium,0.602
herbs,0.62
herd,0.592
hereditary,0.531
heredity,0.704
hereunto,0.5
heritage,0.842
hero,0.94
heroic,0.89
heroics,0.865
heroine,0.729
heroism,0.844
herring,0.531
hetero,0.589
heterosexual,0.561
hexagon,0.542
heyday,0.646
hibernate,0.5
hickory,0.52
hierarchical,0.521
hierarchy,0.583
high,0.684
high heels,0.646
highball,0.656
higher,0.866
highest,0.771
highland,0.615
highlands,0.735
highlight,0.844
highness,0.74
hight,0.667
highway,0.64
hike,0.615
hiker,0.694
hiking,0.82
hiking boot,0.657
hilarious,0.75
hilarity,0.745
hill,0.615
hillside,0.625
hilltop,0.688
hilly,0.643
hint,0.602
hinterland,0.53
hip hop,0.74
hippie,0.551
hippopotamus,0.541
hire,0.688
hissing,0.5
historian,0.688
historic,0.816
historical,0.653
historiography,0.562
history,0.729
hitch,0.512
hitchhiker,0.594
hoard,0.506
hob,0.633
hobby,0.827
hock,0.513
hockey,0.565
hohoho,0.677
hoist,0.521
hokey,0.604
holder,0.592
holding,0.6
hole,0.531
holiday,0.948
holidays,0.939
holidayseason,0.875
holiness,0.86
holistic,0.67
holly,0.51
hologram,0.615
holographic,0.51
holster,0.561
holy,0.812
holyspirit,0.74
homage,0.833
hombre,0.656
hombres,0.51
home,0.854
homeboy,0.602
homecoming,0.76
homeland,0.663
homely,0.745
homemade,0.869
homeowner,0.635
homeroom,0.604
homestead,0.865
homesweethome,0.796
hometown,0.858
homeward,0.833
homey,0.769
homily,0.621
homing,0.551
homo,0.531
homogeneity,0.715
homogeneous,0.552
homologue,0.542
homology,0.571
hone,0.688
honest,0.927
honesty,0.938
honey,0.92
honeycomb,0.541
honeymoon,0.979
honeysuckle,0.597
honk,0.549
honor,0.896
honorable,0.963
honorarium,0.796
honorary,0.885
honored,0.938
hooked,0.61
hookup,0.625
hoop,0.635
hoopla,0.542
hooray,0.61
hope,0.927
hopeful,0.947
hopes,0.917
hoping,0.684
horizon,0.729
horizontal,0.573
horizontally,0.5
hormonal,0.5
horoscope,0.5
horse,0.635
horseback,0.688
horsepower,0.594
horseshoe,0.673
horsey,0.602
horticultural,0.594
horticulture,0.7
hosannah,0.679
hosiery,0.52
hospitable,0.791
hospitality,0.865
host,0.693
hostess,0.792
hotbed,0.51
hotdog,0.72
hotel,0.74
hotline,0.592
hotshot,0.5
hotyoga,0.683
hour,0.552
hourglass,0.542
house,0.587
houseboat,0.604
housebroken,0.518
houseguest,0.53
household,0.781
householder,0.816
housekeeper,0.694
housekeeping,0.604
housewarming,0.857
housewife,0.656
housing,0.776
hover,0.51
hovercraft,0.541
hoy,0.583
hubby,0.548
huckleberry,0.6
huddle,0.604
hue,0.507
hug,0.908
huge,0.573
hugger,0.52
huggy,0.854
hugs,0.98
hull,0.542
human,0.767
humane,0.8
humanitarian,0.786
humanities,0.729
humanity,0.75
humankind,0.885
humanoid,0.521
humanrights,0.792
humble,0.867
humbly,0.771
humility,0.74
hummer,0.51
hummingbird,0.75
humor,0.89
humored,0.854
humorist,0.958
humorous,0.906
hunch,0.561
hundred,0.604
hurrah,0.802
husband,0.771
husbandry,0.643
husky,0.63
hut,0.633
hybrid,0.5
hydrant,0.57
hydrate,0.61
hydraulic,0.522
hydraulics,0.5
hydrodynamics,0.552
hydrology,0.5
hydroponics,0.5
hygiene,0.781
hygienic,0.719
hygienist,0.698
hymn,0.735
hype,0.51
hyped,0.708
hyper,0.542
hyperactive,0.5
hyperspace,0.51
hyphen,0.552
hypnotic,0.571
hypothalamus,0.593
hypothesis,0.552
ice tea,0.771
icebox,0.56
icebreaker,0.571
iced,0.564
icing,0.688
icon,0.549
iconic,0.583
iconography,0.602
icy,0.684
idea,0.75
ideal,0.802
idealism,0.635
idealist,0.816
idealistic,0.812
identical,0.635
identically,0.667
identification,0.714
identify,0.635
identity,0.663
ideology,0.573
idiom,0.52
idiomatic,0.531
idol,0.684
idolizing,0.676
idyllic,0.571
igloo,0.569
iguana,0.521
illuminate,0.905
illuminating,0.949
illumination,0.76
illuminator,0.77
illusion,0.562
illustrate,0.75
illustration,0.74
illustrative,0.771
illustrious,0.673
ilovechristmas,0.885
iloveher,0.75
image,0.653
imagery,0.653
imaginable,0.613
imaginary,0.56
imagination,0.802
imaginative,0.78
imagine,0.759
imagined,0.656
imaging,0.724
imagining,0.765
imam,0.527
immaculate,0.698
immeasurable,0.51
immeasurably,0.51
immediacy,0.635
immediate,0.656
immediately,0.552
immense,0.755
immerse,0.51
immersion,0.51
immortal,0.812
immortality,0.688
immune,0.629
immunity,0.633
immunization,0.667
impart,0.521
impartial,0.531
impartiality,0.622
impassioned,0.74
impeccable,0.833
impelled,0.604
impenetrable,0.531
imperative,0.625
imperial,0.669
impermeable,0.51
impersonate,0.51
impervious,0.582
impetuous,0.602
impetus,0.521
implacable,0.569
implement,0.72
imply,0.542
import,0.615
importance,0.75
important,0.827
importation,0.625
impose,0.503
impregnate,0.51
impress,0.816
impressed,0.806
impression,0.684
impressionable,0.827
impressive,0.781
imprint,0.615
impromptu,0.541
improve,0.833
improved,0.919
improvement,0.786
improves,0.929
improving,0.911
improvisation,0.631
improvise,0.646
improvised,0.61
impulse,0.53
inaugural,0.684
inaugurate,0.781
inauguration,0.847
inborn,0.59
inbound,0.531
incarnate,0.552
incase,0.58
incense,0.698
incentive,0.812
inception,0.604
include,0.729
included,0.76
including,0.7
inclusion,0.774
inclusive,0.604
incognito,0.61
income,0.75
incoming,0.66
incomparable,0.625
inconspicuous,0.604
incorporate,0.745
incorporation,0.573
increase,0.81
increased,0.684
incredible,0.857
increment,0.684
incubator,0.51
incursion,0.552
indemnification,0.521
independence,0.896
independent,0.885
indestructible,0.772
indicate,0.594
indicating,0.745
indication,0.719
indicative,0.51
indicator,0.573
indigenous,0.5
indigo,0.514
indispensable,0.71
individual,0.627
individuality,0.612
indivisible,0.646
indoor,0.615
inducement,0.647
indulge,0.833
indulgent,0.56
industrialist,0.562
industrious,0.72
industry,0.65
ineffable,0.551
inexhaustible,0.602
inexpensive,0.694
infallibility,0.583
infallible,0.776
infancy,0.75
infant,0.802
infantile,0.604
infantry,0.531
infatuated,0.729
infatuation,0.844
infield,0.51
infinite,0.724
infinitely,0.688
infinity,0.516
infirmary,0.5
inflatable,0.51
influence,0.622
influential,0.899
influx,0.622
info,0.75
inform,0.723
informant,0.604
information,0.765
informative,0.812
informed,0.543
informer,0.521
infrastructure,0.604
infusion,0.583
ingenious,0.76
ingenuity,0.708
ingest,0.51
ingot,0.688
ingrained,0.531
ingredient,0.792
ingress,0.601
inhabit,0.656
inhabitant,0.604
inhabited,0.667
inhalation,0.51
inherent,0.562
inherit,0.745
inheritance,0.9
inimaginable,0.542
inimitable,0.571
initial,0.583
initiate,0.719
initiated,0.76
initiation,0.698
initiative,0.833
inland,0.51
inlet,0.646
inn,0.66
inner,0.551
innermost,0.583
innerpeace,0.714
inning,0.602
innings,0.573
innkeeper,0.578
innocence,0.802
innocent,0.729
innocently,0.776
innocuous,0.51
innovate,0.898
innovation,0.949
innovative,0.88
innumerable,0.667
input,0.643
inquire,0.583
inquirer,0.573
inquiry,0.541
inscription,0.592
insemination,0.542
inseparable,0.7
insertion,0.521
inside,0.612
insider,0.625
insight,0.613
insightful,0.664
insignia,0.665
insist,0.635
insistent,0.552
inspiration,0.938
inspirational,0.927
inspire,0.918
inspired,0.967
install,0.63
installation,0.656
installment,0.619
instance,0.547
instant,0.766
instantaneous,0.75
instantaneously,0.656
instill,0.562
instinct,0.771
instinctive,0.752
institute,0.604
institution,0.58
instruct,0.729
instructed,0.74
instruction,0.656
instructional,0.698
instructions,0.582
instructive,0.583
instructor,0.771
instrument,0.562
instrumental,0.74
instrumentalist,0.656
instrumentality,0.637
insular,0.531
insurance,0.714
insure,0.7
insurmountable,0.62
intact,0.716
intake,0.604
intangible,0.525
integer,0.573
integral,0.59
integrate,0.729
integration,0.771
integrity,0.865
intellect,0.844
intellectual,0.906
intelligence,0.833
intelligent,0.917
intelligibility,0.74
intelligible,0.635
intend,0.562
intending,0.51
intense,0.592
intensely,0.694
intensify,0.604
intensity,0.622
intensive,0.57
intent,0.55
intention,0.531
intentional,0.65
inter,0.51
interact,0.822
interaction,0.646
interactive,0.727
intercede,0.582
intercession,0.503
interchange,0.615
interchangeable,0.615
intercom,0.623
intercourse,0.551
interdependence,0.608
interest,0.78
interested,0.75
interesting,0.927
interface,0.643
interferometer,0.51
intergalactic,0.562
interim,0.604
interior,0.618
internally,0.615
international,0.8
internet,0.76
internship,0.59
interpret,0.646
interpretation,0.677
interpreter,0.708
interpretive,0.531
interrelated,0.615
intersect,0.521
interstate,0.52
interstellar,0.708
interval,0.51
intervene,0.52
interview,0.573
interviewer,0.552
interworking,0.552
intimacy,0.857
intimate,0.724
intimately,0.806
intonation,0.615
intrepid,0.753
intricate,0.559
intro,0.51
introduce,0.592
introduction,0.612
introductory,0.635
introspection,0.603
introspective,0.552
intuition,0.857
intuitive,0.771
intuitively,0.67
invaluable,0.74
invent,0.719
invention,0.714
inventive,0.78
inventor,0.781
inventory,0.594
inversion,0.602
invert,0.51
invest,0.65
investigate,0.64
investigation,0.531
investigative,0.562
investigator,0.615
investment,0.72
investor,0.794
invigorate,0.821
invincible,0.867
invitation,0.802
invite,0.745
inviting,0.938
invoke,0.583
involve,0.694
involvement,0.76
invulnerable,0.552
iridescent,0.602
iris,0.708
ironclad,0.561
irons,0.531
irrepressible,0.512
irresistible,0.823
island,0.745
isle,0.667
islet,0.612
item,0.594
items,0.542
iteration,0.531
itinerary,0.551
ivory,0.625
jacket,0.656
jackpot,0.95
jackrabbit,0.625
jade,0.604
jaguar,0.559
jam,0.51
jamboree,0.602
janitor,0.51
japan,0.667
jasmine,0.765
jaunt,0.808
jaw,0.5
jay,0.531
jazz,0.677
jazzy,0.725
jean,0.602
jeans,0.622
jeep,0.602
jelly,0.651
jellybean,0.592
jellyfish,0.531
jenny,0.542
jersey,0.594
jest,0.52
jesus,0.8
jet,0.612
jetty,0.602
jewel,0.827
jeweler,0.76
jewelry,0.823
jiff,0.576
jig,0.531
jiggle,0.592
jigsaw,0.594
jimmy,0.579
jingle,0.635
jive,0.561
job,0.694
jobinterview,0.684
jock,0.592
jockey,0.562
jog,0.51
john,0.562
join,0.729
joined,0.667
joining,0.755
joint,0.615
jointly,0.708
joke,0.704
joker,0.771
joking,0.776
jolly,0.959
journal,0.688
journalism,0.622
journalist,0.542
journalistic,0.696
journey,0.91
journeyman,0.765
joust,0.52
jovial,0.823
joy,0.98
joyful,0.99
joyous,0.958
joyride,0.694
joys,0.981
jubilant,0.844
jubilee,0.916
judge,0.51
judicious,0.63
judo,0.5
jug,0.52
juggle,0.594
juggler,0.633
juggling,0.562
juice,0.776
juicer,0.552
juicy,0.823
juju,0.541
juke,0.5
jukebox,0.699
jumbo,0.68
jump,0.625
jump rope,0.656
jumper,0.615
jumpsuit,0.562
jungle,0.5
junior,0.635
juniper,0.583
juridical,0.52
juror,0.582
justice,0.76
justifiable,0.786
justification,0.622
justify,0.612
justthebeginning,0.573
jute,0.551
juvenile,0.678
kaleidoscope,0.615
kangaroo,0.716
kanji,0.51
karaoke,0.763
karate,0.562
karma,0.5
kayak,0.592
kazoo,0.503
kebab,0.531
keen,0.823
keep,0.714
keeper,0.612
keeping,0.592
keepsake,0.74
keg,0.551
kerchief,0.52
kernel,0.542
ketchup,0.653
key,0.615
keyboard,0.573
keynote,0.63
keypad,0.604
keystone,0.573
keyword,0.602
khaki,0.594
kibble,0.51
kickoff,0.583
kid,0.76
kidder,0.708
kidding,0.622
kiddo,0.674
kiddos,0.5
kids,0.837
kilogram,0.51
kimono,0.643
kin,0.543
kind,0.918
kindergarten,0.833
kindling,0.52
kindness,0.938
kindred,0.76
kinematics,0.594
kinetic,0.582
king,0.677
kingdom,0.714
kinship,0.771
kiosk,0.5
kirk,0.51
kiss,0.967
kisser,0.844
kissy,0.874
kit,0.583
kitchen,0.7
kite,0.643
kitten,0.816
kiwi,0.646
knack,0.562
knapsack,0.551
knee,0.52
knickers,0.552
knight,0.78
knighthood,0.74
knit,0.63
knot,0.541
know,0.765
knowing,0.833
knowingly,0.5
knowledge,0.847
knowledgeable,0.865
knuckle,0.655
koala,0.608
kool-aid,0.531
kos,0.5
kudos,0.925
label,0.582
labor,0.594
laboratory,0.571
labored,0.646
laborer,0.561
laboring,0.705
lace,0.625
lacquer,0.51
lacrosse,0.573
lad,0.637
ladder,0.56
laddie,0.668
ladle,0.531
lady,0.854
ladybug,0.602
ladylike,0.592
ladyship,0.561
lager,0.584
lagoon,0.66
laity,0.51
lake,0.694
lama,0.56
lamb,0.646
lamina,0.51
lamp,0.51
land,0.582
landed,0.709
landfall,0.521
landing,0.552
landlady,0.677
landlord,0.684
landmark,0.694
lands,0.594
landscape,0.719
landscaping,0.823
language,0.677
lantern,0.622
lap,0.583
laptop,0.724
larder,0.656
large,0.704
larger,0.729
largo,0.521
lark,0.57
lasagna,0.719
lass,0.656
lasting,0.804
laterally,0.562
lathe,0.51
lather,0.635
latitude,0.562
latte,0.615
laudable,0.74
laudation,0.542
laudatory,0.612
laugh,0.98
laughable,0.592
laughing,0.906
laughs,0.812
laughter,0.959
launch,0.684
launcher,0.677
laundry,0.644
laureate,0.724
laurel,0.646
laurels,0.684
lavage,0.615
lavatory,0.51
lavender,0.812
lavish,0.792
law,0.74
lawful,0.66
lawman,0.51
lawn,0.686
lawyer,0.521
lay,0.521
layer,0.5
layered,0.571
layman,0.531
layout,0.615
layover,0.52
lea,0.583
leader,0.833
leadership,0.87
leading,0.823
leads,0.53
leaf,0.583
leafy,0.653
league,0.656
lean,0.734
leaned,0.57
leap,0.75
learn,0.833
learned,0.704
learner,0.698
learning,0.833
lease,0.52
leather,0.51
lecture,0.594
lecturer,0.677
ledger,0.51
lee,0.51
leer,0.612
leeway,0.562
leg,0.51
legacy,0.792
legal,0.653
legality,0.765
legalize,0.51
legalized,0.76
legally,0.771
legend,0.837
legendary,0.857
legibility,0.771
legible,0.673
legislate,0.571
legislation,0.531
legislative,0.633
legislature,0.54
legit,0.747
legitimacy,0.823
legitimate,0.792
lego,0.6
legume,0.52
legwork,0.622
leisure,0.631
leisurely,0.806
lemma,0.53
lemon,0.596
lemonade,0.661
lend,0.52
lending,0.51
lengthen,0.619
lengthening,0.673
lengthwise,0.571
lengthy,0.57
leniency,0.517
lenient,0.52
leopard,0.542
leotard,0.51
lesson,0.704
lessor,0.552
letter,0.635
lettered,0.542
lettering,0.541
letters,0.663
lettuce,0.594
levee,0.52
level,0.622
levitate,0.561
lexicon,0.561
ley,0.604
liability,0.646
liable,0.656
liaison,0.698
liberal,0.565
liberalism,0.562
liberate,0.76
liberated,0.78
liberating,0.915
liberation,0.745
liberty,0.938
libido,0.77
librarian,0.625
library,0.776
libretto,0.612
license,0.5
licorice,0.677
lieutenant,0.594
life,0.918
lifeblood,0.673
lifeboat,0.724
lifeguard,0.87
lifeisgood,0.812
lifelike,0.776
lifeline,0.735
lifelong,0.823
lifesaver,0.908
lifestyle,0.75
lifetime,0.816
lift,0.704
lifted,0.714
liftoff,0.531
light,0.771
light year,0.719
lightbulb,0.573
lighten,0.688
lighthouse,0.622
lighting,0.765
lightness,0.794
lights,0.75
lightweight,0.67
likable,0.865
like,0.719
likelihood,0.76
likely,0.633
likeness,0.688
likewise,0.651
liking,0.963
lilac,0.688
lily,0.64
limb,0.51
limber,0.688
lime,0.594
limelight,0.667
limestone,0.602
limitless,0.688
limo,0.76
limousine,0.638
line,0.541
lineage,0.633
lineal,0.521
linear,0.646
linen,0.656
lines,0.542
lineup,0.635
lingerie,0.543
lingering,0.63
lingual,0.5
linguini,0.625
linguist,0.583
linguistic,0.646
linguistics,0.552
lining,0.571
linoleum,0.51
lion,0.532
lip,0.541
lipstick,0.653
liquefied,0.562
liqueur,0.67
liquid,0.562
liquidity,0.688
liquor,0.603
lira,0.53
list,0.528
listen,0.771
listener,0.667
listenting,0.64
listneing,0.531
litany,0.51
liter,0.573
literacy,0.73
literal,0.57
literally,0.571
literary,0.719
literature,0.708
lithe,0.656
lithograph,0.551
lithography,0.561
lithology,0.519
littlethings,0.74
littoral,0.551
live,0.88
livelife,0.792
livelihood,0.698
lively,0.847
liven,0.708
livery,0.51
livestock,0.729
living,0.865
loader,0.562
loaf,0.755
loan,0.552
lobby,0.625
lobster,0.571
local,0.656
locality,0.582
localization,0.552
localize,0.52
locate,0.583
location,0.615
locket,0.615
locksmith,0.51
locomotive,0.542
lodge,0.656
lodging,0.713
loft,0.51
lofty,0.755
log,0.591
logarithm,0.52
logic,0.646
logical,0.805
logistics,0.633
lollipop,0.628
long,0.541
longboat,0.551
longevity,0.75
longing,0.604
longitudinal,0.542
longitudinally,0.541
look,0.719
looker,0.583
lookout,0.698
loom,0.531
loop,0.516
loose,0.573
loot,0.604
lord,0.618
lords,0.571
lordship,0.573
lore,0.719
lorry,0.521
lot,0.531
lotion,0.724
lots,0.604
lottery,0.771
lotto,0.76
lotus,0.604
loud,0.573
loudly,0.541
lounge,0.592
lounging,0.735
lovable,0.948
love,1.0
loved,0.927
lovee,0.949
loveee,0.927
lovelife,0.837
loveliness,0.959
lovelovelove,0.948
lovely,0.917
lovemaking,0.969
lovemylife,0.896
lover,0.881
lovesick,0.796
lovethis,0.867
loving,0.948
lovinglife,0.979
lovinlife,0.714
lowly,0.562
loyal,0.896
loyalty,0.885
luau,0.594
lube,0.552
lubricant,0.656
lubricate,0.552
lubrication,0.624
lucid,0.771
luck,0.854
luckiest,0.917
lucky,0.96
luckygirl,0.781
lucrative,0.729
luggage,0.561
lukewarm,0.573
lull,0.602
lullaby,0.796
lumber,0.517
lumberjack,0.5
luminescent,0.796
luminous,0.918
lunar,0.562
lunch,0.88
lunchbox,0.663
luncheon,0.837
lunchtime,0.896
lung,0.51
lungs,0.531
luscious,0.885
lush,0.74
luster,0.833
lustrous,0.771
luxuriant,0.76
luxurious,0.947
luxury,0.932
lycra,0.52
lynx,0.51
lyre,0.719
lyric,0.702
lyrical,0.708
lyrics,0.582
macadamia,0.635
macarena,0.802
macaroni,0.816
mach,0.541
machine,0.51
macho,0.643
macro,0.552
madam,0.58
madame,0.604
mademoiselle,0.752
mademyday,0.694
maestro,0.823
magazine,0.615
mage,0.622
magenta,0.635
magic,0.868
magical,0.875
magician,0.714
magistrate,0.587
magna,0.605
magnate,0.627
magnesium,0.542
magnet,0.571
magnetic,0.612
magnetism,0.63
magnetite,0.531
magnification,0.89
magnificence,0.802
magnificent,1.0
magnify,0.729
magnifying,0.594
magnitude,0.608
magnolia,0.558
magpie,0.5
mahi mahi,0.51
mahjong,0.556
mahogany,0.602
maiden,0.755
mail,0.615
mailbox,0.573
mailing,0.688
mailman,0.659
main,0.667
mainframe,0.531
mainland,0.68
mainstay,0.694
mainstream,0.653
maintain,0.684
maintenance,0.592
majestic,0.948
majesty,0.823
major,0.684
majority,0.684
make,0.684
makeover,0.771
maker,0.698
makesmehappy,0.894
makeup,0.74
makingdisciples,0.684
male,0.612
mall,0.724
malleable,0.5
malt,0.75
mama,0.86
mambo,0.808
mamma,0.6
mammal,0.618
mammy,0.68
man,0.688
manage,0.56
manageable,0.75
management,0.792
manager,0.625
managerial,0.604
mandarin,0.625
mandible,0.51
mandolin,0.708
mane,0.521
maneuver,0.615
maneuvering,0.635
manger,0.656
mango,0.765
mangosteen,0.562
manhood,0.625
manicure,0.706
manicurist,0.583
manifest,0.667
manifestation,0.583
manifested,0.58
manifesto,0.646
manifold,0.5
mankind,0.823
manly,0.698
manna,0.698
manned,0.551
manner,0.618
manners,0.816
manor,0.646
manpower,0.531
mansion,0.847
mansions,0.735
mantel,0.5
mantle,0.51
manual,0.635
manufacture,0.868
manufacturer,0.688
manufacturing,0.653
manuscript,0.51
map,0.561
maple,0.541
mar,0.622
marathon,0.646
marble,0.604
marbles,0.714
march,0.531
mare,0.541
margarine,0.53
margarita,0.75
margin,0.5
mariachi,0.71
marinara,0.657
marine,0.633
mariner,0.652
marital,0.76
maritime,0.646
marked,0.592
marker,0.5
market,0.724
marketable,0.746
marketing,0.521
marketplace,0.698
marksman,0.5
marksmanship,0.573
marmalade,0.729
marquee,0.602
marquis,0.521
marriage,0.844
married,0.674
marry,0.896
marshmallow,0.74
mart,0.531
martini,0.828
marvel,0.961
marvellous,0.878
marvelous,0.948
marvelously,0.968
marzipan,0.684
mascara,0.575
mascot,0.75
masculine,0.653
masculinity,0.583
mashed,0.531
mask,0.51
masks,0.51
mason,0.541
massage,0.708
masses,0.552
masseur,0.622
masseuse,0.594
massive,0.569
mast,0.542
master,0.694
masterful,0.854
mastermind,0.792
masterpiece,0.926
mastery,0.755
masturbate,0.552
masturbation,0.542
match,0.599
matchbook,0.562
matching,0.719
matchmaker,0.615
mate,0.847
material,0.521
materialize,0.688
materials,0.633
materiel,0.531
maternal,0.847
maternity,0.865
mathematical,0.62
mathematician,0.541
matinee,0.694
mating,0.755
matriculation,0.622
matrimony,0.85
matrix,0.551
matron,0.52
mattress,0.612
maturation,0.612
mature,0.625
maturity,0.827
mauve,0.533
maxim,0.875
maximize,0.823
maximum,0.724
may,0.704
mayflower,0.69
mayonnaise,0.51
mead,0.667
meadow,0.622
meal,0.833
meaning,0.663
meaningful,0.77
means,0.615
measurable,0.604
measure,0.51
measured,0.542
measurement,0.622
measuring cup,0.557
meat,0.612
meatball,0.612
meatloaf,0.625
mechanic,0.571
mechanics,0.542
mechanism,0.573
medal,0.854
medallion,0.75
medallist,0.796
media,0.5
mediate,0.635
mediation,0.661
mediator,0.592
medic,0.5
medical,0.583
medication,0.615
medicinal,0.667
medicine,0.708
medieval,0.56
meditate,0.812
meditating,0.718
meditation,0.786
meditative,0.614
mediterranean,0.663
medium,0.559
meek,0.531
meet,0.76
meeting,0.75
mega,0.724
melee,0.541
mellow,0.633
melodious,0.932
melody,0.847
meltdown,0.629
melting,0.592
member,0.698
membership,0.698
memento,0.708
memo,0.625
memoir,0.75
memorabilia,0.78
memorable,0.939
memorandum,0.6
memorial,0.602
memorials,0.771
memories,0.963
memoriesiwontforget,0.635
memorize,0.52
memory,0.792
menagerie,0.573
mend,0.542
mending,0.5
mentalhealth,0.562
mentality,0.711
mention,0.562
mentor,0.719
menu,0.633
meow,0.51
merchandise,0.594
merchant,0.675
merciful,0.854
mercy,0.719
merengue,0.688
merge,0.76
merger,0.592
meridian,0.51
meringue,0.625
merit,0.854
meritorious,0.781
mermaid,0.765
merriment,0.948
merry,0.979
merrychristmas,0.888
mesa,0.604
mesmerized,0.52
message,0.65
messenger,0.694
messiah,0.781
metabolism,0.698
metal,0.551
metallic,0.615
metamorphosis,0.541
metaphor,0.562
metaphorical,0.5
metaphysical,0.63
metaphysics,0.561
meteoric,0.59
meteorological,0.635
meteorology,0.63
method,0.64
methodical,0.663
methodology,0.664
meticulous,0.555
metime,0.531
metric,0.519
metrical,0.521
metrology,0.531
metropolis,0.656
mettle,0.667
mica,0.531
micro,0.5
microbiology,0.571
microchip,0.551
microcosm,0.5
micrometer,0.573
microphone,0.551
microscope,0.531
microscopically,0.623
microscopy,0.5
microwave,0.542
mid,0.5
midair,0.633
midday,0.658
middleman,0.5
middleweight,0.51
midland,0.521
midlife,0.594
midnight,0.562
midsummer,0.781
midwife,0.531
midwifery,0.51
mien,0.5
mighty,0.855
mignon,0.551
mike,0.542
mil,0.534
mild,0.635
mildness,0.827
mile,0.521
mileage,0.51
milestone,0.719
milk,0.817
milkman,0.75
milkshake,0.796
milky,0.517
mill,0.531
millennium,0.573
million,0.776
millionaire,0.917
millionth,0.635
millstone,0.51
mimic,0.557
mind,0.65
minded,0.656
mindful,0.765
mindfulness,0.729
mine,0.688
mineral,0.519
mineralogy,0.551
mingle,0.561
mingled,0.521
minim,0.518
mining,0.633
minister,0.547
ministerial,0.571
ministry,0.51
minivan,0.592
mink,0.56
minnow,0.541
mint,0.688
minty,0.635
minute,0.582
miracle,0.917
miracles,0.922
miraculous,0.875
mirage,0.546
mirror,0.677
mirth,0.888
miscellaneous,0.531
miscellany,0.5
miss,0.573
mission,0.765
missionary,0.729
missy,0.521
mister,0.604
mistletoe,0.542
mistress,0.63
mitigate,0.506
mitigating,0.551
mitten,0.531
mix,0.542
mixed,0.51
mixer,0.562
mixture,0.546
mnemonic,0.531
mobile,0.615
mobility,0.7
mobilization,0.688
mobilize,0.604
mocha,0.5
mockingbird,0.513
modal,0.592
modality,0.633
mode,0.531
model,0.607
modeler,0.5
modeling,0.684
modem,0.573
moderate,0.582
moderate anticipation,0.667
moderate positive,0.896
moderate surprise,0.776
moderate trust,0.677
moderately,0.604
moderating,0.667
moderation,0.531
moderator,0.519
modern,0.855
modernism,0.76
modest,0.76
modesty,0.778
modifiable,0.541
modified,0.561
modulate,0.673
module,0.582
modulus,0.622
mogul,0.51
moisturizer,0.75
molar,0.544
molded,0.667
molding,0.552
molecule,0.531
mom,0.927
moment,0.604
momentary,0.562
momentous,0.792
momentum,0.663
momma,0.833
mommy,0.854
monad,0.51
monarch,0.583
monastery,0.694
monetary,0.583
money,0.844
monkey,0.548
mono,0.5
monogamous,0.51
monogamy,0.542
monogrammed,0.503
monograph,0.5
monologue,0.5
monsieur,0.552
monte,0.589
month,0.688
monthly,0.622
monument,0.833
monumental,0.656
mood,0.72
moods,0.578
moon,0.673
moonbeam,0.7
moonlight,0.865
moonlit,0.873
moonshine,0.633
moonstruck,0.583
moonwalk,0.615
moose,0.648
moped,0.582
moral,0.7
morale,0.729
morality,0.75
morals,0.646
moray,0.51
mores,0.582
morn,0.542
morning,0.688
morphology,0.516
morrow,0.708
mosaic,0.635
mosey,0.521
mosque,0.542
motel,0.531
mother,0.931
motherhood,0.844
motherland,0.677
motherly,0.927
motif,0.688
motion,0.667
motivate,0.812
motivating,0.958
motivation,0.854
motivational,0.906
motive,0.667
motor,0.531
motorbike,0.552
motorboat,0.677
motorcade,0.708
motorcar,0.694
motorcycle,0.677
motorist,0.562
motto,0.688
mound,0.52
mount,0.5
mountain,0.698
mountaineer,0.635
mountainous,0.635
mountains,0.766
mountaintop,0.653
mousse,0.604
mouth,0.734
mouthful,0.609
mouthpiece,0.573
move,0.656
movement,0.656
mover,0.615
movie,0.792
movies,0.724
movingforward,0.857
moxie,0.531
mozzarella,0.653
muff,0.542
muffin,0.684
mug,0.542
mull,0.663
mullet,0.521
multilateral,0.5
multimedia,0.611
multinational,0.656
multiple,0.66
multiplex,0.61
multiplication,0.646
multiplicity,0.677
multiplied,0.802
multiplier,0.643
multiply,0.802
multitude,0.562
mum,0.802
munch,0.541
munchies,0.562
municipal,0.625
municipality,0.569
mural,0.551
muscular,0.531
muse,0.76
muses,0.714
museum,0.792
mush,0.5
mushy,0.52
music,0.833
musical,0.908
musician,0.816
musing,0.74
musketeer,0.694
mustang,0.635
mustard,0.5
muster,0.635
mutual,0.729
mutually,0.844
myfavorite,0.812
mystic,0.643
mystical,0.594
mysticism,0.594
mystique,0.668
mythic,0.635
mythical,0.625
mythological,0.76
mythology,0.684
nacho,0.667
namaste,0.719
name,0.573
named,0.562
naming,0.667
nana,0.765
nanny,0.615
nap,0.66
napping,0.765
nappy,0.529
narrate,0.541
narration,0.622
narrative,0.58
narrator,0.673
nascent,0.684
natal,0.755
nation,0.594
national,0.698
nationality,0.642
nationwide,0.684
native,0.635
nativity,0.75
natural,0.854
natural gas,0.635
naturalist,0.844
naturalization,0.781
naturalized,0.76
naturally,0.854
nature,0.857
nautical,0.646
naval,0.542
nave,0.583
navigable,0.749
navigate,0.74
navigation,0.841
navigational,0.573
navigator,0.583
navy,0.531
neat,0.878
neatly,0.802
nebula,0.51
necessarily,0.667
necessary,0.75
necessitate,0.578
necessities,0.52
necessity,0.567
neck,0.541
necklace,0.76
necktie,0.583
nectar,0.746
need,0.51
needed,0.677
needful,0.582
needlepoint,0.653
needtorelax,0.673
negotiable,0.688
negotiate,0.612
negotiator,0.635
neighbor,0.657
neighboring,0.656
neon,0.594
neonatal,0.542
nephew,0.719
nest,0.687
nestle,0.625
nestling,0.604
network,0.531
networking,0.625
neural,0.582
neurological,0.5
neurologist,0.608
neurosurgeon,0.59
neuter,0.621
neutralize,0.519
new,0.917
new age,0.694
newbeginnings,0.802
newborn,0.918
newcomer,0.622
newday,0.847
newfound,0.745
newjob,0.755
newlife,0.898
newly,0.688
newlywed,0.847
newme,0.643
newness,0.74
news,0.633
newscast,0.531
newscaster,0.646
newsflash,0.604
newsletter,0.622
newsman,0.604
newspaper,0.602
newspaperman,0.561
newsreel,0.625
newsroom,0.531
newsstand,0.615
newstart,0.802
newyear,0.938
nib,0.51
nibble,0.551
nice,0.93
nick,0.554
nickel,0.51
niece,0.771
nifty,0.74
nigh,0.653
night,0.598
nightcap,0.75
nightclub,0.802
nightgown,0.643
nightie,0.63
nightingale,0.74
nightlife,0.542
nightly,0.673
nightstick,0.5
nighttime,0.735
nimble,0.833
nine,0.552
nineteen,0.673
ninja,0.542
nintendo,0.802
nippy,0.54
nitro,0.5
no disgust,0.51
nobility,0.844
noble,0.906
nobleman,0.675
nocomplaints,0.677
nocturnal,0.54
nod,0.59
nodding,0.694
noggin,0.51
nomenclature,0.5
nominal,0.594
nominate,0.615
nomination,0.663
nominee,0.662
nonfat,0.604
nonviolent,0.64
noodle,0.633
noon,0.531
norm,0.5
normal,0.74
normalcy,0.805
normality,0.781
north,0.531
northbound,0.604
northeast,0.562
northern,0.57
northwest,0.604
nose,0.582
nostress,0.531
not negative,0.622
notable,0.76
notables,0.594
notably,0.792
notary,0.541
notation,0.635
note,0.594
noted,0.615
noteworthy,0.704
nothingbetter,0.635
notice,0.646
noticeable,0.89
notification,0.604
notify,0.643
notion,0.612
notional,0.52
notoriety,0.552
noun,0.531
nourish,0.878
nourishment,0.786
nouveau,0.633
novel,0.702
novelty,0.673
nowadays,0.68
noworries,0.63
nucleus,0.529
nudie,0.5
nugget,0.602
numbering,0.51
numeral,0.582
numerically,0.51
numerous,0.622
nun,0.5
nunnery,0.653
nuptials,0.771
nurse,0.635
nursemaid,0.615
nursery,0.894
nursing,0.552
nurture,0.745
nutcracker,0.635
nutmeg,0.635
nutrition,0.885
nutritional,0.812
nutritious,0.833
nutritive,0.875
nuts,0.594
nylons,0.556
nymph,0.542
oak,0.583
oasis,0.796
oat,0.622
oath,0.543
oatmeal,0.592
obedience,0.765
obedient,0.8
obediently,0.802
obelisk,0.604
obey,0.677
object,0.531
objective,0.724
objectivity,0.765
obliging,0.74
oblong,0.561
oboe,0.51
observance,0.531
observant,0.74
observation,0.633
observatory,0.643
observe,0.771
observer,0.663
observing,0.583
obstetrician,0.521
obstetrics,0.53
obtain,0.76
obtainable,0.677
obvious,0.625
ocarina,0.541
occasion,0.7
occasionally,0.538
occupancy,0.625
occupant,0.5
occupation,0.562
occupational,0.583
occupying,0.573
occurrence,0.573
ocean,0.823
oceanic,0.74
octagon,0.602
octopus,0.713
odds,0.5
ode,0.604
odyssey,0.622
oestrogen,0.521
oeuvre,0.653
offer,0.75
offered,0.582
offering,0.688
officer,0.542
official,0.646
officiate,0.688
offset,0.719
offshoot,0.517
offspring,0.656
oft,0.5
oftentimes,0.571
ohgod,0.5
oil,0.521
oink,0.5
olfactory,0.602
olive,0.571
omega,0.529
omelet,0.708
omnipotence,0.667
omnipotent,0.719
omnipresent,0.688
omniscient,0.656
onboard,0.612
oncoming,0.594
one,0.542
oneday,0.667
onelove,0.816
oneness,0.745
onerous,0.5
oneself,0.66
ongoing,0.674
onset,0.673
onstage,0.719
ontology,0.51
onus,0.562
onward,0.667
onyx,0.571
opal,0.623
open,0.62
opener,0.584
opening,0.667
openly,0.603
openness,0.837
opera,0.714
operate,0.582
operational,0.562
operative,0.541
operator,0.612
ophthalmologist,0.552
opinion,0.594
opportune,0.796
opportunism,0.571
opportunity,0.938
opt,0.51
optic,0.663
optical,0.677
optics,0.562
optimism,0.949
optimist,0.875
optimistic,0.979
optimum,0.892
option,0.512
optional,0.755
options,0.622
opulence,0.62
opulent,0.562
oracle,0.552
oral,0.53
orange,0.646
orange juice,0.719
oration,0.646
orator,0.667
oratory,0.602
orbit,0.561
orbiting,0.52
orchard,0.76
orchestra,0.708
orchid,0.84
ordained,0.735
order,0.78
orderly,0.844
ordinance,0.615
ordination,0.688
ore,0.5
oregano,0.596
organ,0.51
organic,0.719
organist,0.74
organization,0.81
organize,0.802
organized,0.816
organizer,0.604
orgasm,0.844
orient,0.667
oriental,0.592
orientation,0.667
origami,0.684
origin,0.729
original,0.765
originality,0.898
originate,0.702
origination,0.76
originator,0.592
ornament,0.561
ornamental,0.663
ornamentation,0.663
ornamented,0.677
ornate,0.812
orthogonal,0.5
oscillation,0.562
ostensible,0.542
ostrich,0.592
ottoman,0.531
ounce,0.531
outback,0.5
outbid,0.594
outcome,0.615
outdo,0.771
outdoor,0.814
outdoors,0.781
outer,0.552
outfit,0.76
outgoing,0.65
outgrow,0.51
outgrowth,0.771
outing,0.771
outlast,0.62
outlet,0.61
outline,0.542
outlines,0.656
outlive,0.565
outlook,0.83
outpost,0.635
outpouring,0.562
output,0.604
outrank,0.653
outreach,0.54
outright,0.767
outrun,0.531
outset,0.75
outsmart,0.673
outspoken,0.582
outstanding,0.898
ovation,0.719
oven,0.583
overactive,0.667
overall,0.583
overalls,0.5
overcoat,0.594
overcome,0.719
overcoming,0.842
overhanging,0.698
overhaul,0.5
overhear,0.65
overjoyed,0.908
overlaid,0.62
overlap,0.594
overlapping,0.595
overlay,0.564
overlord,0.75
overlying,0.5
overpass,0.562
oversee,0.541
overseer,0.552
oversized,0.552
overt,0.708
overtake,0.573
overtaken,0.594
overthemoon,0.643
overview,0.615
owe,0.5
owl,0.52
owner,0.776
ownership,0.628
oxygen,0.908
oyster,0.5
ozone,0.56
pace,0.51
pacific,0.627
pacified,0.802
pacifier,0.615
pacifist,0.663
pacify,0.812
pacing,0.583
pack,0.51
package,0.571
packaging,0.604
packer,0.52
packet,0.582
pad,0.684
padded,0.606
padding,0.561
paddle,0.561
paddle boat,0.663
paddy,0.653
padre,0.684
paean,0.552
page,0.677
pageant,0.719
pager,0.51
paging,0.542
pagoda,0.571
painless,0.785
paint,0.667
paintball,0.615
paintbrush,0.714
painted,0.667
painter,0.677
painting,0.792
pair,0.552
paisley,0.531
pajama,0.908
pajamas,0.719
pal,0.812
palace,0.878
palatable,0.823
palate,0.625
palette,0.59
pallet,0.604
palliative,0.548
palm,0.531
palomino,0.616
palpable,0.552
pamper,0.792
pamphlet,0.53
pan,0.734
panache,0.51
pancake,0.802
pancakes,0.844
panda,0.646
panier,0.5
panorama,0.719
panoramic,0.542
pansy,0.653
panties,0.594
pantomime,0.552
pantry,0.622
pants,0.673
pantyhose,0.57
papa,0.656
papaya,0.63
paper,0.52
paperback,0.633
paperboy,0.521
par,0.615
parabola,0.542
parachute,0.562
parade,0.792
paradigm,0.573
paradise,0.875
paragraph,0.51
parakeet,0.576
parallel,0.568
parallelism,0.549
paramedic,0.673
paramount,0.771
paraphrase,0.5
parasol,0.604
parcel,0.66
parcels,0.551
parchment,0.615
pardon,0.552
pare,0.5
parenchyma,0.5
parent,0.812
parentage,0.903
parental,0.76
parenthesis,0.51
parenthood,0.75
parenting,0.812
parish,0.698
parity,0.582
park,0.816
parking,0.777
parlance,0.51
parliament,0.573
parlor,0.5
parmesan,0.698
parody,0.561
parquet,0.541
parrot,0.588
parry,0.51
parson,0.583
part,0.663
partake,0.755
participant,0.712
participate,0.755
participation,0.781
particle,0.521
particular,0.562
particularity,0.67
particulars,0.604
partisan,0.615
partition,0.615
partner,0.673
partnership,0.786
partridge,0.583
party,0.948
pass,0.51
passable,0.688
passe,0.531
passenger,0.717
passion,0.854
passionate,0.99
passkey,0.646
passport,0.653
pasta,0.615
paste,0.5
pastel,0.719
pastime,0.677
pastor,0.698
pastrami,0.542
pastry,0.87
pasture,0.688
patchwork,0.5
patent,0.724
patented,0.571
paternal,0.776
paternity,0.704
path,0.59
pathway,0.646
patience,0.771
patient,0.583
patio,0.562
patriarch,0.592
patriarchal,0.531
patrimony,0.719
patriot,0.771
patriotic,0.875
patriotism,0.708
patron,0.583
patronage,0.583
patronizing,0.542
pave,0.594
pavilion,0.583
pax,0.551
pay,0.514
paycheck,0.896
payday,0.833
payload,0.612
payment,0.629
payoff,0.74
payout,0.646
payroll,0.521
pea,0.58
peace,0.939
peaceable,0.776
peaceful,0.867
peacefully,0.901
peacekeeper,0.865
peaceofmind,0.786
peacetime,0.949
peach,0.704
peachy,0.755
peacock,0.786
peak,0.5
peaked,0.677
peanut,0.646
peanuts,0.542
pear,0.677
pearl,0.905
pearly,0.635
peas,0.542
peasant,0.53
pecan,0.552
peculiar,0.6
peculiarities,0.511
peculiarly,0.615
pedal,0.5
peddle,0.539
pedestal,0.735
pediatric,0.56
pediatrician,0.602
pediatrics,0.75
pedicure,0.695
pedigree,0.625
peekaboo,0.592
peep,0.573
peering,0.514
peerless,0.688
peg,0.52
pelagic,0.521
pelican,0.573
pen,0.622
penchant,0.688
pencil,0.552
pendant,0.676
pendulum,0.542
penguin,0.615
peninsula,0.551
penitent,0.542
penmanship,0.677
pennant,0.542
penny,0.615
pension,0.625
pensive,0.54
pentagram,0.51
penthouse,0.592
people,0.604
peopled,0.594
pep,0.51
peppermint,0.72
pepperoni,0.796
peppy,0.677
perceive,0.653
perceptible,0.71
perception,0.653
perceptive,0.745
perch,0.531
percussion,0.622
perennial,0.527
perfect,0.98
perfection,0.881
perfectionist,0.667
perfecto,0.802
perform,0.765
performance,0.75
performer,0.541
perfume,0.74
perfumed,0.816
periodic,0.677
periodical,0.55
periodicity,0.646
periscope,0.604
perk,0.903
perky,0.896
perm,0.667
permanence,0.771
permanent,0.745
permeable,0.635
permissible,0.684
permission,0.612
permissive,0.633
permit,0.733
permitted,0.865
permitting,0.724
perpendicular,0.51
perpetual,0.625
perpetually,0.51
perpetuation,0.51
perpetuity,0.59
perseverance,0.888
persevere,0.802
persist,0.765
persistence,0.684
persistent,0.646
persisting,0.697
person,0.646
persona,0.741
personable,0.816
personage,0.653
personal,0.75
personality,0.896
personification,0.76
personnel,0.729
persons,0.869
perspective,0.688
persuade,0.62
persuasion,0.612
persuasive,0.74
pertinent,0.58
perusal,0.622
peruse,0.503
pesto,0.531
pet,0.875
petal,0.81
petite,0.51
petitioner,0.601
petroleum,0.583
petticoat,0.55
petting,0.812
petunia,0.583
pharaoh,0.656
pharmaceutical,0.5
pharmacist,0.592
pharmacology,0.56
pharmacy,0.531
phase,0.645
pheasant,0.541
phenomenal,0.915
phenomenon,0.625
pheromone,0.561
phew,0.531
philanthropic,0.812
philanthropist,0.704
philanthropy,0.745
philosopher,0.684
philosophic,0.688
philosophical,0.719
philosophy,0.684
pho,0.541
phoenix,0.653
phone,0.729
phonetic,0.542
phonetics,0.646
phonograph,0.561
phonology,0.695
phosphate,0.5
photo,0.729
photogenic,0.78
photograph,0.677
photographer,0.714
photographic,0.761
photography,0.63
phrase,0.63
phraseology,0.62
physical,0.75
physical therapist,0.531
physician,0.583
physicist,0.635
physics,0.582
physiological,0.51
physiology,0.521
physique,0.643
pianist,0.806
piano,0.704
piazza,0.625
piccolo,0.625
pick,0.5
picked,0.74
picker,0.534
pickle,0.593
pickup,0.561
picnic,0.625
pictorial,0.704
picture,0.714
pictures,0.653
picturesque,0.802
pie,0.88
piece,0.646
piecemeal,0.615
pied,0.594
pier,0.583
piety,0.76
pigeon,0.688
piggy,0.541
piglet,0.54
pilgrim,0.531
pilgrimage,0.708
pill,0.573
pillar,0.583
pillow,0.663
pillowcase,0.5
pilot,0.688
pinball,0.582
pine,0.583
pineapple,0.677
ping,0.541
pink,0.806
pinkie,0.663
pinnacle,0.633
pinpoint,0.583
pint,0.686
pinto,0.57
pinup,0.61
pioneer,0.796
pious,0.698
pipe,0.541
piper,0.569
piscina,0.714
pistachio,0.643
pita,0.551
pitch,0.521
pitcher,0.51
pivotal,0.582
pix,0.521
pixie,0.562
pizza,0.847
pizzazz,0.635
pizzeria,0.719
place,0.573
placebo,0.52
placement,0.643
placid,0.64
plain,0.5
plainclothes,0.698
plan,0.646
plane,0.51
planes,0.667
planet,0.698
planetarium,0.704
planetary,0.604
planets,0.724
plankton,0.552
planned,0.74
planner,0.76
planning,0.894
plant,0.73
plantation,0.573
planter,0.604
planting,0.635
plaque,0.52
plasticity,0.542
plat,0.716
plate,0.583
plateau,0.611
plated,0.562
platform,0.602
plating,0.576
platinum,0.75
platter,0.686
plaudit,0.816
plausibility,0.705
plausible,0.714
play,0.812
playa,0.724
playback,0.656
playbook,0.673
playboy,0.646
player,0.557
playful,0.892
playground,0.888
playhouse,0.719
playmate,0.878
playoff,0.622
playpen,0.698
playroom,0.844
plaything,0.708
playtime,0.76
playwright,0.672
plaza,0.69
plea,0.633
pleasant,0.939
pleased,0.939
pleasing,0.917
pleasurable,0.948
pleasure,0.939
pleasures,0.896
pleated,0.534
pledge,0.719
pledged,0.719
plenary,0.573
plentiful,0.833
plenty,0.827
plenum,0.531
plethora,0.646
pliable,0.625
pliers,0.561
plough,0.677
plow,0.531
plowed,0.552
plowing,0.562
plucky,0.816
plug,0.531
plum,0.724
plumage,0.656
plural,0.56
plurality,0.683
plush,0.625
plywood,0.561
pocketbook,0.551
pocketful,0.594
podium,0.627
poem,0.81
poems,0.833
poet,0.827
poetic,0.86
poetical,0.802
poetics,0.833
poetry,0.697
poignant,0.646
pointer,0.583
poise,0.677
polarity,0.51
policeman,0.542
policewoman,0.53
polish,0.604
polished,0.667
polite,0.927
politeness,0.875
polka,0.604
poll,0.552
pollen,0.622
polo,0.582
pompous,0.5
pond,0.52
ponder,0.74
pong,0.5
pontiff,0.625
pontificate,0.584
pontoon,0.5
pony,0.812
ponytail,0.541
poodle,0.5
pool,0.625
pop,0.673
popcorn,0.875
pope,0.6
poppy,0.635
popsicle,0.667
popular,0.88
popularity,0.896
popularized,0.75
population,0.615
populous,0.52
porcelain,0.562
porch,0.535
porker,0.521
porridge,0.573
port,0.55
portable,0.615
portal,0.583
porter,0.571
porterhouse,0.602
portfolio,0.625
porthole,0.5
portico,0.521
portion,0.536
portrait,0.698
portraiture,0.735
portray,0.656
posh,0.823
posited,0.615
position,0.604
positioning,0.615
positive,0.959
positiveenergy,0.94
positively,0.969
positivity,0.959
possess,0.67
possession,0.677
possibility,0.816
possible,0.688
post,0.52
postage,0.56
postal,0.765
postcard,0.822
poster,0.542
posterior,0.51
posterity,0.565
postman,0.643
posture,0.562
pot,0.5
potable,0.765
potato,0.541
potatoes,0.69
potency,0.708
potent,0.698
potential,0.806
potion,0.5
potluck,0.621
potpourri,0.646
potter,0.573
pottery,0.594
pound,0.57
powder,0.521
powdered,0.52
power,0.719
powerful,0.865
powerfully,0.854
powerhouse,0.63
practicable,0.677
practical,0.71
practically,0.622
practice,0.684
practiced,0.612
practise,0.713
practitioner,0.704
pragmatic,0.573
prairie,0.673
praise,0.776
praised,0.95
praisegod,0.851
praisejesus,0.833
praises,0.878
praiseworthy,0.875
praising,0.906
prance,0.683
prank,0.571
pray,0.714
prayer,0.745
prayforme,0.52
praying,0.646
preach,0.602
preacher,0.551
preaching,0.646
preamble,0.541
precaution,0.625
precede,0.615
precedence,0.594
precedent,0.574
preceptor,0.521
precincts,0.531
precious,0.917
precise,0.833
precisely,0.816
precision,0.677
precursor,0.58
predecessor,0.635
predicate,0.635
predict,0.615
prediction,0.562
predictor,0.646
predilection,0.667
predisposed,0.531
predisposition,0.656
predominance,0.684
predominant,0.68
predominate,0.673
preeminent,0.688
preemption,0.521
preemptive,0.642
prefect,0.698
prefer,0.76
preferable,0.806
preference,0.792
preferential,0.74
prefix,0.521
pregnancy,0.74
pregnant,0.765
preliminary,0.531
prelude,0.544
premier,0.755
premiere,0.776
premise,0.531
premises,0.5
premium,0.786
prenatal,0.74
prenuptial,0.633
prep,0.688
preparation,0.771
preparatory,0.698
prepare,0.656
prepared,0.71
preparedness,0.76
preparer,0.617
preparing,0.735
preponderance,0.562
preppy,0.542
prerogative,0.521
preschool,0.604
prescient,0.531
prescribed,0.531
prescriptive,0.615
presence,0.874
present,0.724
presentable,0.836
presentation,0.792
presenter,0.673
presentment,0.708
presents,0.781
preservation,0.667
preservative,0.531
preserve,0.837
preserved,0.677
preserving,0.765
preside,0.542
presidency,0.776
president,0.677
presidential,0.612
press,0.552
prestige,0.918
prestigious,0.979
presto,0.573
presuppose,0.588
pretender,0.5
pretty,0.875
pretzel,0.519
prevail,0.724
prevailing,0.798
prevalence,0.618
prevalent,0.694
prevent,0.635
preventative,0.65
prevention,0.76
preventive,0.643
preview,0.656
previous,0.521
previously,0.594
priceless,0.745
pride,0.729
priest,0.561
priestess,0.531
priesthood,0.622
priestly,0.605
prim,0.54
prima,0.633
primacy,0.778
primal,0.55
primary,0.562
primate,0.561
prime,0.708
primed,0.635
primer,0.625
primordial,0.625
primrose,0.827
prince,0.888
princely,0.786
princess,0.885
principal,0.65
principally,0.786
principle,0.75
principles,0.698
print,0.521
printing,0.646
printout,0.594
prioritize,0.671
priority,0.878
priory,0.561
prism,0.52
pristine,0.65
privacy,0.52
private,0.661
privilege,0.847
privileged,0.867
privy,0.583
prize,0.885
prized,0.906
pro,0.667
proactive,0.792
probability,0.673
probable,0.583
probate,0.684
probative,0.5
procedural,0.5
procedure,0.625
proceed,0.729
proceeding,0.688
proceeds,0.677
process,0.51
processing,0.726
procession,0.656
processor,0.685
proclaim,0.719
proclamation,0.708
procreate,0.646
procreation,0.792
proctologist,0.531
proctor,0.552
procure,0.745
procurement,0.781
prodigal,0.643
prodigious,0.875
prodigy,0.812
produce,0.908
produced,0.724
producer,0.559
producing,0.632
product,0.646
production,0.694
productive,0.847
productivity,0.958
profess,0.633
profession,0.68
professional,0.833
professionalism,0.781
professor,0.656
professorship,0.582
proficiency,0.667
proficient,0.854
profile,0.689
profiler,0.52
profit,0.93
profitable,0.87
profound,0.755
profusion,0.542
progenitor,0.781
progeny,0.571
prognosis,0.5
prognostic,0.646
program,0.561
programme,0.74
programmer,0.562
programming,0.6
progress,0.88
progression,0.74
progressive,0.755
project,0.725
projecting,0.635
projection,0.708
projector,0.573
prolific,0.625
prologue,0.571
prolong,0.573
prolongation,0.542
prom,0.527
promenade,0.837
prominence,0.706
prominent,0.676
prominently,0.771
promise,0.823
promising,0.791
promissory,0.571
promo,0.602
promontory,0.5
promote,0.83
promoter,0.646
promotion,0.906
promotional,0.84
prompt,0.602
prompting,0.587
promulgate,0.511
promulgation,0.602
pronounce,0.653
pronounced,0.67
pronouncement,0.662
pronto,0.646
pronunciation,0.531
prop,0.51
propaganda,0.521
propagate,0.561
propel,0.75
propelled,0.633
propelling,0.602
propensity,0.521
proper,0.796
property,0.74
prophecy,0.747
prophesy,0.673
prophet,0.673
prophetic,0.688
prophylactic,0.51
proportion,0.541
proportional,0.729
proportionate,0.704
proportions,0.625
proposal,0.888
propose,0.604
proposition,0.627
proprietary,0.771
proprietor,0.735
proprietorship,0.667
propriety,0.823
propulsion,0.615
prose,0.542
prospect,0.733
prospection,0.594
prospective,0.678
prospectively,0.76
prospector,0.573
prospectus,0.612
prosper,0.935
prosperity,0.917
prosperous,0.948
protagonist,0.765
protect,0.823
protected,0.854
protecting,0.878
protection,0.863
protective,0.844
protector,0.779
protein,0.75
prototype,0.673
protracted,0.592
protrude,0.704
proud,0.906
prove,0.583
proven,0.724
proverb,0.714
proverbial,0.583
provide,0.833
provided,0.871
providence,0.603
provider,0.751
providing,0.816
province,0.714
provincial,0.645
provision,0.75
provisional,0.531
provisionally,0.57
provisions,0.67
prowess,0.792
proximal,0.541
proximate,0.667
proximity,0.677
proxy,0.521
prudence,0.781
prudent,0.706
prune,0.531
psalm,0.688
psalms,0.602
pseudonym,0.5
psychical,0.5
psychology,0.561
pub,0.592
puberty,0.552
pubescent,0.55
public,0.592
publication,0.549
publicist,0.562
publicity,0.59
publicly,0.74
publish,0.714
published,0.667
publisher,0.571
publishing,0.708
pudding,0.75
puff,0.531
pug,0.6
pullover,0.657
pulse,0.507
puma,0.615
pumped,0.615
pumpkin,0.539
pun,0.653
punchy,0.52
punctual,0.745
punctuality,0.81
punctually,0.76
punctuation,0.561
pundit,0.644
pup,0.755
pupil,0.729
puppy,0.908
purchase,0.625
purchaser,0.51
purchasing,0.667
pure,0.811
purebliss,0.625
puree,0.708
purely,0.684
purification,0.847
purify,0.823
purist,0.625
purity,0.823
purple,0.7
purport,0.663
purpose,0.8
purposely,0.646
purr,0.604
purring,0.748
purse,0.656
pursuance,0.552
pursuit,0.643
purveyor,0.643
purview,0.635
pussycat,0.541
put,0.52
putative,0.51
puzzle,0.537
pyramid,0.74
pyramidal,0.613
pyrotechnics,0.561
quack,0.53
quad,0.52
quadrant,0.5
quadruple,0.51
quail,0.5
quaint,0.625
qualifications,0.776
qualified,0.76
qualify,0.73
qualifying,0.788
qualities,0.844
quality,0.896
quantify,0.719
quantitative,0.604
quantitatively,0.51
quantity,0.52
quantum,0.704
quarter,0.568
quarterback,0.677
quarterly,0.604
quartermaster,0.551
quarters,0.51
quartz,0.704
quasi,0.51
quay,0.542
queen,0.875
query,0.521
quest,0.643
question,0.51
quiche,0.5
quick,0.704
quicken,0.686
quickie,0.6
quickly,0.784
quickness,0.774
quiescent,0.5
quiet,0.792
quietly,0.561
quill,0.521
quilt,0.643
quince,0.557
quintet,0.56
quirky,0.708
quorum,0.615
quotation,0.796
quote,0.68
quotes,0.625
quotient,0.615
rabbit,0.685
raccoon,0.541
race,0.592
racehorse,0.719
racetrack,0.708
racket,0.52
racquetball,0.582
radar,0.521
radiance,0.796
radiant,0.888
radiate,0.719
radical,0.5
radically,0.552
radio,0.573
radiograph,0.561
radish,0.5
radius,0.521
raffle,0.64
raft,0.51
railing,0.551
railroad,0.591
railway,0.613
raiment,0.667
rain,0.542
rainbow,0.878
rainbow trout,0.7
rainbows,0.875
raindrops,0.698
rainfall,0.604
rainforest,0.612
rainy,0.61
rainyday,0.52
raise,0.885
raised,0.656
raisin,0.594
raising,0.735
rally,0.612
ramble,0.615
rancher,0.51
ranger,0.526
rank,0.531
ranking,0.54
ransom,0.582
rap,0.604
rapid,0.667
rapidity,0.667
rapids,0.573
rapper,0.55
rapping,0.565
rapport,0.771
rapt,0.521
rarity,0.646
raspberries,0.802
raspberry,0.735
rate,0.521
ratification,0.653
ratify,0.75
rating,0.663
ratio,0.56
ration,0.521
rational,0.775
rationale,0.656
rationalism,0.562
rationality,0.633
rationalize,0.633
ravioli,0.656
ravishing,0.745
ray,0.55
reach,0.719
react,0.5
read,0.74
reader,0.776
readership,0.698
readily,0.74
readiness,0.708
reading,0.781
readjustment,0.56
readout,0.59
ready,0.77
readytogo,0.667
reaffirm,0.75
real,0.719
realism,0.74
realist,0.72
realistic,0.7
reality,0.786
realization,0.554
realize,0.757
realm,0.708
realty,0.633
reap,0.677
reappear,0.688
rearrange,0.656
rearrangement,0.542
reason,0.781
reasonable,0.902
reasonableness,0.729
reasoning,0.729
reasons,0.583
reassemble,0.552
reassignment,0.551
reassurance,0.875
reassure,0.837
reassured,0.854
reassuring,0.847
rebate,0.667
rebirth,0.781
reboot,0.673
reborn,0.802
rebound,0.521
rebuild,0.656
recall,0.583
recap,0.602
receipt,0.542
receive,0.74
received,0.646
receiver,0.583
receiving,0.719
recent,0.592
receptacle,0.5
reception,0.694
receptionist,0.677
receptive,0.729
recess,0.646
recharge,0.584
recipe,0.698
recipient,0.604
reciprocal,0.677
reciprocate,0.76
reciprocity,0.74
recital,0.838
recitation,0.708
recite,0.688
reckon,0.643
reclamation,0.573
recognition,0.833
recognizable,0.625
recognize,0.76
recognized,0.875
recollect,0.688
recollection,0.722
recombinant,0.561
recombination,0.51
recommend,0.812
recommendation,0.912
recompense,0.844
recon,0.5
reconcile,0.76
reconciliation,0.896
reconnaissance,0.729
reconnect,0.63
reconsideration,0.531
reconstitution,0.587
reconstruct,0.74
reconstruction,0.625
reconstructive,0.596
record,0.552
recorder,0.551
recording,0.573
recoup,0.719
recover,0.918
recoverable,0.78
recovery,0.781
recreate,0.724
recreation,0.909
recreational,0.896
recruit,0.551
recruiter,0.662
rectify,0.625
recuperation,0.688
recurrent,0.552
recycle,0.521
recycled,0.561
recycling,0.552
reddish,0.521
redecorate,0.602
redeem,0.633
redeemed,0.625
redesign,0.622
redhead,0.677
redheaded,0.51
redress,0.677
redwood,0.592
reef,0.583
reefer,0.5
reefs,0.531
reelection,0.541
reenactment,0.771
reentry,0.604
reestablish,0.635
refer,0.506
referee,0.531
reference,0.633
referendum,0.51
referral,0.694
refill,0.67
refine,0.653
refined,0.85
refinement,0.719
refinery,0.646
refining,0.694
refit,0.5
reflect,0.698
reflecting,0.59
reflection,0.71
reflective,0.656
reflex,0.583
reform,0.531
reformation,0.809
reformer,0.562
refractor,0.51
refractory,0.52
refresh,0.719
refreshed,0.91
refreshing,0.936
refreshment,0.667
refrigerate,0.635
refrigeration,0.735
refrigerator,0.677
refuel,0.592
refuge,0.64
refund,0.541
refurbish,0.656
regain,0.729
regal,0.643
regalia,0.76
regard,0.802
regatta,0.74
regency,0.52
regenerate,0.782
regeneration,0.76
regent,0.68
reggae,0.698
region,0.54
regional,0.62
regionalism,0.64
registrar,0.599
registration,0.622
registry,0.573
regroup,0.633
regularity,0.663
regulars,0.729
regulate,0.51
regulated,0.531
regulation,0.542
regulator,0.5
regulatory,0.531
rehab,0.531
rehabilitate,0.671
rehearsal,0.667
rehearse,0.588
reign,0.806
reigning,0.677
reimburse,0.68
reimbursement,0.653
rein,0.5
reincarnation,0.786
reindeer,0.592
reinforce,0.604
reinforcement,0.729
reinforcements,0.646
reinstate,0.76
reinstatement,0.729
reinvest,0.57
reinvestment,0.582
rejoice,0.827
rejoicing,0.811
rejoin,0.655
rejuvenate,0.776
rejuvenated,0.809
rekindle,0.656
relate,0.653
related,0.677
relation,0.857
relationship,0.867
relative,0.5
relativity,0.594
relax,0.927
relaxant,0.878
relaxation,0.873
relaxed,0.865
relaxing,0.854
relay,0.738
release,0.74
released,0.844
relevance,0.71
relevancy,0.724
relevant,0.719
reliability,0.917
reliable,0.912
reliance,0.844
relic,0.646
relics,0.719
relief,0.844
relieve,0.813
relieved,0.896
relieving,0.74
relight,0.56
religion,0.646
religious,0.74
relish,0.854
relive,0.75
reload,0.562
relocate,0.5
rely,0.812
remain,0.709
remains,0.61
remake,0.583
remark,0.561
remarkable,0.88
remarkably,0.688
remarry,0.653
remedy,0.625
remember,0.776
remembered,0.916
remembering,0.535
remembrance,0.812
remind,0.721
reminder,0.552
reminisce,0.903
reminiscent,0.5
reminiscing,0.688
remit,0.51
remittance,0.684
remodel,0.604
remuneration,0.792
renaissance,0.771
rencontre,0.51
render,0.541
rendering,0.531
rendezvous,0.75
renegotiate,0.58
renew,0.868
renewal,0.77
renovate,0.878
renovated,0.783
renovation,0.816
renown,0.693
renowned,0.844
rental,0.51
renter,0.59
reopen,0.656
reorganization,0.622
reorganize,0.667
rep,0.52
repaint,0.622
repair,0.583
repairman,0.582
reparation,0.531
repertoire,0.633
repertory,0.562
rephrase,0.547
replay,0.612
replenish,0.615
replete,0.552
reply,0.762
report,0.583
reporter,0.531
represent,0.781
representation,0.677
representative,0.704
represented,0.724
representing,0.796
reprieve,0.531
reprint,0.51
reproduce,0.823
reproduction,0.8
reproductive,0.77
reprogram,0.519
republic,0.635
repurchase,0.531
reputable,0.781
reputation,0.74
repute,0.729
request,0.625
required,0.583
requirement,0.51
reroute,0.54
rescue,0.806
research,0.633
researcher,0.569
resemblance,0.743
resemble,0.602
resembling,0.592
reservation,0.688
reserve,0.585
reserved,0.594
reserves,0.653
reservoir,0.531
residence,0.615
residences,0.618
residency,0.694
resident,0.592
residential,0.72
resilience,0.531
resilient,0.542
resistant,0.592
resolute,0.771
resolutely,0.714
resolution,0.78
resolve,0.71
resolved,0.735
resonance,0.541
resonant,0.542
resonate,0.582
resort,0.573
resource,0.74
resourceful,0.906
resources,0.604
respect,0.927
respectability,0.875
respectable,0.85
respected,0.908
respectful,0.951
respecting,0.837
respective,0.625
respects,0.84
respiration,0.76
respiratory,0.5
respite,0.6
resplendent,0.905
respond,0.573
response,0.615
responsibility,0.76
responsible,0.837
responsive,0.816
rest,0.907
restart,0.531
restaurant,0.847
rested,0.792
restful,0.781
restitution,0.583
restock,0.51
restoration,0.755
restorative,0.633
restore,0.765
restored,0.892
restoring,0.82
restroom,0.653
result,0.812
resultant,0.67
resume,0.573
resumption,0.637
resurrect,0.781
resurrection,0.708
resuscitate,0.531
resuscitation,0.753
retail,0.51
retailer,0.708
retake,0.616
retinal,0.531
retreat,0.5
retrial,0.5
retribution,0.625
retrieval,0.7
retrieve,0.74
retro,0.65
retroactive,0.521
retrospective,0.594
retrospectively,0.516
return,0.602
reunion,0.837
reunite,0.656
reunited,0.708
revel,0.74
revelation,0.879
revelations,0.729
revels,0.827
revenue,0.873
revere,0.75
reverence,0.643
reverend,0.65
reverent,0.551
reverie,0.667
reverse,0.539
reverting,0.562
review,0.667
reviewer,0.562
revise,0.5
revisit,0.552
revival,0.823
revive,0.676
revolutionary,0.635
revolutionize,0.684
revolve,0.592
revolving,0.602
revue,0.594
revving,0.604
reward,0.948
rewarding,0.958
rhapsody,0.708
rhinestone,0.531
rhino,0.531
rhinoceros,0.556
rhubarb,0.582
rhyme,0.667
rhyming,0.729
rhythm,0.771
rhythmic,0.714
rhythmical,0.844
ribbon,0.719
rice,0.667
rich,0.882
riches,0.958
richness,0.896
riddle,0.521
ride,0.806
rider,0.635
riding,0.694
rife,0.57
riff,0.521
rig,0.542
rigging,0.51
right,0.74
righteous,0.823
righteousness,0.802
rightful,0.837
rightly,0.74
righty,0.75
rim,0.51
rind,0.542
ring,0.677
ringer,0.573
ringing,0.724
ringleader,0.52
ringmaster,0.63
ringside,0.5
rink,0.551
rinse,0.663
riparian,0.552
ripe,0.671
ripen,0.755
ripening,0.615
ripple,0.5
rippling,0.5
rise,0.667
rising,0.75
risotto,0.802
river,0.688
riverbank,0.684
riverbed,0.61
riverboat,0.561
road,0.656
roadhouse,0.5
roadie,0.5
roads,0.677
roadside,0.5
roadster,0.531
roadtrip,0.677
roadway,0.562
roadworks,0.562
roam,0.51
roast,0.521
roasted,0.615
robe,0.594
robin,0.552
robotics,0.592
robust,0.667
rock,0.623
rocker,0.615
rocket,0.664
role,0.552
roller,0.521
rollercoaster,0.802
rollicking,0.878
rolling,0.51
roman,0.615
romance,0.98
romantic,0.936
romanticism,0.854
romp,0.61
roof,0.602
rooftop,0.571
rookie,0.583
room,0.729
roomful,0.786
roommate,0.75
rooms,0.677
roomy,0.76
roost,0.5
root,0.602
root beer,0.582
rooted,0.51
rosary,0.806
rose,0.865
rosemary,0.688
roster,0.531
rosy,0.94
rotary,0.573
rotation,0.67
rote,0.561
rotor,0.5
rotunda,0.5
rouge,0.562
round,0.552
rounded,0.592
roundup,0.52
rouse,0.521
rousing,0.714
route,0.583
rover,0.51
roving,0.583
royal,0.796
royalty,0.832
rub,0.521
rubbers,0.604
rubdown,0.561
ruby,0.663
rug,0.52
rugby,0.677
rugged,0.561
rule,0.567
rum,0.561
rumba,0.781
run,0.542
rundown,0.52
rung,0.51
running,0.73
running shoes,0.653
runny,0.54
runway,0.585
rural,0.562
ruse,0.531
sabbatical,0.771
saber,0.551
sacrament,0.69
sacred,0.833
sadday,0.52
saddle,0.51
safari,0.663
safe,0.898
safeguard,0.786
safekeeping,0.653
safety,0.708
saga,0.635
sage,0.781
sail,0.615
sailboat,0.719
sailing,0.667
sailor,0.5
saint,0.812
sainted,0.708
saintly,0.865
salad,0.75
salami,0.667
salary,0.786
sale,0.647
salesgirl,0.582
salesman,0.643
salient,0.6
sally,0.604
salmon,0.76
salon,0.531
saloon,0.63
salsa,0.742
salutary,0.885
salutation,0.878
salute,0.833
salvage,0.622
salvation,0.857
salve,0.612
samba,0.781
sameness,0.531
sample,0.521
samurai,0.562
sanctification,0.77
sanctified,0.792
sanctify,0.673
sanctity,0.771
sanctuary,0.863
sanctum,0.521
sand,0.582
sandbox,0.573
sands,0.646
sandwich,0.672
sane,0.76
sanguine,0.52
sanitation,0.742
sanity,0.667
santa,0.735
sapphire,0.77
sappy,0.583
sardine,0.541
sarsaparilla,0.542
sashimi,0.704
satchel,0.521
sate,0.667
satellite,0.562
satin,0.519
satisfaction,0.939
satisfactorily,0.765
satisfactory,0.959
satisfied,0.959
satisfy,0.867
satisfying,0.89
sauce,0.562
saucer,0.51
sauerkraut,0.531
sauna,0.781
sausage,0.542
savanna,0.606
savannah,0.729
savant,0.781
save,0.77
saver,0.745
saving,0.663
savings,0.776
savior,0.92
savor,0.827
savory,0.812
savvy,0.719
sax,0.573
saxophone,0.688
say,0.571
sayonara,0.56
scampi,0.531
scanner,0.531
scarf,0.75
scarlet,0.507
scenario,0.667
scene,0.57
scenery,0.745
scenic,0.684
scent,0.633
scented,0.865
scepter,0.63
schedule,0.51
scheme,0.521
schnapps,0.583
scholar,0.694
scholarly,0.75
scholarship,0.866
scholastic,0.5
school,0.765
schoolboy,0.623
schoolgirl,0.76
schoolhouse,0.602
schooling,0.582
schoolmaster,0.667
schoolteacher,0.521
schoolyard,0.684
schooner,0.635
science,0.588
scientific,0.653
scientist,0.562
scifi,0.592
scintillating,0.65
scintillation,0.576
scintillator,0.583
scoop,0.583
scoot,0.51
scooter,0.51
scope,0.656
score,0.67
scoreboard,0.667
scorer,0.73
scores,0.594
scotch,0.578
scout,0.656
scrabble,0.625
scrapbook,0.562
screen,0.67
screening,0.562
screenplay,0.5
screenwriter,0.571
screwdriver,0.52
scribe,0.541
script,0.61
scriptural,0.551
scripture,0.745
scrumptious,0.959
scrupulous,0.545
scrutiny,0.5
scuba,0.542
sculptor,0.653
sculpture,0.75
sculptured,0.708
sea,0.833
seaboard,0.663
seafood,0.656
seagull,0.635
seaman,0.52
seamstress,0.535
seaport,0.594
search,0.635
searching,0.534
searchlight,0.622
seashore,0.796
seaside,0.887
season,0.792
seasonal,0.592
seasoned,0.812
seasoning,0.633
seat,0.542
seatbelt,0.656
seating,0.552
seawater,0.76
second cousin,0.698
secondary,0.636
secretariat,0.518
secretary,0.612
secretly,0.525
section,0.5
sector,0.594
secure,0.844
securities,0.75
security,0.837
sedate,0.656
sedation,0.51
seducer,0.704
seducing,0.569
seduction,0.51
seductive,0.771
see,0.635
seed,0.656
seeds,0.731
seek,0.622
seeker,0.646
seer,0.604
seesaw,0.57
seize,0.656
select,0.615
selection,0.594
selective,0.612
selectman,0.552
self,0.704
selfless,0.521
selflove,0.854
selfworth,0.704
sell,0.618
seller,0.635
semantics,0.698
semaphore,0.552
semblance,0.5
semen,0.5
semester,0.521
seminar,0.583
seminary,0.594
send,0.663
sender,0.542
senior,0.561
senor,0.527
senorita,0.765
sensation,0.781
sensational,0.938
sense,0.781
senses,0.74
sensibility,0.583
sensible,0.625
sensibly,0.786
sensitive,0.714
sensitivity,0.75
sensor,0.571
sensory,0.583
sensual,0.73
sensuality,0.844
sensuous,0.854
sentence,0.625
sentient,0.583
sentiment,0.765
sentimental,0.583
sentimentality,0.771
sentinel,0.531
sept,0.521
sequel,0.65
sequence,0.543
sequent,0.531
serenade,0.875
serendipity,0.677
serene,0.802
serenity,0.9
serialize,0.5
series,0.622
serif,0.531
serious,0.5
serpentine,0.576
serum,0.52
serve,0.622
server,0.656
service,0.684
serviceable,0.834
sesame,0.673
session,0.51
sessions,0.646
set,0.521
sett,0.56
setter,0.541
settle,0.833
settled,0.521
settlement,0.635
settler,0.573
settlor,0.531
setup,0.667
seven,0.672
seventeen,0.585
seventh,0.5
seventy,0.625
severally,0.719
sew,0.51
sewing,0.625
sex,0.803
sexual,0.584
sexuality,0.67
sexy,0.865
shaft,0.549
shaggy,0.51
shaker,0.52
shall,0.51
shampoo,0.604
shanghai,0.551
shank,0.53
shape,0.592
shapely,0.771
share,0.759
shareholder,0.656
sharing,0.827
sharpen,0.582
sharpened,0.573
sharpener,0.532
sharpness,0.729
shave,0.521
shaving,0.5
shawl,0.72
sheen,0.812
sheep,0.604
sheepdog,0.684
sheer,0.604
sheik,0.521
shelf,0.561
shell,0.615
shellfish,0.594
shelter,0.704
sheltered,0.59
shelters,0.582
shepherd,0.656
sherbet,0.592
sheriff,0.602
sherry,0.594
shield,0.51
shifting,0.518
shilling,0.521
shimmer,0.745
shimmering,0.844
shindig,0.552
shine,0.844
shiner,0.74
shingle,0.51
shining,0.885
shiny,0.885
ship,0.646
shipment,0.582
shipping,0.622
shipshape,0.594
shirt,0.698
shockingly,0.51
shoe,0.517
shoes,0.729
shop,0.725
shopkeeper,0.677
shopper,0.646
shopping,0.915
shore,0.542
shoreline,0.677
short story,0.697
shortcake,0.677
shortcut,0.594
shortly,0.582
shorts,0.622
shoulder,0.562
show,0.673
showbiz,0.661
showboat,0.618
showcase,0.521
shower,0.669
showgirl,0.633
showing,0.622
showroom,0.74
showy,0.698
shrewd,0.551
shrimp,0.571
shrine,0.802
shrub,0.531
shrunken,0.5
shuffleboard,0.531
shuffling,0.521
shuteye,0.521
shuttle,0.531
sib,0.698
sibling,0.857
sideboard,0.59
sideburns,0.777
sidecar,0.552
sidekick,0.602
sideways,0.788
sidewinder,0.5
siesta,0.74
sift,0.542
sifting,0.571
sight,0.684
sighting,0.582
sightseeing,0.875
sign,0.62
signal,0.615
signature,0.57
significance,0.82
significant,0.827
signification,0.583
signpost,0.51
silhouette,0.582
silk,0.76
silken,0.73
silky,0.802
silt,0.51
silver,0.684
silverware,0.663
silvery,0.543
similar,0.562
similarity,0.729
simile,0.615
simmer,0.65
simple,0.653
simples,0.724
simplicity,0.667
simplify,0.565
simply,0.535
simulate,0.551
simulated,0.5
simulating,0.552
simulation,0.552
simulator,0.677
simultaneous,0.691
simultaneously,0.656
sincere,0.918
sincerity,0.908
sing,0.858
singer,0.802
singing,0.885
singly,0.553
singular,0.61
singularity,0.582
singularly,0.571
sinus,0.531
sir,0.622
sire,0.854
siren,0.57
sirloin,0.546
sister,0.916
sisterhood,0.837
sit,0.561
sitcom,0.562
site,0.677
sitter,0.656
sitting,0.561
situate,0.51
situated,0.542
situation,0.531
six,0.5
sixteen,0.583
sixth,0.521
sixty,0.694
sizable,0.727
size,0.531
skate,0.74
skateboard,0.677
skater,0.633
skating,0.745
sketch,0.704
sketching,0.729
ski,0.684
skier,0.802
skiing,0.823
skijump,0.635
skill,0.847
skilled,0.886
skillet,0.51
skillful,0.802
skin,0.569
skirt,0.602
skirts,0.622
sky,0.958
skylight,0.708
skyline,0.592
skyscraper,0.622
slack,0.521
slate,0.531
slates,0.5
sled,0.635
sledding,0.625
sledge,0.646
sleek,0.75
sleep,0.719
sleeper,0.64
sleeping,0.704
sleepover,0.815
sleepy,0.604
sleeve,0.531
sleeveless,0.638
sleigh,0.742
sleight,0.719
slender,0.812
slice,0.583
slicker,0.727
slide,0.615
slider,0.585
slight,0.521
slight anticipation,0.562
slight surprise,0.677
slightly positive,0.792
slim,0.562
slipper,0.635
slippers,0.573
slogan,0.55
slumber,0.592
slurp,0.54
sly,0.573
small,0.542
smart,0.906
smarten,0.602
smarty,0.673
smell,0.51
smile,0.906
smiled,0.949
smiles,0.892
smiley,0.865
smiling,0.981
smirk,0.792
smith,0.677
smoldering,0.635
smooch,0.796
smooth,0.823
smoothie,0.806
smoothly,0.821
smoothness,0.833
snack,0.646
snacks,0.781
snappy,0.573
snapshot,0.573
snazzy,0.735
sneaker,0.794
sneakers,0.604
snicker,0.708
snippet,0.612
snoopy,0.573
snorkel,0.51
snow,0.667
snowball,0.717
snowboard,0.663
snowboarder,0.719
snowday,0.602
snowfall,0.675
snowflake,0.748
snowing,0.586
snowman,0.776
snowy,0.656
snug,0.867
snuggle,0.781
snuggled,0.552
snuggles,0.67
snuggling,0.683
soap,0.531
soapbox,0.5
soapy,0.552
soar,0.79
soaring,0.708
sober,0.729
soblessed,0.542
sobriety,0.68
soccer,0.698
sociable,0.854
social,0.806
socialism,0.51
socialite,0.684
socialize,0.907
society,0.674
sociology,0.615
sock,0.5
socket,0.583
soda,0.688
soda/pop,0.581
sofa,0.583
soft,0.76
softball,0.735
soften,0.694
softener,0.745
softening,0.7
softly,0.517
softness,0.875
software,0.561
sohappy,0.949
soiree,0.729
sojourn,0.514
solace,0.776
solar,0.622
solarium,0.602
soldering,0.573
solemn,0.708
solicit,0.62
solicitation,0.612
solicitor,0.6
solid,0.667
solidarity,0.792
solidified,0.633
solidify,0.583
solidity,0.745
solubility,0.506
soluble,0.542
solucky,0.573
solution,0.79
solve,0.656
solvency,0.604
solvent,0.635
some surprise,0.827
some trust,0.594
somethingigetalot,0.573
somewhat positive,0.92
somuchtodo,0.51
son,0.792
sonar,0.541
sonata,0.643
song,0.854
songwriter,0.844
sonic,0.594
sonice,0.5
sonnet,0.718
sonorous,0.646
soothe,0.817
soothing,0.625
sophisticated,0.865
sophistication,0.792
sophomore,0.653
soppy,0.51
soprano,0.552
soready,0.622
sorority,0.635
sort,0.673
sorter,0.594
sosweet,0.755
sothankful,0.729
soul,0.77
soulful,0.755
soulmate,0.89
sound,0.765
sounding,0.69
soundness,0.78
soundtrack,0.63
soup,0.602
source,0.74
south,0.562
southbound,0.51
southeast,0.51
southern,0.552
southpaw,0.542
souvenir,0.844
sovereign,0.698
sovereignty,0.719
sow,0.667
soy sauce,0.573
soybean,0.521
spa,0.622
space,0.8
spacecraft,0.646
spaceman,0.688
spaceship,0.643
spacing,0.621
spacious,0.88
spaghetti,0.729
span,0.521
spaniel,0.561
spare,0.552
spareribs,0.635
sparingly,0.51
spark,0.688
sparkle,0.819
sparkling,0.7
sparkly,0.885
sparrow,0.583
spatial,0.604
spawn,0.542
speak,0.765
speakeasy,0.68
speaker,0.604
speakerphone,0.531
speaking,0.753
spear,0.51
spec,0.583
special,0.844
specialist,0.76
speciality,0.854
specialize,0.776
specially,0.847
specialty,0.724
specie,0.583
species,0.561
specific,0.656
specification,0.552
specify,0.656
specimen,0.531
specs,0.54
spectacle,0.812
spectacles,0.816
spectacular,0.947
spectator,0.694
spectrometer,0.5
spectrophotometer,0.5
speech,0.656
speed,0.719
speedboat,0.635
speedily,0.688
speedway,0.667
speedy,0.625
spellbound,0.531
spelling,0.594
spencer,0.51
spend,0.672
sphere,0.633
spherical,0.55
sphinx,0.604
spice,0.594
spiffy,0.615
spin,0.551
spinach,0.583
spindle,0.552
spinning,0.594
spirit,0.786
spirited,0.854
spirits,0.583
spiritual,0.938
spirituality,0.865
splash,0.521
splat,0.51
splendid,0.896
splendor,0.927
spoke,0.635
spoken,0.551
spokesman,0.72
spokesperson,0.573
sponge,0.551
sponsor,0.729
sponsorship,0.854
spontaneity,0.817
spontaneous,0.78
spoonful,0.582
sport,0.865
sporting,0.917
sports,0.833
sports car,0.759
sportsman,0.755
sportsmanship,0.89
sportswriter,0.76
sporty,0.735
spot,0.51
spotless,0.792
spotlight,0.688
spotter,0.542
spousal,0.656
spouse,0.75
sprawl,0.6
spread,0.57
spreader,0.51
spree,0.564
spring,0.837
springtime,0.837
sprinkle,0.635
sprinkler,0.51
sprinkling,0.677
sprint,0.549
sprite,0.561
sprout,0.582
spruce,0.604
spunky,0.646
spurred,0.562
squad,0.552
square,0.509
squash,0.531
squealer,0.541
squirrel,0.592
squishy,0.516
stability,0.812
stabilize,0.839
stabilizer,0.688
stable,0.725
stadium,0.635
staff,0.745
stag,0.594
stage,0.592
stagecoach,0.516
stagger,0.531
staggering,0.52
stainless,0.594
stairs,0.51
stairway,0.562
stairwell,0.51
stallion,0.628
stalls,0.582
stalwart,0.812
stamina,0.664
stance,0.604
stand,0.6
standard,0.673
standardize,0.684
standardized,0.61
standing,0.604
standpoint,0.585
standup,0.633
stanza,0.612
staple,0.542
star,0.833
star fruit,0.701
starboard,0.531
starch,0.507
stardom,0.844
stardust,0.843
stare,0.541
starfish,0.68
stargazing,0.802
staring,0.542
starlet,0.806
starlight,0.908
starling,0.5
stars,0.796
starship,0.74
start,0.684
starter,0.667
startling,0.75
state,0.562
stately,0.83
statement,0.688
stateroom,0.653
stateside,0.643
statesman,0.51
statics,0.542
station,0.688
stationery,0.57
statistic,0.508
statistical,0.714
statistician,0.571
statuary,0.561
statue,0.542
statuette,0.677
status,0.658
statute,0.592
statutory,0.51
stay,0.604
stays,0.633
stead,0.551
steadfast,0.771
steady,0.68
steak,0.625
steakhouse,0.802
stealth,0.52
stealthily,0.763
steamboat,0.708
steamer,0.51
steaming,0.592
steel,0.521
steeple,0.625
steering,0.58
stellar,0.796
stem,0.615
stencil,0.5
stenographer,0.51
step,0.531
stepdaughter,0.51
steps,0.511
stepson,0.614
stereo,0.617
sterling,0.529
stern,0.552
sternum,0.52
stew,0.667
steward,0.633
stewardess,0.625
stewardship,0.551
sticker,0.583
stile,0.75
stillness,0.729
stimulate,0.792
stimulating,0.74
stimulation,0.708
stimulus,0.771
stipend,0.604
stipulate,0.57
stirring,0.582
stitching,0.51
stock,0.594
stockholder,0.573
stocking,0.594
stockpile,0.542
stockroom,0.562
stocks,0.573
stopover,0.531
storage,0.698
store,0.646
storefront,0.58
storehouse,0.57
storeroom,0.56
storing,0.63
story,0.653
storybook,0.854
storyteller,0.73
storytelling,0.643
stout,0.656
stow,0.615
straight,0.667
straighten,0.677
straightforward,0.78
straightway,0.667
strapping,0.552
strata,0.5
strategic,0.786
strategist,0.571
strategy,0.704
stratification,0.531
stratosphere,0.604
strawberry,0.833
streamer,0.615
streaming,0.592
streamline,0.656
street,0.594
streetlight,0.673
strength,0.802
strengthen,0.802
strengthening,0.913
stressfree,0.833
stressrelief,0.627
stretch,0.604
strict,0.5
striker,0.5
strikingly,0.69
stripe,0.629
stripper,0.625
striptease,0.607
strive,0.582
stroke,0.562
stroll,0.745
stroller,0.786
strolling,0.755
strong,0.912
stronghold,0.708
strongly,0.63
structural,0.582
structure,0.562
strudel,0.627
strut,0.58
stud,0.564
student,0.634
studied,0.786
studio,0.677
study,0.653
stuff,0.622
stuffed animal,0.684
stunning,0.888
stupendous,0.823
sturdy,0.58
style,0.745
styling,0.823
stylish,0.885
stylist,0.76
suave,0.724
sub,0.51
subconscious,0.531
subdivide,0.538
subdivision,0.592
subject,0.602
subjective,0.51
sublimation,0.51
sublime,0.784
submarine,0.572
submerge,0.517
submission,0.531
submit,0.635
submitting,0.667
subscribe,0.66
subscriber,0.562
subscription,0.583
subsidiary,0.541
subsidize,0.604
subsidy,0.573
subsist,0.573
subsistence,0.51
substance,0.615
substantial,0.59
substantially,0.646
substantiate,0.531
substantive,0.5
subtext,0.635
subtle,0.708
subtlety,0.615
suburbs,0.51
succeed,0.926
succeeding,0.867
success,0.959
successful,0.949
succession,0.698
successive,0.635
successor,0.729
succinct,0.51
succulent,0.823
suckling,0.596
suddenly,0.67
suede,0.542
suffice,0.643
sufficiency,0.594
sufficient,0.833
sufficiently,0.776
sugar,0.896
suggest,0.573
suggestion,0.646
suggestive,0.552
suit,0.776
suitable,0.792
suitcase,0.562
suite,0.79
suitor,0.708
sultan,0.529
sultry,0.735
sum,0.792
summarize,0.59
summary,0.729
summation,0.766
summer,0.812
summerhouse,0.796
summertime,0.837
summit,0.625
summon,0.521
summons,0.552
sumptuous,0.698
sun,0.877
sunbeam,0.729
sundae,0.743
sunday,0.776
sundial,0.643
sundown,0.812
sundry,0.543
sunflower,0.878
sunglass,0.684
sunglasses,0.844
sunlight,0.906
sunny,0.74
sunrise,0.823
sunroof,0.681
sunscreen,0.656
sunset,0.875
sunshine,0.885
suntan,0.62
sunup,0.76
sup,0.551
super,0.844
superb,0.98
superhero,0.91
superhuman,0.81
superintendent,0.592
superior,0.801
superiority,0.582
superlative,0.714
superman,0.945
supermarket,0.69
supermodel,0.88
supernatant,0.5
supernatural,0.622
supernova,0.729
superpower,0.806
superstar,0.885
superstore,0.719
supervise,0.698
supervisor,0.615
supper,0.708
suppertime,0.792
supple,0.812
supplement,0.745
supplemental,0.604
supplementary,0.625
supplier,0.615
supplies,0.698
supply,0.708
support,0.811
supported,0.853
supporter,0.721
supporters,0.763
supporting,0.634
supportive,0.875
suppose,0.551
supposition,0.531
supremacy,0.794
supreme,0.812
supremely,0.833
sure,0.724
surety,0.776
surf,0.847
surfboard,0.729
surfer,0.704
surgeon,0.5
surmise,0.529
surname,0.67
surpassing,0.719
surplus,0.602
surprise,0.875
surprised,0.784
surprises,0.875
surprising,0.888
surprisingly,0.847
surreal,0.55
surround,0.542
surrounding,0.531
surroundings,0.6
survey,0.58
surveyor,0.545
survival,0.541
survive,0.77
surviving,0.646
survivor,0.677
sushi,0.698
sustain,0.635
sustained,0.649
sustenance,0.82
suv,0.552
swag,0.656
swami,0.51
swan,0.781
swap,0.552
sway,0.69
swear,0.601
sweater,0.704
sweatshirt,0.51
sweet,0.668
sweeten,0.908
sweetened,0.94
sweetener,0.67
sweetest,0.959
sweetheart,0.959
sweetie,0.99
sweetness,0.906
sweets,0.91
swift,0.76
swiftly,0.66
swig,0.604
swim,0.688
swimmer,0.657
swimming,0.76
swimsuit,0.74
swing,0.602
swinging,0.656
swipe,0.573
swish,0.562
switch,0.5
switchboard,0.571
swivel,0.562
swordfish,0.564
swordplay,0.616
sycamore,0.5
syllabus,0.736
symbiotic,0.832
symbol,0.643
symbolic,0.67
symbolically,0.582
symbolism,0.688
symbolize,0.633
symmetric,0.745
symmetrical,0.542
symmetry,0.604
sympathetic,0.796
sympathize,0.77
sympathy,0.827
symphonic,0.775
symphony,0.765
symposium,0.573
synagogue,0.531
synapse,0.66
synaptic,0.573
sync,0.802
synchronize,0.781
synchronous,0.6
synergistic,0.571
synergy,0.667
synonym,0.615
synopsis,0.541
synoptic,0.561
syntax,0.531
synthesis,0.604
synthesizer,0.5
syrup,0.62
system,0.615
systematic,0.617
systematically,0.69
t-shirt,0.815
tab,0.594
tabby,0.51
table,0.551
tableau,0.531
tablet,0.562
tableware,0.677
taco,0.561
tact,0.55
tactful,0.704
tactic,0.531
tactical,0.594
tactics,0.583
tactile,0.573
taffeta,0.604
tag,0.612
tailor,0.573
tailoring,0.673
take,0.828
takeoff,0.755
takeout,0.736
takeover,0.663
talcum,0.5
tale,0.663
talent,0.959
talented,0.939
talisman,0.704
talk,0.833
talkative,0.562
talker,0.5
tall,0.725
tallies,0.551
tally,0.542
tambourine,0.622
tame,0.56
taming,0.569
tan,0.643
tandem,0.552
tang,0.594
tangent,0.573
tangerine,0.571
tangible,0.646
tango,0.622
tank top,0.61
tanker,0.52
tanned,0.615
tantalizing,0.525
tantamount,0.633
tape,0.531
taper,0.541
tapestry,0.52
tapioca,0.594
target,0.633
targeted,0.573
targeting,0.51
tart,0.719
task,0.55
tassel,0.552
taste,0.802
tasteful,0.918
tasting,0.781
tasty,0.959
tattletale,0.633
taught,0.814
tavern,0.516
tawny,0.551
taxi,0.542
taxpayer,0.592
tea,0.698
teach,0.84
teacher,0.76
teaching,0.822
teacup,0.633
teahouse,0.802
teal,0.54
team,0.708
teamjesus,0.673
teammate,0.865
teamwork,0.918
tearsofjoy,0.926
teaser,0.51
teaspoon,0.521
teat,0.612
teatime,0.847
tech,0.684
technical,0.51
technicality,0.632
technician,0.592
technique,0.76
techno,0.561
technological,0.68
technology,0.776
ted,0.712
teddy bear,0.89
teeming,0.582
teen,0.729
teenage,0.667
teenager,0.781
teens,0.653
teensy,0.52
teeth,0.52
telegram,0.561
telegraph,0.594
telekinesis,0.582
telepathic,0.602
telepathy,0.594
telephone,0.694
telescope,0.531
telethon,0.643
teletype,0.532
televised,0.625
television,0.633
tell,0.551
teller,0.5
telling,0.719
temper,0.633
temperance,0.5
temperature,0.521
tempered,0.583
temple,0.612
tempo,0.582
temporal,0.5
temporarily,0.5
tempting,0.615
ten,0.562
tenable,0.741
tenacious,0.724
tenacity,0.74
tenancy,0.5
tend,0.604
tendency,0.684
tender,0.63
tenderness,0.949
tending,0.622
tenet,0.667
tenets,0.734
tennis,0.622
tenor,0.587
tent,0.51
tentative,0.582
tenth,0.51
tenure,0.615
tepee,0.5
tequila,0.612
teriyaki,0.646
terminology,0.612
tern,0.573
ternary,0.55
terrace,0.615
terrain,0.54
terrestrial,0.542
terrier,0.562
terrific,0.859
territory,0.625
terse,0.542
tertiary,0.5
testament,0.594
testify,0.521
testimonial,0.541
testimony,0.615
testosterone,0.573
tetrahedral,0.595
text,0.604
textbook,0.622
textile,0.604
textural,0.66
texture,0.615
tgif,0.542
thank,0.958
thankful,0.969
thankgod,0.823
thanking,0.917
thanks,0.918
thanksalot,0.908
thanksgiving,0.927
thankyougod,0.9
thankyoujesus,0.878
thankyoulord,0.809
thatmoment,0.667
thaumaturgy,0.51
theater,0.76
theatrical,0.72
theatrics,0.694
thebest,0.76
thelife,0.688
thelittlethings,0.571
theme,0.541
theologian,0.521
theorem,0.5
theoretical,0.615
theory,0.583
therapeutic,0.625
therapeutics,0.552
thereof,0.542
thermodynamics,0.51
thermos,0.582
thesaurus,0.52
thesis,0.583
thickness,0.552
things,0.519
think,0.786
thinker,0.706
thinking,0.72
third,0.551
thirty,0.562
thither,0.5
thoroughbred,0.669
thoroughfare,0.582
thought,0.78
thoughtful,0.667
thoughtfulness,0.867
thoughts,0.745
thousand,0.663
thread,0.646
three,0.653
threefold,0.521
threshold,0.531
thrift,0.76
thrifty,0.604
thrill,0.888
thrilled,0.898
thrilling,0.93
thrive,0.948
thriving,0.865
throb,0.5
throbbing,0.645
throne,0.724
throttle,0.562
thrown,0.5
thrust,0.51
thruster,0.698
thumb,0.673
thumbprint,0.51
thx,0.562
thyme,0.561
tiara,0.719
tick,0.521
ticket,0.684
tickle,0.76
tickled,0.755
ticklish,0.823
tidal,0.592
tidbit,0.552
tide,0.541
tidings,0.61
tidy,0.76
tie,0.663
tier,0.52
tiff,0.531
tights,0.583
tilde,0.52
tiling,0.6
tillage,0.552
timberland,0.55
time,0.604
timeliness,0.76
timely,0.865
timepiece,0.65
timetable,0.561
timing,0.521
tinkering,0.531
tinkle,0.562
tinkling,0.612
tinsel,0.663
tint,0.582
tip,0.708
tipsy,0.51
tiptoe,0.51
tireless,0.657
tissue,0.558
tistheseason,0.646
titan,0.598
titanium,0.52
tithe,0.507
title,0.708
titled,0.677
titty,0.561
titular,0.704
toast,0.74
toaster,0.542
toasty,0.698
today,0.806
toddler,0.812
toenail,0.53
toffee,0.658
tofu,0.521
toga,0.698
together,0.874
togetherness,0.906
toil,0.558
token,0.51
tolerable,0.75
tolerance,0.875
tolerant,0.765
tolerate,0.724
toleration,0.776
tomahawk,0.51
tomato,0.55
tomatoes,0.615
tomcat,0.52
tomorrow,0.792
ton,0.56
tone,0.551
tongs,0.5
tongue,0.542
tonic,0.541
toolbox,0.531
tooling,0.51
toot,0.5
toothbrush,0.517
toothpaste,0.51
toothpick,0.561
toots,0.552
top,0.76
topaz,0.643
topic,0.52
topical,0.561
topless,0.625
topographic,0.604
topside,0.708
torch,0.531
torrent,0.541
tortoise,0.673
tot,0.602
total,0.771
totality,0.688
totally,0.82
tote,0.51
totem,0.639
touch,0.646
touchdown,0.667
touched,0.592
touching,0.76
toughness,0.552
tour,0.663
tourism,0.823
tourist,0.745
tournament,0.694
tow,0.531
towel,0.63
tower,0.606
towering,0.5
town,0.551
townhouse,0.622
township,0.531
townspeople,0.677
toy,0.878
toymaker,0.755
trace,0.573
traceable,0.602
tracer,0.573
tractable,0.635
trade,0.561
trademark,0.667
trader,0.562
tradesman,0.531
trading,0.635
tradition,0.83
traditional,0.677
trail,0.6
trailer,0.541
train,0.666
train set,0.604
trained,0.771
trainee,0.627
trainer,0.698
training,0.714
trajectory,0.653
tram,0.667
trampoline,0.604
tramway,0.615
tranquil,0.917
tranquility,0.84
tranquilizer,0.51
transact,0.521
transaction,0.65
transatlantic,0.724
transceiver,0.51
transcend,0.604
transcendence,0.656
transcendent,0.667
transcendental,0.635
transcribe,0.5
transcript,0.639
transcription,0.592
transfer,0.702
transference,0.592
transform,0.735
transformation,0.796
transformer,0.582
transient,0.51
transition,0.605
transitional,0.573
translate,0.604
translation,0.633
translator,0.76
translucent,0.6
transmission,0.688
transmit,0.836
transmitter,0.52
transparency,0.847
transparent,0.542
transplantation,0.531
transponder,0.564
transport,0.613
transportation,0.667
transporter,0.615
trapeze,0.542
travail,0.5
travel,0.931
traveler,0.837
traveling,0.9
traverse,0.571
tray,0.549
tread,0.51
treasure,0.927
treasured,0.849
treasurer,0.694
treasures,0.867
treasury,0.812
treat,0.573
treatable,0.78
treatise,0.604
treatment,0.663
treaty,0.646
tree,0.67
trees,0.653
tremendous,0.6
tremendously,0.719
trend,0.625
trending,0.75
trendy,0.713
trepidation,0.582
triangle,0.562
triathlon,0.521
tribe,0.664
tribune,0.61
tributary,0.615
tribute,0.684
trick,0.542
trickle,0.5
tricycle,0.633
trillion,0.592
trilogy,0.615
trim,0.5
trimester,0.783
trimming,0.5
trinity,0.635
trinket,0.521
trio,0.521
trip,0.875
tripartite,0.5
triple,0.585
triplet,0.622
triplicate,0.684
triumph,0.969
triumphant,0.949
trivia,0.69
trolley,0.562
trombone,0.562
trophy,0.947
tropic,0.74
tropical,0.74
tropics,0.74
trot,0.531
trough,0.5
troupe,0.625
trousers,0.625
trout,0.516
truce,0.688
truck,0.531
true,0.896
truelove,0.86
truffle,0.677
truism,0.521
trump,0.64
trumpet,0.573
trumpeter,0.673
trundle,0.507
truss,0.521
trust,0.888
trustee,0.531
trusting,0.857
trustworthy,0.969
trusty,0.863
truth,0.971
truthful,0.708
truthfulness,0.92
try,0.604
tuba,0.542
tubule,0.5
tufted,0.5
tuition,0.531
tulip,0.73
tumbler,0.52
tuna,0.531
tunable,0.51
tune,0.708
tunic,0.531
tuning,0.719
turbine,0.52
turbo,0.583
turf,0.531
turkey,0.634
turmeric,0.542
turn,0.531
turnaround,0.56
turned,0.63
turning,0.51
turnip,0.561
turnkey,0.531
turnout,0.641
turntable,0.531
turquoise,0.786
turtleneck,0.583
tutor,0.75
tutoring,0.663
tutu,0.583
tux,0.531
tuxedo,0.694
tv,0.622
twain,0.541
tweed,0.51
tweet,0.659
twelfth,0.521
twenty,0.52
twilight,0.622
twin,0.688
twine,0.521
twinkle,0.719
twins,0.76
twirl,0.552
twitch,0.51
two,0.52
two step,0.583
twofold,0.573
twosome,0.583
tycoon,0.682
tyke,0.5
type,0.5
typewriter,0.542
typical,0.635
typically,0.569
typist,0.551
ubiquitous,0.635
ubiquity,0.578
ukulele,0.513
ultimate,0.648
ultrasound,0.573
ultraviolet,0.604
umbrella,0.583
umpire,0.52
umpteen,0.51
unabated,0.532
unadulterated,0.57
unaffected,0.542
unafraid,0.5
unaltered,0.571
unanimous,0.656
unanimously,0.686
unbeatable,0.735
unbeaten,0.854
unbelievable,0.771
unbiased,0.625
unbounded,0.646
unbreakable,0.653
unbroken,0.55
unchallenged,0.552
uncle,0.653
uncommonly,0.626
uncomplicated,0.74
unconcerned,0.562
unconditional,0.76
unconstrained,0.653
uncontested,0.51
uncover,0.771
undefeated,0.833
undeniable,0.552
undergraduate,0.583
underlay,0.521
undersea,0.545
understand,0.76
understandable,0.776
understanding,0.865
understood,0.78
undertake,0.796
undertaking,0.667
underwear,0.61
underwood,0.51
underwriter,0.571
undisputed,0.646
undisturbed,0.725
undivided,0.51
undoubted,0.592
undying,0.708
unencumbered,0.604
unequalled,0.562
unequivocal,0.604
unequivocally,0.521
uneventful,0.51
unexpected,0.5
unfailing,0.625
unfettered,0.569
unflinching,0.667
unfold,0.612
unforgettable,0.833
unharmed,0.74
unhindered,0.729
unicorn,0.776
unification,0.688
unified,0.729
uniform,0.57
uniformity,0.745
uniformly,0.625
unimaginable,0.573
unimpeachable,0.684
uninfected,0.688
uninterrupted,0.5
union,0.854
unique,0.823
unison,0.51
unit,0.562
unitary,0.531
unite,0.781
united,0.781
unity,0.837
universal,0.802
universality,0.796
universe,0.694
university,0.735
unlimited,0.75
unload,0.656
unlock,0.582
unmatched,0.776
unmistakable,0.602
unmitigated,0.649
unobstructed,0.583
unopened,0.542
unopposed,0.615
unpack,0.531
unparalleled,0.708
unprecedented,0.5
unpretentious,0.51
unprovoked,0.565
unquestionably,0.5
unquestioned,0.562
unrelenting,0.5
unrestricted,0.698
unscathed,0.625
unselfish,0.615
unstoppable,0.625
unsurpassed,0.694
untie,0.542
untouched,0.531
untroubled,0.75
unveiling,0.569
unwavering,0.74
unwed,0.541
unwind,0.837
unwrap,0.604
upbeat,0.878
upbringing,0.677
upcoming,0.688
update,0.698
upgrade,0.786
uphold,0.698
upholstery,0.592
upkeep,0.59
upland,0.719
uplands,0.615
uplift,0.656
uplifting,0.771
uplink,0.544
upload,0.638
upper,0.74
upright,0.667
uprising,0.561
upscale,0.698
upshot,0.693
upstairs,0.663
upstanding,0.851
upward,0.792
upwards,0.724
urban,0.561
usable,0.812
usage,0.646
useful,0.833
usefully,0.65
usefulness,0.806
user,0.629
usher,0.521
usual,0.625
utensil,0.573
uterus,0.551
utility,0.622
utilization,0.562
utilize,0.694
utmost,0.719
utopian,0.542
utter,0.531
utterance,0.542
utterly,0.633
vacancy,0.643
vacant,0.578
vacation,0.84
vaccination,0.53
vaccine,0.5
vagina,0.551
vale,0.592
valedictorian,0.5
valentine,0.888
valet,0.635
valiant,0.88
valid,0.693
validate,0.76
validation,0.655
validity,0.646
valley,0.729
valor,0.833
valuable,0.899
valuables,0.79
valuation,0.615
value,0.875
van,0.561
vane,0.561
vanguard,0.693
vanilla,0.706
vanquish,0.708
vanquishing,0.6
vantage,0.74
vapor,0.51
variable,0.62
variance,0.54
variation,0.635
varied,0.604
variety,0.714
various,0.5
varsity,0.71
vary,0.521
varying,0.552
vascular,0.516
vase,0.638
vast,0.52
vaulting,0.51
vector,0.538
vega,0.51
vegetable,0.551
vegetarian,0.562
vegetarianism,0.51
vegetation,0.74
vegetative,0.5
veggie,0.602
vehement,0.5
vehicle,0.641
veil,0.5
vellum,0.5
velocity,0.673
velour,0.67
velvet,0.663
velvety,0.677
vena,0.5
vendor,0.541
venerable,0.708
veneration,0.745
venetian,0.633
venison,0.51
ventilation,0.719
ventricle,0.52
ventriloquist,0.552
venture,0.893
venue,0.727
veracity,0.735
veranda,0.743
verb,0.582
verbal,0.52
verbatim,0.562
verdant,0.6
verge,0.5
verification,0.75
verified,0.781
verify,0.761
verily,0.713
veritable,0.794
vermouth,0.503
vernal,0.553
veronica,0.594
versatile,0.906
versatility,0.878
verse,0.667
version,0.604
vertical,0.52
vertically,0.534
verve,0.724
very positive,1.0
vest,0.667
vested,0.663
vestibule,0.541
vestige,0.562
vet,0.531
veteran,0.56
veterinarian,0.582
veterinary,0.656
viability,0.776
viable,0.656
vial,0.594
vibe,0.71
vibes,0.635
vibrant,0.771
vibrate,0.5
vibration,0.583
vibratory,0.542
vicar,0.531
viceroy,0.541
vicinity,0.7
victor,0.802
victoria,0.896
victorious,0.884
victory,0.938
video,0.646
video game,0.707
videotape,0.665
view,0.896
viewer,0.592
viewing,0.69
viewpoint,0.673
vigil,0.521
vignette,0.717
vigor,0.86
vigorous,0.857
viking,0.541
villa,0.698
village,0.684
villager,0.71
vindicate,0.656
vindicated,0.615
vindication,0.531
vine,0.531
vineyard,0.806
vintage,0.68
viola,0.521
violet,0.688
violin,0.823
violinist,0.804
virgin,0.622
virginal,0.673
virginity,0.691
virility,0.684
virtual,0.598
virtually,0.594
virtue,0.896
virtuoso,0.929
virtuous,0.89
visa,0.735
visage,0.7
vise,0.533
visibility,0.75
visible,0.75
visibly,0.724
vision,0.708
visionary,0.823
visit,0.771
visitation,0.729
visiting,0.729
visitor,0.646
vista,0.698
visual,0.813
visualize,0.635
vital,0.75
vitality,0.923
vitals,0.704
vitamin,0.827
viva,0.84
vivacious,0.78
vivid,0.698
vocabulary,0.53
vocal,0.583
vocalist,0.688
vocation,0.833
vodka,0.51
vogue,0.74
voice,0.594
volley,0.529
volleyball,0.64
voltmeter,0.599
volume,0.552
volumes,0.552
voluminous,0.561
voluntarily,0.847
voluntary,0.771
volunteer,0.888
volunteering,0.844
volunteers,0.82
voluptuous,0.673
vote,0.582
voter,0.612
voting,0.615
vouch,0.625
voucher,0.622
vow,0.56
voyage,0.816
voyager,0.684
wade,0.51
wafer,0.677
waffle,0.708
wage,0.635
wages,0.776
waist,0.542
waistcoat,0.542
waistline,0.56
waitinggame,0.604
waitress,0.646
wake,0.7
walk,0.643
walker,0.551
walking,0.708
wallaby,0.541
wallet,0.68
wallflower,0.667
wallpaper,0.673
walnut,0.688
walrus,0.521
waltz,0.769
wand,0.542
wannabe,0.602
wannasleep,0.604
want,0.671
wanting,0.76
warden,0.615
wardrobe,0.612
ware,0.604
warehouse,0.721
warm,0.76
warming,0.594
warms,0.594
warmth,0.878
warrant,0.653
warranted,0.714
warrants,0.562
warranty,0.667
wary,0.51
wash,0.635
washed,0.542
washer,0.594
washing,0.643
washroom,0.5
watch,0.531
watchdog,0.531
watcher,0.562
watchman,0.51
watchtower,0.5
water,0.812
water polo,0.688
waterbed,0.724
watercourse,0.677
watered,0.615
waterfall,0.652
waterfront,0.716
watering can,0.602
watermelon,0.714
waterproof,0.779
waterworks,0.51
wave,0.622
wavelength,0.604
waves,0.643
wavy,0.52
waxed,0.531
ways,0.688
wealth,0.857
wealthy,0.927
wearing,0.646
weather,0.755
weatherman,0.66
weatherproof,0.541
weave,0.604
web,0.583
website,0.615
wed,0.604
wedded,0.771
wedding,0.875
wedlock,0.747
wee,0.663
weeeee,0.562
week,0.51
weekend,0.844
weekly,0.622
weightloss,0.57
welcome,0.898
welcomed,0.927
welcoming,0.905
welding,0.51
welfare,0.802
wellness,0.969
west,0.562
westbound,0.646
western,0.573
whale,0.582
whatif,0.523
whatmakesmesmile,0.765
wheat,0.531
wheel,0.615
wheel barrow,0.51
wheels,0.667
wherefore,0.561
whet,0.643
whilst,0.51
whimsy,0.729
whirlpool,0.71
whisk,0.5
whisker,0.521
whiskey,0.612
whisky,0.64
whispered,0.548
whistle,0.653
whit,0.562
white,0.729
whiteness,0.688
whitish,0.583
whiz,0.896
whole,0.653
wholesale,0.76
wholesome,0.888
wholly,0.69
whoo,0.531
whoop,0.559
whopping,0.541
wicket,0.5
wide,0.571
widely,0.698
widen,0.562
widespread,0.633
width,0.583
wiener,0.594
wienie,0.5
wife,0.886
wig,0.722
wiggle,0.531
wight,0.542
wiki,0.53
wildlife,0.656
will,0.698
willful,0.557
willing,0.833
willingly,0.833
willingness,0.786
willow,0.604
willpower,0.823
win,0.927
wind,0.531
windfall,0.75
windmill,0.773
window,0.542
windshield,0.615
wine,0.792
wine cooler,0.729
wing,0.562
winged,0.646
winger,0.531
wingman,0.573
wink,0.688
winner,0.96
winning,0.955
winnings,0.949
winter,0.663
winterbreak,0.612
wintertime,0.76
wipe,0.663
wiper,0.5
wireless,0.635
wis,0.51
wisdom,0.93
wise,0.878
wish,0.771
wishful,0.885
wishing,0.755
wishmeluck,0.729
wisp,0.552
wit,0.844
witness,0.562
wits,0.76
witty,0.857
wizard,0.656
wok,0.583
wokemeup,0.561
woman,0.865
womanhood,0.812
womanly,0.909
wonder,0.939
wonderful,0.971
wonderfully,0.969
wonderment,0.929
wondrous,0.854
woo,0.646
woodcut,0.633
wooden,0.5
woodland,0.776
woodlands,0.656
woodpecker,0.52
woods,0.594
woodshed,0.551
woodsman,0.5
woohoo,0.658
wooing,0.74
wool,0.583
woolen,0.726
woolly,0.531
woot,0.602
word,0.552
wording,0.653
words,0.71
wordy,0.643
work,0.719
workbook,0.673
worker,0.719
working,0.74
workings,0.704
workman,0.729
workmanship,0.694
workout,0.868
workplace,0.592
works,0.776
workshop,0.531
workup,0.582
world,0.622
worldwide,0.79
worship,0.688
worshipful,0.76
worth,0.872
worthwhile,0.908
worthy,0.812
wot,0.52
wrap,0.594
wrapper,0.625
wreath,0.745
wrestler,0.52
wright,0.54
wrist,0.706
wristband,0.551
wristwatch,0.771
writ,0.562
write,0.612
writer,0.806
writing,0.694
written,0.6
xmas,0.906
xoxo,0.729
yaaaay,0.625
yaaay,0.65
yaay,0.604
yacht,0.823
yachting,0.624
yahoo,0.643
yam,0.5
yap,0.51
yarn,0.51
yaw,0.586
yay,0.694
yayy,0.64
yayyy,0.602
yayyyy,0.677
yea,0.751
yeahhh,0.82
yeahhhh,0.865
year,0.542
yearbook,0.562
yearling,0.51
yearly,0.592
yearn,0.592
yearning,0.709
years,0.653
yeast,0.5
yellow,0.671
yellows,0.57
yen,0.51
yeoman,0.53
yesss,0.719
yessss,0.719
yesterday,0.5
yey,0.677
yield,0.719
yo-yo,0.592
yodel,0.51
yoga,0.75
yogi,0.653
yogurt,0.66
yonder,0.615
young,0.812
younger,0.781
youngster,0.796
youth,0.938
youthful,0.827
yummy,0.878
yuppie,0.677
zany,0.5
zebra,0.567
zenith,0.582
zeppelin,0.542
zest,0.917
zesty,0.562
zillion,0.612
zing,0.579
zippy,0.561
zodiac,0.594
zone,0.531
zoo,0.76
zoological,0.667
zoology,0.568
zucchini,0.51
