term,dominance
aaaaaaah,0.291
aaaah,0.282
aardvark,0.437
aback,0.288
abacus,0.485
abalone,0.412
abandon,0.245
abandoned,0.13
abandonment,0.202
abashed,0.307
abatement,0.336
abba,0.48
abbey,0.444
abbot,0.483
abbreviate,0.33
abbreviation,0.345
abdomen,0.471
abdominal,0.445
aberrant,0.431
aberration,0.417
abeyance,0.292
abhor,0.349
abhorrence,0.42
abhorrent,0.474
abject,0.417
abnormal,0.309
abnormality,0.383
aboard,0.481
abominable,0.482
abominate,0.366
abort,0.429
abortion,0.283
abortive,0.28
abracadabra,0.434
abrasion,0.441
abscess,0.349
absence,0.266
absent,0.116
absentee,0.279
absenteeism,0.357
absinthe,0.462
absorption,0.446
abstain,0.427
abstinence,0.429
abstract,0.444
absurd,0.284
absurdity,0.227
abuse,0.469
abused,0.235
aby,0.368
abyss,0.296
accessory,0.445
accident,0.336
accidental,0.307
accidentally,0.333
accord,0.382
accordion,0.361
account,0.472
accounts,0.471
accueil,0.47
accursed,0.345
accusative,0.482
accused,0.42
accusing,0.324
accustomed,0.441
ache,0.312
aching,0.348
achy,0.373
acidity,0.36
acme,0.375
acne,0.308
acorn,0.192
acre,0.423
acrylic,0.42
actuary,0.491
acutely,0.491
addendum,0.418
addict,0.327
addicted,0.483
addiction,0.42
addictive,0.472
addition,0.471
addresses,0.45
adhesive,0.413
adieu,0.342
adipose,0.391
adjacency,0.375
adjoining,0.393
adjourn,0.475
adjournment,0.37
adjunct,0.426
adjuvant,0.456
admixture,0.438
admonition,0.455
ado,0.385
adobe,0.328
adolescence,0.444
adorable,0.457
adorn,0.482
adornment,0.377
adrift,0.23
adulterated,0.37
adulterer,0.407
adversary,0.457
adverse,0.385
aegis,0.462
aeration,0.433
aerial,0.463
afar,0.358
affable,0.452
affecting,0.394
affiche,0.402
affix,0.411
afflict,0.293
afflicted,0.167
affliction,0.392
affluent,0.477
affordable,0.493
afield,0.373
afloat,0.444
afore,0.382
aforementioned,0.408
aforesaid,0.478
afraid,0.245
afresh,0.48
aftermath,0.444
afternoon,0.339
aftershave,0.415
aftertaste,0.455
afterthought,0.349
aga,0.398
agape,0.464
agate,0.483
age,0.498
aged,0.236
aggravate,0.464
aggravated,0.43
aggravates,0.357
agh,0.4
aghast,0.464
aghhh,0.243
aging,0.284
agitated,0.491
agitation,0.447
ago,0.404
agonizing,0.34
agony,0.393
agoraphobia,0.438
agricultural,0.473
agriculture,0.465
aground,0.445
agua,0.436
ahhh,0.241
ahhhhhhhh,0.288
ahoy,0.38
aide,0.434
ail,0.385
ailing,0.153
ailment,0.277
aimless,0.183
air,0.427
airbag,0.433
airborne,0.385
airhead,0.276
airlock,0.447
airs,0.37
airway,0.482
aisle,0.283
ait,0.402
ajar,0.446
aka,0.351
alabaster,0.445
alarmed,0.492
alas,0.279
alb,0.427
albino,0.358
album,0.453
alcohol,0.377
alcoholic,0.361
alcoholism,0.407
alcove,0.356
ale,0.358
alfalfa,0.311
algebraic,0.441
alias,0.333
alien,0.491
alienation,0.462
alike,0.444
alimony,0.464
aliquot,0.404
alkali,0.408
alkaloids,0.402
allay,0.398
allegro,0.453
allergic,0.273
allergy,0.389
alleviation,0.491
alley,0.355
alleyway,0.382
allsmiles,0.43
allusion,0.462
alluvial,0.491
almanac,0.412
almond,0.314
aloha,0.441
alone,0.216
alongside,0.347
aloof,0.302
alpine,0.474
alreadyyyyy,0.351
altar boy,0.35
aluminum,0.434
alumnus,0.422
alveolar,0.367
alzheimers,0.319
amaretto,0.375
amass,0.465
amateur,0.409
amber,0.369
ambience,0.426
ambiguity,0.37
ambiguous,0.358
ambit,0.386
ambivalent,0.482
ambrosia,0.48
amenable,0.406
amiable,0.483
amid,0.256
amidst,0.316
amino,0.433
ammonia,0.409
ammonium,0.368
amnesia,0.308
amorphous,0.349
amp,0.375
ampersand,0.483
amphibian,0.474
amphibious,0.445
amputation,0.483
amuck,0.321
ana,0.314
anaesthesia,0.473
anagram,0.449
anal,0.334
analgesic,0.441
analogue,0.446
anastomosis,0.49
ancient,0.439
ancillary,0.278
anemia,0.31
anemic,0.155
anemone,0.327
anesthesia,0.394
anesthetic,0.482
anew,0.385
angermanagement,0.482
angina,0.464
angiogram,0.465
angle,0.455
angora,0.405
angriest,0.43
angrytweet,0.471
angst,0.333
anguish,0.265
anguished,0.307
angular,0.444
anhydrous,0.355
animus,0.466
ankle,0.234
anklet,0.302
annals,0.424
annex,0.458
annexe,0.392
annihilated,0.324
annotate,0.441
announcement,0.482
annoy,0.286
annoyance,0.342
annoyed,0.345
annoyin,0.352
annoying,0.348
annoys,0.435
annul,0.364
annular,0.412
annulment,0.447
annulus,0.376
anomalous,0.423
anomaly,0.404
anon,0.298
anonymity,0.43
anonymous,0.431
anorexic,0.245
ant,0.216
ante,0.417
antenna,0.358
anterior,0.362
anthill,0.377
anthropological,0.49
anti,0.384
antics,0.236
antifungal,0.441
antimony,0.49
antipathy,0.393
antiquarian,0.426
antiquated,0.236
antisocial,0.391
antithetical,0.358
antsy,0.417
anus,0.35
anxiety,0.342
anxietyattack,0.446
anxious,0.434
anxiousness,0.282
anytime,0.436
aortic,0.438
apartments,0.443
apathetic,0.333
apathy,0.204
ape,0.336
apex,0.418
aphid,0.407
apiece,0.383
apologize,0.389
apology,0.402
appalling,0.415
apparatus,0.377
apparel,0.453
apparent,0.398
apparently,0.426
appease,0.434
append,0.453
appendage,0.438
appendicitis,0.347
appendix,0.425
appetizer,0.406
applaud,0.464
apple,0.264
apple juice,0.294
applejack,0.473
applesauce,0.291
apportionment,0.453
apprehension,0.454
apprehensive,0.431
apprentice,0.452
approaching,0.491
approximating,0.471
apricot,0.278
apron,0.245
apt,0.382
aqua,0.359
aquamarine,0.413
aquarium,0.393
aquatic,0.463
aqueous,0.31
arable,0.465
arc,0.396
arch,0.468
archaic,0.332
arched,0.398
area,0.464
arena,0.404
areola,0.381
areyoukidding,0.4
areyoukiddingme,0.375
argent,0.472
argh,0.328
arghh,0.397
arghhhh,0.324
arid,0.379
arm,0.469
armchair,0.339
armpit,0.25
arms,0.483
aroma,0.442
aromatherapy,0.473
arrears,0.302
arrhythmia,0.356
arrival,0.474
arrow,0.454
arsehole,0.433
arseholes,0.351
arsenic,0.447
arthritis,0.345
arthropod,0.434
artichoke,0.287
article,0.481
artifice,0.482
artificial,0.351
artisan,0.411
arty,0.388
asbestos,0.464
ascetic,0.472
ash,0.207
ashamed,0.228
ashes,0.142
ashtray,0.265
asinine,0.433
ask,0.459
asleeep,0.322
asleep,0.27
asp,0.375
asparagus,0.264
aspartame,0.322
aspen,0.395
asphalt,0.439
asphyxia,0.311
asphyxiation,0.412
aspirin,0.422
ass,0.345
asshole,0.263
assimilation,0.463
assorted,0.472
assume,0.464
assumed,0.454
assumption,0.417
asterisk,0.273
asthma,0.227
asthmatic,0.294
astigmatism,0.429
astound,0.474
astray,0.308
astringent,0.474
asunder,0.259
asylum,0.445
asymmetric,0.465
asymptotic,0.472
atheism,0.481
atheist,0.377
atheistic,0.466
atherosclerosis,0.343
atoll,0.472
atom,0.433
atone,0.411
atrium,0.473
atrocious,0.445
atrophy,0.208
attached,0.439
attempt,0.431
attentionseeker,0.457
attenuate,0.429
attenuated,0.298
attenuation,0.464
attic,0.377
attire,0.483
attrition,0.259
auburn,0.411
audible,0.462
audio,0.37
aught,0.217
august,0.462
aunt,0.42
auntie,0.447
austere,0.422
autism,0.447
autistic,0.404
autograph,0.473
autumn,0.45
avarice,0.352
avenue,0.377
aver,0.393
average,0.455
aversation,0.432
averse,0.492
avert,0.465
aviary,0.467
avocado,0.287
avoid,0.415
avoidance,0.466
avoiding,0.309
await,0.276
awe,0.3
awed,0.361
awful,0.45
awkward,0.358
awkwardness,0.148
awning,0.318
awry,0.275
axial,0.491
axis,0.356
axle,0.473
ay,0.255
aye,0.392
azimuth,0.421
azure,0.339
babble,0.204
babbling,0.241
babe,0.424
baboon,0.429
baby,0.455
babysit,0.398
babysitter,0.408
baccalaureate,0.48
baccarat,0.436
bachelorette,0.465
back,0.336
backboard,0.436
backdoor,0.333
backdrop,0.444
backfire,0.491
backgammon,0.39
background,0.498
backhand,0.39
backoff,0.24
backpack,0.333
backpacker,0.46
backroom,0.387
backseat,0.237
backside,0.342
backtrack,0.278
backward,0.25
backwardness,0.136
backwards,0.33
backwater,0.161
backwoods,0.482
backyard,0.302
bacon,0.295
bacterial,0.473
bacterium,0.345
bad,0.373
badday,0.373
badfeeling,0.365
badger,0.357
badhabit,0.311
badly,0.286
badness,0.463
baffle,0.482
baffled,0.339
bag,0.314
bagel,0.34
baggage,0.427
baggie,0.366
baggy,0.452
bagman,0.394
bagpipes,0.412
bait,0.296
bakery,0.38
baking,0.451
bal,0.432
balcony,0.38
bald,0.268
balding,0.368
baldy,0.396
bale,0.412
balk,0.415
ball,0.317
ballad,0.424
ballast,0.287
ballerina,0.475
ballet,0.358
ballgame,0.407
balloon,0.315
ballot,0.358
ballpoint,0.318
ballroom,0.448
ballsy,0.414
balm,0.414
balsam,0.385
balsamic,0.447
bam,0.39
bamboo,0.356
banana,0.241
bandage,0.286
bandanna,0.277
bane,0.366
banished,0.37
banishment,0.298
banister,0.332
banjo,0.37
bankrupt,0.337
bankruptcy,0.209
banner,0.474
banshee,0.481
banter,0.464
banzai,0.443
bar,0.481
barb,0.417
barbecue,0.456
barbed,0.455
barber,0.356
barbershop,0.382
barbie doll,0.33
bard,0.439
bare,0.296
bareback,0.373
barefoot,0.241
barely,0.268
barf,0.394
barge,0.465
barium,0.377
bark,0.395
barkeep,0.454
barks,0.325
barley,0.296
barmaid,0.44
barman,0.4
barn,0.425
barnacle,0.457
barney,0.44
barnyard,0.336
baroque,0.418
barrack,0.455
barrel,0.474
barren,0.221
barring,0.42
barroom,0.47
barrow,0.362
baseboard,0.405
baseless,0.375
baseman,0.462
basement,0.268
bash,0.463
bashful,0.217
basic,0.395
basics,0.491
basil,0.309
basin,0.398
basis,0.426
bask,0.381
basket,0.336
basketball,0.435
bass,0.268
bass guitar,0.294
basso,0.439
bassoon,0.31
bastard,0.289
bastarding,0.269
bastards,0.422
bat,0.48
batch,0.357
bate,0.464
bath,0.263
bathe,0.371
bathhouse,0.459
bathing,0.361
bathrobe,0.394
bathroom,0.345
bathtub,0.318
batter,0.373
battered,0.306
battering,0.49
battery,0.442
batty,0.274
bauble,0.255
bayou,0.324
bday,0.415
beach,0.455
bead,0.381
beading,0.398
beady,0.443
beagle,0.395
beak,0.411
beaker,0.391
beam,0.382
bean,0.264
beanbag,0.34
beanie,0.263
bear,0.475
beard,0.371
bearded,0.391
bearing,0.474
bearings,0.426
bearish,0.324
bearskin,0.464
beat,0.492
beaten,0.265
beater,0.482
beating,0.481
beatnik,0.382
beau,0.432
beaver,0.393
bebop,0.358
beck,0.418
beckon,0.452
bed,0.327
bedding,0.377
bedpan,0.362
bedroom,0.491
bedside,0.375
bedspread,0.292
bedtime,0.373
bee,0.309
beef,0.492
beefsteak,0.455
beehive,0.422
beep,0.304
beeper,0.441
bees,0.412
beeswax,0.375
beetle,0.295
befitting,0.394
befriend,0.471
befuddled,0.269
beg,0.328
beggar,0.116
begging,0.202
beginner,0.387
begrudge,0.377
begun,0.404
behold,0.449
beholden,0.212
beige,0.224
belated,0.214
belch,0.24
belittle,0.25
belittled,0.226
bellboy,0.302
bellhop,0.318
bellman,0.371
bellow,0.212
bellows,0.429
belly,0.387
bellybutton,0.36
belt,0.445
beluga,0.482
bemused,0.278
bend,0.368
bender,0.466
bending,0.455
beneath,0.233
benedictory,0.481
bent,0.298
benzene,0.403
bereaved,0.221
bereft,0.336
beret,0.327
bergamot,0.339
berserk,0.48
beryllium,0.425
beset,0.317
bet,0.432
beta,0.439
betrayal,0.418
betrayed,0.308
betting,0.411
betty,0.381
bevel,0.454
beverage,0.389
bewilder,0.289
bewildered,0.3
bewilderment,0.216
biased,0.368
bib,0.339
bicarbonate,0.438
bicolor,0.404
bicycle,0.425
bidder,0.433
bide,0.282
biennial,0.353
bier,0.407
bifurcation,0.352
bigamy,0.482
biggestfear,0.48
bigmouth,0.43
bigoted,0.462
bigotry,0.481
bike,0.333
bikini,0.353
bilateral,0.491
bilayer,0.388
bile,0.324
bilge,0.412
billboard,0.481
billiards,0.387
billy,0.375
bimbo,0.3
bimonthly,0.471
bin,0.327
binary,0.42
bind,0.448
binder,0.308
bindery,0.482
bing,0.415
bingo,0.429
binocular,0.426
binoculars,0.411
binomial,0.426
bio,0.49
biopsy,0.481
bipartite,0.464
bipolar,0.426
birch,0.382
bird,0.364
birdcage,0.318
birdie,0.407
birthplace,0.491
bis,0.345
biscuit,0.231
bisexual,0.459
bisque,0.312
bistro,0.396
bit,0.225
bitch,0.343
bitchy,0.373
bitsy,0.382
bitter,0.411
bitterly,0.362
bitterness,0.27
bittersweet,0.474
bitty,0.257
bitumen,0.307
biweekly,0.455
biz,0.473
bizarre,0.392
blab,0.353
blabbermouth,0.422
black,0.39
blackberry,0.453
blackbird,0.405
blackboard,0.287
blacken,0.228
blackface,0.441
blackjack,0.452
blacklist,0.396
blackmail,0.482
blackmailer,0.472
blackness,0.406
blackout,0.349
bladder,0.33
blame,0.309
blameless,0.343
bland,0.157
blank,0.25
blanket,0.391
blase,0.412
blasphemous,0.491
blasphemy,0.406
blather,0.382
blazer,0.417
bleach,0.337
bleak,0.272
bleed,0.346
bleeder,0.356
bleeding,0.408
bleep,0.345
blemish,0.272
blemished,0.37
blend,0.463
blender,0.351
bleu,0.379
blight,0.429
blighted,0.296
blind,0.184
blinded,0.231
blindfold,0.337
blindfolded,0.209
blinding,0.406
blindly,0.278
blindness,0.196
blink,0.324
blip,0.418
blister,0.402
blistering,0.39
blizzard,0.417
bloat,0.298
bloated,0.424
blob,0.298
block,0.402
blockage,0.444
blockhead,0.148
blog,0.432
blond,0.49
blonde,0.412
bloodbath,0.475
bloodless,0.212
bloodshot,0.482
bloomers,0.395
blossom,0.309
blot,0.223
blotched,0.264
blotter,0.28
blouse,0.302
blowfish,0.389
blowing,0.434
blowjob,0.387
blown,0.412
blubber,0.36
bluddy,0.442
blue,0.291
blue spruce,0.364
blueberry,0.365
bluebird,0.45
bluegrass,0.395
bluejay,0.31
blueprint,0.425
blues,0.287
bluff,0.377
bluish,0.382
blunder,0.145
blur,0.205
blurred,0.231
blurry,0.218
blurt,0.441
blush,0.445
blushing,0.288
boar,0.351
board,0.385
board game,0.349
boarder,0.475
boathouse,0.404
boatload,0.485
bobbin,0.353
bobsled,0.325
bode,0.411
bodega,0.398
bodice,0.386
bog,0.365
bogey,0.368
bogus,0.144
bohemian,0.407
boil,0.433
boilerplate,0.387
bold,0.483
bollocks,0.327
bolt,0.426
bolus,0.352
bonbon,0.446
bondage,0.355
bone,0.413
boner,0.393
bones,0.358
bonfire,0.473
bong,0.375
bonkers,0.278
bonne,0.362
bonnet,0.473
bonny,0.444
bonsai,0.375
bony,0.33
boo,0.309
boob,0.392
booby,0.185
booger,0.427
boogie,0.4
bookcase,0.49
bookish,0.43
bookkeeper,0.468
booklet,0.351
bookmark,0.415
books,0.43
bookseller,0.456
bookshop,0.389
bookworm,0.316
boomer,0.441
boooo,0.255
booth,0.31
bootleg,0.466
boots,0.35
booze,0.431
bop,0.426
bopper,0.385
border,0.424
bordering,0.438
borderline,0.49
bore,0.455
boreal,0.4
bored,0.196
boredom,0.255
boring,0.125
boron,0.375
borough,0.38
borrow,0.282
bosom,0.404
botanical,0.491
botanist,0.456
bother,0.37
bothering,0.449
bottle,0.336
bottleneck,0.287
bottling,0.37
bottom,0.291
bottomless,0.368
botulism,0.386
bounce,0.386
bouncy,0.429
bound,0.31
bouquet,0.306
bourse,0.336
boutique,0.441
bouttime,0.41
bovine,0.353
bow,0.408
bowed,0.368
bowel,0.391
bowels,0.362
bowl,0.358
bowler,0.481
bowling,0.309
bowls,0.277
box,0.312
boxcar,0.421
boy,0.445
boyish,0.462
boysenberry,0.475
bozo,0.298
brace,0.364
bracelet,0.322
brachial,0.464
brackets,0.435
brackish,0.421
brad,0.402
braid,0.216
brainless,0.224
brainwash,0.481
brake,0.31
bran,0.483
branch,0.25
branching,0.472
brandy,0.487
brass,0.49
brassiere,0.336
brat,0.231
bratwurst,0.464
breach,0.423
bread,0.342
break,0.37
breakable,0.408
breakdown,0.361
breakers,0.439
breakfast,0.429
breakup,0.357
breath,0.451
breather,0.388
breathless,0.222
breech,0.422
breeches,0.333
breeze,0.37
breezy,0.482
breve,0.191
brevity,0.375
briar,0.407
bribe,0.472
brick,0.368
bridle,0.386
brief,0.279
briefcase,0.442
briefly,0.33
brim,0.33
brimstone,0.44
brine,0.361
bring,0.462
brink,0.356
brisket,0.222
bristle,0.326
brittle,0.272
broadcast,0.355
broadside,0.462
brocade,0.464
broccoli,0.283
brochure,0.391
broil,0.33
broke,0.37
broken,0.293
brokenheart,0.343
brokenhearted,0.227
bromide,0.411
bronco,0.473
brooch,0.38
brood,0.434
brooding,0.333
brook,0.412
broom,0.302
broomstick,0.227
broth,0.168
brothel,0.418
brow,0.481
brown,0.293
brownstone,0.439
brrr,0.282
bruise,0.474
bruising,0.422
brunch,0.343
brunt,0.349
brush,0.186
brute,0.379
bubble,0.364
bubbling,0.384
bubbly,0.462
bubonic,0.394
buckaroo,0.479
bucket,0.336
buckle,0.361
buckled,0.439
bucko,0.465
buckshot,0.322
buckwheat,0.434
bud,0.333
buddhist,0.481
budding,0.355
buff,0.361
buffer,0.35
buffering,0.381
buffoon,0.29
bug,0.246
bugaboo,0.441
bugger,0.474
buggy,0.327
bugle,0.391
bugler,0.393
bulb,0.3
bulbous,0.43
bulge,0.4
bulimic,0.373
bulkhead,0.402
bulletin,0.361
bullfrog,0.422
bullock,0.375
bullshit,0.183
bum,0.155
bumblebee,0.321
bummed,0.227
bummer,0.267
bump,0.368
bumpy,0.419
bun,0.268
bunch,0.473
bundle,0.434
bungalow,0.406
bungee,0.327
bunghole,0.396
bunion,0.29
bunk,0.339
bunkhouse,0.407
bunny,0.194
bunt,0.349
buoy,0.284
buoyant,0.497
bur,0.314
burdensome,0.419
burger,0.398
burglar,0.404
burial,0.333
buried,0.37
burke,0.451
burlap,0.411
burlesque,0.343
burned,0.347
burner,0.446
burning,0.412
burnished,0.464
burnout,0.24
burnt,0.356
burp,0.432
burr,0.308
burrito,0.166
burro,0.318
burrow,0.355
bury,0.346
bus,0.4
busboy,0.441
bush,0.315
bushel,0.368
bushy,0.427
busload,0.492
buss,0.391
bust,0.42
busted,0.345
buster,0.483
bustle,0.445
busy,0.474
busybody,0.472
butane,0.38
butler,0.438
butt,0.336
butter,0.202
buttercup,0.422
butterfly,0.314
buttermilk,0.304
butterscotch,0.356
buttery,0.303
buttock,0.288
buttocks,0.365
button,0.343
buzz,0.375
buzzard,0.225
buzzed,0.448
buzzer,0.48
buzzing,0.37
bye,0.321
bygone,0.315
byline,0.435
bypass,0.353
bystander,0.491
byte,0.407
byzantine,0.492
cab,0.421
cabana,0.407
cabaret,0.482
cabbage,0.264
cabbie,0.429
cabernet,0.48
cabin,0.43
cabinet,0.465
cable,0.434
caboodle,0.325
caboose,0.438
cabriolet,0.472
cache,0.389
cacophony,0.44
cactus,0.284
cad,0.404
cadaver,0.26
caddie,0.259
caddy,0.38
cadence,0.355
cafe,0.358
cafeteria,0.382
cage,0.352
cahoots,0.474
cairn,0.254
cake,0.287
cakewalk,0.447
calamari,0.406
calamity,0.343
calcareous,0.462
calcium,0.479
calculate,0.44
calendar,0.473
calender,0.451
calf,0.336
calico,0.491
calipers,0.481
callback,0.434
caller,0.472
calling,0.483
callous,0.386
calm,0.282
calming,0.36
calmness,0.394
caloric,0.448
calorie,0.427
calorimeter,0.414
cam,0.355
camber,0.439
camcorder,0.454
camel,0.314
camera,0.379
camisole,0.375
camouflage,0.45
camper,0.482
campfire,0.436
camping,0.48
can,0.454
can opener,0.308
canal,0.321
canary,0.265
cancel,0.368
canceling,0.349
cancellation,0.389
candid,0.458
candied,0.36
candle,0.344
candlelight,0.417
candles,0.268
candy,0.384
cane,0.398
canine,0.425
canister,0.403
canker,0.427
canned,0.298
cannibal,0.48
canning,0.259
canoe,0.418
canopy,0.398
cantaloupe,0.276
cantbreathe,0.375
canthandleit,0.354
cantilever,0.421
cantina,0.38
cantstandit,0.343
cantwin,0.298
canvas,0.364
canvass,0.397
cap,0.375
cape,0.357
caper,0.326
capillary,0.395
cappuccino,0.384
caprice,0.43
caps,0.368
capslock,0.398
caption,0.379
captive,0.411
captivity,0.387
caramel,0.4
caravan,0.455
carbon,0.35
carcass,0.309
carcinoma,0.44
card,0.436
cardboard,0.309
cardigan,0.264
cards,0.32
careless,0.125
carelessness,0.33
cargo,0.455
caribou,0.342
caricature,0.383
caries,0.283
carjack,0.439
carnal,0.421
carnation,0.431
carol,0.436
carols,0.491
carousel,0.412
carp,0.375
carpal,0.42
carpet,0.339
carpeting,0.444
carriage,0.491
carrot,0.279
carrying,0.443
carsick,0.255
cart,0.388
carte,0.274
carter,0.431
cartilage,0.407
cartographic,0.424
carton,0.241
cartoon,0.387
cartouche,0.45
cartridge,0.407
carving,0.368
cascade,0.395
case,0.441
casein,0.415
cashier,0.484
cashmere,0.439
casing,0.328
cask,0.444
casket,0.346
casserole,0.328
cassette,0.355
castaway,0.422
caste,0.374
castor,0.368
castration,0.381
casual,0.385
casually,0.333
casualty,0.132
cat,0.37
catchphrase,0.433
catchy,0.462
caterpillar,0.33
cates,0.407
catfish,0.296
catheter,0.373
cathouse,0.363
catnip,0.296
cattle,0.445
catwalk,0.464
caucus,0.491
cauldron,0.418
cauliflower,0.231
caulk,0.418
causal,0.491
causality,0.336
cause,0.486
caused,0.382
causeway,0.422
cave,0.38
caveat,0.484
caveman,0.482
cavern,0.365
cavernous,0.462
caviar,0.481
cavity,0.379
cayenne,0.355
cease,0.42
cede,0.402
ceiling,0.366
celery,0.223
celibate,0.391
cell,0.465
cellar,0.406
cellist,0.486
cellmate,0.349
cellophane,0.289
cellulite,0.256
celluloid,0.425
cemetery,0.417
censorship,0.421
censure,0.417
cent,0.402
center,0.431
centerfold,0.485
centimeter,0.38
centipede,0.361
centrifugal,0.48
ceramic,0.371
ceramics,0.373
cereal,0.316
cereals,0.311
cervical,0.445
cervix,0.34
cess,0.406
cessation,0.358
cesspool,0.409
cha cha,0.324
chaff,0.188
chafing,0.368
chagrin,0.472
chagrined,0.361
chai,0.363
chair,0.276
chaise,0.327
chalet,0.278
chalk,0.121
chamber,0.455
chambermaid,0.336
chambers,0.388
chameleon,0.345
champagne,0.454
chandelier,0.366
chandler,0.454
changed,0.491
changing,0.461
channel,0.405
chaos,0.373
chaotic,0.442
chap,0.345
chapel,0.44
chaperon,0.404
chapman,0.465
chaps,0.35
chapter,0.461
char,0.404
charade,0.346
charcoal,0.342
chardonnay,0.492
chargeable,0.453
chariot,0.491
charlatan,0.352
charred,0.373
chart,0.33
chartered,0.49
chased,0.287
chassis,0.444
chaste,0.453
chastened,0.345
chastisement,0.462
chat,0.346
chatter,0.347
chatterbox,0.482
chattering,0.304
chatty,0.345
chauffeur,0.471
cheap,0.272
cheapened,0.282
cheapskate,0.327
cheat,0.4
cheater,0.333
checkbook,0.364
checkered,0.336
checkers,0.437
checkup,0.491
cheek,0.421
cheeks,0.282
cheeky,0.41
cheep,0.373
cheerleading,0.404
cheerless,0.167
cheery,0.486
cheese,0.281
cheeseburger,0.336
cheesecake,0.238
cheesy,0.179
chemise,0.364
chemo,0.444
cherry,0.25
cherub,0.455
chest,0.481
chestnut,0.294
chew,0.404
chewy,0.39
chic,0.38
chicane,0.481
chick,0.387
chicken,0.394
chicken pox,0.415
chickenpox,0.357
chiffon,0.25
child,0.413
childhood,0.307
childish,0.23
childless,0.396
childlike,0.293
childloss,0.421
children,0.435
chili,0.433
chill,0.482
chilled,0.482
chilling,0.358
chilly,0.408
chime,0.464
chimera,0.372
chimes,0.402
chimney,0.225
chimp,0.345
chimpanzee,0.387
chin,0.269
chinchilla,0.286
chine,0.352
chinook,0.491
chip,0.452
chipmunk,0.409
chipping,0.353
chirp,0.365
chirping,0.36
chisel,0.452
chiseler,0.464
chit,0.321
chitchat,0.403
chloride,0.474
chlorine,0.332
chloroform,0.393
chocolate,0.418
choir,0.473
cholesterol,0.398
chop,0.467
chopping,0.362
chops,0.269
choral,0.421
chords,0.388
chow,0.39
chowder,0.241
christmaseve,0.463
chromatic,0.435
chrome,0.421
chromium,0.447
chronic,0.464
chubby,0.304
chuck,0.413
chuckle,0.481
chug,0.358
chump,0.304
chunk,0.214
churchyard,0.347
churn,0.407
chute,0.455
chutney,0.4
ciao,0.409
cider,0.398
cigar,0.346
cigarette,0.304
cilantro,0.208
cinch,0.387
cinder,0.157
cinnamon,0.292
circle,0.343
circling,0.336
circular,0.417
circulate,0.32
circumference,0.488
circumstances,0.464
circumvent,0.383
circumvention,0.473
circus,0.432
cirque,0.467
cirrhosis,0.37
cirrus,0.348
cistern,0.432
citrine,0.42
citrus,0.375
clad,0.481
claim,0.473
clam,0.272
clambake,0.429
clammy,0.236
clamor,0.36
clamp,0.454
clandestine,0.469
clapper,0.42
clarinet,0.411
clarion,0.422
clash,0.453
clasp,0.241
classroom,0.363
clatter,0.387
claustrophobia,0.333
claustrophobic,0.4
clavicle,0.452
clay,0.267
cleaner,0.375
cleaning,0.427
cleanser,0.433
cleansing,0.472
cleanup,0.451
clearance,0.473
cleat,0.361
cleavage,0.454
cleave,0.389
cleaver,0.434
cleft,0.36
clemency,0.397
clerical,0.491
click,0.268
clicker,0.463
climate,0.483
clinch,0.43
clingy,0.37
clink,0.319
clip,0.381
clipboard,0.423
clipper,0.383
clipping,0.405
clique,0.391
clitoris,0.464
cloak,0.333
cloaking,0.389
cloakroom,0.397
clobber,0.464
clock,0.407
clod,0.365
clog,0.454
cloister,0.475
close,0.263
closed,0.318
closeness,0.45
closet,0.33
closure,0.412
clot,0.275
cloth,0.287
clothe,0.481
clothes,0.414
clothesline,0.366
clothing,0.407
cloud,0.342
clouded,0.302
cloudiness,0.343
clouds,0.324
cloudy,0.202
clove,0.315
clover,0.364
cloves,0.396
clown,0.3
clowns,0.391
club,0.393
clubhouse,0.493
cluck,0.353
clue,0.412
clueless,0.161
clumsy,0.144
clunk,0.407
cluster,0.446
clutch,0.491
clutter,0.4
coagulation,0.436
coal,0.34
coarse,0.481
coast,0.458
coastline,0.441
coat,0.464
coax,0.447
cobalt,0.441
cobble,0.368
cobbler,0.318
cocaine,0.373
cock,0.392
cockamamie,0.382
cockeyed,0.423
cockpit,0.343
cockroach,0.196
cocksucker,0.339
cocktail,0.381
cocoa,0.322
coconut,0.227
cocoon,0.29
cod,0.304
code,0.491
codeine,0.436
codfish,0.3
coed,0.481
coffee,0.309
coffee table,0.295
coffeehouse,0.307
coffeepot,0.312
coffin,0.343
cog,0.363
cognac,0.43
cognate,0.398
coil,0.298
coiled,0.389
coin,0.445
coincidental,0.337
coke,0.397
cola,0.24
cold,0.348
coldly,0.407
coldness,0.427
coldsweat,0.327
coleslaw,0.336
colic,0.361
collage,0.375
collagen,0.45
collapse,0.342
collar,0.446
collarbone,0.306
collect,0.491
collie,0.328
colloquial,0.368
collusion,0.4
colon,0.384
colonic,0.43
colonoscopy,0.466
colophon,0.385
color,0.402
coloration,0.443
colored,0.275
coloring,0.353
colorless,0.25
colors,0.34
columbine,0.407
columnar,0.491
com,0.382
coma,0.302
comatose,0.433
comb,0.268
combinatorial,0.428
combo,0.453
comedy,0.49
comet,0.471
comfortable,0.473
comforter,0.302
comic,0.387
comical,0.327
comics,0.384
comma,0.242
comment,0.379
commentary,0.446
commie,0.454
commit,0.491
common,0.318
commoner,0.327
commonplace,0.442
comp,0.371
compactness,0.454
companionless,0.2
comparable,0.458
comparison,0.492
compassionate,0.411
compelled,0.347
complain,0.36
complaint,0.281
complexion,0.38
complicate,0.404
complicated,0.455
complication,0.33
complimentary,0.435
compo,0.39
compost,0.441
compress,0.46
compressed,0.388
con,0.427
concave,0.349
conceal,0.306
concealed,0.352
concealment,0.39
concede,0.473
conceit,0.309
conceited,0.473
concern,0.463
concerned,0.35
conch,0.339
concierge,0.343
concoction,0.417
concours,0.495
concubine,0.476
concur,0.429
concussion,0.482
condemnation,0.449
condiment,0.433
condolence,0.404
condolences,0.288
conduit,0.413
cone,0.343
confess,0.431
confession,0.46
confetti,0.25
confined,0.444
confiscate,0.482
conflict,0.471
conform,0.375
conformance,0.254
confound,0.333
confounded,0.264
confuse,0.27
confused,0.179
confusing,0.222
confusion,0.277
conga,0.44
congenital,0.427
congestion,0.491
conic,0.379
conical,0.471
conjugate,0.467
conk,0.404
consolation,0.304
console,0.415
consoled,0.452
consonant,0.417
consternation,0.469
constipation,0.231
constrained,0.357
constraint,0.481
consult,0.441
contagious,0.4
contaminate,0.426
contaminated,0.368
contamination,0.375
contempt,0.396
contemptible,0.471
contemptuous,0.375
continence,0.469
continuum,0.491
contour,0.414
contracted,0.449
contradict,0.482
contradiction,0.377
contradictory,0.421
contraption,0.491
contrary,0.338
contrasted,0.491
contravene,0.472
contrite,0.473
contrition,0.463
contrived,0.458
conundrum,0.408
convalescent,0.269
conversing,0.442
convex,0.445
convexity,0.484
conveyance,0.455
convict,0.477
convoluted,0.433
cook,0.412
cookbook,0.398
cooker,0.407
cookery,0.345
cookie,0.25
cookies,0.316
cooking,0.434
cookout,0.482
coolant,0.456
cooler,0.46
cooling,0.392
coon,0.4
copacetic,0.453
copier,0.39
copy,0.263
copycat,0.443
copying,0.404
coral,0.425
cord,0.358
cordial,0.482
cordon,0.38
corduroy,0.357
cork,0.281
corkscrew,0.445
corn,0.292
cornball,0.325
cornbread,0.302
cornea,0.443
corned,0.425
corner,0.366
cornet,0.415
cornfield,0.349
cornflakes,0.355
cornice,0.295
cornstarch,0.337
corny,0.221
corollary,0.366
corporeal,0.461
corps,0.483
corpse,0.232
corpus,0.49
corral,0.422
correspondence,0.491
corrosion,0.348
corrupting,0.38
corsage,0.397
corse,0.382
corset,0.381
cortisone,0.456
cosmetic,0.308
cosmetics,0.472
cost,0.439
costume,0.374
cot,0.278
cote,0.324
cottage,0.361
cotton,0.24
couch,0.198
cough,0.241
count,0.492
countdown,0.49
counterfeit,0.451
countrymusic,0.438
countryside,0.327
coupe,0.482
coupon,0.421
courier,0.441
courtesy,0.431
courtside,0.434
courtyard,0.355
cousin,0.427
cousins,0.464
cove,0.37
cover,0.471
cow,0.3
coward,0.149
cowardice,0.167
cowardly,0.127
cowhide,0.333
cowl,0.232
coy,0.213
coyote,0.387
crab,0.33
crabby,0.37
crack,0.4
cracked,0.228
cracker,0.346
crackerjack,0.426
cracking,0.286
crackle,0.481
crackpot,0.245
cradle,0.333
crafts,0.391
craig,0.49
crammed,0.466
cramp,0.34
cramped,0.36
cranberry,0.363
cranberry juice,0.281
crank,0.417
cranky,0.396
cranny,0.25
crap,0.167
crappy,0.208
craps,0.273
crash,0.355
crass,0.466
crate,0.274
crawfish,0.342
crawl,0.467
crayon,0.185
crayons,0.405
craze,0.435
crazed,0.417
craziness,0.255
crazy,0.321
creak,0.411
creaking,0.415
cream,0.22
creamed,0.288
creamer,0.269
creamy,0.345
crease,0.3
creek,0.33
creep,0.361
creeper,0.366
creeping,0.282
creepy,0.373
cremation,0.42
crepe,0.349
crescent,0.407
crest,0.333
crestfallen,0.175
cretin,0.312
cretins,0.328
crevice,0.275
crib,0.407
cricket,0.37
cried,0.254
crimp,0.396
crimson,0.37
cringe,0.377
cripple,0.161
crippled,0.236
crippling,0.391
crisis,0.431
criticise,0.452
criticize,0.473
criticized,0.311
critter,0.482
croak,0.298
croc,0.451
crock,0.421
crockery,0.327
croft,0.421
croissant,0.43
crooked,0.305
croquet,0.407
crossing,0.451
crosswalk,0.38
crossword,0.455
crotch,0.447
crouch,0.312
crouched,0.279
crouching,0.345
croupier,0.404
crow,0.363
crowbar,0.386
crud,0.444
crude,0.357
cruel,0.391
cruelly,0.471
crumb,0.216
crumble,0.423
crumbling,0.308
crummy,0.224
crunch,0.406
crushed,0.3
crushing,0.411
crust,0.456
crusty,0.473
crutch,0.302
cry,0.255
crybaby,0.311
crying,0.208
crypt,0.386
cryptic,0.474
cub,0.284
cubby,0.36
cube,0.274
cubic,0.407
cubicle,0.417
cuckold,0.23
cuckoo,0.284
cucumber,0.237
cuddle,0.475
cuddling,0.433
cue,0.484
cuff,0.387
cuisine,0.39
cull,0.464
culpability,0.368
culpable,0.319
culprit,0.333
cultivation,0.462
culvert,0.343
cumbersome,0.292
cumulus,0.432
cunt,0.377
cup,0.231
cupboard,0.304
cupcake,0.344
cupping,0.402
cur,0.46
curb,0.402
curd,0.278
curiosity,0.463
curious,0.483
curl,0.351
curling,0.4
curry,0.302
curse,0.375
cursed,0.393
cursing,0.446
cursory,0.431
curt,0.452
curtail,0.497
curtailment,0.431
curtain,0.304
curtains,0.342
curvature,0.447
curve,0.307
curved,0.337
curvilinear,0.411
cushion,0.292
cushy,0.395
cuss,0.443
cussed,0.454
custard,0.293
cut,0.393
cutaneous,0.328
cuticle,0.377
cutie,0.464
cutlery,0.345
cutters,0.491
cutting board,0.342
cuttings,0.433
cwt,0.384
cylinder,0.447
cylindrical,0.414
cymbal,0.362
cynic,0.473
cynical,0.474
cynicism,0.454
cyst,0.312
cystic,0.4
cytomegalovirus,0.443
cytoplasm,0.474
dab,0.34
dabble,0.491
dado,0.364
daft,0.157
daily,0.473
dainty,0.424
daiquiri,0.4
dairy,0.462
daisy,0.333
dak,0.424
dale,0.365
dam,0.394
damage,0.403
damaged,0.182
damages,0.31
damn,0.431
damnation,0.416
damned,0.465
damp,0.21
dampened,0.336
damper,0.473
damsel,0.4
dancing,0.444
dandruff,0.293
dangit,0.358
dangle,0.375
dank,0.383
daresay,0.49
dark,0.426
darken,0.382
darkened,0.452
darkly,0.443
darkness,0.418
darkroom,0.423
darkside,0.365
darn,0.418
dash,0.324
dashed,0.338
dastardly,0.27
data,0.426
date,0.4
daughter,0.455
dawdle,0.357
dawned,0.473
day,0.389
daybreak,0.474
daycare,0.36
daydream,0.456
daydreaming,0.479
daymade,0.417
dayoff,0.377
daytime,0.454
daze,0.329
dazed,0.277
deactivate,0.392
dead,0.194
deadbeat,0.368
deadline,0.46
deadlines,0.411
deadlock,0.323
deaf,0.161
deafening,0.482
deafness,0.219
dealings,0.48
dearth,0.255
death,0.472
deathbed,0.311
debacle,0.266
debased,0.17
debatable,0.474
debenture,0.466
debilitating,0.308
debit,0.474
debriefing,0.456
debris,0.327
debt,0.336
debtor,0.16
debutante,0.454
decadence,0.291
decadent,0.324
decaf,0.353
decay,0.17
decayed,0.169
decaying,0.214
deceased,0.188
decedent,0.415
deceit,0.343
deceitful,0.371
deceive,0.414
deceived,0.302
deceiving,0.426
december,0.464
deception,0.37
deceptive,0.294
deciduous,0.282
decimal,0.305
decimeter,0.377
deck,0.394
declination,0.311
decline,0.24
declining,0.264
deco,0.356
decompose,0.241
decomposed,0.231
decomposition,0.263
decompression,0.311
decorate,0.404
decorating,0.462
decorative,0.381
decorator,0.455
decorum,0.462
decoy,0.33
decrease,0.267
decreased,0.17
decreasing,0.224
decrement,0.373
decrepit,0.225
deduce,0.466
deduct,0.412
deductible,0.455
deejay,0.473
deer,0.292
defamation,0.481
defamatory,0.402
defeat,0.224
defeated,0.145
defeatist,0.315
defect,0.185
defection,0.33
defective,0.274
defector,0.286
defendant,0.491
defenseless,0.105
defer,0.317
deference,0.447
deferral,0.327
deferring,0.413
defibrillator,0.431
deficiency,0.179
deficient,0.132
deficit,0.269
deflate,0.237
deflation,0.407
deflect,0.482
deflection,0.382
defloration,0.434
deform,0.284
deformed,0.308
deformity,0.241
defraud,0.314
defrost,0.389
defunct,0.272
defuse,0.43
degeneracy,0.298
degenerate,0.264
degeneration,0.371
degradation,0.315
degrade,0.184
degraded,0.205
degrading,0.232
dehydrated,0.212
dehydration,0.259
dejected,0.347
delay,0.162
delayed,0.216
delete,0.409
deleterious,0.44
deletion,0.462
deli,0.447
delicacy,0.336
delicate,0.366
delicatessen,0.4
delineate,0.445
delineation,0.314
delirium,0.484
dell,0.453
delude,0.353
delusion,0.4
delusional,0.327
demeaned,0.212
demeaning,0.308
demented,0.309
dementia,0.337
demise,0.456
demo,0.423
demolished,0.353
demoralized,0.149
demos,0.368
demure,0.417
den,0.398
deniability,0.417
denial,0.318
denied,0.333
denim,0.327
denomination,0.429
denounce,0.426
dent,0.325
dental,0.463
deny,0.321
denying,0.272
deodorant,0.269
depart,0.444
departed,0.391
departmental,0.446
departure,0.426
depend,0.358
dependant,0.451
dependence,0.433
dependency,0.356
dependent,0.404
depletion,0.236
deplorable,0.23
deplore,0.373
deportation,0.45
depose,0.451
deposit,0.483
deposition,0.471
depository,0.481
depot,0.471
depraved,0.395
depravity,0.453
depreciate,0.445
depreciated,0.25
depreciation,0.386
depressed,0.136
depressing,0.216
depression,0.232
depressive,0.202
depresson,0.308
deprivation,0.413
deprive,0.34
derail,0.375
deranged,0.357
derelict,0.237
derision,0.292
derive,0.36
dermal,0.443
derogation,0.327
derogatory,0.404
descend,0.231
descending,0.25
descent,0.158
desert,0.389
deserted,0.214
deserter,0.366
desertion,0.289
desist,0.291
desk,0.422
desolate,0.228
desolation,0.273
despair,0.245
despairing,0.286
desperado,0.361
desperate,0.337
desperation,0.419
despicable,0.255
despise,0.296
despondent,0.221
dessert,0.404
destitute,0.222
destroyed,0.288
detach,0.45
detached,0.216
detachment,0.443
detailed,0.472
details,0.481
detain,0.43
detainee,0.321
detergent,0.426
deteriorate,0.202
deteriorated,0.237
deteriorating,0.112
deterioration,0.283
deterrent,0.385
detest,0.492
detestation,0.412
detour,0.309
detract,0.368
detriment,0.263
detrimental,0.387
detritus,0.363
deuce,0.425
devalued,0.212
devastated,0.264
devastating,0.419
devastation,0.472
deviant,0.398
deviate,0.269
deviation,0.336
deviled,0.358
devilish,0.49
devious,0.259
devoid,0.3
devolution,0.425
devout,0.464
dew,0.464
dexter,0.444
dextrose,0.323
diabetes,0.279
diabetic,0.237
diabolical,0.456
diagonal,0.41
diagram,0.445
dialysis,0.407
diameter,0.483
diaper,0.155
diarrhea,0.143
diarrhoea,0.25
diary,0.464
diatribe,0.409
dib,0.344
dibs,0.391
dice,0.264
dichotomy,0.483
dick,0.462
dickhead,0.284
dicks,0.358
diddle,0.393
die,0.259
died,0.327
diesel,0.448
diet,0.398
dietary,0.261
differ,0.396
difference,0.483
differences,0.342
different,0.473
differing,0.455
difficulties,0.357
difficulty,0.368
diffuse,0.321
digest,0.483
digestion,0.455
digestive,0.434
digit,0.333
digress,0.411
dike,0.49
dilapidated,0.286
dilatation,0.368
dildo,0.491
dilemma,0.43
dill,0.373
diluent,0.332
dilute,0.349
diluted,0.229
dilution,0.352
dim,0.273
dime,0.345
diminish,0.167
diminished,0.196
diminution,0.245
diminutive,0.109
dimwit,0.175
din,0.398
dine,0.478
dinghy,0.325
dingo,0.346
dingy,0.343
dining,0.459
dinky,0.358
dinner,0.379
dinnertime,0.341
dint,0.492
diorama,0.462
dioxide,0.456
dip,0.397
dipper,0.348
dippy,0.34
dipstick,0.316
dire,0.259
dirt,0.236
dirty,0.17
disability,0.173
disable,0.269
disabled,0.235
disadvantage,0.282
disaffected,0.291
disagree,0.345
disagreeable,0.178
disagreeing,0.35
disagreement,0.236
disallow,0.424
disallowed,0.328
disapointment,0.231
disappear,0.35
disappearance,0.367
disappearing,0.379
disappoint,0.288
disappointed,0.241
disappointing,0.2
disappointment,0.336
disapproval,0.367
disapprove,0.445
disapproved,0.114
disapproving,0.452
disarray,0.223
disaster,0.433
disastrous,0.439
disband,0.417
disbelief,0.373
disbelieve,0.352
disburse,0.353
disbursement,0.435
disc,0.426
discard,0.337
discarded,0.308
discards,0.391
discernible,0.481
disciple,0.462
disclaim,0.321
discoloration,0.414
discolored,0.269
discomfort,0.272
disconcerted,0.288
disconcerting,0.269
disconnect,0.191
disconnected,0.173
disconnection,0.277
disconnects,0.241
discontent,0.263
discontinuance,0.337
discontinue,0.349
discontinuity,0.25
discontinuous,0.316
discord,0.465
discount,0.302
discounted,0.43
discourage,0.267
discouraged,0.09
discouragement,0.206
discouraging,0.281
discredit,0.355
discredited,0.182
discrepancy,0.417
discrete,0.429
discretionary,0.446
discriminate,0.366
discriminating,0.462
discrimination,0.379
discus,0.343
disdain,0.441
disdainful,0.263
disease,0.333
diseased,0.134
disembodied,0.412
disengage,0.304
disengagement,0.395
disfigured,0.336
disgrace,0.331
disgraced,0.25
disgraceful,0.24
disgruntled,0.442
disguise,0.431
disguised,0.326
disgust,0.317
disgusted,0.274
disgusting,0.245
dish,0.264
disheartened,0.238
disheartening,0.224
dishonest,0.163
dishonesty,0.348
dishonor,0.185
dishonorable,0.28
dishwasher,0.324
disillusionment,0.19
disinclination,0.33
disincline,0.278
disinclined,0.364
disinfectant,0.46
disinfection,0.473
disinformation,0.26
disingenuous,0.204
disintegrate,0.364
disintegration,0.381
disinterested,0.392
disjoint,0.322
disjointed,0.365
disjunctive,0.4
disk,0.412
diskette,0.391
dislike,0.321
disliked,0.221
disliking,0.366
dislocated,0.2
dislocation,0.373
dislodge,0.356
disloyal,0.245
disloyalty,0.267
dismal,0.192
dismantle,0.462
dismay,0.459
dismayed,0.389
dismemberment,0.47
dismissal,0.271
dismissive,0.43
dismount,0.391
disobedience,0.369
disobedient,0.353
disobey,0.491
disorder,0.218
disordered,0.288
disorderly,0.385
disorganized,0.184
disorientation,0.212
disoriented,0.227
disown,0.368
disparage,0.336
disparaging,0.411
disparate,0.368
disparity,0.361
dispassionate,0.218
dispel,0.411
dispensation,0.49
dispenser,0.47
dispersal,0.421
disperse,0.434
dispersed,0.274
dispersion,0.35
dispirited,0.142
displace,0.454
displaced,0.291
displacement,0.481
display,0.4
displease,0.286
displeased,0.4
displeasure,0.25
disposable,0.25
disposal,0.396
dispossessed,0.331
disqualification,0.33
disqualified,0.232
disqualify,0.267
disquieted,0.29
disregard,0.308
disregarded,0.283
disrelish,0.304
disreputable,0.353
disrepute,0.292
disrespect,0.302
disrespectful,0.273
disrupt,0.349
disrupting,0.339
disruption,0.436
dissatisfaction,0.202
dissatisfied,0.291
dissection,0.462
dissension,0.414
dissent,0.407
dissenting,0.366
disservice,0.48
dissident,0.413
dissimilar,0.472
dissipate,0.355
dissipated,0.231
dissociation,0.471
dissociative,0.397
dissolution,0.349
dissolve,0.41
dissonance,0.336
dissuade,0.35
distal,0.438
distance,0.418
distant,0.269
distaste,0.37
distasteful,0.222
distillate,0.382
distort,0.366
distorted,0.28
distortion,0.38
distract,0.336
distracted,0.213
distracting,0.4
distraction,0.39
distraught,0.264
distress,0.396
distressed,0.324
distressing,0.375
distrust,0.276
disturb,0.481
disturbance,0.404
disturbed,0.305
disturbing,0.439
disuse,0.202
disused,0.186
ditch,0.322
ditto,0.411
ditty,0.334
diurnal,0.443
divan,0.262
diversify,0.464
diversionary,0.3
divert,0.407
divest,0.424
divested,0.311
divestment,0.382
divide,0.417
divided,0.391
divisible,0.411
division,0.472
divisor,0.455
divorce,0.385
divorcee,0.481
divulge,0.467
divvy,0.429
dizziness,0.254
dizzy,0.193
doc,0.392
docile,0.264
dock,0.481
docked,0.398
dodger,0.49
dodging,0.382
dodgy,0.254
dodo,0.353
doe,0.336
dog,0.407
dogface,0.264
doggy,0.404
doghouse,0.34
dogsick,0.377
doit,0.392
dojo,0.455
doldrums,0.266
dole,0.348
doll,0.33
dollhouse,0.363
dolor,0.375
dolphin,0.414
domesticated,0.294
domestication,0.435
domino,0.473
donkey,0.245
dontlikeyou,0.282
dontmess,0.44
dontmesswithme,0.44
dontpanic,0.425
dontunderstand,0.271
doodle,0.376
doom,0.442
doomed,0.301
door,0.421
doorbell,0.307
doorknob,0.462
doorman,0.491
doormat,0.267
doornail,0.423
doorstep,0.391
doorway,0.496
dopamine,0.426
dope,0.425
dopey,0.365
dork,0.361
dorky,0.39
dorm,0.327
dormant,0.245
dormitory,0.382
dorsal,0.445
dosage,0.49
dose,0.427
dot,0.391
doting,0.426
dotted,0.426
dotty,0.393
doubling,0.464
doubt,0.231
doubtful,0.241
doubting,0.189
doubts,0.305
douche,0.397
douchebags,0.366
dough,0.391
doughboy,0.396
doughnut,0.279
dour,0.325
douse,0.412
dove,0.437
down,0.264
downcast,0.222
downer,0.226
downfall,0.182
downfield,0.38
downhearted,0.255
downhill,0.279
downpour,0.481
downriver,0.279
downside,0.246
downtime,0.324
downward,0.255
downy,0.255
doze,0.405
dozen,0.425
drab,0.242
draft,0.351
drag,0.348
dragonfly,0.357
drain,0.222
drainage,0.307
drained,0.352
draining,0.304
drainpipe,0.277
drake,0.452
drama,0.481
dramaqueen,0.482
dramatic,0.443
drape,0.404
drapery,0.223
drat,0.409
draught,0.316
draw,0.481
drawback,0.148
drawbridge,0.438
drawer,0.292
drawers,0.236
drawing,0.333
dread,0.368
dreaded,0.46
dreadful,0.348
dreadfully,0.306
dreading,0.377
dream,0.328
dreamboat,0.458
dreamer,0.455
dreaming,0.336
dreary,0.324
dredge,0.444
drenched,0.388
dress,0.345
dresser,0.473
dressmaker,0.483
dribble,0.465
dried,0.385
drier,0.392
drift,0.375
drifted,0.31
drifter,0.391
driftwood,0.439
drink,0.474
drinker,0.441
drinking,0.317
drinks,0.412
drip,0.175
dripping,0.267
drivel,0.463
drizzle,0.319
droll,0.422
drool,0.204
drooping,0.353
droopy,0.297
drop,0.291
droplet,0.194
dropout,0.481
dropper,0.236
drought,0.267
drown,0.27
drowsiness,0.303
drowsy,0.24
drudgery,0.241
drug,0.453
drugged,0.321
druggist,0.417
drugs,0.368
druid,0.481
drum,0.339
drumming,0.426
drunk,0.25
drunk driving,0.306
drunkard,0.25
drunken,0.25
drunkenness,0.336
dry,0.311
dryer,0.277
dryness,0.263
dual,0.384
dub,0.387
dubious,0.198
duck,0.236
ducking,0.294
duckling,0.263
ducky,0.368
duct,0.43
ductile,0.433
dud,0.246
duds,0.339
due,0.467
dues,0.288
duffel,0.384
dugout,0.463
duh,0.364
dull,0.185
dullard,0.365
dumb,0.151
dumbasses,0.363
dumbbell,0.364
dumbbitch,0.393
dumfound,0.295
dumfounder,0.4
dummy,0.25
dump,0.37
dumpling,0.36
dumps,0.365
dumpster,0.101
dun,0.339
dunce,0.146
dune,0.414
dung,0.149
dungeon,0.44
dunk,0.475
duo,0.447
dupe,0.327
duplex,0.467
duplicate,0.338
dusky,0.324
dust,0.241
duster,0.296
dustpan,0.371
dusty,0.255
dwarf,0.288
dwarfed,0.293
dweeb,0.327
dwelling,0.481
dye,0.371
dying,0.422
dysentery,0.345
dysfunction,0.386
dysfunctional,0.307
dyspepsia,0.46
eager,0.306
eagerness,0.443
ear,0.231
earful,0.443
earlier,0.339
early,0.426
earpiece,0.452
earshot,0.408
earthenware,0.32
earthy,0.404
ease,0.491
easement,0.302
easily,0.453
east,0.317
eastbound,0.402
eastern,0.48
easy,0.373
eat,0.464
eavesdrop,0.368
eavesdropping,0.441
ebb,0.404
ebony,0.4
echelon,0.425
echinacea,0.454
echo,0.345
eddy,0.35
edema,0.318
edge,0.468
edging,0.37
edgy,0.306
edible,0.497
editing,0.493
eeeek,0.349
eeek,0.302
eek,0.343
eel,0.487
eerie,0.442
effects,0.379
effeminate,0.291
effigy,0.401
effortless,0.352
effusion,0.472
effyou,0.49
egg,0.293
egghead,0.284
eggnog,0.259
eggplant,0.323
eggshell,0.212
egotistical,0.363
egregious,0.442
egress,0.287
eight,0.315
eighteen,0.404
eighth,0.38
eighty,0.453
elapse,0.455
elapsed,0.493
elastic,0.385
elbow,0.254
eld,0.451
elder,0.462
elderly,0.283
elders,0.441
element,0.481
elements,0.462
eleven,0.43
eleventh,0.357
elf,0.315
eliminate,0.324
elimination,0.431
elk,0.34
ell,0.373
ellipse,0.479
ellipsis,0.314
ellipsoid,0.419
elliptical,0.49
elm,0.321
elude,0.464
elusive,0.466
emaciated,0.151
email,0.456
embankment,0.436
embargo,0.443
embarrass,0.364
embarrassed,0.246
embarrassing,0.225
embarrassment,0.226
embattled,0.421
embellishment,0.405
embezzlement,0.435
embezzler,0.491
embolism,0.302
embrace,0.452
embroidered,0.407
embroidery,0.28
embroiled,0.42
embryo,0.453
emery,0.472
emetophobia,0.403
emigration,0.432
emo,0.226
emphysema,0.336
employee,0.481
emptiness,0.184
emption,0.458
empty,0.081
emu,0.33
emulsion,0.453
enamel,0.306
enchantress,0.479
enchilada,0.371
enclose,0.473
enclosure,0.49
encryption,0.474
encumbrance,0.48
end,0.298
end table,0.482
endanger,0.404
endangered,0.43
endemic,0.483
ending,0.492
endless,0.472
endocarditis,0.412
endorse,0.472
endpapers,0.339
endpoint,0.448
enema,0.268
engraved,0.473
engraving,0.442
engrossed,0.304
enlist,0.483
enmity,0.382
ennui,0.316
enslave,0.481
enslaved,0.321
enslavement,0.302
ensue,0.332
entangled,0.357
entanglement,0.248
entourage,0.467
entrails,0.387
entrapment,0.441
entreat,0.462
enumerate,0.491
envelope,0.377
envious,0.341
environ,0.433
environs,0.345
envision,0.483
envy,0.427
enzyme,0.481
ephemeral,0.377
epidermis,0.426
epilepsy,0.25
epileptic,0.34
epilogue,0.466
episodic,0.462
epitaph,0.442
equal,0.407
equalization,0.423
equally,0.436
equator,0.462
equestrian,0.417
equivocal,0.257
era,0.449
erase,0.321
eraser,0.311
erasure,0.265
ere,0.377
ergo,0.385
erosion,0.465
err,0.236
errand,0.482
errant,0.375
erratic,0.217
erratum,0.436
erroneous,0.245
error,0.198
erst,0.357
escalade,0.442
escape,0.448
escarpment,0.47
eschew,0.37
esophagus,0.464
esprit,0.407
essayist,0.462
estoppel,0.482
estranged,0.377
estrogen,0.425
estuary,0.482
ether,0.412
etiquette,0.421
eucalyptus,0.418
euchre,0.442
euphemism,0.491
euthanasia,0.325
evacuate,0.314
evade,0.342
evanescence,0.458
evaporate,0.402
evaporation,0.388
evasion,0.418
evasive,0.425
eve,0.44
evening,0.318
evens,0.457
eventual,0.413
evermore,0.403
everyday,0.472
evict,0.377
eviction,0.455
ewe,0.277
ex,0.306
exacerbation,0.48
exasperated,0.377
exasperation,0.483
excel,0.466
exchange,0.491
excluded,0.134
excluding,0.324
exclusion,0.389
excrement,0.221
excretion,0.457
excruciating,0.345
excuse,0.318
exegesis,0.491
exhale,0.411
exhaust,0.337
exhausted,0.202
exhaustion,0.269
exhumation,0.473
exhume,0.452
exile,0.483
exit,0.399
expatriate,0.391
expect,0.377
expectant,0.474
expecting,0.302
expedient,0.454
expel,0.452
expendable,0.423
expense,0.377
expenses,0.396
experimental,0.396
expiration,0.463
expired,0.2
expiry,0.382
extinct,0.412
extinguish,0.482
extol,0.456
extraneous,0.478
extreme disgust,0.456
extremely negative,0.311
exude,0.411
eye,0.425
eyeball,0.42
eyebrow,0.222
eyeglass,0.286
eyeglasses,0.306
eyelash,0.278
eyelet,0.346
eyeliner,0.347
eyepiece,0.48
eyes,0.432
eyesight,0.343
fab,0.406
fable,0.389
fabric,0.345
face,0.453
faceless,0.173
facet,0.382
facial,0.433
facile,0.307
faction,0.448
fade,0.245
faded,0.194
faeces,0.175
fag,0.331
faggot,0.292
fail,0.154
failing,0.268
failure,0.139
fain,0.426
faint,0.167
fainting,0.214
fairy,0.413
faithless,0.304
fake,0.268
faker,0.48
falafel,0.351
fall,0.221
fallacious,0.39
fallacy,0.43
fallible,0.402
falling,0.306
fallopian,0.464
fallout,0.373
fallow,0.464
false,0.24
falsehood,0.384
falsely,0.265
falsification,0.49
falsified,0.306
falsify,0.409
falsity,0.186
falter,0.346
famine,0.31
famished,0.282
fan,0.357
fanciful,0.342
fandango,0.429
fanfare,0.437
fang,0.455
fangs,0.434
fanning,0.236
fantasia,0.436
fantasize,0.356
fantasy,0.474
faraway,0.285
farce,0.246
farcical,0.259
farm,0.297
farmer,0.464
farmhouse,0.444
faro,0.357
fart,0.264
farther,0.43
fascia,0.356
fastener,0.491
fasting,0.394
fat,0.237
fateful,0.402
fathead,0.463
fatigue,0.265
fatigued,0.245
fatso,0.336
fatten,0.363
fatty,0.325
faucet,0.356
fault,0.184
faulty,0.378
faun,0.376
fauna,0.404
faux,0.204
fawn,0.284
fax,0.304
faze,0.382
fear,0.293
fearful,0.278
fearfully,0.271
fearing,0.256
fears,0.306
feather,0.144
feathered,0.214
febrile,0.414
fecal,0.213
feces,0.307
fed,0.482
fedup,0.352
feeble,0.109
feet,0.292
feign,0.356
feigned,0.333
fell,0.25
felon,0.455
felony,0.472
feminine,0.394
femininity,0.451
femme,0.398
femur,0.413
fen,0.379
fence,0.398
fenced,0.429
fender,0.476
fennel,0.389
ferment,0.418
fermentation,0.473
fern,0.29
ferret,0.398
ferry,0.389
fess,0.37
fest,0.402
fetal,0.364
fetch,0.491
fete,0.465
fetus,0.395
feud,0.312
fever,0.364
feverish,0.436
fiasco,0.2
fiat,0.446
fib,0.361
fiber,0.39
fiberglass,0.443
fibrous,0.464
fickle,0.346
fiction,0.441
fictional,0.34
fictitious,0.293
fiddle,0.391
fidgety,0.351
field,0.336
fielder,0.415
fiesty,0.472
fifteen,0.443
fifty,0.439
fig,0.339
figurine,0.258
filament,0.377
file,0.463
filet,0.291
filings,0.34
fillet,0.378
filmy,0.425
filter,0.26
filth,0.319
filthy,0.321
filtration,0.255
fin,0.377
finale,0.468
finally,0.465
finch,0.358
finesse,0.412
finger,0.291
fingernail,0.153
fingerscrossed,0.356
finite,0.293
fink,0.439
fir,0.306
firecracker,0.434
firefly,0.363
fireplace,0.417
fireside,0.394
firewood,0.263
firstworldprobs,0.483
fish,0.25
fishing,0.405
fishy,0.471
fissile,0.38
fissure,0.431
fist,0.481
fistula,0.33
fittings,0.409
five,0.298
fixture,0.409
fixtures,0.37
fizz,0.349
fjord,0.463
flabbergasted,0.342
flabby,0.25
flaccid,0.151
flagpole,0.458
flagrant,0.455
flake,0.289
flaky,0.279
flamingo,0.482
flan,0.198
flange,0.39
flank,0.443
flanked,0.368
flannel,0.327
flap,0.344
flapping,0.404
flashback,0.485
flashing,0.438
flashlight,0.356
flask,0.454
flat,0.303
flatbed,0.38
flatfoot,0.33
flatten,0.442
flatter,0.302
flattery,0.404
flatulence,0.343
flavor,0.392
flaw,0.175
flawed,0.194
flea,0.218
fleabag,0.348
fled,0.322
flee,0.232
fleece,0.381
fleeting,0.387
flesh,0.475
fleshy,0.406
flex,0.33
flexibility,0.472
flexible,0.465
flexin,0.366
flexion,0.418
flicker,0.333
flickering,0.289
flighty,0.436
flimsy,0.189
flip,0.435
flip flop,0.321
flipper,0.415
flipping,0.345
flirtation,0.482
flirting,0.491
flirty,0.491
float,0.344
floater,0.37
flog,0.382
floor,0.25
flooring,0.346
floozy,0.43
flop,0.196
floppy,0.333
floral,0.264
florist,0.388
floss,0.278
flotation,0.333
flounder,0.345
flour,0.239
flow,0.464
flower,0.254
flowers,0.33
flowery,0.446
flows,0.434
flu,0.25
fluctuate,0.48
fluctuating,0.395
flue,0.451
fluff,0.172
fluffy,0.356
fluke,0.432
flunk,0.17
flunky,0.216
flustered,0.283
flute,0.363
fluted,0.389
flutter,0.33
flux,0.451
flyer,0.362
flywheel,0.442
foal,0.482
foam,0.204
foaming,0.198
foamy,0.291
fob,0.396
focal,0.482
fodder,0.43
foe,0.459
fog,0.26
foggy,0.302
foil,0.342
foiled,0.144
fold,0.33
folded,0.327
folder,0.375
foliage,0.237
folio,0.435
folk,0.432
folklore,0.449
follicle,0.436
follicular,0.391
follower,0.461
folly,0.363
fondle,0.355
fondue,0.35
foodie,0.484
fool,0.148
fooled,0.241
fooling,0.384
foolish,0.109
foolishness,0.173
foot,0.254
foot stool,0.355
footage,0.364
footbridge,0.44
footing,0.464
footlocker,0.393
footloose,0.447
footpath,0.473
footprint,0.336
footwear,0.275
footwork,0.352
fop,0.328
forage,0.37
forced,0.458
forceps,0.436
ford,0.382
forefinger,0.37
forego,0.291
foregoing,0.324
foregone,0.235
foreign,0.385
foreigner,0.48
forensic,0.436
foreplay,0.474
forest,0.435
foreveralone,0.343
forfeit,0.245
forfeited,0.352
forfeiture,0.368
forgery,0.481
forget,0.209
forgetful,0.264
forgetfulness,0.302
forgiveness,0.471
forgotten,0.184
forked,0.365
forking,0.49
forlorn,0.217
form,0.436
formaldehyde,0.443
format,0.438
formless,0.163
fornication,0.457
forsake,0.223
forsaken,0.192
forsooth,0.406
fortnight,0.397
fortnightly,0.398
forty,0.482
fossil,0.38
fossils,0.422
foul,0.355
found,0.49
four,0.383
fourteen,0.308
fourth,0.398
fowl,0.364
fox,0.491
foxhole,0.389
foyer,0.443
fraction,0.4
fracture,0.375
fragile,0.126
fragility,0.2
fragment,0.429
fragmentary,0.464
frail,0.069
frailty,0.218
frame,0.42
framework,0.36
fraud,0.407
fraudulent,0.417
fray,0.482
frayed,0.307
frazzled,0.339
freak,0.464
freaked,0.34
freakedout,0.365
freakingout,0.339
freakout,0.397
freaky,0.384
freckle,0.254
freeze,0.481
freezer,0.407
freezing,0.471
freight,0.49
french horn,0.407
fresco,0.32
fresh,0.419
freshener,0.473
freshman,0.441
freshwater,0.393
fret,0.231
fretful,0.364
fricking,0.357
friday,0.341
fridge,0.402
fried,0.336
friendless,0.204
friggen,0.442
fright,0.191
frightened,0.255
frightful,0.455
frigid,0.395
fringe,0.323
fringed,0.348
frisbee,0.364
frisk,0.377
frivolous,0.377
frock,0.381
frog,0.15
froggy,0.425
frontage,0.277
frontispiece,0.491
frost,0.385
frosted,0.218
frosting,0.424
frosty,0.381
froth,0.194
frothy,0.356
frown,0.433
frozen,0.375
frugal,0.355
fruit,0.312
fruit punch,0.368
fruitcake,0.357
fruitless,0.311
fruits,0.259
fruity,0.33
frustrate,0.243
frustrated,0.255
frustrates,0.34
frustrating,0.264
frustration,0.28
fry,0.324
fryer,0.431
fuchsia,0.264
fuck,0.446
fuckedoff,0.316
fucker,0.357
fucking,0.39
fuckoff,0.457
fucksake,0.466
fucktard,0.364
fudge,0.407
fugitive,0.388
fulcrum,0.445
fumble,0.412
fume,0.372
fumin,0.443
fuming,0.481
fund,0.426
funds,0.461
funeral,0.393
fungus,0.173
funk,0.39
funky,0.389
funnel,0.336
fur,0.315
furlong,0.431
furnish,0.49
furnishings,0.346
furniture,0.264
furrow,0.345
furry,0.333
fuss,0.48
fustrated,0.356
futile,0.158
futility,0.176
futon,0.343
fuzz,0.363
fuzzy,0.158
gab,0.375
gaby,0.377
gad,0.408
gadget,0.382
gaff,0.429
gag,0.398
gaga,0.26
gage,0.473
gahhh,0.278
gal,0.337
gall,0.353
gallbladder,0.472
galled,0.356
galley,0.412
gallon,0.345
gallows,0.422
gamble,0.361
gambling,0.347
game,0.493
gametime,0.442
gaming,0.491
gamma,0.491
gammon,0.442
gamut,0.462
gander,0.353
gangland,0.405
gangrene,0.359
gangway,0.45
gaol,0.435
gap,0.357
gape,0.287
gaping,0.242
garage,0.455
garbage,0.192
garbled,0.27
garden,0.456
gardener,0.361
gardening,0.361
gardens,0.296
gargle,0.336
garish,0.311
garlic,0.277
garment,0.38
garnet,0.368
garnish,0.49
garter,0.353
gaseous,0.298
gash,0.406
gasp,0.298
gasping,0.379
gassy,0.304
gastric,0.43
gate,0.426
gauche,0.385
gaunt,0.237
gauntlet,0.39
gauze,0.276
gavel,0.49
gawk,0.434
gay,0.429
gazebo,0.341
gazelle,0.46
gazing,0.362
geek,0.39
geeky,0.454
geez,0.39
geezer,0.414
geisha,0.442
gel,0.279
gelatin,0.361
geld,0.456
gelding,0.455
gemini,0.327
generally,0.473
generic,0.422
genital,0.453
gent,0.464
gentleness,0.447
gently,0.36
geometric,0.491
geranium,0.458
gerbil,0.398
geriatric,0.436
germ,0.302
germs,0.38
gesture,0.427
getaway,0.368
getoverit,0.433
getoveryourself,0.472
getup,0.455
getyourown,0.492
ghastly,0.472
ghetto,0.482
ghost,0.343
ghostly,0.43
ghoul,0.43
gibberish,0.36
gift,0.483
giggle,0.36
giggles,0.346
giggling,0.391
gilded,0.455
gill,0.382
gimp,0.342
ginger,0.316
gingerbread,0.264
gingerly,0.415
ginseng,0.364
giraffe,0.436
girder,0.452
girdle,0.349
girl,0.443
girlie,0.409
girlish,0.345
girly,0.371
girth,0.377
giveaway,0.437
gizmo,0.337
gizzard,0.259
glabrous,0.462
glacial,0.474
glade,0.434
glance,0.454
gland,0.467
glass,0.322
glasses,0.33
glassware,0.45
glaucoma,0.315
glaze,0.356
glazed,0.491
glee,0.464
glen,0.406
glib,0.381
glide,0.415
glimmer,0.427
glimpse,0.455
glitch,0.269
globe,0.364
globular,0.438
gloom,0.196
gloomy,0.287
glossary,0.447
glove,0.382
gloves,0.491
glucose,0.444
glue,0.349
glum,0.123
gluten,0.388
glutton,0.384
gluttony,0.412
glycerin,0.402
gnat,0.2
gnome,0.38
go,0.444
goalie,0.455
goat,0.364
goatee,0.255
gob,0.447
gobble,0.455
goblet,0.442
goblin,0.377
goddamn,0.422
goddamned,0.42
godforsaken,0.422
godless,0.358
godson,0.429
gofuckyourself,0.415
goggle,0.36
goggles,0.278
goldfish,0.317
golf,0.447
golfing,0.455
gondola,0.379
gone,0.19
goner,0.274
gong,0.462
gonorrhea,0.322
goo,0.312
goober,0.342
goodbye,0.328
goodday,0.418
goodies,0.424
gooey,0.445
goof,0.272
goofball,0.382
goofy,0.179
goon,0.361
goop,0.333
goose,0.265
gopher,0.421
gorge,0.42
gory,0.455
gossip,0.245
gothic,0.475
gouge,0.4
goulash,0.347
gourd,0.289
gout,0.17
gown,0.421
grace,0.462
grader,0.42
gradually,0.464
graffiti,0.353
graft,0.42
grain,0.302
gram,0.26
grandchild,0.465
grandchildren,0.426
granddad,0.461
granddaddy,0.48
granddaughter,0.389
grandma,0.491
grandmother,0.426
grandpa,0.466
grange,0.391
granite,0.483
granny,0.452
granola,0.281
granular,0.443
granule,0.316
grape,0.295
grape juice,0.267
grapefruit,0.282
grapes,0.236
grapevine,0.232
graphic,0.491
graphite,0.336
grapple,0.482
grass,0.333
grasshopper,0.287
grassy,0.371
grate,0.419
grated,0.361
grating,0.282
gratis,0.417
gratuitous,0.452
gratuity,0.462
grave,0.386
gravel,0.332
graver,0.453
graveyard,0.272
gravitate,0.476
gravy,0.339
gray,0.189
graze,0.371
grease,0.306
greased,0.368
greaser,0.462
greasy,0.294
great disgust,0.389
great grandma,0.491
greatly negative,0.282
greedy,0.476
green,0.333
green bean,0.304
green pepper,0.425
greenhouse,0.384
greenish,0.429
greenwood,0.491
greeted,0.454
grey,0.295
greyhound,0.44
grid,0.443
gridiron,0.425
grief,0.474
grievance,0.364
grieve,0.333
grieved,0.191
grieving,0.403
grievous,0.179
griffin,0.36
grille,0.246
grilled,0.373
grim,0.298
grime,0.225
grimy,0.283
grin,0.491
grind,0.397
grinding,0.461
gripe,0.241
grisly,0.426
grist,0.363
grit,0.345
grits,0.346
gritty,0.375
groan,0.351
grocer,0.382
groceries,0.417
grocery,0.446
groggy,0.194
groin,0.364
groove,0.361
groovy,0.464
grope,0.358
gross,0.181
grotto,0.336
grouch,0.411
grouchy,0.407
groundhog,0.377
groundless,0.387
group,0.48
groupie,0.393
grouse,0.412
grout,0.366
grove,0.417
grovel,0.414
growl,0.482
growling,0.475
growls,0.442
growthefuckup,0.426
grr,0.333
grrr,0.327
grrrrr,0.444
grub,0.355
grubby,0.176
grudge,0.414
grudging,0.473
grudgingly,0.292
gruel,0.297
gruesome,0.474
gruff,0.472
grumble,0.333
grump,0.425
grunt,0.392
grunting,0.481
guacamole,0.282
guano,0.191
guess,0.442
guesswork,0.405
guesthouse,0.406
guidebook,0.427
guile,0.467
guilt,0.206
guilty,0.352
guinea,0.396
guise,0.324
guitar,0.469
gules,0.34
gulf,0.398
gull,0.378
gullet,0.393
gullible,0.318
gully,0.394
gulp,0.409
gum,0.213
gumbo,0.361
gummy,0.291
gumption,0.488
gunk,0.219
gurney,0.352
gush,0.381
gusher,0.453
gusset,0.423
gusty,0.455
gut,0.364
gutless,0.384
gutter,0.4
guzzler,0.436
guzzling,0.38
gymnasium,0.474
gypsy,0.396
habitual,0.49
hag,0.411
haggard,0.246
haggle,0.461
haiku,0.392
hail,0.411
hair,0.286
hairball,0.315
hairbrush,0.263
haircut,0.307
hairdo,0.435
hairdresser,0.407
hairdryer,0.33
hairless,0.139
hairline,0.23
hairpin,0.37
hairspray,0.269
hairstyle,0.433
hairy,0.343
half,0.276
halfback,0.44
halftime,0.429
halfway,0.339
halibut,0.411
hall,0.424
hallmark,0.411
hallucination,0.37
hallway,0.279
halo,0.441
halt,0.432
halter,0.431
halve,0.302
halving,0.366
ham,0.404
hamburger,0.387
hamlet,0.397
hammock,0.287
hamper,0.473
hamster,0.349
hamstring,0.443
hand,0.434
handbag,0.336
handball,0.44
handful,0.4
handicap,0.264
handicapped,0.18
handiwork,0.41
handkerchief,0.219
handmade,0.475
handprint,0.463
handshake,0.492
handwriting,0.381
handyman,0.393
hang,0.446
hangar,0.481
hanger,0.461
hanging,0.389
hangout,0.462
hangover,0.267
hangry,0.279
hank,0.339
hanky,0.25
hap,0.453
haphazard,0.324
hapless,0.193
happytweet,0.437
harassing,0.446
harassment,0.42
hardball,0.452
hardship,0.482
hare,0.345
harebrained,0.436
hark,0.398
harlot,0.33
harm,0.423
harmful,0.291
harmless,0.241
harp,0.356
harper,0.435
harpsichord,0.438
harrowing,0.474
harry,0.39
hart,0.447
hash,0.355
hashish,0.358
hassle,0.489
hasty,0.424
hat,0.353
hatch,0.402
hate,0.43
hateeee,0.368
hateeveryone,0.429
hateful,0.43
hater,0.422
hateyou,0.464
hating,0.434
hatred,0.424
haul,0.453
haw,0.431
hawking,0.491
hay,0.343
haye,0.336
hayride,0.464
haystack,0.331
haywire,0.43
haze,0.217
hazy,0.23
headache,0.273
headaches,0.259
headdress,0.443
headland,0.43
headless,0.235
headlight,0.393
headlong,0.409
headphones,0.336
headset,0.302
headstone,0.349
heap,0.474
hear,0.444
hearer,0.415
hearsay,0.333
hearse,0.324
heart disease,0.386
heartache,0.291
heartattack,0.455
heartbreak,0.245
heartbreaking,0.423
heartbroken,0.235
heartburn,0.398
heartless,0.4
heartsick,0.208
heartworm,0.43
heat,0.433
heathen,0.491
heather,0.407
heaviness,0.318
heaving,0.491
hectares,0.471
hectic,0.438
hedgehog,0.377
hee,0.312
heel,0.385
heels,0.396
heheh,0.278
heifer,0.321
heinous,0.471
helical,0.468
helium,0.304
hellhole,0.421
helmet,0.402
help,0.46
helpless,0.214
helplessness,0.25
hem,0.291
hematite,0.342
hematoma,0.398
hemi,0.342
hemlock,0.434
hemoglobin,0.418
hemorrhage,0.426
hemorrhoids,0.304
hemostat,0.464
hemp,0.422
hen,0.241
henceforth,0.466
henhouse,0.414
hepatitis,0.358
herb,0.353
herbaceous,0.31
herbal,0.39
herbarium,0.327
herbs,0.308
herd,0.474
heresy,0.443
heretic,0.447
heretical,0.487
heretofore,0.385
hereunto,0.333
herewith,0.415
hermaphrodite,0.481
hermit,0.351
hernia,0.223
herpes,0.309
herpesvirus,0.435
herring,0.422
hesitant,0.321
hesitate,0.232
hesitating,0.24
hesitation,0.217
hetero,0.435
hew,0.377
hex,0.363
hexagon,0.425
hiatus,0.352
hibernate,0.431
hibernation,0.384
hiccup,0.24
hick,0.314
hickey,0.345
hickory,0.415
hidden,0.327
hide,0.218
hideaway,0.36
hideous,0.328
hideout,0.302
hiding,0.364
high heels,0.429
highball,0.481
hightail,0.481
highway,0.425
hiking boot,0.446
hillside,0.458
hind,0.337
hinder,0.47
hindering,0.435
hindrance,0.473
hinge,0.417
hinterland,0.457
hip,0.345
hip hop,0.484
hippie,0.396
hippo,0.477
hirsute,0.373
hiss,0.37
hissing,0.4
hitchhike,0.385
hitherto,0.463
hoarse,0.315
hoary,0.424
hoax,0.303
hob,0.415
hobbit,0.472
hobby,0.471
hobo,0.282
hock,0.412
hoe,0.418
hog,0.271
hogwash,0.361
hohoho,0.33
hoist,0.458
hokey,0.43
hold,0.364
holdup,0.398
hole,0.33
holler,0.406
hollow,0.222
holly,0.443
holster,0.339
homeboy,0.436
homecoming,0.472
homeless,0.188
homely,0.399
homemade,0.398
homeopathic,0.4
homeopathy,0.439
homeroom,0.491
homesick,0.347
homeward,0.435
homework,0.459
homily,0.425
hominy,0.429
homo,0.415
homophobic,0.464
homosexual,0.431
homosexuality,0.429
honcho,0.397
hone,0.473
honeycomb,0.412
honk,0.415
honky,0.425
hooch,0.373
hood,0.306
hooded,0.439
hoodlum,0.432
hoof,0.365
hook,0.395
hooked,0.454
hooker,0.373
hooky,0.452
hooligan,0.455
hoop,0.315
hoopla,0.353
hoot,0.43
hooter,0.455
hop,0.427
hopeless,0.112
hopelessness,0.223
hoping,0.454
hopper,0.442
horizontal,0.387
horizontally,0.439
horn,0.366
horned,0.375
horoscope,0.49
horrendous,0.365
horrible,0.398
horribly,0.454
horrid,0.419
horrific,0.481
horrified,0.368
horrifying,0.352
horror,0.438
horrors,0.409
horseradish,0.476
horseshit,0.179
horseshoe,0.406
horsey,0.462
horticulture,0.434
hose,0.263
hosiery,0.373
hostage,0.325
hostel,0.398
hostile,0.474
hostilities,0.444
hostility,0.465
hotbed,0.395
hotdog,0.373
hotel,0.407
hotyoga,0.446
hour,0.336
hourglass,0.492
hourly,0.491
houseboat,0.429
houseboy,0.393
housebroken,0.389
houseguest,0.481
housekeeping,0.445
housewife,0.449
housework,0.342
hovel,0.322
hover,0.404
howl,0.407
howsoever,0.345
hoy,0.471
hub,0.433
hubby,0.43
huckleberry,0.296
huddle,0.445
hue,0.417
huff,0.315
huffy,0.375
hugger,0.412
huggy,0.451
hull,0.353
hum,0.276
humanoid,0.491
humble,0.483
humbled,0.198
humbly,0.37
humbug,0.456
humdrum,0.353
humid,0.366
humidity,0.367
humiliate,0.275
humiliated,0.216
humiliating,0.279
humiliation,0.31
humility,0.444
hummingbird,0.273
humor,0.462
hump,0.25
humpback,0.247
hunchback,0.259
hundred,0.406
hundredth,0.466
hunger,0.328
hungry,0.254
hunk,0.361
hunks,0.482
hunky,0.438
hurdle,0.434
hurried,0.393
hurry,0.481
hurt,0.291
hurtful,0.463
hurting,0.221
husbandry,0.445
hush,0.312
hushed,0.272
husk,0.147
husky,0.49
hussy,0.384
hustle,0.427
hut,0.375
hyacinth,0.342
hydrant,0.367
hydrocephalus,0.393
hydrophobia,0.351
hyena,0.464
hymen,0.457
hypertension,0.427
hypertrophy,0.413
hyphen,0.381
hypnotized,0.38
hypochondriac,0.333
hypocrisy,0.37
hypocrite,0.306
hypocritical,0.415
hypodermic,0.445
hypothermia,0.301
hypothetical,0.361
hysterectomy,0.47
hysteria,0.482
hysterical,0.398
ice,0.219
ice tea,0.336
icebox,0.37
iced,0.339
icing,0.411
icky,0.342
icon,0.415
icy,0.345
id,0.391
identically,0.487
idiocy,0.137
idiom,0.445
idiot,0.113
idiotic,0.17
idiots,0.144
idle,0.112
idleness,0.228
idler,0.194
iffy,0.333
ifonly,0.255
igloo,0.345
ignorance,0.209
ignorant,0.223
ignore,0.295
iguana,0.291
ihatespiders,0.42
ilk,0.455
ill,0.2
illegal,0.337
illegality,0.427
illegally,0.402
illegible,0.315
illegitimate,0.302
illicit,0.39
illiterate,0.151
illness,0.211
illogical,0.251
illusion,0.387
image,0.453
imagery,0.39
imaginary,0.31
imagined,0.418
imaging,0.482
imbalance,0.264
imbecile,0.26
imissyou,0.344
imitate,0.336
imitated,0.442
imitation,0.343
immaterial,0.295
immature,0.2
immaturity,0.221
immemorial,0.454
immigration,0.454
immobile,0.298
immoral,0.385
immorality,0.315
imp,0.42
impair,0.36
impaired,0.269
impairment,0.22
impatience,0.411
impatient,0.429
impediment,0.409
imperfect,0.202
imperfection,0.321
imperfectly,0.33
impermissible,0.352
impersonal,0.472
impersonator,0.406
impertinence,0.42
impertinent,0.373
implicate,0.434
implicated,0.438
implied,0.481
implore,0.377
impolite,0.282
impossibility,0.306
impossible,0.407
impostor,0.442
impotence,0.224
impotent,0.333
impoverished,0.203
impracticable,0.381
impractical,0.291
impressed,0.429
imprisoned,0.302
imprisonment,0.471
improbable,0.439
impromptu,0.415
improper,0.259
impropriety,0.389
improvised,0.443
imprudent,0.265
impudence,0.472
impudent,0.462
impure,0.208
impurity,0.306
imtryingtosleep,0.385
inability,0.25
inaccessible,0.446
inaccurate,0.25
inaction,0.325
inactivate,0.415
inactivation,0.22
inactive,0.159
inactivity,0.227
inadequacy,0.297
inadequate,0.223
inadequateness,0.316
inadmissible,0.389
inadvertent,0.286
inaffable,0.455
inane,0.268
inanimate,0.224
inapplicable,0.33
inappropriate,0.353
inattention,0.188
inaudible,0.358
inbred,0.473
incapable,0.155
incapacity,0.217
incarceration,0.397
incase,0.365
incense,0.328
incensed,0.392
incest,0.491
incestuous,0.442
inch,0.3
incidence,0.429
incident,0.482
incidental,0.404
incineration,0.47
incipient,0.43
incline,0.345
inclined,0.402
incognito,0.446
incoherent,0.25
incompatible,0.31
incompetence,0.208
incompetent,0.239
incomplete,0.205
incompletely,0.232
incompleteness,0.234
incomprehensible,0.344
inconclusive,0.34
incongruous,0.343
inconsequential,0.345
inconsiderate,0.423
inconsistency,0.314
inconsistent,0.295
inconspicuous,0.368
incontinence,0.272
inconvenience,0.291
inconvenient,0.375
incorrect,0.255
incredulous,0.269
incriminate,0.416
incubation,0.397
incubator,0.405
incubus,0.482
incur,0.495
incurable,0.255
indebted,0.275
indecency,0.491
indecent,0.24
indecision,0.196
indecisive,0.19
indefensible,0.484
indefinite,0.296
indent,0.379
indentation,0.349
indeterminate,0.322
index,0.342
indict,0.458
indie,0.43
indifference,0.299
indifferent,0.25
indigent,0.223
indigestion,0.182
indignant,0.423
indignation,0.431
indignity,0.306
indigo,0.473
indirect,0.33
indiscreet,0.342
indiscretion,0.39
indisposed,0.206
indistinct,0.36
indolent,0.259
indoor,0.347
induced,0.491
ineffective,0.094
ineffectual,0.2
inefficiency,0.181
inefficient,0.173
inelastic,0.385
ineligible,0.457
inept,0.209
ineptitude,0.25
inequality,0.259
inequitable,0.373
inert,0.319
inertia,0.322
inexact,0.17
inexpensive,0.26
inexperience,0.151
inexperienced,0.231
inexplicable,0.443
inexpressible,0.364
infamous,0.472
infamy,0.421
infancy,0.37
infant,0.328
infanticide,0.443
infantile,0.259
infarct,0.386
infatuated,0.417
infeasible,0.236
infect,0.424
infection,0.407
infectious,0.422
infer,0.453
inference,0.398
inferential,0.455
inferior,0.106
inferiority,0.205
inferno,0.463
infertile,0.255
infertility,0.328
infidel,0.404
infidelity,0.392
infield,0.438
infinitesimal,0.496
infirm,0.21
infirmity,0.252
inflammation,0.423
inflammatory,0.404
inflatable,0.4
inflate,0.462
inflection,0.377
inflorescence,0.412
influenza,0.321
informal,0.441
infraction,0.471
infrequent,0.192
infrequently,0.327
infringement,0.481
infusion,0.453
ingest,0.473
ingrate,0.327
ingredient,0.451
inhalation,0.464
inhale,0.492
inhaler,0.349
inherent,0.48
inhibit,0.447
inhibitor,0.471
inhospitable,0.395
inhuman,0.492
inhumane,0.402
inhumanity,0.405
iniquity,0.425
injure,0.364
injured,0.302
injuring,0.245
injurious,0.366
injury,0.287
injustice,0.444
ink,0.235
inland,0.423
inlet,0.466
inmate,0.398
inn,0.475
innards,0.4
inner,0.443
innings,0.443
innkeeper,0.472
innocence,0.307
innocent,0.34
innocently,0.302
innocuous,0.172
innuendo,0.463
inoperable,0.304
inoperative,0.273
inordinate,0.33
inorganic,0.282
inquire,0.363
insane,0.265
insanity,0.337
insect,0.242
insecticide,0.43
insecure,0.132
insecurity,0.35
insensitive,0.302
inserted,0.476
inside,0.472
insidious,0.48
insignificance,0.222
insignificant,0.114
insinuate,0.413
insipid,0.241
insolence,0.402
insolent,0.343
insoluble,0.414
insolvency,0.3
insolvent,0.318
insomnia,0.373
insomniac,0.329
instability,0.353
installment,0.483
insufferable,0.291
insufficiency,0.21
insufficient,0.093
insufficiently,0.198
insular,0.465
insulate,0.286
insulated,0.304
insulation,0.264
insulin,0.375
insult,0.389
insulting,0.412
intake,0.442
intangible,0.473
inter,0.466
interchanged,0.434
intercom,0.453
interfere,0.471
interference,0.357
interior,0.462
interlude,0.377
intermediate,0.4
interment,0.346
intermission,0.402
intermittent,0.436
intern,0.392
internal,0.423
internship,0.482
interrupted,0.333
interruption,0.425
interrupts,0.389
intersect,0.48
interval,0.4
intervening,0.442
intestate,0.415
intestinal,0.37
intestine,0.38
intestines,0.398
intimate,0.393
intimidated,0.208
intolerable,0.439
intoxicated,0.246
intoxicating,0.464
intoxication,0.4
intractable,0.302
intramural,0.447
intravenous,0.458
intrigue,0.327
intriguing,0.462
introspective,0.471
intrude,0.48
intruder,0.324
inundation,0.455
invalid,0.255
invalidate,0.397
invalidation,0.278
invalidity,0.158
inventory,0.49
inverse,0.319
inversely,0.351
inverted,0.357
invidious,0.364
invisibility,0.382
invisible,0.412
invoice,0.474
involuntary,0.231
involution,0.407
inwards,0.438
iodine,0.333
ion,0.408
iota,0.314
irate,0.474
iris,0.38
irked,0.353
irks,0.339
irrational,0.394
irrationality,0.361
irreconcilable,0.375
irregular,0.321
irregularity,0.306
irregularly,0.397
irrelevant,0.296
irreparable,0.43
irresponsible,0.241
irrigate,0.49
irrigation,0.426
irritability,0.283
irritable,0.462
irritate,0.368
irritated,0.281
irritates,0.295
irritating,0.393
irritation,0.496
island,0.432
isle,0.443
islet,0.367
isolate,0.336
isolated,0.255
isolation,0.339
isomorphism,0.481
isotope,0.407
issue,0.351
itch,0.465
itching,0.3
itchy,0.296
item,0.465
items,0.434
iterate,0.44
iteration,0.486
itinerant,0.439
itinerary,0.454
jab,0.482
jabber,0.342
jack,0.441
jackal,0.436
jackass,0.279
jacket,0.382
jackrabbit,0.344
jade,0.455
jaded,0.4
jag,0.427
jagged,0.213
jail,0.48
jailbird,0.473
jailbreak,0.471
jailhouse,0.43
jalopy,0.337
jam,0.318
jamboree,0.351
jammed,0.411
jammer,0.491
janitorial,0.481
jar,0.318
jargon,0.404
jarhead,0.464
jarring,0.309
jasmine,0.286
jasper,0.402
jaundice,0.355
java,0.343
javelin,0.465
jaw,0.42
jawbone,0.342
jaws,0.455
jay,0.389
jazz,0.45
jazzy,0.389
jealous,0.345
jealousy,0.481
jean,0.364
jeans,0.371
jeering,0.38
jelly,0.256
jellybean,0.399
jellyfish,0.377
jenny,0.407
jerk,0.238
jerks,0.395
jerky,0.358
jersey,0.411
jest,0.222
jester,0.264
jetty,0.453
jib,0.413
jiff,0.349
jiffy,0.38
jig,0.357
jihad,0.444
jimmy,0.311
jingle,0.424
jinx,0.373
jitters,0.192
jittery,0.255
jive,0.373
jock,0.473
jockstrap,0.39
jogger,0.424
john,0.327
joke,0.316
joker,0.416
joking,0.407
jolt,0.358
jot,0.35
jour,0.415
journal,0.352
journalistic,0.495
jug,0.213
juggle,0.426
juggler,0.48
juggling,0.346
jugular,0.426
juice,0.352
juicy,0.49
juju,0.206
juke,0.41
jukebox,0.429
jumble,0.331
jumbled,0.445
jumbo,0.447
jump rope,0.368
jumper,0.481
jumpsuit,0.361
jumpy,0.216
junction,0.364
juncture,0.491
jungle,0.481
junior,0.304
juniper,0.352
junk,0.118
junket,0.386
junkie,0.363
junky,0.343
junkyard,0.302
juststop,0.364
justthebeginning,0.481
jute,0.295
juxtaposition,0.46
kale,0.411
kangaroo,0.301
kanji,0.425
kappa,0.366
kaput,0.44
karaoke,0.342
karmic,0.464
kayak,0.364
kazoo,0.411
kebab,0.377
keel,0.419
keepsake,0.491
keg,0.404
kelp,0.213
ken,0.36
kennel,0.406
kerchief,0.236
kern,0.449
kernel,0.462
kerosene,0.427
ketchup,0.282
kettle,0.333
keyboard,0.349
keyhole,0.356
keypad,0.33
keystone,0.491
khaki,0.278
kibble,0.404
kid,0.298
kidder,0.471
kidding,0.457
kiddo,0.419
kiddos,0.342
kidnapped,0.455
kidney,0.38
kids,0.417
killjoy,0.324
kiln,0.414
kilo,0.461
kilogram,0.455
kilometer,0.485
kilt,0.348
kimono,0.363
kin,0.457
kindergarten,0.308
kindling,0.421
kink,0.321
kinky,0.361
kiosk,0.321
kirk,0.388
kissy,0.402
kit,0.42
kitchen,0.398
kitten,0.26
kiwi,0.282
klutz,0.356
knapsack,0.268
knead,0.345
knee,0.396
kneecap,0.44
kneel,0.217
kneeling,0.144
knell,0.377
knick,0.42
knickers,0.328
knit,0.295
knob,0.272
knockoff,0.24
knoll,0.333
knot,0.408
knots,0.267
knotted,0.294
knowingly,0.481
knuckle,0.393
knucklehead,0.288
knuckles,0.32
koala,0.311
kook,0.398
kooky,0.366
kool-aid,0.393
kos,0.407
kosher,0.312
kraut,0.39
kris,0.407
kumquat,0.39
label,0.423
labyrinth,0.491
lac,0.331
lace,0.293
laceration,0.443
lack,0.242
lackey,0.166
lacking,0.121
lackluster,0.264
lacquer,0.258
lactose,0.433
lad,0.336
ladder,0.358
laddie,0.391
lading,0.409
ladle,0.352
lady bug,0.381
ladybug,0.224
lag,0.246
lager,0.353
lagging,0.277
lagoon,0.373
lair,0.392
laity,0.487
lake,0.425
lama,0.4
lamb,0.321
lame,0.217
lament,0.352
lamenting,0.254
lamina,0.408
laminated,0.373
lamp,0.309
lamppost,0.455
landed,0.48
landfall,0.407
landfill,0.324
landlady,0.417
landlocked,0.367
lands,0.492
landscape,0.423
lane,0.451
languid,0.283
languish,0.382
languishing,0.353
lanky,0.37
lantern,0.243
lap,0.412
lapdog,0.269
lapel,0.288
lapse,0.281
lapsed,0.276
larceny,0.454
lard,0.179
lark,0.352
larva,0.254
laryngitis,0.37
larynx,0.402
lasagna,0.396
lass,0.433
lasso,0.339
lastday,0.463
lastminute,0.385
latch,0.288
late,0.315
lateness,0.343
lateral,0.322
laterally,0.45
latex,0.325
lathe,0.425
lather,0.313
latitude,0.49
latrine,0.176
latrines,0.267
latte,0.311
lattice,0.349
laud,0.383
laudatory,0.45
laughable,0.298
laughingstock,0.312
laughs,0.425
launder,0.349
laundering,0.444
laundry,0.377
laurel,0.302
lavage,0.361
lavatory,0.259
lavender,0.388
lawless,0.42
lawn,0.192
lawnmower,0.355
lax,0.3
lay,0.491
layaway,0.451
layer,0.366
layered,0.436
layman,0.424
laziness,0.132
lazy,0.096
lazyday,0.145
lea,0.358
lead,0.455
leaf,0.294
leaflet,0.375
league,0.462
leaky,0.288
lean,0.438
leaned,0.49
leaning,0.352
learner,0.398
leash,0.427
leather,0.341
leathery,0.411
leave,0.295
leavemealone,0.402
leaving,0.371
lecherous,0.376
ledge,0.339
lee,0.296
leech,0.268
leeches,0.295
leery,0.41
lees,0.406
left,0.361
leftout,0.245
leftover,0.222
leftovers,0.116
lefty,0.379
leg,0.313
lego,0.189
legs,0.228
legume,0.465
leisure,0.421
leisurely,0.367
lemma,0.391
lemon,0.316
lemonade,0.412
lending,0.462
lengthened,0.474
lenient,0.34
lens,0.472
leotard,0.391
leper,0.206
leprechaun,0.417
leprosy,0.349
lesbian,0.415
lesbianism,0.44
lesion,0.361
less,0.115
lessen,0.255
lessening,0.277
lesser,0.211
let,0.307
lethargic,0.375
lethargy,0.316
letter,0.342
lettered,0.482
letterhead,0.462
lettering,0.431
letters,0.364
lettuce,0.291
leukemia,0.351
levee,0.49
level,0.491
lever,0.402
levy,0.491
lewd,0.412
liaison,0.472
liar,0.339
libel,0.403
libelous,0.436
libretto,0.406
lice,0.194
lichen,0.463
lick,0.33
licorice,0.4
lid,0.255
lie,0.272
liege,0.452
lien,0.441
lieu,0.312
lifeless,0.163
lifeline,0.496
lifer,0.398
lifesucks,0.377
ligation,0.396
ligature,0.447
lightbulb,0.302
lighten,0.362
lightheaded,0.255
lightweight,0.358
like,0.446
likely,0.454
likewise,0.312
lilac,0.357
lily,0.263
limb,0.427
limbo,0.309
lime,0.415
limestone,0.381
limey,0.415
limitation,0.225
limited,0.38
limp,0.172
lin,0.343
line,0.353
lineal,0.474
linear,0.472
lined,0.424
linen,0.286
liner,0.4
lines,0.33
linger,0.412
lingerie,0.308
lingo,0.447
lingual,0.315
linguini,0.355
lining,0.472
link,0.491
linoleum,0.402
lint,0.214
lip,0.443
liposuction,0.464
lipstick,0.306
liquefied,0.342
liqueur,0.389
liquid,0.307
liquor,0.433
lira,0.37
lisp,0.288
list,0.402
listen,0.445
listener,0.403
listenting,0.491
listing,0.432
listless,0.231
listneing,0.433
litany,0.482
liter,0.382
lithium,0.43
lithograph,0.481
lithography,0.473
litter,0.11
little,0.213
littlethings,0.242
littoral,0.452
liver,0.385
livery,0.429
livid,0.49
lizard,0.324
lml,0.385
loaf,0.277
loafer,0.254
loan,0.352
loath,0.445
loathe,0.429
loathful,0.358
loathing,0.368
loathsome,0.343
lobby,0.472
lobe,0.352
lobotomy,0.402
lobster,0.291
local,0.452
locale,0.352
locality,0.464
loch,0.425
locker,0.393
locksmith,0.491
loco,0.226
locust,0.417
lode,0.318
lodge,0.474
lodger,0.304
loft,0.343
log,0.395
loin,0.379
lollipop,0.357
lone,0.367
loneliness,0.222
lonely,0.238
loner,0.221
lonesome,0.336
longboat,0.49
loo,0.283
looker,0.451
loom,0.325
loon,0.325
loony,0.295
loop,0.317
loophole,0.491
loopy,0.195
loose,0.365
loosen,0.218
loosening,0.295
lop,0.426
lopsided,0.272
lorry,0.402
lose,0.176
loser,0.155
losing,0.223
loss,0.211
lost,0.148
lot,0.37
lotion,0.188
lots,0.424
lottery,0.491
lotto,0.475
loudmouth,0.456
lounge,0.466
lounging,0.449
louse,0.154
lousy,0.234
loveless,0.216
low,0.102
lowdown,0.441
lower,0.258
lowering,0.236
lowest,0.129
lowlands,0.331
lowlife,0.309
lowly,0.417
lox,0.318
lsd,0.39
luau,0.296
lube,0.411
lubricant,0.454
lubricate,0.47
lubrication,0.491
luckygirl,0.471
ludicrous,0.274
lug,0.34
luggage,0.319
lukewarm,0.241
lull,0.402
lullaby,0.339
lumbar,0.342
lumber,0.373
lump,0.463
lumpy,0.365
lunacy,0.33
lunar,0.427
lunatic,0.442
lunchbox,0.346
luncheon,0.441
lunchtime,0.444
lurch,0.363
lure,0.3
lycra,0.328
lye,0.443
lying,0.317
lymph,0.39
lymphatic,0.472
lymphoma,0.33
lynch,0.482
lyre,0.414
lyric,0.464
lyrics,0.333
macadamia,0.434
macarena,0.368
macaroni,0.382
mace,0.415
mach,0.463
machete,0.474
mackerel,0.426
mad,0.277
madden,0.457
madder,0.267
mademoiselle,0.461
madhouse,0.44
madman,0.312
madness,0.44
magazine,0.377
mage,0.453
magenta,0.415
maggot,0.235
magnesium,0.321
magnifier,0.345
magnifying,0.406
magnolia,0.379
magpie,0.327
mahi mahi,0.398
mahjong,0.44
mahogany,0.393
maid,0.3
maiden,0.461
mailbox,0.404
mailing,0.375
mailman,0.462
maim,0.496
make,0.48
makeshift,0.389
makeup,0.331
malady,0.304
malaise,0.161
malaria,0.304
malarkey,0.465
malfeasance,0.325
malformation,0.357
malfunction,0.229
malice,0.492
malign,0.481
malignant,0.37
maligned,0.218
mall,0.492
malleable,0.391
mallet,0.483
malnutrition,0.277
malpractice,0.33
malt,0.324
mambo,0.445
mamma,0.449
mammal,0.421
mammy,0.436
mandarin,0.491
mandolin,0.367
mandrel,0.481
mane,0.373
mange,0.348
manger,0.398
mangle,0.355
mango,0.29
mangosteen,0.414
mangy,0.27
mania,0.382
maniac,0.431
manic,0.368
manicure,0.284
manicurist,0.341
manifold,0.435
manned,0.484
mannequin,0.295
manner,0.32
mannered,0.291
manslaughter,0.473
mantel,0.471
mantis,0.421
mantle,0.422
mantra,0.357
manual,0.449
manure,0.241
map,0.463
maple,0.339
marbled,0.418
marbles,0.241
march,0.483
mare,0.417
margarine,0.333
margarita,0.42
margin,0.331
marginal,0.345
marinara,0.435
marks,0.424
marl,0.351
marmalade,0.288
maroon,0.336
marooned,0.16
marred,0.233
marrow,0.472
marsh,0.277
marshmallow,0.391
mart,0.418
martingale,0.455
martyrdom,0.442
marzipan,0.258
mascara,0.269
mascot,0.337
mash,0.283
mashed,0.194
masks,0.241
masochism,0.483
masochist,0.353
masquerade,0.446
mass,0.277
massage,0.413
masses,0.473
masseur,0.463
masseuse,0.391
mat,0.304
matchbook,0.412
matching,0.418
material,0.439
materials,0.473
materiel,0.417
matinee,0.447
matted,0.393
matting,0.423
mattress,0.397
maudlin,0.368
mauve,0.314
maverick,0.409
may,0.245
mayday,0.423
mayflower,0.429
mayhem,0.364
mayonnaise,0.222
maze,0.444
mead,0.441
meadow,0.382
meager,0.281
meal,0.473
meander,0.454
meanie,0.404
meaningless,0.143
meanness,0.368
means,0.46
meantime,0.3
measles,0.422
measure,0.365
measurement,0.491
measuring cup,0.377
measuring tape,0.327
meat,0.413
meatball,0.343
meathead,0.49
meatloaf,0.375
meddling,0.461
media,0.464
medial,0.429
median,0.375
medieval,0.455
mediocre,0.149
mediocrity,0.225
meditating,0.399
meditation,0.478
meditative,0.454
medium,0.358
medley,0.4
meek,0.198
meh,0.365
melancholic,0.277
melancholy,0.237
mellow,0.265
melodrama,0.446
melodramatic,0.368
melody,0.405
melon,0.271
melt,0.312
membrane,0.418
memo,0.407
memorabilia,0.491
memoriesiwontforget,0.455
menial,0.352
meningitis,0.407
meniscus,0.453
menopause,0.306
menses,0.331
menstrual,0.435
menthol,0.433
menu,0.385
meow,0.412
mercury,0.475
mere,0.176
merengue,0.442
meringue,0.411
mermaid,0.452
mesa,0.319
mescaline,0.415
mesh,0.371
meshes,0.362
mesmerized,0.421
mess,0.273
message,0.415
messedup,0.358
messy,0.14
metaphor,0.47
metaphorical,0.48
metastasis,0.452
meter,0.463
meth,0.34
methadone,0.453
metime,0.417
metrical,0.482
metrology,0.439
mew,0.38
mezzanine,0.404
mica,0.314
mick,0.382
micro,0.25
microbe,0.34
microchip,0.432
microfilm,0.412
microgram,0.355
micrometer,0.394
micron,0.315
microphone,0.462
microscope,0.464
microscopic,0.433
microscopically,0.412
microscopy,0.455
microwave,0.443
mid,0.356
midair,0.455
midday,0.403
middle,0.3
middleman,0.452
middleweight,0.428
midget,0.254
midland,0.456
midlife,0.473
midline,0.33
midst,0.296
midsummer,0.492
midterm,0.425
midway,0.304
midwife,0.453
midwifery,0.459
mien,0.447
miffed,0.429
mignon,0.423
migraine,0.318
migrate,0.454
migratory,0.491
mike,0.423
mil,0.347
mild,0.216
mildew,0.241
mildness,0.311
mile,0.456
milk,0.327
milkman,0.304
milkshake,0.33
milky,0.311
mill,0.347
milligram,0.302
millimeter,0.36
millstone,0.492
mime,0.302
mimic,0.391
mimicking,0.364
mimicry,0.472
mince,0.378
mincemeat,0.358
mindless,0.153
mingle,0.434
mingled,0.357
mini,0.221
miniature,0.204
minibus,0.428
minim,0.138
minimal,0.206
minimize,0.311
minimized,0.208
minimum,0.194
minion,0.167
minivan,0.452
mink,0.43
minnow,0.364
minor,0.175
minority,0.211
minstrel,0.397
mint,0.345
minty,0.361
minuscule,0.214
minute,0.356
minutiae,0.316
minx,0.404
mir,0.355
mire,0.298
mirror,0.438
misbehave,0.304
misbehavior,0.269
miscalculation,0.353
miscarriage,0.312
miscellaneous,0.196
miscellany,0.384
mischief,0.292
mischievous,0.472
misconception,0.291
misconduct,0.304
misdemeanor,0.364
misdirection,0.281
miser,0.311
miserable,0.188
miserably,0.15
misery,0.158
misfire,0.2
misfit,0.393
misfortune,0.311
misguided,0.259
mishap,0.227
misinformed,0.25
misinterpretation,0.36
mislead,0.412
misleading,0.272
misled,0.353
mismanagement,0.295
mismatch,0.282
mismatched,0.302
misnomer,0.284
misplace,0.191
misplaced,0.324
misread,0.315
misrepresent,0.418
misrepresented,0.466
miss,0.408
missing,0.222
missingyou,0.377
misspell,0.281
misstatement,0.221
missy,0.333
mist,0.221
mistake,0.102
mistaken,0.212
mistletoe,0.324
mistreated,0.2
mistrust,0.231
misty,0.278
misunderstand,0.382
misunderstanding,0.284
misunderstood,0.309
misuse,0.196
mite,0.271
miter,0.414
mitigate,0.456
mitigation,0.423
mitt,0.264
mitten,0.408
mitzvah,0.409
mix,0.472
mixed,0.444
mixedemotions,0.43
mixture,0.481
mnemonic,0.452
moan,0.352
moat,0.314
mobile,0.481
mocha,0.311
mocked,0.204
mockery,0.181
mocking,0.394
mockingbird,0.423
mod,0.384
modal,0.461
mode,0.367
modeling,0.49
moderate,0.453
moderate disgust,0.381
moderate negative,0.306
moderation,0.453
modest,0.412
modicum,0.327
modifiable,0.373
modulus,0.481
moiety,0.454
moist,0.386
moisture,0.327
moisturizer,0.386
molar,0.35
molasses,0.286
mold,0.402
molded,0.373
moldy,0.25
mole,0.352
molecule,0.375
molest,0.319
molestation,0.407
molester,0.478
molten,0.339
momentary,0.33
mommy,0.422
monad,0.451
mongoloid,0.317
mongrel,0.395
monk,0.439
monkey,0.283
mono,0.273
monochrome,0.339
monogamous,0.402
monogamy,0.455
monogram,0.425
monogrammed,0.402
monograph,0.481
monolayer,0.433
monotonous,0.4
monotony,0.353
monoxide,0.49
monsoon,0.481
montage,0.388
monte,0.391
month,0.411
monthly,0.364
moo,0.3
mooch,0.309
moods,0.491
moonbeam,0.491
moonlight,0.409
moonshine,0.491
moonstruck,0.407
moor,0.378
moored,0.417
mooring,0.444
moorland,0.456
moose,0.318
mooted,0.463
mop,0.296
mope,0.345
morass,0.375
moratorium,0.373
moray,0.463
morbid,0.395
morbidity,0.443
morbidness,0.339
morgue,0.241
moribund,0.167
morn,0.345
morning,0.444
moron,0.183
moronic,0.224
morose,0.264
morph,0.451
morphine,0.496
morphism,0.386
morrow,0.49
morsel,0.4
mortgagor,0.49
mortician,0.275
mortification,0.404
mortified,0.27
mortuary,0.427
mosaic,0.302
mosey,0.33
mosquito,0.198
moss,0.245
mossy,0.286
mote,0.26
motel,0.45
moth,0.196
motherfucker,0.351
motherfucking,0.373
motherless,0.337
motionless,0.246
motley,0.412
motorboat,0.39
motte,0.37
mottled,0.295
motto,0.439
mould,0.246
mount,0.348
mourn,0.15
mournful,0.188
mourning,0.266
mouse,0.206
mousetrap,0.33
mousse,0.368
moustache,0.409
mousy,0.339
mouth,0.336
mouthful,0.389
mouthpiece,0.393
mouthwash,0.352
mover,0.466
movie,0.471
movies,0.472
moving,0.358
movingon,0.435
mow,0.393
mower,0.368
moxie,0.366
mozzarella,0.34
mri,0.349
muchneeded,0.455
mucis,0.42
muck,0.272
mucked,0.373
mucous,0.293
mucus,0.228
mud,0.185
muddle,0.336
muddled,0.263
muddy,0.283
muff,0.314
muffin,0.306
muffled,0.421
muffler,0.454
mug,0.382
mulberry,0.361
mulch,0.383
mule,0.254
mullet,0.377
multiple sclerosis,0.483
mumble,0.245
mumbo,0.336
mummy,0.415
mumps,0.311
munch,0.434
munchies,0.491
munchkin,0.374
mundane,0.48
mural,0.454
murderess,0.462
murky,0.37
murmur,0.2
museum,0.481
mush,0.125
mushroom,0.269
mushy,0.182
musing,0.465
musk,0.453
muskrat,0.368
muslin,0.352
muss,0.302
must,0.441
mustard,0.275
musty,0.267
mutable,0.491
mutate,0.463
mute,0.25
muted,0.162
mutilate,0.465
mutilated,0.356
mutilation,0.456
mutt,0.387
mutter,0.228
mutton,0.393
mutual,0.464
muzzle,0.232
myopia,0.226
myopic,0.218
mysterious,0.455
mysticism,0.423
myth,0.338
nab,0.407
nacho,0.333
nada,0.136
nadir,0.424
nag,0.472
nail,0.282
naive,0.375
naked,0.288
nakedness,0.35
namaste,0.464
name,0.415
nameless,0.164
namesake,0.404
nana,0.375
nanometer,0.446
nap,0.342
napalm,0.471
nape,0.298
napkin,0.209
napping,0.306
nappy,0.207
narcotic,0.45
narrate,0.473
narrative,0.443
narrow,0.356
narrowing,0.357
nasal,0.33
nasty,0.264
natal,0.481
natural,0.481
natural gas,0.396
naught,0.161
naughty,0.371
nausea,0.273
nauseate,0.176
nauseating,0.25
nauseous,0.284
navel,0.276
nay,0.325
nearsighted,0.265
neat,0.491
nebula,0.438
nebulae,0.472
nebulous,0.417
necessities,0.463
neck,0.345
necklace,0.373
necktie,0.314
necrosis,0.385
nectar,0.398
need,0.2
needalife,0.394
needit,0.356
needle,0.36
needles,0.348
needless,0.2
needtoknow,0.474
needtorelax,0.274
needy,0.245
negation,0.297
negative,0.176
negativity,0.273
neglect,0.163
neglected,0.16
neglecting,0.23
negligee,0.336
negligence,0.251
negligent,0.259
negligently,0.266
negligible,0.232
negro,0.461
neigh,0.373
neighbor,0.434
neighborhood,0.373
neighboring,0.481
neon,0.38
neonatal,0.357
neophyte,0.411
neoprene,0.443
nephew,0.412
nerd,0.315
nerdy,0.292
nerve,0.307
nerves,0.264
nervous,0.213
nervousness,0.241
nervouswreck,0.179
nervy,0.241
ness,0.392
nest,0.333
nestle,0.379
nestling,0.286
net,0.417
nether,0.259
nettle,0.49
network,0.466
neural,0.391
neuralgia,0.439
neurosis,0.418
neurotic,0.387
neuter,0.302
neutral,0.357
neutrality,0.434
newborn,0.372
newcomer,0.396
newsletter,0.49
newspaper,0.444
newsstand,0.336
nexus,0.412
nib,0.406
nibble,0.411
niche,0.318
nichts,0.404
nick,0.387
nickel,0.406
nickname,0.263
nicotine,0.447
niece,0.4
nigger,0.398
nigh,0.336
night,0.404
nightcap,0.268
nightfall,0.426
nightgown,0.25
nightie,0.274
nightingale,0.496
nightly,0.474
nightmare,0.436
nightmares,0.448
nightstand,0.327
nightstick,0.348
nighttime,0.439
nihilism,0.364
nil,0.157
nincompoop,0.368
nine,0.327
nineteen,0.375
ninety,0.436
ninny,0.309
nintendo,0.464
ninth,0.396
nip,0.264
nipper,0.317
nipple,0.415
nippy,0.416
nitrous,0.411
nitwit,0.139
nix,0.404
no anticipation,0.341
no disgust,0.448
no emotion,0.225
no sentiment,0.278
no surprise,0.412
no trust,0.257
nobodycares,0.354
nocomplaints,0.491
nocturnal,0.462
nod,0.427
nodding,0.426
node,0.361
nodular,0.411
nodule,0.349
noggin,0.382
nohope,0.385
noir,0.365
noise,0.388
nomad,0.433
nomadic,0.422
nominal,0.463
nonce,0.377
nonchalant,0.366
noncompliance,0.259
nondescript,0.348
nonexistent,0.149
nonfat,0.34
nonfiction,0.431
nonpayment,0.298
nonresident,0.302
nonsense,0.155
nonsensical,0.193
nonviolent,0.346
noob,0.267
noodle,0.225
nook,0.296
noose,0.33
nopoint,0.314
noregrets,0.426
normal,0.38
normality,0.444
north,0.45
northbound,0.491
northeast,0.375
northern,0.472
northwest,0.451
northwestern,0.462
noschool,0.38
nose,0.245
nosebleed,0.361
nosey,0.223
nosnow,0.366
nostalgia,0.339
nostalgic,0.184
nostress,0.415
nostril,0.316
nosun,0.351
nosy,0.433
not negative,0.444
not positive,0.236
notamorningperson,0.44
notch,0.358
notched,0.356
note,0.416
notebook,0.442
noted,0.464
nothappy,0.17
nothingness,0.161
notice,0.491
notready,0.196
notwithstanding,0.433
nought,0.116
noun,0.477
nouveau,0.432
novel,0.439
novice,0.18
nowadays,0.4
nowork,0.309
noxious,0.379
nozzle,0.287
nuance,0.411
nude,0.2
nudie,0.373
nudist,0.483
nudity,0.415
nugget,0.348
nuisance,0.227
nul,0.264
nullify,0.395
numb,0.352
number,0.471
numbering,0.482
numbers,0.44
numbness,0.265
numbskull,0.284
numeral,0.382
nun,0.406
nunnery,0.473
nursemaid,0.436
nursery,0.389
nut,0.25
nutcase,0.259
nuthouse,0.434
nutmeg,0.35
nuts,0.291
nutshell,0.31
nutty,0.271
nylon,0.295
nylong,0.351
nylons,0.32
nymph,0.472
oaf,0.33
oar,0.316
oasis,0.429
oat,0.298
oatmeal,0.241
obese,0.25
obesity,0.328
obi,0.414
obit,0.393
obituary,0.423
object,0.375
obliged,0.411
obligor,0.36
oblique,0.455
obliterated,0.344
obliteration,0.397
oblivion,0.282
oblivious,0.355
oblong,0.37
obnoxious,0.256
oboe,0.392
obscene,0.348
obscenity,0.418
obscure,0.278
obscured,0.298
obscurity,0.38
observe,0.36
obsessed,0.439
obsessive,0.48
obsolescence,0.377
obsolete,0.25
obstacle,0.336
obstruct,0.458
obstruction,0.491
obtuse,0.345
obverse,0.464
ocarina,0.366
occasion,0.398
occasional,0.387
occasionally,0.264
occlusion,0.442
occult,0.406
occupant,0.483
occupied,0.441
ocd,0.37
octagon,0.462
octave,0.482
octopus,0.411
ocular,0.4
odd,0.302
oddball,0.357
oddity,0.386
odious,0.235
odometer,0.388
odor,0.404
offal,0.302
offence,0.446
offend,0.333
offended,0.337
offhand,0.368
offing,0.447
offshoot,0.361
offshore,0.441
offside,0.443
oft,0.474
oftentimes,0.482
ohdear,0.442
ohgod,0.439
ohno,0.38
ohshit,0.343
oil,0.306
oils,0.391
oily,0.385
oink,0.289
ointment,0.398
okra,0.362
old,0.315
olden,0.425
older,0.317
oldie,0.342
oldies,0.412
olfactory,0.452
olive,0.406
omelet,0.315
omgomgomg,0.358
omission,0.275
omit,0.451
omitted,0.211
omnibus,0.473
onboard,0.491
one,0.37
oneday,0.374
onedge,0.4
onerous,0.462
oneself,0.483
onion,0.382
onyx,0.38
oodles,0.446
oomph,0.315
ooze,0.333
oozing,0.427
op,0.349
opacity,0.256
opal,0.379
opaque,0.342
ope,0.395
opener,0.377
opera,0.483
ophthalmic,0.444
ophthalmologist,0.491
opinionated,0.491
opium,0.333
oppose,0.473
opposite,0.408
opposites,0.462
oppressed,0.259
opt,0.345
option,0.359
optional,0.44
optionally,0.481
options,0.473
opus,0.391
oral,0.375
orange,0.296
orange juice,0.445
orangutan,0.471
orb,0.444
orbs,0.482
orc,0.388
orchard,0.333
orchid,0.382
ordinary,0.286
ore,0.356
oregano,0.25
orgies,0.433
orifice,0.443
origami,0.294
ornament,0.441
ornamental,0.46
ornamentation,0.472
ornamented,0.49
orphan,0.14
orphanage,0.425
orphaned,0.228
orthopedic,0.473
oscillate,0.397
oscillating,0.402
oscillation,0.431
oscillatory,0.48
ostracized,0.377
ostrich,0.241
other,0.259
otter,0.339
otto,0.404
ottoman,0.444
ought,0.434
ounce,0.288
oust,0.444
outage,0.438
outback,0.43
outboard,0.456
outbreak,0.472
outcast,0.353
outdated,0.226
outdoor,0.447
outdoors,0.453
outer,0.456
outhouse,0.255
outlaw,0.482
outlet,0.245
outpatient,0.395
output,0.434
outsider,0.447
outskirts,0.312
outward,0.365
outwards,0.4
outwit,0.356
oval,0.33
ovary,0.28
ovate,0.368
overalls,0.373
overcast,0.475
overcoat,0.43
overcrowded,0.491
overdose,0.468
overdue,0.259
overestimate,0.444
overgrown,0.369
overhaul,0.491
overlook,0.415
overpriced,0.472
overrated,0.482
overreact,0.471
overriding,0.384
overrule,0.429
overslept,0.3
overthemoon,0.481
overtired,0.273
overture,0.491
overturn,0.396
overweight,0.389
overwhelm,0.462
overwhelmed,0.348
overworked,0.387
owe,0.386
owing,0.381
owl,0.321
ox,0.412
oxidation,0.211
oxide,0.298
oxymoron,0.398
oyster,0.327
pace,0.39
pacified,0.414
pacifier,0.356
pacing,0.491
pack,0.475
package,0.443
packet,0.407
pad,0.33
padded,0.371
padding,0.423
paddle,0.393
paddle boat,0.415
paddock,0.481
paddy,0.33
padlock,0.457
paean,0.471
paganism,0.411
page,0.278
pagination,0.4
paging,0.423
pagoda,0.435
pail,0.188
pain,0.395
pained,0.25
painful,0.33
painfully,0.407
painkiller,0.481
painless,0.491
pains,0.362
painstaking,0.386
paint,0.413
paintbrush,0.353
painted,0.424
painter,0.487
painting,0.333
pair,0.304
paisley,0.347
pajama,0.245
pajamas,0.264
palate,0.358
pale,0.245
palette,0.205
pall,0.394
palladium,0.393
pallet,0.349
palm,0.34
palmer,0.413
palomino,0.396
palsy,0.221
paltry,0.32
pamper,0.348
pamphlet,0.327
pan,0.364
panache,0.306
pancake,0.364
pancakes,0.402
pancreas,0.366
panda,0.406
pane,0.444
panel,0.425
pang,0.455
panhandle,0.414
panic,0.4
panicattack,0.386
panicked,0.26
panicking,0.333
panicky,0.393
panier,0.38
pant,0.409
panties,0.312
pantomime,0.385
pantry,0.312
pants,0.333
panty,0.303
pantyhose,0.25
pap,0.302
papaya,0.3
paper,0.293
paperback,0.314
paperboy,0.471
paperweight,0.433
paperwork,0.422
paprika,0.264
papyrus,0.324
par,0.429
paradox,0.482
paradoxical,0.433
paraffin,0.343
paragon,0.473
paragraph,0.269
parakeet,0.227
parallax,0.471
parallel,0.465
paralysis,0.305
paralyze,0.471
paralyzed,0.198
paranoia,0.407
paranoid,0.364
parapet,0.279
paraphrase,0.444
paraplegic,0.321
parasite,0.324
parasitic,0.364
parasol,0.304
parcel,0.411
parcels,0.418
parched,0.255
parchment,0.455
pare,0.309
parenthesis,0.38
parenthetical,0.391
pariah,0.293
parietal,0.491
paring,0.324
parity,0.407
park,0.414
parka,0.395
parkinsons,0.373
parlance,0.462
parlay,0.483
parlor,0.366
parmesan,0.382
parody,0.375
parquet,0.422
parrot,0.292
parry,0.436
parsimonious,0.446
parsimony,0.403
parsley,0.291
part,0.36
partial,0.348
partiality,0.49
partially,0.396
particle,0.438
parting,0.353
partly,0.396
partridge,0.25
parts,0.392
pas,0.262
pass,0.362
passage,0.37
passageway,0.4
passe,0.426
passenger,0.481
passim,0.333
passive,0.241
passivity,0.246
past,0.311
pasta,0.375
pastel,0.367
pastime,0.443
pastrami,0.348
pastry,0.419
pasture,0.17
pasty,0.375
pat,0.34
patch,0.283
patchwork,0.325
pate,0.26
patella,0.342
path,0.421
pathetic,0.139
pathos,0.462
patience,0.387
patient,0.34
patio,0.402
patter,0.451
paucity,0.175
pauper,0.151
pause,0.264
pavement,0.475
paw,0.286
pawn,0.187
pax,0.473
payphone,0.37
pea,0.298
peaceable,0.453
peach,0.272
peachy,0.388
peacock,0.458
peak,0.431
peanut,0.246
peanuts,0.324
pear,0.241
pearly,0.373
peas,0.31
peasant,0.407
pebble,0.287
pecan,0.358
peck,0.321
pecker,0.375
peculiarly,0.454
pedal,0.342
pedantic,0.253
peddler,0.39
pedestrian,0.448
pediatric,0.49
pedicure,0.296
pedometer,0.405
pedophile,0.43
pee,0.391
peek,0.411
peekaboo,0.412
peel,0.279
peep,0.269
peeper,0.343
peephole,0.31
peering,0.451
peerless,0.462
peeved,0.467
peg,0.393
pegs,0.386
peice,0.398
pelagic,0.491
pelican,0.38
pellet,0.466
pelvic,0.373
pelvis,0.38
pen,0.25
penalty,0.24
penance,0.463
pencil,0.263
pendant,0.385
pendency,0.472
pendent,0.425
pending,0.473
pendulum,0.434
penguin,0.307
penile,0.491
penitentiary,0.491
pennant,0.426
penniless,0.083
penny,0.324
pension,0.406
pensioner,0.442
pentagram,0.466
penthouse,0.395
penultimate,0.255
pep,0.364
pepper,0.328
peppermint,0.271
pepperoni,0.358
peppy,0.438
peptic,0.362
peptide,0.411
percent,0.356
percentile,0.39
perch,0.314
perchance,0.298
percolation,0.415
perdition,0.496
perforated,0.344
perforce,0.354
perfume,0.463
peri,0.37
peridot,0.435
periodical,0.43
periphery,0.366
perish,0.415
perishable,0.354
perished,0.225
perishing,0.148
perjury,0.409
permeable,0.495
permeate,0.407
permissive,0.413
pernicious,0.382
perpendicular,0.439
perplexed,0.318
perplexing,0.362
personal,0.467
perspiration,0.49
pert,0.348
pertussis,0.386
peruse,0.439
perverse,0.464
perversion,0.49
perverted,0.436
pesky,0.431
pessimism,0.264
pessimist,0.218
pessimistic,0.236
pest,0.452
pester,0.385
pestilence,0.283
pestle,0.426
pesto,0.336
pet,0.305
petal,0.211
petite,0.245
petition,0.415
petloss,0.424
petpeeve,0.392
petrified,0.232
petrify,0.447
petticoat,0.351
petting,0.48
petty,0.236
petulant,0.491
petunia,0.356
pewter,0.321
peyote,0.426
phalanx,0.455
phantom,0.448
phase,0.482
pheasant,0.292
phew,0.302
phi,0.452
philistine,0.491
phlegm,0.24
pho,0.384
phobia,0.291
phone,0.418
phonics,0.455
phony,0.202
phooey,0.352
phosphate,0.407
phosphor,0.427
phosphorus,0.37
photo,0.431
photogenic,0.495
photograph,0.358
photography,0.36
photometry,0.436
photon,0.455
phrase,0.314
phylogeny,0.481
pi,0.4
piano,0.438
piazza,0.472
piccolo,0.38
picket,0.451
picketing,0.471
pickle,0.288
pickled,0.291
pickpocket,0.449
pickup,0.42
picnic,0.375
pictorial,0.476
picture,0.462
pictures,0.405
picturesque,0.483
pie,0.368
piece,0.367
piecemeal,0.319
pieceofshit,0.292
pied,0.35
pier,0.445
piety,0.482
pig,0.324
pigeon,0.276
piggy,0.412
piggyback,0.343
pigheaded,0.358
piglet,0.25
pigment,0.339
pigskin,0.3
pigsty,0.221
pike,0.452
piles,0.468
pileup,0.446
pill,0.368
pillage,0.375
pillbox,0.296
pillow,0.195
pillowcase,0.25
pimple,0.274
pin,0.39
pinball,0.442
pinch,0.339
pinching,0.345
pine,0.312
pineapple,0.245
ping,0.391
pinhead,0.308
pinhole,0.345
pinion,0.346
pink,0.471
pinkie,0.269
pinot,0.361
pint,0.321
pinto,0.373
pinup,0.393
pious,0.426
pip,0.366
pipe,0.33
piped,0.379
pipeline,0.411
piper,0.398
pipette,0.418
piping,0.405
pipsqueak,0.349
pique,0.426
piscina,0.443
piss,0.268
pissedoff,0.459
pisser,0.398
pissesmeoff,0.441
pissingmeoff,0.423
pissoff,0.4
pistachio,0.305
pit,0.278
pita,0.255
pitch,0.465
pitiful,0.232
pitted,0.47
pitter,0.384
pituitary,0.442
pity,0.114
pivot,0.44
pix,0.364
pixie,0.325
pizza,0.295
pizzeria,0.364
place,0.398
placebo,0.365
placenta,0.443
placid,0.491
placket,0.228
plagiarism,0.436
plague,0.355
plaid,0.417
plain,0.311
plainclothes,0.424
plaintive,0.306
plane,0.386
plank,0.333
plankton,0.371
plant,0.371
plaque,0.42
plasma,0.36
plaster,0.255
plastic,0.32
plasticity,0.402
plate,0.366
plateau,0.4
plated,0.457
plating,0.433
platonic,0.469
platter,0.219
play,0.358
playful,0.463
playground,0.435
playhouse,0.426
playmate,0.398
playpen,0.475
playroom,0.38
plaything,0.277
plead,0.195
pleat,0.316
pleated,0.436
plexus,0.395
pliable,0.44
pliers,0.441
plinth,0.473
plodding,0.439
plop,0.349
plough,0.458
ploughed,0.431
plover,0.191
plow,0.456
plowed,0.355
pluck,0.474
plug,0.473
plum,0.17
plumage,0.284
plumber,0.448
plumbing,0.441
plume,0.375
plummet,0.36
plump,0.387
plumper,0.353
plunger,0.373
plush,0.318
ply,0.324
plywood,0.38
pneumonia,0.324
pocket,0.34
pocketbook,0.343
pocketful,0.306
pod,0.339
poems,0.418
poetics,0.353
pogo,0.368
point,0.431
pointless,0.111
pointy,0.438
poisoned,0.402
poke,0.475
poker,0.398
pole,0.368
polio,0.409
polished,0.491
polka,0.426
pollen,0.292
pollute,0.48
pollution,0.445
polo,0.415
polyester,0.366
polymer,0.393
pomp,0.413
pompous,0.409
poncho,0.231
pond,0.358
pong,0.396
pontoon,0.373
pony,0.315
ponytail,0.302
pooch,0.347
poodle,0.301
poof,0.21
poop,0.172
poor,0.087
poorly,0.196
pop,0.491
popcorn,0.231
popper,0.411
poppy,0.357
poppycock,0.385
popsicle,0.364
porcelain,0.349
porch,0.388
porcupine,0.367
pore,0.342
pork,0.333
porky,0.333
porn,0.421
pornography,0.481
porosity,0.402
porous,0.264
porridge,0.274
portage,0.445
porterhouse,0.418
portfolio,0.498
porthole,0.382
portico,0.366
portion,0.398
portrait,0.467
portraiture,0.445
portray,0.457
pose,0.361
poser,0.316
posse,0.473
possum,0.306
postal,0.411
postcard,0.39
poster,0.365
posthumous,0.43
postman,0.455
postmortem,0.42
postpone,0.451
postponed,0.402
postponement,0.414
postscript,0.409
pot,0.294
potable,0.431
potassium,0.472
potato,0.265
potatoes,0.309
pothead,0.375
pothole,0.283
potion,0.417
potluck,0.433
potpourri,0.295
potted,0.375
potter,0.482
pottery,0.422
potty,0.317
pouch,0.271
poultry,0.314
pound,0.443
pour,0.375
pout,0.202
pouting,0.27
pouty,0.393
poverty,0.183
pow,0.426
powder,0.194
powdered,0.42
powdery,0.211
powerless,0.328
powwow,0.406
pox,0.309
prairie,0.415
prance,0.435
prank,0.389
prawn,0.39
prayforme,0.445
praying,0.415
preamble,0.491
precarious,0.273
precaution,0.406
precincts,0.418
precipice,0.396
preclude,0.417
precocious,0.324
predicate,0.465
predictable,0.42
predisposed,0.483
prefix,0.463
prehistoric,0.419
prejudice,0.407
prejudiced,0.345
prejudicial,0.371
premature,0.277
prematurely,0.289
premises,0.285
prenatal,0.445
preoccupation,0.38
preoccupied,0.235
preposterous,0.483
preppy,0.442
prerequisite,0.482
preschool,0.393
prescribed,0.463
press,0.491
presto,0.433
presumptive,0.481
pretended,0.227
pretending,0.317
pretentious,0.444
pretext,0.365
pretzel,0.358
preview,0.491
previous,0.348
prey,0.306
pricey,0.43
prick,0.269
prickly,0.456
prig,0.276
prim,0.473
prima,0.427
primal,0.482
primate,0.402
primates,0.444
prime,0.446
primeval,0.427
priming,0.36
primitive,0.361
print,0.482
printer,0.471
prior,0.417
prism,0.343
prison,0.491
prisoner,0.308
prissy,0.364
probable,0.481
probation,0.44
probative,0.483
probing,0.463
problem,0.415
problematic,0.361
procrastinate,0.315
procrastination,0.491
prod,0.426
profane,0.436
profanity,0.491
prog,0.397
prohibited,0.482
proletarian,0.426
prom,0.404
promenade,0.425
promiscuity,0.396
promiscuous,0.436
prone,0.454
prong,0.293
pronto,0.468
prop,0.436
propane,0.436
propeller,0.482
prose,0.436
prostate,0.438
prosthetic,0.426
prostitute,0.427
prostitution,0.475
prostrate,0.295
proton,0.491
protozoa,0.402
province,0.471
provincial,0.481
provisional,0.364
provisionally,0.461
provost,0.464
prowl,0.396
prude,0.333
prune,0.382
pruning,0.31
pseudo,0.282
pseudonym,0.423
psi,0.449
psoriasis,0.33
psyche,0.435
psychedelic,0.482
psychosis,0.312
psychosomatic,0.473
psychotic,0.474
ptsd,0.346
pub,0.446
pubes,0.349
pubescent,0.455
puck,0.349
pucker,0.315
pudding,0.202
puddle,0.298
pudgy,0.3
puff,0.26
puffing,0.375
puffy,0.387
pug,0.462
puke,0.292
pull,0.473
pulley,0.413
pullover,0.439
pulp,0.324
pulse,0.492
pumpkin,0.355
pun,0.457
punched,0.452
puncture,0.42
punishable,0.433
punished,0.481
punishing,0.471
punk,0.358
punt,0.393
puny,0.135
pup,0.302
pupil,0.368
puppet,0.298
puppeteer,0.39
puppy,0.324
puree,0.208
purgatory,0.413
purge,0.327
purple,0.33
purr,0.302
purring,0.271
purse,0.306
pus,0.226
pushover,0.375
puss,0.236
pussy,0.409
pussycat,0.196
putative,0.41
putrid,0.385
puts,0.369
putt,0.418
putter,0.381
putty,0.314
puzzled,0.272
puzzling,0.353
pygmy,0.317
pylon,0.37
quad,0.391
quadrant,0.482
quadratic,0.471
quadrature,0.472
quadrupole,0.386
quagmire,0.413
quail,0.287
quaint,0.474
quandary,0.422
quarrel,0.496
quarry,0.45
quart,0.436
quartered,0.395
quarterly,0.448
quarters,0.48
quartet,0.472
quartile,0.445
quarto,0.393
quartz,0.481
quasi,0.33
quay,0.442
queasiness,0.135
queasy,0.225
queer,0.304
quell,0.434
quench,0.333
query,0.467
questionable,0.365
queue,0.365
queues,0.269
quibble,0.466
quiche,0.396
quickie,0.431
quid,0.327
quiescent,0.305
quiet,0.431
quietly,0.321
quill,0.263
quilt,0.226
quince,0.474
quinine,0.375
quit,0.488
quits,0.352
quitter,0.321
quiver,0.335
quivering,0.342
quota,0.4
quotation,0.461
quote,0.43
rabbit,0.241
rabble,0.292
rabid,0.454
rabies,0.382
raccoon,0.32
racism,0.487
racist,0.482
rack,0.409
racket,0.352
racking,0.375
racquetball,0.444
racy,0.39
radiator,0.475
radio,0.358
radiograph,0.491
radish,0.398
radon,0.375
raffle,0.454
raft,0.228
rag,0.18
ragemode,0.454
ragetweet,0.431
ragged,0.226
raggedy,0.314
rags,0.198
ragtime,0.398
railing,0.44
raiment,0.377
rain,0.33
rainbow,0.462
rainbow trout,0.33
rainbows,0.402
raindrops,0.311
rainfall,0.378
rainforest,0.398
rainstorm,0.377
rainy,0.433
rainyday,0.315
raisin,0.246
rake,0.314
ram,0.388
ramble,0.44
ramp,0.357
ramrod,0.349
ranch,0.409
rancid,0.214
random,0.321
randomly,0.302
randomness,0.433
randy,0.481
rant,0.482
rap,0.464
rapper,0.482
rapping,0.417
rare,0.236
rarely,0.366
rarity,0.364
rascal,0.445
rash,0.491
raspberries,0.333
raspberry,0.291
rat,0.255
ratchet,0.343
rate,0.407
ration,0.39
rattan,0.377
rattle,0.268
rattled,0.33
rattler,0.455
ratty,0.358
rave,0.42
raven,0.426
ravine,0.413
raving,0.358
ravioli,0.308
raw,0.342
rawhide,0.327
rawr,0.406
razor,0.481
readership,0.422
reading,0.415
ream,0.346
reaper,0.464
rear,0.284
reassignment,0.415
rebuke,0.429
recant,0.482
recede,0.245
receding,0.333
receipt,0.415
receipts,0.381
receptacle,0.426
receptionist,0.385
recess,0.367
recesses,0.379
recession,0.373
recherche,0.363
recipe,0.415
recitation,0.462
recite,0.453
reckless,0.279
recklessness,0.38
reckon,0.472
recline,0.418
reclining,0.317
recluse,0.446
recoil,0.259
recombinant,0.463
recon,0.4
recorder,0.481
recording,0.474
recreational,0.479
rectal,0.41
rectangle,0.438
rectangular,0.307
rectum,0.491
recumbent,0.352
recur,0.416
recurring,0.445
recycled,0.409
red,0.377
reddish,0.328
redecorate,0.49
redeem,0.491
redeemed,0.434
redesign,0.396
redheaded,0.428
redneck,0.348
redness,0.417
reduce,0.336
reduced,0.204
reduction,0.24
redwood,0.443
reed,0.307
reef,0.456
reefer,0.421
reefs,0.455
reek,0.311
reel,0.395
reeling,0.267
ref,0.368
refill,0.464
reflect,0.472
reflecting,0.471
reflux,0.347
refractor,0.433
refrain,0.277
refraining,0.404
refreshed,0.48
refreshment,0.352
refrigerate,0.457
refrigerator,0.391
refuge,0.481
refugee,0.327
refund,0.43
refusal,0.321
refuse,0.331
refused,0.188
refusing,0.203
regatta,0.435
regress,0.3
regression,0.324
regressive,0.363
regret,0.331
regretful,0.188
regrettable,0.245
regretted,0.368
regretting,0.273
regulate,0.481
regulated,0.483
regurgitation,0.315
rehash,0.403
rein,0.438
reindeer,0.396
reject,0.37
rejected,0.25
rejection,0.33
rejects,0.422
relapse,0.303
relative,0.386
relax,0.375
relaxant,0.357
relaxation,0.381
relaxed,0.382
relaxing,0.475
relegation,0.434
relief,0.481
relieved,0.391
relieving,0.455
relinquish,0.286
relocation,0.475
reluctance,0.373
reluctant,0.432
remainder,0.324
remaining,0.296
remand,0.318
remedy,0.491
remember,0.454
reminisce,0.363
reminiscing,0.418
remiss,0.325
remit,0.473
remittance,0.454
remnant,0.388
remorse,0.377
remorseful,0.25
remote,0.477
remoteness,0.339
removal,0.368
remove,0.472
renal,0.415
rencontre,0.463
rend,0.385
render,0.448
rendition,0.398
rent,0.446
rental,0.308
renter,0.371
renunciation,0.336
repaint,0.308
repayment,0.474
repeal,0.482
repeated,0.314
repeater,0.43
repel,0.441
repellant,0.426
repellent,0.491
repelling,0.429
repent,0.386
repentance,0.324
repentant,0.2
repetition,0.396
repetitive,0.362
replica,0.493
repose,0.33
reprehensible,0.351
repressed,0.311
repression,0.481
reprimand,0.465
reprise,0.464
reproach,0.384
reptile,0.365
repudiation,0.274
repugnance,0.425
repugnant,0.453
repulsion,0.353
repulsive,0.425
requiem,0.426
reread,0.492
rescind,0.391
rescission,0.36
resemble,0.463
resent,0.163
resentful,0.324
reservoir,0.462
reside,0.455
residual,0.327
residue,0.183
resign,0.273
resignation,0.31
resigned,0.268
resin,0.4
respirator,0.453
respite,0.42
respondent,0.48
response,0.472
rest,0.3
rested,0.462
restful,0.413
restless,0.304
restlessness,0.397
restrain,0.434
restricted,0.407
restroom,0.267
retail,0.411
retainer,0.356
retaliation,0.491
retard,0.222
retardation,0.155
retarded,0.161
retards,0.218
retentive,0.491
retina,0.342
retinal,0.475
retire,0.186
retired,0.301
retirement,0.255
retiring,0.214
retold,0.352
retort,0.481
retrace,0.317
retract,0.358
retraction,0.427
retreat,0.312
retrenchment,0.384
retriever,0.464
retro,0.321
retrograde,0.415
return,0.463
rev,0.353
reverie,0.471
reverse,0.461
reversion,0.425
revolting,0.3
revolve,0.402
revue,0.42
revulsion,0.343
rewind,0.431
rewire,0.406
rewrite,0.434
rhapsody,0.46
rheumatism,0.418
rhinestone,0.408
rhubarb,0.34
rhyme,0.481
rib,0.351
ribbed,0.409
ribbon,0.357
rice,0.33
rick,0.444
rickety,0.241
rickshaw,0.402
ricochet,0.43
rid,0.327
riddance,0.472
riddled,0.422
ride,0.472
ridge,0.349
ridicule,0.255
ridiculed,0.212
ridiculous,0.245
riff,0.343
riffraff,0.397
rift,0.289
rigged,0.412
rigging,0.44
rim,0.302
rind,0.491
ring,0.464
ringer,0.347
ringside,0.411
rink,0.392
rinse,0.409
rip,0.365
riparian,0.412
ripple,0.37
rippling,0.327
risk,0.438
risotto,0.234
riverbank,0.33
riverbed,0.421
riverboat,0.462
rivet,0.405
riveted,0.443
riveting,0.394
roach,0.259
road,0.404
roadblock,0.49
roadhouse,0.458
roadie,0.455
roads,0.496
roadside,0.472
roadster,0.473
roam,0.444
roast,0.311
roasted,0.339
robber,0.481
robbery,0.435
robe,0.298
robin,0.393
roc,0.415
rod,0.355
rodent,0.279
roe,0.398
role,0.464
roll,0.172
roller,0.345
rollers,0.336
rolling,0.321
romp,0.417
roof,0.342
rooftop,0.461
rookie,0.198
room,0.445
roommate,0.48
rooms,0.386
roost,0.345
rooster,0.275
root beer,0.415
rope,0.345
ropes,0.402
rosary,0.43
rose,0.386
rosemary,0.425
rosette,0.31
roster,0.381
rot,0.301
rota,0.209
rotate,0.492
rotor,0.404
rotten,0.327
rotting,0.255
rotunda,0.393
rouge,0.382
roughly,0.463
roughneck,0.491
roughness,0.49
roulette,0.422
round,0.311
roundabout,0.495
rounded,0.396
roundup,0.474
rouse,0.463
rouser,0.423
rout,0.233
routine,0.333
rove,0.4
rover,0.421
roving,0.491
row,0.406
rowboat,0.353
rowing,0.467
rub,0.4
rubber,0.315
rubbers,0.414
rubbing,0.44
rubbish,0.164
rubble,0.289
rubdown,0.404
ruckus,0.411
ruddy,0.395
rude,0.402
rudiments,0.373
rue,0.246
rueful,0.225
ruff,0.375
ruffian,0.463
rug,0.245
ruin,0.192
ruination,0.209
ruined,0.194
ruinous,0.275
ruins,0.248
ruling,0.41
rum,0.451
rummage,0.289
rumor,0.282
rumored,0.318
rump,0.396
rumpus,0.422
runaround,0.349
runaway,0.402
rundown,0.465
runes,0.304
rung,0.368
running,0.442
running shoes,0.491
runny,0.325
runt,0.445
runway,0.406
rupture,0.43
rural,0.408
rust,0.321
rusted,0.302
rustic,0.491
rustle,0.394
rustler,0.429
rusty,0.231
rut,0.392
ruth,0.444
rye,0.411
sabbatical,0.427
saboteur,0.407
sac,0.226
sack,0.264
sacrificial,0.452
sacrilege,0.491
sacrilegious,0.449
sad,0.149
sadday,0.411
saddens,0.144
saddle,0.306
sadly,0.216
sadness,0.164
saffron,0.349
sag,0.445
saggy,0.3
sail,0.325
sailboat,0.381
sake,0.407
salad,0.307
salamander,0.309
salami,0.339
saline,0.385
saliva,0.236
sally,0.451
salmon,0.444
salmonella,0.312
salon,0.463
saloon,0.364
salsa,0.37
salt,0.306
salted,0.304
saltwater,0.364
salty,0.288
samba,0.465
sameness,0.484
sample,0.452
sanatorium,0.491
sanctimonious,0.327
sanctioned,0.391
sand,0.304
sandal,0.333
sandbox,0.264
sander,0.445
sandman,0.388
sandpaper,0.404
sands,0.377
sandwich,0.31
sandy,0.296
sanitary,0.425
sans,0.246
sap,0.258
sappy,0.33
sarcasm,0.346
sarcastic,0.298
sarcoma,0.402
sarcophagus,0.435
sardine,0.236
sardonic,0.446
sarsaparilla,0.345
sash,0.333
sashimi,0.359
sassafras,0.471
sassy,0.32
satchel,0.345
sate,0.472
satin,0.481
satire,0.472
saturate,0.467
saturated,0.442
sauce,0.288
saucepan,0.321
saucer,0.337
saucy,0.391
sauerkraut,0.336
sauna,0.455
sausage,0.3
savanna,0.394
savannah,0.309
sawdust,0.241
sawmill,0.434
sax,0.409
saxophone,0.482
say,0.482
sayonara,0.402
scab,0.272
scabbard,0.217
scaffold,0.336
scalding,0.381
scales,0.491
scallop,0.331
scalp,0.302
scalpel,0.482
scaly,0.358
scam,0.418
scamp,0.371
scampi,0.224
scan,0.47
scanty,0.127
scapegoat,0.481
scar,0.397
scarab,0.267
scarce,0.218
scarcely,0.16
scarcity,0.182
scare,0.264
scarecrow,0.349
scared,0.185
scares,0.386
scarf,0.224
scarier,0.472
scarlet,0.411
scat,0.409
scatter,0.404
scattered,0.238
scattering,0.394
scavenger,0.408
scent,0.491
scented,0.431
sceptical,0.466
schadenfreude,0.463
schedule,0.48
schilling,0.418
schism,0.386
schizophrenia,0.435
schizophrenic,0.433
schlep,0.382
schmuck,0.375
schnapps,0.417
schnitzel,0.382
scholastic,0.491
schoolboy,0.441
schoolgirl,0.415
schoolwork,0.481
schoolyard,0.44
schooner,0.427
sciatica,0.393
scifi,0.394
scintilla,0.385
scion,0.451
scissors,0.302
scoff,0.306
scolding,0.417
scone,0.229
scoot,0.412
scooter,0.371
scorch,0.491
scorching,0.464
scoreboard,0.472
scorn,0.356
scorned,0.226
scornful,0.368
scoundrel,0.412
scourge,0.302
scowl,0.413
scrabble,0.399
scram,0.409
scrambler,0.444
scrap,0.173
scrapbook,0.432
scrape,0.384
scrapie,0.231
scraping,0.305
scrappy,0.406
scratch,0.27
scratchy,0.436
scrawny,0.245
screamer,0.392
screaming,0.46
screech,0.306
screen,0.417
screw,0.377
screwdriver,0.439
screwed,0.464
screwy,0.45
scribble,0.358
scribe,0.491
scrimmage,0.411
scrip,0.455
scroll,0.409
scrotum,0.361
scrounge,0.397
scrounger,0.358
scruffy,0.176
scuba,0.456
scuff,0.376
scullery,0.353
sculpture,0.49
scum,0.218
scumbag,0.278
scurvy,0.312
scuttle,0.43
seafood,0.328
seagull,0.314
seals,0.402
seam,0.414
seamless,0.302
seamstress,0.389
seaport,0.491
search,0.462
searching,0.466
seared,0.398
seashore,0.375
seasick,0.245
seasonal,0.305
seasoning,0.479
seat,0.434
seating,0.286
seawater,0.491
seaweed,0.382
sec,0.38
secluded,0.24
second,0.25
second cousin,0.441
secondary,0.26
secondhand,0.283
secrecy,0.475
secretly,0.479
section,0.421
sectional,0.464
sedate,0.345
sedation,0.398
sedative,0.352
sedentary,0.273
sedge,0.339
sediment,0.372
see,0.312
seed,0.306
seedling,0.423
seeds,0.418
seedy,0.325
seek,0.482
seem,0.298
seemingly,0.356
seesaw,0.41
segment,0.44
segregate,0.44
segregated,0.411
segregation,0.39
seizure,0.462
seldom,0.287
selenium,0.336
selfharm,0.407
selfish,0.495
selfishness,0.453
selfless,0.396
sellout,0.465
seltzer,0.406
semblance,0.442
semen,0.471
semester,0.482
semi,0.304
semicolon,0.318
senescence,0.394
senile,0.305
sense,0.474
senseless,0.136
sensibility,0.448
sensible,0.312
sensibly,0.396
sensitive,0.254
sensitivity,0.395
sensory,0.442
sentient,0.363
sentimental,0.312
sentimentality,0.319
separable,0.368
separate,0.349
separately,0.368
separation,0.409
sepia,0.345
sepsis,0.327
sept,0.361
septic,0.425
septum,0.41
sequestered,0.427
serenade,0.491
serene,0.37
serial,0.472
series,0.42
serif,0.415
serpentine,0.329
serrated,0.418
serum,0.443
servant,0.331
serve,0.384
servile,0.415
servitude,0.25
sesame,0.382
sess,0.411
session,0.491
setback,0.25
setter,0.473
settled,0.473
seven,0.373
seventeen,0.321
seventh,0.288
seventy,0.446
sever,0.451
severable,0.398
sew,0.34
sewage,0.339
sewer,0.282
sewerage,0.198
sewing,0.356
sexist,0.411
shabby,0.259
shack,0.339
shackle,0.414
shade,0.278
shades,0.38
shading,0.318
shadow,0.158
shadowy,0.33
shady,0.375
shaft,0.472
shag,0.34
shaggy,0.321
shakedown,0.481
shaken,0.333
shaking,0.255
shaky,0.223
shall,0.412
shallow,0.351
shallows,0.368
sham,0.395
shambles,0.287
shame,0.155
shamed,0.218
shameful,0.264
shameless,0.407
shampoo,0.25
shank,0.286
shanty,0.255
shape,0.422
shard,0.426
sharpener,0.327
shatter,0.464
shattered,0.309
shattering,0.475
shave,0.48
shaver,0.392
shaving,0.353
shawl,0.23
sheaf,0.456
shear,0.388
shears,0.254
sheath,0.342
shed,0.47
sheep,0.161
sheepish,0.205
sheer,0.481
sheet,0.302
shelf,0.366
shell,0.391
shellfish,0.393
shelters,0.482
shelved,0.321
sherbet,0.348
sherry,0.315
shift,0.491
shifty,0.483
shilling,0.43
shimmy,0.462
shin,0.231
shindig,0.491
shingle,0.41
ship,0.439
shipment,0.452
shipping,0.443
shipshape,0.474
shipwreck,0.373
shirt,0.231
shit,0.294
shitday,0.39
shitfaced,0.38
shithead,0.302
shitless,0.333
shitload,0.161
shittest,0.232
shitty,0.163
shiver,0.236
shivering,0.373
shoals,0.375
shock,0.453
shocked,0.375
shoddy,0.179
shoe,0.288
shoelace,0.307
shoemaker,0.491
shoes,0.21
shoeshine,0.325
shoplifting,0.441
shore,0.204
shorn,0.4
short,0.237
short story,0.348
shortage,0.198
shortcake,0.398
shortcoming,0.258
shortcut,0.426
shorten,0.46
shortening,0.385
shorthand,0.461
shortly,0.36
shortness,0.272
shorts,0.287
shortstop,0.45
shortwave,0.368
shoulder,0.406
shout,0.444
shovel,0.267
showcase,0.415
shower,0.336
showgirl,0.481
showing,0.491
showoff,0.463
shrew,0.39
shriek,0.491
shrimp,0.425
shrink,0.272
shrinking,0.217
shrivel,0.143
shroud,0.389
shrub,0.34
shrubbery,0.332
shrug,0.278
shrunk,0.218
shrunken,0.221
shuffleboard,0.377
shuffling,0.293
shun,0.389
shunned,0.367
shunt,0.47
shut,0.311
shutdown,0.418
shuteye,0.431
shutit,0.48
shutter,0.482
shutup,0.491
shy,0.132
shyness,0.246
shyster,0.424
sic,0.38
sick,0.136
sickbay,0.345
sicken,0.294
sickening,0.259
sickle,0.37
sickly,0.191
sickness,0.288
side,0.395
sidebar,0.405
sideboard,0.426
sideburns,0.308
sidestep,0.407
sidewalk,0.348
sideways,0.291
sidewinder,0.439
siesta,0.295
sieve,0.333
sift,0.461
sifting,0.474
sigh,0.273
sign,0.397
signal,0.464
signpost,0.446
silence,0.223
silencer,0.482
silent,0.28
silently,0.306
silhouette,0.288
silicon,0.445
silicone,0.333
silk,0.3
silken,0.394
silky,0.271
sill,0.324
silliness,0.192
silly,0.161
silo,0.357
silt,0.2
silverware,0.409
similar,0.423
simile,0.464
simmer,0.393
simmering,0.412
simple,0.314
simples,0.263
simpleton,0.358
simplicity,0.337
simplistic,0.391
simply,0.393
simulate,0.417
simulated,0.356
simulating,0.481
sin,0.449
sinful,0.417
sing,0.42
single,0.259
singly,0.466
singular,0.482
sink,0.322
sinking,0.342
sinner,0.356
sinning,0.422
sinus,0.34
sip,0.213
siphon,0.435
sipping,0.377
sirloin,0.373
sissy,0.232
sit,0.368
sitcom,0.407
site,0.452
sith,0.373
sitter,0.404
sitting,0.353
situate,0.483
six,0.271
sixpence,0.463
sixteen,0.324
sixth,0.366
sixty,0.433
sizzle,0.368
ska,0.245
skateboard,0.353
skating,0.435
skedaddle,0.422
skeet,0.413
skein,0.287
skeletal,0.318
skeleton,0.343
skeptical,0.452
sketch,0.42
sketching,0.4
sketchy,0.241
skewed,0.361
skewer,0.457
ski,0.471
skid,0.44
skiff,0.472
skijump,0.482
skillet,0.345
skim,0.322
skimpy,0.208
skin,0.395
skinny,0.298
skip,0.439
skirmish,0.474
skirt,0.226
skirting,0.386
skirts,0.241
skit,0.421
skittish,0.172
skunk,0.38
sky,0.401
skylight,0.343
slab,0.264
slack,0.446
slag,0.254
slam,0.48
slammer,0.391
slander,0.454
slanderous,0.337
slang,0.491
slashes,0.41
slate,0.431
slates,0.342
slaughterhouse,0.472
slave,0.151
slavery,0.218
sleaze,0.405
sleazy,0.37
sled,0.446
sledding,0.422
sledge,0.361
sledgehammer,0.482
sleep,0.339
sleeper,0.254
sleeping,0.312
sleepless,0.207
sleeplessness,0.202
sleepover,0.34
sleepy,0.25
sleepyhead,0.294
sleet,0.395
sleeve,0.273
sleeveless,0.2
sleigh,0.396
sleight,0.379
slice,0.303
slick,0.349
slide,0.432
sliding,0.491
slight,0.155
slight anticipation,0.445
slight disgust,0.318
slight trust,0.245
slightly,0.255
slightly negative,0.259
slim,0.296
slime,0.183
slimy,0.309
sling,0.404
slingshot,0.474
slink,0.314
slip,0.321
slipper,0.245
slippers,0.236
slippery,0.343
slit,0.366
sliver,0.291
slob,0.3
slobber,0.278
sloop,0.38
slop,0.325
slope,0.279
sloppy,0.183
slot,0.337
sloth,0.125
slouch,0.328
slough,0.2
slow,0.131
slowly,0.295
slowness,0.191
sludge,0.229
slug,0.16
sluggish,0.155
sluice,0.365
slum,0.302
slumber,0.426
slump,0.13
slur,0.427
slurp,0.411
slush,0.296
slut,0.309
slutty,0.371
smack,0.381
small,0.12
smaller,0.179
smallest,0.129
smallpox,0.222
smashed,0.256
smear,0.4
smell,0.33
smelling,0.349
smelly,0.245
smelt,0.345
smidgen,0.357
smithereens,0.409
smitten,0.204
smock,0.25
smog,0.382
smoke,0.391
smoker,0.311
smokey,0.43
smoking,0.384
smoky,0.327
smooch,0.491
smooth,0.281
smoothie,0.281
smoothly,0.488
smoothness,0.412
smother,0.42
smudge,0.245
smut,0.349
snack,0.345
snacks,0.306
snafu,0.274
snag,0.339
snags,0.49
snail,0.296
snakeskin,0.391
snap,0.352
snapper,0.245
snappy,0.418
snare,0.466
snarl,0.455
snarling,0.491
sneak,0.449
sneaker,0.389
sneakers,0.349
sneer,0.345
sneeze,0.336
sneezing,0.345
snicker,0.409
snide,0.455
sniff,0.318
snip,0.268
snipe,0.491
snippet,0.368
snippy,0.481
snitch,0.333
snob,0.309
snoop,0.434
snoopy,0.291
snooty,0.446
snooze,0.282
snore,0.481
snorkel,0.327
snort,0.413
snot,0.269
snotty,0.2
snout,0.241
snow,0.309
snowball,0.321
snowday,0.44
snowfall,0.455
snowflake,0.26
snowing,0.387
snowmageddon,0.472
snowman,0.323
snowplow,0.493
snowy,0.357
snub,0.228
snubbed,0.279
snuff,0.377
snuggle,0.35
snuggled,0.314
snuggles,0.287
snuggling,0.373
soak,0.24
soaked,0.358
soaking,0.375
soangry,0.482
soannoyed,0.426
soap,0.311
soapbox,0.393
soapy,0.355
sob,0.212
soblessed,0.287
soc,0.38
socialanxiety,0.426
sociopath,0.439
sock,0.29
socket,0.377
sod,0.333
soda,0.364
soda/pop,0.382
sodding,0.4
sodium,0.291
sofa,0.263
soft,0.232
soften,0.392
softener,0.373
softening,0.361
softly,0.304
softness,0.402
soggy,0.241
soil,0.356
soiled,0.213
solace,0.453
solarium,0.421
sole,0.279
solicitation,0.415
solitaire,0.279
solitary,0.268
solitude,0.358
solo,0.325
solubility,0.442
soluble,0.409
somad,0.463
somatic,0.444
somber,0.38
some anticipation,0.472
some disgust,0.321
somewhat negative,0.15
somuchtodo,0.441
sonar,0.414
sonata,0.425
sonervous,0.373
sonic,0.481
sonice,0.421
sonnet,0.404
sonorous,0.442
soot,0.292
soothe,0.412
sophomore,0.427
sopissed,0.433
soppy,0.297
sordid,0.447
sore,0.224
sorely,0.37
soreness,0.302
sorghum,0.42
sorrow,0.164
sorrowful,0.163
sorry,0.212
sortie,0.311
sos,0.386
soscared,0.319
soscary,0.414
soslow,0.284
sosweet,0.417
sothankful,0.418
sou,0.412
soulless,0.4
sound,0.398
soundproof,0.409
soup,0.269
sour,0.373
sourpuss,0.382
south,0.429
southbound,0.395
southeast,0.413
southern,0.37
southpaw,0.404
southwest,0.355
souvenir,0.466
sow,0.446
soy,0.286
soy sauce,0.318
soybean,0.293
spa,0.386
spaghetti,0.288
spam,0.304
spammers,0.418
spandex,0.429
spaniel,0.385
spanking,0.392
spare,0.411
spareribs,0.395
sparrow,0.327
sparse,0.209
spasm,0.366
spastic,0.491
spat,0.309
spatter,0.315
spatula,0.369
spaz,0.268
speakeasy,0.442
speck,0.343
speckled,0.254
spectrometer,0.49
speculation,0.394
speculative,0.464
speculum,0.433
speechless,0.315
speedway,0.416
spell,0.368
spellbound,0.387
spelling,0.398
spencer,0.367
spend,0.429
spender,0.377
spending,0.33
spent,0.263
sperm,0.453
sphincter,0.375
sphinx,0.49
spic,0.451
spice,0.384
spider,0.43
spiders,0.368
spiffy,0.47
spigot,0.423
spike,0.408
spiked,0.407
spill,0.456
spillin,0.362
spin,0.345
spinach,0.368
spinal,0.296
spindle,0.36
spineless,0.321
spinner,0.471
spinning,0.481
spinster,0.345
spiral,0.361
spire,0.389
spit,0.436
spite,0.317
spiteful,0.33
spittoon,0.28
splash,0.281
splat,0.385
splatter,0.352
spleen,0.396
splice,0.377
spline,0.407
splint,0.343
splinter,0.325
split,0.41
splitting,0.375
spoil,0.328
spoiler,0.38
spoiling,0.306
spoils,0.481
spoke,0.483
sponge,0.219
spongy,0.344
spoof,0.381
spook,0.322
spooky,0.38
spool,0.312
spoon,0.259
spoonful,0.308
spore,0.231
spot,0.336
spotted,0.295
spotty,0.241
spout,0.309
sprain,0.384
spray,0.333
spree,0.474
spring,0.481
sprinkle,0.38
sprinkler,0.473
sprinkling,0.466
sprout,0.443
spruce,0.38
spud,0.349
spunk,0.473
spur,0.34
spurious,0.343
spurred,0.472
spurt,0.475
squamous,0.418
square,0.291
squash,0.41
squat,0.453
squaw,0.398
squawk,0.245
squeak,0.3
squeaky,0.367
squeal,0.375
squealer,0.33
squeamish,0.453
squelch,0.462
squid,0.357
squint,0.452
squirm,0.373
squirrel,0.333
squirt,0.255
squish,0.481
squishy,0.307
stabbed,0.431
staccato,0.427
stack,0.427
stag,0.389
stage,0.473
stagger,0.458
stagnant,0.208
stagnation,0.396
stain,0.264
stained,0.209
stair,0.345
staircase,0.44
stairs,0.342
stairway,0.407
stairwell,0.333
stake,0.46
stale,0.286
stalemate,0.267
stalk,0.395
stall,0.292
stalls,0.451
stamp,0.441
standby,0.386
standing,0.425
stanza,0.297
staph,0.412
staple,0.438
stapler,0.394
star fruit,0.427
starch,0.312
starfish,0.421
staring,0.423
starry,0.434
stars,0.484
startle,0.417
starvation,0.284
starve,0.402
starved,0.219
starving,0.336
stash,0.361
stat,0.395
stateroom,0.441
static,0.366
staticky,0.358
stationary,0.484
stationery,0.455
stave,0.424
stayed,0.395
steak,0.315
stealing,0.455
stealth,0.452
stealthily,0.458
steam,0.421
steaming,0.402
steamy,0.445
steep,0.321
stem,0.336
stench,0.298
stencil,0.421
step,0.347
stepdaughter,0.432
stepmother,0.484
steppe,0.379
steps,0.373
stepson,0.48
stereotyped,0.436
sterile,0.291
sterility,0.414
stern,0.415
sternum,0.436
stethoscope,0.49
stew,0.25
stewardess,0.491
stfu,0.39
stick,0.382
sticker,0.346
sticking,0.356
stickler,0.417
stickup,0.434
sticky,0.292
stifle,0.427
stifled,0.193
stigma,0.47
stiletto,0.427
stillbirth,0.291
stillborn,0.337
stillness,0.339
stillwaiting,0.42
stilts,0.3
sting,0.373
stinging,0.459
stingy,0.283
stink,0.18
stinker,0.275
stinking,0.264
stinky,0.176
stint,0.342
stir,0.453
stitch,0.357
stitching,0.345
stock,0.407
stockings,0.382
stockpile,0.425
stockroom,0.406
stole,0.384
stolen,0.308
stomach,0.438
stomachache,0.316
stomp,0.438
stomped,0.406
stoned,0.375
stoneware,0.443
stooge,0.163
stool,0.302
stools,0.327
stoop,0.284
stoopid,0.382
stop,0.49
stoppage,0.445
stopper,0.39
stopping,0.473
stopwatch,0.482
store,0.407
storefront,0.457
storehouse,0.491
storybook,0.383
storyteller,0.462
storytelling,0.472
stound,0.446
stove,0.405
stowaway,0.357
straddle,0.444
straightforward,0.38
strain,0.38
strait,0.412
straits,0.41
stranded,0.219
strange,0.395
stranger,0.302
strap,0.382
strapless,0.273
strapping,0.454
strata,0.411
straw,0.163
strawberry,0.336
stray,0.281
streaked,0.393
streamer,0.429
street,0.398
streetlight,0.39
strenuous,0.481
strep,0.353
stress,0.317
stresses,0.396
stressful,0.389
stressin,0.367
stressing,0.462
stressrelief,0.475
stretcher,0.295
stricken,0.368
stride,0.434
strikeout,0.371
string,0.445
strings,0.355
strip,0.436
stripe,0.361
striped,0.385
stripped,0.278
stripper,0.453
stroll,0.444
stroller,0.314
strolling,0.34
strudel,0.397
strut,0.464
stub,0.367
stubbed,0.241
stubble,0.264
stubby,0.393
stucco,0.279
stuck,0.285
stuckup,0.363
studded,0.425
stuff,0.263
stuffed animal,0.306
stuffing,0.304
stuffy,0.406
stumble,0.259
stump,0.34
stumped,0.392
stun,0.451
stunned,0.356
stunner,0.492
stunted,0.275
stupefaction,0.48
stupefy,0.412
stupid,0.2
stupidity,0.151
stupidpeople,0.196
stupidrain,0.317
stupor,0.33
sturgeon,0.465
stutter,0.258
sty,0.225
suave,0.269
sub,0.312
subatomic,0.491
subconscious,0.415
subcutaneous,0.376
subdivide,0.348
subdivision,0.43
subduction,0.445
subdued,0.223
subdural,0.425
subjected,0.221
subjective,0.432
subjugation,0.377
sublevel,0.333
subliminal,0.464
submerge,0.456
submerged,0.357
submissive,0.173
subordinate,0.121
subordination,0.343
subplot,0.446
subsequence,0.413
subsequent,0.4
subsequently,0.336
subservient,0.339
subset,0.404
subside,0.209
subsidence,0.452
subsist,0.472
subsistence,0.491
subsoil,0.382
subspace,0.475
substandard,0.15
substantive,0.455
substation,0.491
substitute,0.398
substituted,0.394
substitution,0.353
subterranean,0.432
subtext,0.412
subtitle,0.347
subtle,0.228
subtlety,0.363
subtract,0.283
subtraction,0.349
subtype,0.42
suburb,0.441
suburban,0.453
suburbia,0.421
suburbs,0.286
subversion,0.415
subway,0.464
succumb,0.292
suck,0.377
sucker,0.204
sucking,0.377
sucks,0.302
sudden,0.435
suddenly,0.456
suds,0.255
suede,0.259
suffer,0.259
sufferer,0.278
suffering,0.235
suffix,0.364
suffocate,0.44
suffocating,0.429
suffocation,0.462
sugar,0.402
suicidal,0.382
suicide,0.429
suit,0.482
suitcase,0.318
suite,0.4
sulfate,0.429
sulfur,0.364
sulk,0.406
sullen,0.263
sully,0.37
sulphur,0.233
sum,0.42
summarize,0.471
summary,0.427
summerhouse,0.443
summertime,0.455
sump,0.34
sunburn,0.447
sundae,0.404
sunday,0.394
sundial,0.406
sundown,0.445
sundry,0.407
sunflower,0.27
sunglass,0.324
sunglasses,0.364
sunk,0.185
sunken,0.173
sunless,0.273
sunny,0.481
sunroof,0.425
sunscreen,0.462
sunset,0.298
suntan,0.366
sup,0.385
superficial,0.309
superfluous,0.393
superstition,0.418
suppertime,0.461
supplant,0.463
supple,0.436
supplement,0.491
supplication,0.309
suppose,0.348
supposed,0.379
supposing,0.357
surfboard,0.387
surly,0.493
surmise,0.347
surname,0.493
surrender,0.186
surrendering,0.245
surrogate,0.472
surroundings,0.492
survey,0.379
susceptibility,0.364
susceptible,0.304
sushi,0.394
suspected,0.452
suspend,0.368
suspended,0.368
suspense,0.402
suspension,0.426
suspicion,0.377
suspicious,0.431
suv,0.446
sux,0.331
swab,0.259
swallow,0.436
swami,0.491
swamp,0.235
swamped,0.27
swampy,0.412
swan,0.357
swank,0.442
swarm,0.458
swarming,0.435
swastika,0.491
sweat,0.297
sweater,0.295
sweating,0.265
sweatshirt,0.353
sweaty,0.304
sweep,0.383
sweeper,0.414
sweeping,0.355
sweet,0.382
sweeten,0.423
sweetened,0.398
sweetener,0.33
sweetest,0.37
sweets,0.321
swell,0.348
swelling,0.25
sweltering,0.362
swerve,0.357
swig,0.406
swill,0.322
swimsuit,0.269
swindle,0.439
swine,0.277
swing,0.481
swinger,0.482
swinging,0.312
swipe,0.266
swish,0.474
swollen,0.277
swoon,0.16
swoop,0.446
swordfish,0.442
syllable,0.417
symbiotic,0.406
symptom,0.434
symptomatic,0.491
synapse,0.491
syncope,0.398
syndrome,0.246
synonym,0.433
synonymous,0.4
synopsis,0.482
synthesis,0.377
syphilis,0.245
syringe,0.33
syrup,0.318
t-shirt,0.284
tab,0.308
tabasco,0.404
tabby,0.387
table,0.284
tableau,0.321
tablecloth,0.215
tablespoon,0.245
tablet,0.438
tableware,0.276
tabloid,0.444
taboo,0.482
tabular,0.462
tacit,0.473
tack,0.431
tacky,0.373
taco,0.277
tact,0.417
tactile,0.491
tad,0.25
tadpole,0.218
taffeta,0.405
taffy,0.204
tag,0.375
tail,0.293
tailed,0.351
tailgate,0.398
tailings,0.446
taillight,0.283
tailor,0.45
tailpipe,0.409
taint,0.226
take,0.348
takeout,0.368
talcum,0.291
tale,0.336
tallies,0.402
tallow,0.29
talon,0.475
tambourine,0.348
tampon,0.345
tan,0.444
tandem,0.485
tang,0.34
tangent,0.454
tangerine,0.395
tangle,0.254
tangled,0.316
tango,0.43
tank top,0.371
tanned,0.491
tantrum,0.404
taoism,0.456
tap,0.349
tape,0.254
tape measure,0.36
taper,0.415
tapering,0.237
tapestry,0.362
tapeworm,0.331
tapioca,0.324
taps,0.409
tardiness,0.26
tardy,0.293
tariff,0.491
tarmac,0.398
tarnish,0.342
tarot,0.43
tarp,0.364
tarry,0.388
tart,0.219
tartan,0.389
tartar,0.212
tassel,0.307
taste,0.465
tasteless,0.148
tat,0.404
tattler,0.434
tattletale,0.317
taunt,0.355
taupe,0.386
taut,0.457
tavern,0.475
tawdry,0.398
tawny,0.4
taxi,0.43
taxicab,0.355
tea,0.37
teacup,0.277
teahouse,0.288
teal,0.321
teapot,0.309
tear,0.327
tearful,0.184
tearsofjoy,0.455
teary,0.216
tease,0.432
teasing,0.352
teaspoon,0.221
teat,0.328
teatime,0.339
ted,0.336
teddy bear,0.192
tedious,0.241
tedium,0.298
tee,0.377
teens,0.44
teensy,0.347
teeny,0.216
teeth,0.427
teething,0.474
teflon,0.434
telegraph,0.4
telephone,0.425
telethon,0.473
teletype,0.455
tell,0.457
teller,0.443
telltale,0.426
temp,0.314
tempera,0.245
temperature,0.473
template,0.411
temporal,0.36
temporarily,0.373
temporary,0.324
ten,0.406
tenant,0.398
tend,0.412
tenderfoot,0.438
tenderness,0.367
tendon,0.463
tennis,0.431
tent,0.333
tentacle,0.398
tenth,0.382
tenths,0.284
tenuous,0.276
tepee,0.373
tepid,0.237
teriyaki,0.431
terminal,0.483
terminate,0.441
termite,0.408
tern,0.309
ternary,0.48
terrace,0.411
terrain,0.472
terribly,0.43
terrier,0.431
terrified,0.387
terror,0.415
terse,0.409
tertiary,0.431
testicle,0.41
testicular,0.453
testy,0.357
tetanus,0.368
tether,0.407
tethered,0.351
tetrahedral,0.423
text,0.402
textile,0.395
textural,0.445
texture,0.412
tgif,0.436
thankgod,0.466
thankless,0.497
thanks,0.461
thankyoulord,0.466
thatch,0.161
thatmoment,0.34
thaw,0.327
theatrics,0.486
theft,0.394
theism,0.481
thelittlethings,0.324
theme,0.427
thereabouts,0.285
thereof,0.281
therewith,0.398
thermocouple,0.422
thermometer,0.473
thermos,0.328
thermostat,0.321
thickening,0.434
thicket,0.324
thickness,0.443
thief,0.443
thimble,0.218
thin,0.356
thing,0.26
things,0.368
thingy,0.158
third,0.304
thirds,0.345
thirst,0.307
thirsty,0.31
thirteen,0.331
thirteenth,0.425
thirty,0.316
thistle,0.357
thither,0.316
thong,0.269
thorn,0.427
thoroughfare,0.49
thoughtless,0.452
thousand,0.48
thrash,0.472
thread,0.209
threatened,0.354
three,0.377
thrice,0.462
throat,0.346
throbbing,0.491
throes,0.235
throwback,0.356
thrush,0.454
thumb,0.361
thumbprint,0.451
thumper,0.457
thwart,0.409
thx,0.461
thyme,0.325
thyroid,0.373
tiara,0.472
tibia,0.425
tic,0.25
tick,0.412
ticked,0.455
ticket,0.434
tickle,0.342
tickled,0.364
ticklish,0.345
tidbit,0.385
tide,0.42
tie,0.431
tiff,0.343
tightrope,0.279
tights,0.269
tilde,0.321
tile,0.348
tiling,0.315
till,0.319
tiller,0.29
tilt,0.463
tilting,0.34
timber,0.386
timbre,0.296
timeout,0.322
timepiece,0.461
times,0.439
timetable,0.491
timewasters,0.291
timid,0.132
timidity,0.153
tin,0.217
tincture,0.402
tine,0.284
tinfoil,0.311
tinge,0.264
tingle,0.264
tingling,0.34
tinker,0.275
tinkering,0.448
tinkle,0.356
tinkling,0.324
tinnitus,0.411
tinsel,0.473
tint,0.273
tiny,0.125
tipper,0.431
tipster,0.49
tiptoe,0.407
tire,0.381
tired,0.191
tiredness,0.242
tiredofit,0.204
tiresome,0.153
tiring,0.176
tissue,0.345
tistheseason,0.435
tit,0.388
tithe,0.385
titty,0.294
toad,0.196
toast,0.356
toaster,0.387
toasty,0.396
tobacco,0.387
toby,0.33
tod,0.384
today,0.362
toddler,0.368
toe,0.293
toenail,0.306
toffee,0.396
tofu,0.283
toga,0.373
toilet,0.233
toils,0.482
token,0.414
tolerable,0.374
toll,0.453
tomato,0.275
tomatoes,0.272
tomb,0.343
tombstone,0.311
tomcat,0.386
tome,0.492
tomorrow,0.407
tone,0.411
toner,0.368
tong,0.37
tongs,0.321
tongue,0.482
tonsils,0.283
toocold,0.379
toolbox,0.472
toomuchtodo,0.355
toot,0.373
tooth,0.367
toothache,0.412
toothbrush,0.321
toothed,0.352
toothless,0.272
toothpaste,0.371
toothpick,0.185
toots,0.451
topaz,0.384
topic,0.427
topless,0.414
tor,0.418
torment,0.387
tormented,0.323
torn,0.283
torque,0.406
torsion,0.402
torso,0.473
tort,0.455
tortious,0.491
tortoise,0.25
tortuous,0.382
tortured,0.361
tot,0.311
touch,0.455
touched,0.404
touching,0.491
touchy,0.343
toupee,0.324
tourist,0.43
tourmaline,0.441
tourniquet,0.398
tout,0.375
towel,0.286
townhouse,0.443
toxic,0.492
toxicity,0.491
toxin,0.456
toy,0.275
trace,0.483
traces,0.389
trachea,0.387
tract,0.339
tractable,0.469
traffic light,0.479
trafficking,0.399
tragedies,0.442
tragedy,0.34
tragic,0.396
trail,0.455
trailer,0.473
train set,0.464
trainee,0.352
trait,0.453
traitor,0.491
traitorous,0.412
tram,0.492
tramp,0.182
trampoline,0.391
trance,0.382
tranquil,0.355
tranquility,0.442
transferred,0.409
transient,0.43
transistor,0.444
transitional,0.491
transitive,0.414
transitory,0.407
translate,0.462
translator,0.473
translucent,0.389
transom,0.417
transportation,0.472
transpose,0.467
transsexual,0.423
transvestite,0.373
trap,0.391
trapdoor,0.462
trapped,0.38
trapper,0.491
trapping,0.491
trappings,0.37
traps,0.481
trash,0.154
trashy,0.161
trauma,0.453
traumatic,0.427
travesty,0.407
trawl,0.464
trawler,0.405
tray,0.345
treacherous,0.402
treachery,0.448
tread,0.426
treadmill,0.436
treat,0.436
treble,0.466
tree,0.442
trellis,0.389
tremble,0.388
trembling,0.324
tremor,0.455
trench,0.429
trepidation,0.464
triage,0.479
triangle,0.352
triangular,0.397
tribal,0.482
tribulation,0.484
trick,0.409
trickery,0.336
trickle,0.231
trickster,0.446
tricycle,0.368
trifle,0.221
trifling,0.183
trig,0.415
trim,0.43
trimming,0.325
trine,0.317
trinket,0.368
trio,0.473
tripe,0.438
triple,0.481
tripod,0.483
tripping,0.293
trite,0.29
tritium,0.422
trivia,0.473
trivial,0.337
troll,0.327
trolley,0.464
tropics,0.412
trot,0.396
trouble,0.452
troubled,0.385
troubles,0.269
troublesome,0.404
trough,0.34
trousers,0.442
trout,0.298
trowel,0.25
truce,0.453
truculent,0.498
truffle,0.418
truism,0.48
trumpet,0.393
truncate,0.412
truncated,0.439
trundle,0.414
trunk,0.404
tryout,0.472
tub,0.265
tuba,0.381
tubby,0.353
tube,0.409
tuberculosis,0.424
tubing,0.358
tubular,0.464
tubule,0.333
tuck,0.361
tucker,0.429
tuesday,0.33
tufted,0.406
tuition,0.436
tulip,0.356
tumble,0.272
tumbler,0.352
tumbleweed,0.427
tummy,0.23
tumor,0.324
tumour,0.464
tun,0.364
tuna,0.304
tune,0.426
tunic,0.391
tunnel,0.412
turban,0.426
turbidity,0.393
turd,0.383
turf,0.295
turkey,0.247
turmeric,0.312
turmoil,0.417
turn,0.482
turnaround,0.407
turning,0.42
turnip,0.254
turnkey,0.427
turnoff,0.327
turnpike,0.462
turntable,0.406
turquoise,0.357
turtle,0.271
turtleneck,0.327
tutu,0.233
tux,0.462
tv,0.393
twain,0.37
twat,0.404
twats,0.383
tweak,0.452
tweed,0.412
tweezers,0.295
twelve,0.412
twentieth,0.346
twenty,0.286
twerp,0.384
twig,0.236
twill,0.353
twin,0.453
twine,0.337
twinge,0.471
twirl,0.409
twist,0.337
twisted,0.311
twit,0.198
twitching,0.482
twitchy,0.281
two,0.404
two step,0.327
twofaced,0.384
tyke,0.3
type,0.364
typewriter,0.418
typhoid,0.401
typical,0.426
typo,0.255
tyre,0.407
ugliness,0.267
ugly,0.254
uhoh,0.284
ukulele,0.365
ulcer,0.377
ulterior,0.49
ultimo,0.3
umbilical,0.333
umbra,0.337
umbrella,0.255
unabashed,0.488
unabated,0.466
unable,0.193
unacceptable,0.33
unaccompanied,0.297
unaccounted,0.361
unacknowledged,0.116
unaided,0.336
unannounced,0.291
unanswered,0.219
unanticipated,0.327
unappreciated,0.209
unapproved,0.254
unarmed,0.241
unassisted,0.211
unassuming,0.471
unattached,0.283
unattended,0.167
unattractive,0.208
unauthorized,0.259
unavailable,0.159
unavoidable,0.445
unaware,0.31
unbalanced,0.343
unbearable,0.447
unbecoming,0.288
unbelief,0.407
unborn,0.216
unbound,0.283
unbridled,0.448
unbutton,0.311
uncalled,0.222
uncanny,0.43
uncaring,0.321
uncertain,0.164
uncertainty,0.282
unchanged,0.237
uncharted,0.413
uncherished,0.28
uncivilized,0.4
unclaimed,0.278
unclean,0.134
unclear,0.202
uncomfortable,0.214
uncommon,0.373
uncomplicated,0.453
unconcerned,0.298
unconfirmed,0.339
unconnected,0.213
unconscionable,0.429
unconscious,0.195
unconsciousness,0.121
unconstitutional,0.491
unconventional,0.288
unconvinced,0.228
unconvincing,0.144
uncooked,0.241
uncooperative,0.246
uncorrelated,0.316
uncouth,0.35
uncritical,0.412
uncut,0.278
undead,0.406
undecided,0.127
undefined,0.35
underage,0.3
underbelly,0.361
undercover,0.483
underdog,0.226
underestimate,0.193
undergo,0.339
underground,0.452
underlay,0.458
underlie,0.275
underlying,0.452
undermine,0.413
undermined,0.394
underneath,0.158
underpaid,0.209
underpants,0.276
underprivileged,0.172
underrated,0.333
underscore,0.306
undersea,0.425
undersized,0.298
understaffed,0.302
understatement,0.473
understudy,0.42
undertow,0.231
underwear,0.375
underwrite,0.423
undeserved,0.283
undesirable,0.26
undesired,0.235
undetected,0.268
undetermined,0.353
undeveloped,0.254
undignified,0.308
undirected,0.31
undisclosed,0.314
undiscovered,0.261
undisturbed,0.434
undivided,0.49
undo,0.349
undoing,0.298
undress,0.336
undressed,0.356
undue,0.318
unearned,0.213
uneasiness,0.241
uneasy,0.349
uneducated,0.246
unemployed,0.23
unemployment,0.297
unencumbered,0.472
unending,0.454
unequal,0.202
unethical,0.269
uneven,0.24
uneventful,0.41
unexpected,0.333
unexpectedly,0.462
unexplained,0.349
unexplored,0.388
unfair,0.19
unfairness,0.336
unfaithful,0.298
unfamiliar,0.273
unfavorable,0.232
unfeeling,0.345
unfinished,0.264
unfit,0.185
unfollow,0.293
unforgivable,0.49
unfortunate,0.195
unfortunately,0.281
unfounded,0.41
unfreeze,0.375
unfriendly,0.458
unfulfilled,0.268
unfurnished,0.272
unglued,0.352
ungodly,0.388
ungrateful,0.275
unguarded,0.205
unhand,0.361
unhappiness,0.222
unhappy,0.155
unharmed,0.491
unhealthy,0.214
unhelpful,0.118
unholy,0.445
unhook,0.31
unicorn,0.48
unidentified,0.199
unimpeached,0.433
unimportant,0.175
unimpressed,0.327
unimproved,0.144
uninfected,0.389
uninformed,0.182
uninhabited,0.221
uninitiated,0.288
uninspired,0.26
unintelligible,0.283
unintended,0.349
unintentional,0.306
unintentionally,0.286
uninterested,0.328
uninteresting,0.228
uninvited,0.307
unisex,0.417
unjust,0.278
unjustifiable,0.394
unjustified,0.314
unkind,0.31
unknowable,0.396
unknown,0.204
unlawful,0.402
unlicensed,0.196
unlike,0.418
unlikely,0.245
unlisted,0.218
unloaded,0.331
unlucky,0.198
unmanageable,0.482
unmanned,0.324
unmarked,0.433
unmitigated,0.422
unmoved,0.36
unnamed,0.284
unnatural,0.434
unnecessary,0.19
unneeded,0.245
unnoticed,0.26
unnumbered,0.331
unobserved,0.257
unobtrusive,0.402
unoccupied,0.412
unofficial,0.255
unopened,0.265
unordered,0.19
unorganised,0.212
unorganized,0.173
unorthodox,0.441
unpack,0.445
unpaid,0.365
unpleasant,0.185
unpleasantness,0.264
unplug,0.404
unplugged,0.318
unpopular,0.164
unprepared,0.152
unpretentious,0.41
unproductive,0.237
unprofessional,0.17
unprofitable,0.217
unprotected,0.197
unproven,0.216
unprovoked,0.385
unpublished,0.481
unqualified,0.173
unravel,0.455
unread,0.214
unreal,0.296
unrealistic,0.245
unreasonable,0.264
unrecorded,0.35
unregistered,0.266
unregulated,0.421
unrelated,0.264
unreliable,0.24
unremarkable,0.23
unrepentant,0.413
unrequited,0.179
unresolved,0.173
unresponsive,0.244
unrest,0.231
unromantic,0.307
unsafe,0.147
unsanitary,0.269
unsatisfactory,0.189
unsatisfied,0.241
unsavory,0.353
unscheduled,0.3
unscientific,0.321
unscrew,0.396
unscrupulous,0.465
unseat,0.312
unseen,0.421
unselfish,0.377
unsettled,0.17
unsightly,0.373
unsolicited,0.28
unsolved,0.235
unsophisticated,0.339
unsound,0.272
unspeakable,0.393
unspecified,0.165
unspoken,0.208
unstable,0.15
unsteady,0.19
unsuccessful,0.106
unsuitable,0.3
unsung,0.314
unsupervised,0.442
unsupported,0.221
unsure,0.217
unsuspecting,0.413
unsustainable,0.406
unsweetened,0.3
unsympathetic,0.281
untenable,0.425
untested,0.348
unthinkable,0.481
untidy,0.254
untie,0.472
untimely,0.233
untitled,0.24
untold,0.191
untoward,0.291
untrained,0.282
untranslated,0.264
untrue,0.188
untrustworthy,0.287
unturned,0.316
unused,0.234
unusual,0.361
unusually,0.358
unverified,0.18
unwanted,0.205
unwarranted,0.345
unwary,0.402
unwashed,0.36
unwed,0.459
unwelcome,0.269
unwell,0.221
unwilling,0.179
unwillingly,0.182
unwillingness,0.113
unwind,0.394
unwise,0.304
unwitting,0.344
unwittingly,0.264
unworthy,0.226
unwritten,0.272
upholstery,0.386
uppity,0.417
uproar,0.462
upset,0.33
upstart,0.455
uptight,0.333
uranium,0.49
urchin,0.373
urinal,0.306
urinalysis,0.398
urinate,0.353
urination,0.232
urine,0.169
urn,0.295
usage,0.426
use,0.409
used,0.287
useless,0.184
user,0.442
usual,0.4
usurp,0.433
usurped,0.438
usury,0.43
utensil,0.383
vacancy,0.418
vacant,0.464
vacate,0.397
vacuolar,0.439
vacuole,0.481
vacuous,0.304
vacuum,0.134
vagabond,0.144
vaginal,0.42
vagrancy,0.277
vagrant,0.25
vague,0.083
vagueness,0.221
vainly,0.169
valance,0.371
vale,0.387
valet,0.389
valium,0.443
valley,0.386
valve,0.471
vamoose,0.389
van,0.425
vandal,0.473
vane,0.231
vanilla,0.284
vanish,0.347
vanished,0.255
vanishing,0.322
vanity,0.439
vanquished,0.176
vapor,0.318
vara,0.407
variable,0.4
variation,0.406
variations,0.353
varicella,0.314
varicose,0.368
varied,0.472
variegated,0.406
various,0.342
varmint,0.411
varnish,0.361
vary,0.413
varying,0.385
vase,0.215
vasectomy,0.431
vassal,0.196
vaudeville,0.472
veal,0.41
vector,0.482
veer,0.338
vega,0.434
vegan,0.357
vegetable,0.289
vegetarian,0.407
vegetarianism,0.407
vegetative,0.351
veggie,0.409
veil,0.415
veiled,0.324
vein,0.318
veined,0.294
vellum,0.321
velour,0.412
velvet,0.304
velvety,0.493
vena,0.345
veneer,0.289
venereal,0.424
venetian,0.464
venison,0.296
venom,0.491
venous,0.453
ventilator,0.344
venting,0.418
ventricle,0.464
ventricular,0.475
venue,0.395
veranda,0.439
verb,0.414
verbosity,0.451
verdant,0.389
verge,0.305
vermin,0.385
vermouth,0.425
vernal,0.451
veronica,0.402
verse,0.336
versus,0.447
vert,0.434
vertex,0.491
vertical,0.492
vertigo,0.445
very negative,0.148
vesicle,0.379
vesicular,0.483
vest,0.371
vestibule,0.422
vestige,0.454
vexed,0.413
vial,0.445
vice,0.48
vicinity,0.466
vicious,0.407
victim,0.202
victimized,0.273
video,0.427
video game,0.414
videotape,0.384
vigil,0.491
vignette,0.382
villa,0.345
village,0.336
villainous,0.47
vinaigrette,0.3
vine,0.405
vinegar,0.356
vintage,0.481
vinyl,0.44
viola,0.481
violation,0.413
violet,0.401
violin,0.389
virgin,0.462
virginal,0.464
virtual,0.463
virulence,0.438
virus,0.443
visage,0.482
viscosity,0.454
viscous,0.409
vise,0.451
visit,0.445
visitor,0.461
visor,0.265
vista,0.45
visual,0.462
vitreous,0.396
vixen,0.414
vocal,0.34
vodka,0.491
voiceless,0.131
voicemail,0.406
void,0.13
volley,0.336
volleyball,0.458
vomit,0.188
vomiting,0.157
voodoo,0.453
votive,0.453
vowel,0.311
voyeur,0.466
vulgar,0.445
vulgarity,0.346
vulnerability,0.267
vulnerable,0.245
vulture,0.472
wacko,0.33
wacky,0.321
wad,0.259
waddle,0.388
wade,0.472
wafer,0.313
waffle,0.327
wag,0.481
wagon,0.474
wail,0.393
waist,0.351
waistcoat,0.389
waistline,0.32
wait,0.264
waiter,0.295
waiting,0.333
waitinggame,0.406
waitress,0.352
waive,0.311
waiver,0.373
walk,0.45
walkout,0.427
wallaby,0.391
wallflower,0.342
wallow,0.491
wallpaper,0.308
walnut,0.255
walrus,0.361
waltz,0.315
wan,0.31
wand,0.315
wander,0.33
wanderer,0.396
wandering,0.357
wane,0.098
waning,0.3
wanker,0.446
wannabe,0.337
wannasleep,0.345
warbler,0.311
ward,0.254
wardrobe,0.336
ware,0.455
warehouse,0.446
warp,0.373
warped,0.304
warren,0.464
wart,0.205
wash,0.297
washed,0.392
washer,0.365
washing,0.402
washout,0.389
washroom,0.446
wasp,0.406
waste,0.184
wastebasket,0.286
wasted,0.259
wasteful,0.409
wasteland,0.391
wasting,0.207
watch,0.423
watchout,0.455
water,0.429
waterbed,0.296
watercourse,0.466
watered,0.377
watering can,0.336
watermelon,0.239
watery,0.292
wave,0.49
waver,0.255
wavering,0.384
wavy,0.345
wax,0.309
waxed,0.408
waxy,0.308
way,0.42
ways,0.425
wayward,0.409
weak,0.045
weaken,0.223
weakened,0.092
weakling,0.087
weakly,0.111
weakness,0.125
wear,0.255
wearily,0.128
weariness,0.226
wearing,0.461
weary,0.202
weasel,0.337
weave,0.172
wed,0.448
wedge,0.278
wee,0.315
weed,0.364
weeding,0.454
weeds,0.315
weedy,0.352
weeeee,0.283
week,0.351
weekly,0.38
weenie,0.284
weep,0.164
weeping,0.168
weeping willow,0.312
weepy,0.116
weigh,0.375
weighing,0.468
weightless,0.375
weightloss,0.393
weir,0.363
weird,0.402
weirdness,0.364
weirdo,0.328
welding,0.491
wellhead,0.373
welt,0.37
wen,0.38
wench,0.352
west,0.414
westbound,0.439
wet,0.185
wetback,0.293
wham,0.423
whammy,0.345
wharf,0.472
whatdoido,0.43
whatif,0.351
whatmakesmesmile,0.482
whatnot,0.363
whatsoever,0.302
whatsthepoint,0.398
wheat,0.25
wheel,0.446
wheel barrow,0.363
wheelbarrow,0.404
wheelchair,0.245
wheels,0.386
wheeze,0.461
whelp,0.31
whereabouts,0.356
wherefore,0.402
wherewith,0.404
wherewithal,0.321
whet,0.43
whiff,0.331
whilst,0.388
whim,0.467
whimper,0.308
whimsical,0.371
whimsy,0.455
whine,0.218
whiny,0.375
whipped,0.361
whirlpool,0.442
whisk,0.412
whisker,0.343
whiskers,0.27
whiskey,0.441
whisky,0.49
whisper,0.265
whispered,0.309
whistle,0.463
white,0.42
whitefish,0.333
whitewash,0.276
whitish,0.365
whittle,0.427
whoo,0.311
whoop,0.443
whopper,0.432
whore,0.333
whorehouse,0.462
wick,0.309
wickedness,0.443
wicker,0.388
wicket,0.471
wide,0.472
widow,0.265
widowed,0.333
widower,0.325
wiener,0.391
wienie,0.327
wig,0.18
wiggle,0.359
wight,0.395
wiki,0.455
wildcat,0.481
wildebeest,0.464
wilderness,0.29
willies,0.42
willow,0.4
wilt,0.312
wilted,0.186
wimp,0.125
wimpy,0.134
wince,0.294
winch,0.449
windbag,0.391
winding,0.361
windmill,0.412
window,0.385
windowsill,0.433
windshield,0.333
wine,0.457
wine cooler,0.42
wing,0.389
wink,0.304
wino,0.349
winterbreak,0.491
wintertime,0.404
wintery,0.463
wintry,0.445
wire,0.245
wiretap,0.454
wiring,0.431
wis,0.406
wishbone,0.426
wishing,0.491
wishmeluck,0.465
wisp,0.417
wistful,0.312
witch,0.473
withal,0.381
withdraw,0.336
withdrawal,0.226
withdrawals,0.464
withdrawn,0.221
wither,0.259
withered,0.16
withering,0.345
withhold,0.444
withholding,0.48
witless,0.179
wiz,0.441
wobble,0.35
wobbly,0.225
woe,0.204
woeful,0.255
woefully,0.269
wokemeup,0.444
womanizer,0.471
womanly,0.473
wont,0.291
woo,0.43
wood,0.373
wooden,0.318
woodland,0.48
woodlands,0.473
woodpecker,0.445
woods,0.364
woodshed,0.312
woody,0.396
woof,0.404
woohoo,0.451
wool,0.345
woolen,0.307
woolly,0.32
woot,0.481
woozy,0.306
wop,0.394
word,0.482
words,0.473
workload,0.49
worldly,0.295
worm,0.219
wormhole,0.483
wormwood,0.355
worn,0.189
worried,0.395
worries,0.363
worry,0.267
worrying,0.296
worse,0.225
worsening,0.202
worstfeeling,0.308
worthless,0.153
wot,0.357
would,0.427
wound,0.31
wounded,0.275
wounding,0.454
wounds,0.345
wracking,0.454
wrap,0.275
wrapper,0.391
wrapping,0.462
wrathful,0.446
wreak,0.498
wreck,0.339
wreckage,0.333
wrecked,0.28
wrecker,0.474
wrenching,0.483
wretch,0.25
wretched,0.19
wriggle,0.404
wright,0.389
wring,0.348
wringer,0.321
wrinkle,0.274
wrinkled,0.2
wrist,0.265
wristband,0.292
wristwatch,0.308
wrong,0.48
wrongdoing,0.451
wrongful,0.347
wrongly,0.202
xanax,0.446
xerox,0.448
xoxo,0.4
yaaaay,0.326
yaaay,0.33
yaay,0.327
yak,0.422
yam,0.152
yap,0.37
yard,0.349
yarn,0.233
yaw,0.491
yawn,0.139
yawning,0.15
yay,0.345
yayy,0.355
yayyy,0.381
yayyyy,0.363
yea,0.472
yeahhhh,0.44
year,0.415
yearly,0.431
yearn,0.491
yeast,0.327
yehey,0.298
yeller,0.453
yellow,0.387
yellows,0.318
yelp,0.431
yesss,0.451
yessss,0.415
yesterday,0.253
yesteryear,0.331
yew,0.311
yey,0.29
yielding,0.444
yo-yo,0.345
yodel,0.389
yoga,0.422
yogi,0.349
yogurt,0.24
yolk,0.28
yon,0.393
yonder,0.318
yousuck,0.35
yucky,0.237
yuletide,0.445
yuppie,0.445
zap,0.371
zealous,0.347
zebra,0.314
zen,0.432
zephyr,0.411
zeppelin,0.472
zesty,0.456
zeta,0.38
zigzag,0.288
zilch,0.361
zinc,0.333
zing,0.402
zip,0.422
zipper,0.233
zippy,0.455
zit,0.381
zodiac,0.426
zombie,0.415
zone,0.382
zoological,0.492
zoom,0.462
zucchini,0.25
,0.152
