term,arousal
aardvark,0.49
aback,0.407
abacus,0.276
abalone,0.48
abandoned,0.481
abandonment,0.43
abatement,0.338
abbey,0.367
abbot,0.321
abbreviate,0.375
abbreviation,0.306
abdomen,0.462
abdominal,0.456
abide,0.354
abiding,0.327
aboard,0.284
abode,0.302
aboriginal,0.427
abound,0.49
abovementioned,0.298
abreast,0.38
abscess,0.451
absence,0.235
absent,0.221
absentee,0.33
absenteeism,0.273
absolve,0.449
absorbed,0.471
absorbent,0.394
absorbing,0.49
absorption,0.422
abstain,0.385
abstention,0.264
abstinence,0.392
abstract,0.292
abstraction,0.439
abutment,0.265
aby,0.452
academic,0.42
academy,0.473
accent,0.357
accept,0.286
acceptable,0.286
acceptance,0.287
acceptances,0.413
access,0.472
accessible,0.41
accession,0.383
accessory,0.292
accommodate,0.375
accommodation,0.415
accompaniment,0.479
accompany,0.406
accompanying,0.46
accord,0.264
accordance,0.349
accordion,0.49
account,0.347
accountable,0.282
accountant,0.45
accounting,0.39
accounts,0.34
accredited,0.479
accrue,0.481
accueil,0.451
accuracy,0.481
accurate,0.36
accustomed,0.365
ace,0.481
acetic,0.42
acetylene,0.469
acknowledge,0.37
acknowledged,0.443
acme,0.435
acne,0.474
acorn,0.198
acoustic,0.462
acoustics,0.33
acquaint,0.491
acquaintance,0.29
acquainted,0.358
acquiescence,0.48
acquire,0.468
acquittal,0.497
acre,0.387
acreage,0.45
acres,0.363
acrylic,0.279
actual,0.4
actuality,0.464
actuary,0.404
acuity,0.378
acupuncture,0.324
adage,0.415
adapt,0.355
adaptable,0.423
adaptation,0.365
add,0.49
added,0.405
addendum,0.37
adder,0.461
addition,0.373
additional,0.462
address,0.327
addressee,0.382
addresses,0.354
adequacy,0.435
adequate,0.264
adhere,0.339
adherence,0.307
adherent,0.385
adhesion,0.445
adhesive,0.35
adieu,0.471
adipose,0.35
adjacency,0.417
adjacent,0.276
adjective,0.316
adjoining,0.4
adjourn,0.456
adjudication,0.462
adjunct,0.44
adjust,0.327
admin,0.42
administer,0.425
administration,0.404
administrative,0.415
administrator,0.48
admiral,0.49
admission,0.415
admit,0.423
admittance,0.451
admitted,0.49
admixture,0.375
ado,0.423
adobe,0.319
adoptive,0.469
adore,0.438
adorn,0.424
adornment,0.373
adrift,0.486
adult,0.491
adulthood,0.454
advance,0.472
advice,0.408
advisable,0.48
advise,0.393
advised,0.33
advisement,0.235
adviser,0.362
advisor,0.35
advisory,0.429
aegis,0.439
aerial,0.461
aesthetic,0.442
aesthetics,0.327
aetiology,0.398
afar,0.373
affable,0.38
affair,0.459
affectionate,0.422
affiche,0.265
affix,0.335
affluent,0.388
affordable,0.398
afield,0.37
afloat,0.427
afore,0.337
aforementioned,0.316
aforesaid,0.358
african,0.423
aft,0.417
aftermath,0.449
afternoon,0.388
aftershave,0.384
aftertaste,0.362
afterthought,0.392
aga,0.327
agate,0.377
age,0.226
aged,0.365
agency,0.296
agenda,0.296
agent,0.439
aggregate,0.378
aging,0.255
agnostic,0.396
ago,0.28
agree,0.26
agreed,0.449
agreeing,0.48
agreement,0.44
agricultural,0.321
agriculture,0.357
aground,0.34
agua,0.18
ahoy,0.497
aid,0.491
aide,0.342
aids,0.48
ail,0.434
aimless,0.267
air,0.163
airbag,0.402
airhead,0.481
airline,0.482
airs,0.196
airship,0.472
airtight,0.381
aisle,0.222
ait,0.39
ajar,0.413
aka,0.358
akin,0.343
alabaster,0.404
alas,0.31
alb,0.38
albatross,0.445
albino,0.24
album,0.349
alcove,0.34
alderman,0.459
ale,0.45
alfalfa,0.25
algebra,0.34
algebraic,0.412
algorithm,0.394
alias,0.353
alienated,0.423
align,0.364
aligned,0.275
alignment,0.412
alike,0.173
alimony,0.477
aliquot,0.31
alkali,0.35
allay,0.406
allege,0.482
allegiance,0.398
alleviate,0.27
alleviation,0.2
alleyway,0.471
alliance,0.473
allied,0.245
allocate,0.462
allocation,0.388
allot,0.481
allotment,0.39
allow,0.429
allowance,0.382
allowed,0.36
alloy,0.443
allusion,0.308
alluvial,0.49
ally,0.32
almanac,0.19
almond,0.183
aloft,0.373
aloha,0.44
alone,0.167
alongside,0.333
aloof,0.423
alpha,0.34
alphabet,0.204
alphabetical,0.296
alpine,0.337
altar,0.387
altar boy,0.206
alternate,0.363
alternating,0.494
alternative,0.373
altitude,0.482
alto,0.404
altogether,0.324
aluminum,0.28
alumnus,0.368
alveolar,0.481
amalgam,0.333
amalgamation,0.47
amass,0.465
amber,0.308
ambience,0.356
ambient,0.36
ambiguity,0.46
ambiguous,0.462
ambit,0.38
ambivalent,0.404
ambrosia,0.452
amen,0.182
amenable,0.41
amend,0.406
amendment,0.459
amends,0.366
amenity,0.327
amethyst,0.406
amiable,0.29
amicable,0.33
amid,0.34
amidst,0.33
amino,0.402
ammonium,0.396
amnesia,0.33
amnesty,0.451
amorphous,0.402
amortization,0.491
amount,0.422
amour,0.48
amp,0.393
ampersand,0.448
amphibian,0.357
amphibious,0.346
amphitheater,0.48
ample,0.349
amplitude,0.439
amply,0.431
amulet,0.26
ana,0.3
anaesthesia,0.217
anaesthetic,0.268
anagram,0.327
analgesic,0.321
analogous,0.27
analogue,0.32
analogy,0.367
analysis,0.448
analyst,0.415
analytical,0.324
analyze,0.462
anastomosis,0.47
anathema,0.49
anatomic,0.442
anatomy,0.39
ancestor,0.388
ancestral,0.481
anchor,0.284
anchorage,0.325
ancient,0.217
ancillary,0.442
android,0.436
anemia,0.327
anemic,0.279
anesthesia,0.216
anesthesiologist,0.224
anesthetic,0.264
anew,0.358
angel,0.158
angelic,0.298
angle,0.33
angling,0.408
angora,0.425
angular,0.281
anhydrous,0.365
ankle,0.274
anklet,0.276
annex,0.35
annexe,0.35
annotate,0.469
annotation,0.47
announcement,0.491
annual,0.236
annuity,0.304
annul,0.448
annular,0.385
annulment,0.375
annulus,0.38
anointed,0.368
anointing,0.35
anomalous,0.48
anon,0.354
anonymity,0.255
anonymous,0.291
answer,0.373
answerable,0.481
ant,0.216
ante,0.32
antenna,0.327
anterior,0.245
anthem,0.343
anthology,0.406
anthropological,0.39
anthropologist,0.385
anthropology,0.367
anti,0.412
antibiotic,0.373
antibiotics,0.406
anticipate,0.469
antidote,0.49
antifungal,0.412
antimony,0.398
antiquarian,0.233
antiquated,0.392
antique,0.29
antiques,0.37
antiquity,0.333
antiseptic,0.37
antithesis,0.412
antiviral,0.47
antler,0.47
anytime,0.461
apache,0.469
apartment,0.393
apartments,0.337
apathetic,0.292
apathy,0.212
ape,0.389
aperture,0.45
apex,0.433
aphid,0.473
apiece,0.259
apologetic,0.461
apologist,0.429
apologize,0.378
apology,0.346
apostle,0.347
apostolic,0.3
apostrophe,0.368
apothecary,0.328
apparatus,0.353
apparel,0.435
apparent,0.383
apparently,0.41
appearance,0.49
appease,0.278
append,0.464
appendage,0.382
appendix,0.387
apple,0.3
apple juice,0.204
applejack,0.431
applesauce,0.167
appliance,0.453
appliances,0.394
applicability,0.49
applicable,0.43
application,0.445
apply,0.321
appoint,0.33
apportion,0.49
apportionment,0.481
appraise,0.49
appreciable,0.491
appreciate,0.422
appreciated,0.434
appreciative,0.38
apprentice,0.413
apprenticeship,0.482
approach,0.392
appropriate,0.368
approval,0.46
approved,0.349
approximately,0.396
approximation,0.402
appurtenances,0.412
apricot,0.32
apron,0.208
apt,0.418
aptitude,0.471
aqua,0.292
aquamarine,0.306
aquarium,0.327
aqueduct,0.411
aqueous,0.27
arable,0.35
arbitrator,0.448
arbor,0.49
arc,0.388
arcane,0.49
arch,0.354
archaeological,0.441
archaeologist,0.451
archaeology,0.358
archaic,0.327
archbishop,0.28
archdiocese,0.321
archduke,0.413
arched,0.403
archipelago,0.37
architect,0.442
architectural,0.39
architecture,0.39
archive,0.294
arctic,0.352
area,0.306
arena,0.235
areola,0.396
argent,0.418
argument,0.464
arid,0.333
aristocrat,0.413
arithmetic,0.46
ark,0.427
arm,0.285
armchair,0.164
armpit,0.439
arms,0.395
aroma,0.235
aromatherapy,0.22
arouse,0.491
arrange,0.49
arrangement,0.382
array,0.396
arrears,0.485
arrive,0.406
arrow,0.39
arsenic,0.472
art,0.36
arthropod,0.464
artichoke,0.218
article,0.28
articles,0.324
articulate,0.462
articulation,0.48
artificial,0.385
artisan,0.33
artist,0.442
artistry,0.346
artwork,0.368
arty,0.422
asbestos,0.481
ascetic,0.375
ash,0.21
ashes,0.279
ashtray,0.382
asinine,0.472
ask,0.44
asleeep,0.21
asleep,0.1
asp,0.489
asparagus,0.317
aspartame,0.48
aspect,0.469
aspects,0.48
aspen,0.28
asphalt,0.264
aspire,0.469
aspirin,0.271
assemblage,0.452
assembled,0.45
assertion,0.442
assertive,0.412
assign,0.417
assignee,0.462
assignment,0.398
assimilate,0.391
assimilation,0.378
assist,0.435
assistant,0.39
associate,0.409
assorted,0.46
assortment,0.36
assuage,0.255
assume,0.401
assumed,0.247
assuming,0.39
assumption,0.431
assurance,0.442
assure,0.46
assured,0.327
assuredly,0.396
asterisk,0.288
astigmatism,0.49
astral,0.417
astrology,0.34
astronomy,0.474
asunder,0.442
asylum,0.33
asymmetric,0.343
asymmetry,0.373
asymptotic,0.451
atelier,0.33
atheism,0.46
atheist,0.447
atheistic,0.481
atherosclerosis,0.48
atlas,0.306
atmosphere,0.3
atmospheric,0.42
atoll,0.408
atpeace,0.298
atrium,0.365
attach,0.363
attached,0.35
attachment,0.343
attempt,0.491
attend,0.42
attendant,0.365
attenuate,0.302
attenuated,0.28
attenuation,0.363
attic,0.259
attire,0.388
attributable,0.43
attribute,0.439
attribution,0.467
auburn,0.24
audible,0.37
audio,0.425
auditorium,0.49
auditory,0.481
aught,0.135
august,0.292
aunt,0.291
auntie,0.275
aura,0.333
aurora,0.306
austere,0.39
austerity,0.406
authenticate,0.48
authentication,0.491
author,0.343
authorized,0.458
autistic,0.337
autobiographical,0.462
autobiography,0.284
autocorrect,0.439
automated,0.402
automatic,0.433
autonomy,0.349
autopilot,0.462
autumn,0.204
auxiliary,0.471
avail,0.43
available,0.356
avatar,0.41
avenue,0.36
aver,0.45
average,0.28
aversation,0.442
avert,0.388
aviary,0.36
avid,0.459
avocado,0.255
avoid,0.442
avoidance,0.481
avoiding,0.433
await,0.264
awake,0.469
awaken,0.412
aware,0.34
awareness,0.422
awkwardness,0.454
awning,0.186
axial,0.278
axiom,0.441
axiomatic,0.392
axis,0.25
axle,0.294
aye,0.42
azimuth,0.461
azure,0.256
babble,0.441
babbling,0.418
baboon,0.41
baby,0.365
babysitter,0.415
baccarat,0.497
bachelor,0.406
back,0.353
backboard,0.259
backbone,0.464
backdoor,0.41
backdrop,0.309
backer,0.375
backgammon,0.41
background,0.357
backhand,0.449
backoff,0.396
backpack,0.278
backseat,0.33
backside,0.417
backward,0.367
backwards,0.372
backwater,0.41
backwoods,0.35
backyard,0.28
bacon,0.406
badday,0.449
badge,0.488
badger,0.429
baffle,0.442
bag,0.25
bagel,0.363
baggage,0.363
baggie,0.427
baggy,0.278
bait,0.327
bake,0.418
baking,0.455
bal,0.412
balance,0.265
balanced,0.255
balcony,0.392
bald,0.184
balding,0.363
baldy,0.385
bale,0.363
balk,0.451
ball,0.427
ballad,0.284
ballast,0.423
ballet,0.48
balloon,0.245
ballot,0.361
ballpoint,0.337
ballsy,0.491
balm,0.275
balmy,0.327
balsam,0.25
balsamic,0.283
bam,0.472
bamboo,0.222
banana,0.23
bandage,0.327
bandanna,0.276
bandwidth,0.337
banister,0.41
banjo,0.4
bank,0.327
banking,0.327
banner,0.408
baptism,0.384
baptismal,0.343
baptize,0.426
barb,0.365
barber,0.459
barbershop,0.441
barbie doll,0.37
bard,0.41
bareback,0.356
barefoot,0.373
barely,0.183
barf,0.491
barge,0.388
barium,0.353
barley,0.212
barmaid,0.472
barn,0.452
barnacle,0.337
barney,0.378
barnyard,0.353
barometer,0.273
baron,0.358
baroness,0.453
baroque,0.357
barrel,0.298
barren,0.373
barrier,0.48
barrow,0.363
base,0.298
baseboard,0.198
baseless,0.382
baseline,0.367
baseman,0.449
bases,0.236
bashful,0.406
basic,0.102
basics,0.311
basil,0.274
basilica,0.302
basin,0.231
basis,0.26
bask,0.33
basket,0.227
bass,0.206
bass guitar,0.37
basso,0.42
bassoon,0.433
bat,0.409
batch,0.357
batching,0.42
bath,0.26
bathe,0.294
bathhouse,0.38
bathing,0.276
bathrobe,0.442
bathroom,0.283
bathtub,0.24
bathymetry,0.48
baton,0.235
batter,0.245
battery,0.425
battlements,0.441
bauble,0.429
bay,0.365
bayou,0.431
bazaar,0.34
be,0.24
beacon,0.407
bead,0.388
beading,0.32
beads,0.388
beady,0.417
beagle,0.47
beak,0.363
beaker,0.41
beam,0.349
bean,0.269
beanbag,0.38
beanie,0.23
bearable,0.375
beard,0.261
bearded,0.337
bearing,0.367
bearings,0.49
bearskin,0.398
beau,0.44
beaver,0.344
bebop,0.49
beck,0.375
beckon,0.455
bed,0.173
bedding,0.276
bedpan,0.4
bedrock,0.34
bedroom,0.296
bedside,0.167
bedspread,0.139
bedtime,0.314
beef,0.312
beefsteak,0.391
beeswax,0.402
beetle,0.356
befitting,0.333
beggar,0.402
begging,0.461
beginner,0.48
behave,0.363
behavior,0.442
behavioral,0.44
behest,0.35
behold,0.284
beholder,0.491
beige,0.222
belated,0.4
belay,0.472
belief,0.375
believable,0.39
believe,0.37
believer,0.445
believing,0.418
belittle,0.417
belittled,0.392
bellboy,0.363
bellhop,0.287
bellman,0.25
bellow,0.337
belly,0.388
bellybutton,0.283
belong,0.405
belongings,0.38
belt,0.322
beluga,0.333
bemused,0.49
bench,0.289
bend,0.324
beneath,0.173
benedictory,0.438
beneficiary,0.399
benefit,0.422
benevolence,0.34
benevolent,0.407
benign,0.44
bent,0.453
benzene,0.459
bequest,0.398
bereaved,0.479
bereft,0.49
beret,0.24
bergamot,0.365
berlin,0.423
berth,0.337
beryllium,0.412
beseech,0.441
beta,0.37
betty,0.358
bevel,0.406
beverage,0.49
bevy,0.46
bias,0.37
biased,0.302
bib,0.396
bible,0.225
biblical,0.304
bibliography,0.204
bicarbonate,0.337
bicentennial,0.423
bicolor,0.327
bidder,0.474
bide,0.407
biennial,0.309
bier,0.448
biggie,0.481
bilateral,0.343
bilayer,0.398
bile,0.461
bilge,0.392
bilingual,0.49
bill,0.402
billboard,0.317
billing,0.481
billy,0.397
bimbo,0.37
bimonthly,0.298
bin,0.304
binary,0.356
bind,0.462
binder,0.25
bindery,0.388
binding,0.425
bing,0.453
binocular,0.344
binoculars,0.309
binomial,0.406
bio,0.225
biochemical,0.481
biochemist,0.449
biogenesis,0.442
biographer,0.427
biography,0.229
biological,0.41
biologist,0.453
biology,0.274
biosphere,0.351
bipartite,0.48
birch,0.346
bird,0.357
birdcage,0.398
birdie,0.394
birthmark,0.461
birthplace,0.29
birthright,0.417
bis,0.42
biscuit,0.26
bishop,0.184
bison,0.433
bisque,0.443
bistro,0.472
bit,0.31
bitsy,0.388
bitty,0.271
bitumen,0.235
biweekly,0.337
biz,0.473
blab,0.425
black,0.339
blackberry,0.413
blackbird,0.34
blackboard,0.255
blackface,0.49
blackness,0.48
bladder,0.412
blameless,0.196
bland,0.226
blank,0.229
blanket,0.132
blase,0.31
blather,0.481
blaze,0.467
blazer,0.385
bleach,0.282
bleak,0.427
blemished,0.469
blend,0.452
blending,0.418
bless,0.269
blessed,0.279
blessing,0.264
blessings,0.361
bleu,0.354
blimp,0.41
blind,0.36
blinded,0.471
blindness,0.48
blink,0.316
blip,0.461
blob,0.376
block,0.35
blockhead,0.333
blog,0.39
bloke,0.479
blond,0.49
bloodhound,0.462
bloodless,0.39
bloom,0.453
blooming,0.452
blossom,0.275
blot,0.304
blotter,0.298
blouse,0.19
blowfish,0.42
blowing,0.472
blubber,0.26
blue,0.137
blue spruce,0.335
blueberry,0.185
bluebird,0.35
bluegrass,0.441
blueprint,0.173
blues,0.22
bluff,0.286
bluish,0.245
blur,0.471
blurred,0.367
blurry,0.385
blurt,0.439
board,0.255
board game,0.49
boarder,0.44
boarding,0.402
boards,0.27
boardwalk,0.481
boat,0.42
boathouse,0.38
boatload,0.415
bobbin,0.472
bobcat,0.49
bode,0.406
bodega,0.307
bodice,0.471
bodily,0.481
body,0.461
bog,0.361
bogus,0.353
bold,0.271
bollocks,0.471
bolster,0.471
bolt,0.363
bolus,0.491
bonanza,0.41
bonding,0.442
bonds,0.472
bondsman,0.497
bone,0.37
bones,0.343
bonne,0.395
bonny,0.404
bonsai,0.235
bony,0.462
booby,0.423
book,0.21
bookcase,0.221
bookish,0.236
bookkeeper,0.363
bookkeeping,0.214
booklet,0.27
bookmark,0.441
books,0.115
bookseller,0.317
bookshop,0.291
bookstore,0.18
bookworm,0.337
boon,0.294
booth,0.4
boots,0.255
bop,0.49
border,0.382
bordering,0.382
bore,0.44
boreal,0.348
bored,0.167
boredom,0.139
boring,0.217
boron,0.37
borough,0.343
borrower,0.423
boston,0.38
botanical,0.259
botanist,0.24
botany,0.201
bottle,0.236
bottleneck,0.471
bottling,0.333
bottom,0.37
bottomless,0.47
boulder,0.309
boundary,0.427
bounds,0.426
bouquet,0.352
bourbon,0.49
bourgeoisie,0.417
bourse,0.23
boutique,0.49
bouttime,0.373
bovine,0.255
bow,0.306
bowed,0.418
bowel,0.417
bowels,0.448
bowl,0.377
bowling,0.431
bowls,0.28
box,0.179
boxcar,0.469
boy,0.392
boysenberry,0.409
bozo,0.364
brace,0.385
bracelet,0.34
braces,0.337
brachial,0.363
bracket,0.35
brackets,0.281
brackish,0.368
brad,0.385
braid,0.222
brain,0.441
brainless,0.31
brake,0.481
bran,0.433
branch,0.206
branching,0.422
brand,0.284
brass,0.32
brass knuckle,0.449
brassiere,0.469
brat,0.44
bratwurst,0.49
brawn,0.402
bread,0.314
breadth,0.49
break,0.265
breakdown,0.423
breakfast,0.33
breast,0.429
breath,0.392
breathe,0.373
breather,0.471
breathless,0.49
breeches,0.457
breed,0.441
breeder,0.481
breeding,0.481
breeze,0.284
breezy,0.472
brethren,0.38
breve,0.365
brevity,0.434
briar,0.375
brick,0.418
bridge,0.324
bridle,0.367
brief,0.3
briefcase,0.206
briefing,0.333
briefly,0.314
brim,0.333
brine,0.481
bring,0.46
brink,0.413
brisket,0.378
bristle,0.375
brittle,0.49
bro,0.349
broach,0.439
broad,0.365
broadside,0.316
brocade,0.327
broccoli,0.2
brochure,0.226
broil,0.404
broker,0.462
bromide,0.425
bronze,0.333
brooch,0.26
brooding,0.367
brook,0.347
broom,0.154
broomstick,0.265
broth,0.245
brother,0.361
brotherhood,0.471
brotherly,0.306
brow,0.311
brown,0.202
brownstone,0.423
brunch,0.363
brush,0.265
bubble,0.213
bubbling,0.438
buckaroo,0.469
bucket,0.167
buckle,0.373
buckled,0.358
bucko,0.455
buckwheat,0.471
bud,0.402
buddha,0.198
buddhism,0.115
buddhist,0.182
budget,0.396
buff,0.425
buffer,0.474
buffering,0.468
bugaboo,0.491
bugged,0.439
building,0.288
buildings,0.38
bulb,0.208
bulbous,0.442
bulge,0.487
bulk,0.413
bulkhead,0.425
bulletin,0.294
bullfrog,0.481
bullock,0.402
bum,0.451
bumblebee,0.493
bummed,0.43
bump,0.458
bun,0.306
bunch,0.358
bundle,0.343
bungalow,0.352
bunghole,0.426
bunion,0.34
bunk,0.332
bunkhouse,0.414
bunny,0.325
bunt,0.422
buoy,0.28
buoyancy,0.373
buoyant,0.441
bur,0.353
bureau,0.373
burke,0.441
burlap,0.462
burnout,0.445
burr,0.426
burrito,0.294
burro,0.356
burrow,0.28
bursary,0.462
bus,0.411
busboy,0.453
bush,0.22
bushel,0.387
bushy,0.321
busload,0.481
buster,0.491
butane,0.483
butler,0.225
butter,0.292
buttercup,0.482
butterfly,0.327
buttermilk,0.311
buttery,0.318
button,0.22
bye,0.398
bygone,0.31
bylaw,0.373
byline,0.45
bypass,0.418
bystander,0.462
byte,0.38
byzantine,0.443
cab,0.49
cabal,0.406
cabana,0.296
cabbage,0.225
cabbie,0.417
cabernet,0.42
cabin,0.292
cabinet,0.306
cable,0.245
caboose,0.453
cache,0.348
cactus,0.412
cad,0.406
caddie,0.435
caddy,0.47
cadence,0.473
cadet,0.393
cafe,0.392
cafeteria,0.4
cage,0.333
cagey,0.363
cairn,0.435
cake,0.375
calamari,0.312
calcareous,0.368
calcium,0.346
calculate,0.452
calculated,0.425
calculating,0.43
calculation,0.453
calculator,0.283
calculus,0.36
calendar,0.212
calender,0.275
calf,0.366
calibrate,0.46
calico,0.338
calligraphy,0.216
calls,0.431
calm,0.1
calming,0.105
calmness,0.105
caloric,0.483
cam,0.363
camber,0.382
camcorder,0.422
camel,0.282
cameo,0.457
camera,0.288
cameraman,0.452
camisole,0.25
camouflaged,0.422
campsite,0.49
campus,0.388
can,0.36
can opener,0.491
canal,0.259
canary,0.276
cancel,0.306
canceling,0.47
cancellation,0.431
candid,0.349
candidate,0.49
candied,0.33
candle,0.221
candlelight,0.294
candles,0.206
candor,0.389
candy,0.425
cane,0.298
canister,0.271
canker,0.469
canned,0.357
canning,0.392
canoe,0.3
canonical,0.41
canopy,0.264
cantaloupe,0.212
canterbury,0.438
canto,0.461
canton,0.472
canvas,0.09
canvass,0.356
cap,0.24
capacity,0.411
cape,0.235
caper,0.37
capillary,0.365
capitol,0.375
cappuccino,0.279
caps,0.221
capslock,0.394
capsule,0.29
caption,0.292
captivity,0.493
caramel,0.363
carbon,0.36
card,0.269
cardboard,0.173
cardigan,0.324
cardinal,0.358
cards,0.317
care,0.37
carefree,0.22
carefully,0.33
careless,0.431
carelessness,0.482
caress,0.418
caret,0.402
cargo,0.444
caribou,0.452
caricature,0.373
caring,0.469
carnation,0.357
carol,0.412
carols,0.42
carp,0.324
carpal,0.327
carpentry,0.459
carpet,0.17
carpeting,0.312
carried,0.382
carrot,0.235
carry,0.38
cart,0.344
carte,0.32
cartel,0.394
carter,0.48
cartilage,0.37
cartographic,0.348
cartography,0.3
carton,0.186
cartoon,0.471
cartouche,0.458
carve,0.443
carving,0.444
case,0.275
casein,0.436
cashier,0.413
cashmere,0.452
casing,0.327
cask,0.398
casket,0.49
casserole,0.36
cassette,0.334
caste,0.333
castle,0.396
castor,0.337
castrate,0.485
casual,0.224
casually,0.29
casualty,0.274
cat,0.26
catalog,0.221
catalogue,0.327
catch,0.437
catcher,0.413
catchphrase,0.423
catchy,0.441
catechism,0.236
categorical,0.442
category,0.264
caterpillar,0.286
cates,0.394
catfish,0.337
cathedral,0.33
catheter,0.491
catholic,0.24
cathouse,0.375
catnip,0.381
cattle,0.34
catwalk,0.436
caucus,0.311
caudal,0.425
cauldron,0.486
cauliflower,0.255
causal,0.367
causality,0.378
causation,0.48
cause,0.373
causeway,0.382
cautious,0.445
cautiously,0.388
cavalier,0.462
cave,0.333
cavern,0.36
caviar,0.394
caving,0.491
cavity,0.385
cayenne,0.306
cease,0.25
cedar,0.267
cede,0.327
ceiling,0.224
celery,0.147
celestial,0.36
celibacy,0.276
celibate,0.387
cell,0.375
cellar,0.277
cello,0.324
cellophane,0.282
cellular,0.398
cellulite,0.384
celluloid,0.44
cement,0.265
cemented,0.382
censor,0.276
census,0.289
cent,0.367
centenary,0.44
centennial,0.394
center,0.231
centerfold,0.407
centerpiece,0.208
centimeter,0.28
centipede,0.399
central,0.356
centrality,0.312
centralization,0.44
centralize,0.427
centrally,0.28
centurion,0.447
century,0.347
ceramic,0.255
ceramics,0.25
cereal,0.206
cereals,0.224
certain,0.358
certainty,0.4
certifiable,0.427
certificate,0.377
certified,0.422
certify,0.4
cervical,0.413
cervix,0.36
cess,0.375
cessation,0.385
cesspool,0.46
chaff,0.327
chafing,0.415
chai,0.375
chair,0.082
chaise,0.349
chalet,0.349
chalice,0.286
chalk,0.185
chamber,0.373
chambermaid,0.375
chambers,0.442
chandler,0.452
changeable,0.48
changed,0.375
channel,0.287
chap,0.41
chapel,0.24
chaplain,0.37
chaps,0.462
chapter,0.308
char,0.361
character,0.373
characteristic,0.328
characterize,0.471
charcoal,0.186
charger,0.418
charitable,0.38
charity,0.284
charm,0.363
chart,0.317
charter,0.382
chartered,0.46
chassis,0.342
chaste,0.248
chastity,0.392
chat,0.4
chateau,0.464
chatter,0.45
chauffeur,0.353
cheap,0.471
cheapskate,0.482
checkbook,0.284
checker,0.417
checkered,0.316
checkers,0.451
checkpoint,0.323
checkup,0.435
cheek,0.314
cheeks,0.324
cheep,0.38
cheerless,0.373
cheese,0.28
cheesecake,0.276
cheesy,0.471
chef,0.411
chemise,0.275
cherish,0.491
cherishing,0.38
cherry,0.186
cherub,0.34
chess,0.363
chest,0.429
chestnut,0.21
chevron,0.469
chew,0.49
chewy,0.418
chicane,0.46
chicken,0.306
chiffon,0.23
child,0.46
childhood,0.413
childish,0.442
childless,0.4
childlike,0.372
chill,0.206
chilled,0.34
chilly,0.459
chimes,0.49
chimney,0.286
chin,0.31
china,0.443
chinchilla,0.45
chine,0.36
chinook,0.497
chip,0.382
chipping,0.452
chirping,0.463
chisel,0.404
chit,0.352
chitchat,0.455
chivalry,0.38
chloride,0.387
chlorine,0.327
chloroform,0.37
chocolate,0.48
choir,0.298
chops,0.42
choral,0.29
chord,0.394
chords,0.406
chore,0.462
chorus,0.417
chosen,0.449
chow,0.49
chowder,0.324
christen,0.356
christening,0.382
christian,0.241
christmaseve,0.491
chromatic,0.413
chrome,0.373
chromium,0.404
chromosome,0.296
chronograph,0.392
chronological,0.445
chubby,0.427
chug,0.413
chum,0.347
chummy,0.42
chump,0.451
chunk,0.287
church,0.198
churchyard,0.444
churn,0.491
chutney,0.37
ciao,0.426
cider,0.346
cigar,0.463
cilantro,0.26
cinch,0.49
cinder,0.26
cinematic,0.49
cinematographer,0.455
cinnamon,0.25
cipher,0.414
circle,0.29
circuit,0.461
circular,0.342
circulate,0.388
circumference,0.255
circumferential,0.422
cirrus,0.451
cistern,0.413
citadel,0.464
cite,0.454
citizen,0.25
citizenship,0.404
citrine,0.4
citrus,0.368
civic,0.24
civics,0.279
civil,0.281
civilian,0.229
civilians,0.448
civility,0.306
civilization,0.452
civilized,0.231
clad,0.373
clam,0.302
clammy,0.44
clamp,0.388
clan,0.491
clapper,0.229
clarification,0.461
clarinet,0.453
clarion,0.443
clarity,0.31
clasp,0.375
class,0.314
classic,0.26
classical,0.198
classics,0.333
classification,0.423
classified,0.46
classify,0.411
classmate,0.4
classroom,0.292
classy,0.41
clause,0.409
clauses,0.429
clavicle,0.4
clay,0.25
clean,0.17
cleaning,0.396
cleanliness,0.363
cleanly,0.352
cleanse,0.31
cleanser,0.353
cleansing,0.298
cleanup,0.314
clear,0.327
clearance,0.459
clearing,0.333
clearness,0.316
cleat,0.26
clef,0.36
cleft,0.442
clemency,0.417
clergy,0.312
clergyman,0.33
cleric,0.324
clerical,0.396
clerkship,0.38
clever,0.353
click,0.365
clicker,0.49
client,0.45
climate,0.24
climatology,0.367
clingy,0.46
clinic,0.439
clinical,0.412
clink,0.462
clip,0.31
clipboard,0.255
clipper,0.422
clique,0.43
cloak,0.188
cloakroom,0.254
clock,0.173
clockwork,0.373
clod,0.404
cloister,0.413
clone,0.471
close,0.26
closed,0.164
closeness,0.237
closet,0.204
closure,0.22
cloth,0.19
clothe,0.33
clothes,0.27
clothesline,0.324
clothing,0.343
cloud,0.133
clouded,0.213
cloudiness,0.25
clouds,0.195
cloudy,0.28
clove,0.296
clover,0.34
cloves,0.218
cluck,0.49
clue,0.38
clueless,0.333
clump,0.48
clumsy,0.42
clunk,0.472
cluster,0.458
clutches,0.373
coachman,0.394
coal,0.241
coalesce,0.434
coarse,0.481
coast,0.396
coastal,0.37
coastline,0.282
coat,0.256
coating,0.44
coax,0.4
cobalt,0.325
cobble,0.385
cobbler,0.415
cockeyed,0.46
cockpit,0.424
cocktail,0.48
cocoa,0.255
coconut,0.265
cocoon,0.28
cod,0.321
code,0.308
codex,0.488
codfish,0.245
codification,0.4
codify,0.41
coding,0.344
coefficient,0.415
coexist,0.46
coexistence,0.472
coexisting,0.349
coffee,0.418
coffee table,0.339
coffeehouse,0.357
coffeepot,0.333
coffin,0.432
cog,0.343
cogent,0.479
cognate,0.35
cognition,0.344
cognitive,0.401
coherence,0.406
coherent,0.281
cohesive,0.47
coil,0.343
coinage,0.4
coincide,0.49
coincidence,0.45
coincident,0.385
coincidental,0.481
coinciding,0.373
coke,0.461
cola,0.325
coldly,0.358
coldness,0.47
coldsweat,0.491
coleslaw,0.312
collaborate,0.449
collaborator,0.32
collage,0.321
collagen,0.245
collar,0.442
collarbone,0.427
collate,0.448
collateral,0.422
collation,0.333
colleague,0.413
collect,0.481
collected,0.402
collection,0.311
collective,0.458
collector,0.481
college,0.467
collegiate,0.461
collie,0.308
collocation,0.36
colloquial,0.363
cologne,0.413
colon,0.394
colonial,0.327
colonic,0.42
colony,0.353
colophon,0.408
color,0.28
colored,0.317
coloring,0.469
colorless,0.34
colors,0.349
column,0.25
columnar,0.34
columnist,0.365
com,0.382
coma,0.255
comatose,0.438
comb,0.123
combination,0.48
combinatorial,0.436
combine,0.442
combined,0.37
combo,0.439
come,0.269
comeback,0.409
comfort,0.231
comfortable,0.163
comforter,0.275
comforting,0.337
comfy,0.241
comic,0.459
coming,0.417
comma,0.269
commandment,0.49
commemorative,0.438
commensurate,0.304
comment,0.417
commentary,0.402
commercial,0.49
commission,0.48
commissioner,0.449
committee,0.392
commodity,0.394
common,0.127
commoner,0.365
commonly,0.17
commonplace,0.337
commons,0.396
commonwealth,0.406
communal,0.321
commune,0.488
communicable,0.491
communicate,0.41
communication,0.4
communion,0.357
community,0.35
commutation,0.431
commutative,0.442
comp,0.45
compact,0.417
compaction,0.471
compactness,0.352
companion,0.377
companionless,0.259
companionship,0.438
company,0.425
comparable,0.443
comparative,0.273
comparatively,0.391
compare,0.408
comparison,0.456
compartment,0.389
compass,0.307
compassion,0.258
compassionate,0.404
compatibility,0.45
compatible,0.387
compendium,0.461
compensate,0.429
compensation,0.469
compensatory,0.49
compile,0.413
complacent,0.452
complement,0.277
complementary,0.32
complete,0.414
completed,0.357
completely,0.37
completeness,0.433
completion,0.47
compliance,0.462
compliant,0.31
compliment,0.49
complimentary,0.413
comply,0.37
complying,0.423
compo,0.346
component,0.382
compose,0.432
composed,0.385
composite,0.459
composition,0.408
compost,0.404
composure,0.354
compound,0.385
comprehend,0.365
comprehension,0.387
comprehensive,0.385
compress,0.412
compressed,0.396
compressible,0.392
compressor,0.481
comprise,0.373
comptroller,0.481
computable,0.402
computation,0.429
compute,0.408
computer,0.356
computerized,0.45
computing,0.398
comrade,0.412
concave,0.349
conceal,0.436
concealed,0.363
concede,0.324
conceivable,0.35
concentrate,0.439
concentric,0.479
concept,0.265
conception,0.49
concession,0.423
concessional,0.493
conch,0.306
concierge,0.343
conciliation,0.475
concise,0.298
conclave,0.44
conclude,0.267
concluding,0.382
conclusion,0.377
conclusive,0.427
concoction,0.459
concomitant,0.482
concord,0.32
concordance,0.358
concrete,0.42
concur,0.394
condensation,0.316
condensed,0.415
condescending,0.363
condescension,0.377
condiment,0.333
condition,0.469
conditional,0.343
conditionally,0.419
conditioned,0.417
conditioner,0.36
conditioning,0.468
conditions,0.441
condo,0.288
condolence,0.443
condolences,0.48
condone,0.441
condor,0.388
conducive,0.479
conduit,0.302
cone,0.208
confederation,0.404
confer,0.482
confessional,0.392
confide,0.472
confidence,0.276
confident,0.324
confidential,0.471
confidentiality,0.431
confidentially,0.469
configuration,0.443
confined,0.472
confines,0.386
confirm,0.439
confirmation,0.48
confirmed,0.49
conform,0.38
conformance,0.278
conformation,0.435
conformity,0.363
congenial,0.412
congenital,0.434
congregation,0.49
congress,0.444
congressional,0.491
congressman,0.471
congruence,0.472
conic,0.368
conical,0.422
conjecture,0.398
conjugate,0.42
conjugation,0.429
conjunction,0.472
conjunctive,0.444
conk,0.469
connect,0.299
connective,0.491
connoisseur,0.461
conscience,0.375
conscientious,0.404
conscious,0.333
consciousness,0.483
consecration,0.418
consecutive,0.418
consensual,0.417
consensus,0.358
consenting,0.406
consequent,0.471
conservation,0.401
conservatism,0.369
conservative,0.316
conservatory,0.24
conserve,0.347
consider,0.368
considerable,0.314
considerate,0.38
consideration,0.38
consignee,0.385
consignment,0.44
consist,0.386
consistent,0.431
consolation,0.25
console,0.398
consoled,0.343
consolidate,0.44
consolidated,0.366
consolidation,0.445
consonant,0.347
constancy,0.443
constant,0.296
constituency,0.48
constituents,0.414
constitute,0.349
constitution,0.38
constitutional,0.418
constitutionality,0.439
consul,0.354
consulate,0.453
consult,0.37
consultant,0.344
consultation,0.463
contact,0.424
contain,0.49
container,0.396
containment,0.491
contemplate,0.347
contemplation,0.324
contemplative,0.308
contemporaneous,0.373
contemporary,0.365
content,0.296
contents,0.375
context,0.3
contiguous,0.45
continence,0.396
continent,0.373
continental,0.35
continual,0.423
continually,0.438
continuation,0.47
continue,0.427
continued,0.44
continuity,0.439
continuously,0.417
continuum,0.39
contour,0.265
contract,0.412
contracting,0.49
contractor,0.479
contrary,0.449
contrast,0.406
contribute,0.35
contribution,0.452
contrite,0.363
control,0.352
controlling,0.441
convalescent,0.48
convection,0.494
convenience,0.448
conveniences,0.412
convenient,0.491
convent,0.217
conventional,0.292
converge,0.471
convergence,0.491
convergent,0.49
conversant,0.36
conversational,0.431
conversationalist,0.467
converse,0.406
conversing,0.409
converted,0.418
convex,0.427
convexity,0.354
conveyancing,0.479
coo,0.439
cookbook,0.346
cooker,0.373
cookery,0.368
cookie,0.306
cookies,0.451
cookout,0.406
coolant,0.412
cooler,0.375
cooling,0.324
coolness,0.307
coon,0.46
coop,0.445
cooperate,0.451
cooperating,0.39
cooperation,0.473
cooperative,0.461
coordinate,0.429
coordination,0.454
copacetic,0.471
copier,0.345
copious,0.462
copper,0.26
copy,0.24
copying,0.315
copyright,0.402
coral,0.231
cord,0.378
cordial,0.312
cordless,0.441
cordon,0.317
corduroy,0.324
core,0.378
cork,0.25
corkscrew,0.443
corn,0.196
cornball,0.378
cornbread,0.304
cornea,0.346
corned,0.441
corner,0.296
cornerstone,0.388
cornfield,0.31
cornflakes,0.346
cornice,0.441
cornstarch,0.299
corny,0.37
corollary,0.469
corona,0.439
corporal,0.49
corporate,0.454
corporation,0.332
corporeal,0.35
corps,0.453
corpsman,0.469
corpus,0.34
correct,0.306
correction,0.485
correctness,0.45
correlation,0.462
correlative,0.402
correspond,0.452
correspondence,0.423
corresponding,0.423
corroborate,0.471
corroboration,0.431
corsage,0.294
corse,0.451
cortex,0.439
cortical,0.423
cortisone,0.395
cosmetic,0.304
cosmetics,0.464
cosmology,0.438
cosmos,0.478
cost,0.42
cosy,0.255
cot,0.23
cote,0.344
cottage,0.279
cotton,0.071
couch,0.082
council,0.279
councilman,0.367
counseling,0.48
counsellor,0.327
counselor,0.365
count,0.389
countenance,0.44
counter,0.478
counterbalance,0.48
countess,0.44
country,0.394
countryman,0.441
countrymusic,0.451
countryside,0.288
counts,0.373
county,0.368
coupe,0.46
coupled,0.286
coupling,0.479
coupon,0.3
courier,0.383
courses,0.412
coursing,0.472
courteous,0.396
courtesy,0.287
courtship,0.49
courtside,0.391
courtyard,0.365
cousin,0.394
cousins,0.409
cove,0.304
covenant,0.462
cover,0.24
coverage,0.413
covered,0.34
covering,0.382
cow,0.23
coward,0.49
cowardly,0.385
cowhand,0.48
cowhide,0.324
cowl,0.45
coworker,0.49
coy,0.33
coyote,0.471
cozy,0.356
crab,0.396
cracker,0.343
cradle,0.194
craft,0.321
crafts,0.38
craftsman,0.31
craftsmanship,0.373
craig,0.449
cranberry,0.33
cranberry juice,0.321
crane,0.417
cranium,0.491
crank,0.275
cranny,0.471
craps,0.42
crass,0.49
crate,0.173
crawfish,0.427
crayon,0.26
crayons,0.366
cream,0.259
creamed,0.273
creamer,0.192
creamy,0.337
crease,0.286
credence,0.46
credential,0.337
credentials,0.373
credibility,0.427
credible,0.441
credited,0.39
creed,0.245
creek,0.392
creole,0.357
crepe,0.224
crescent,0.382
crest,0.333
crestfallen,0.346
crevice,0.471
crib,0.24
crimson,0.385
cripple,0.392
crippled,0.358
criterion,0.41
croak,0.346
croc,0.452
crock,0.412
crockery,0.216
croft,0.429
croissant,0.33
crop,0.26
cross,0.321
cross country,0.441
crossed,0.49
crossing,0.349
crosswalk,0.441
crossword,0.423
crouched,0.363
crouching,0.429
crow,0.439
crowded,0.286
cruciate,0.435
crucifix,0.48
crud,0.33
crude,0.402
cruise,0.442
cruiser,0.49
crumb,0.255
crumble,0.48
crust,0.337
crutch,0.294
crypt,0.431
cryptography,0.415
crystal,0.27
crystalline,0.235
crystallization,0.449
cub,0.382
cubby,0.385
cube,0.226
cubic,0.306
cubicle,0.343
cuckoo,0.459
cucumber,0.235
cuddles,0.382
cue,0.433
cuff,0.453
cuisine,0.365
culinary,0.443
cultivate,0.41
cultivated,0.343
cultivation,0.324
cultural,0.39
culture,0.304
cultured,0.429
culvert,0.324
cumulus,0.433
cup,0.167
cupboard,0.2
cupcake,0.333
curable,0.292
curate,0.418
curative,0.318
curator,0.389
curb,0.371
curd,0.442
cure,0.377
curl,0.452
currency,0.418
current,0.312
curriculum,0.306
curry,0.345
cursory,0.451
curtail,0.439
curtain,0.278
curtains,0.123
curtsy,0.412
curvature,0.367
curve,0.375
curved,0.407
cushion,0.221
cushy,0.283
custard,0.26
custodial,0.462
custody,0.472
custom,0.382
customary,0.253
customer,0.43
cut,0.49
cutaneous,0.37
cuticle,0.32
cutlery,0.3
cutting,0.375
cuttings,0.392
cwt,0.41
cycle,0.4
cyclical,0.45
cylinder,0.324
cylindrical,0.294
cymbal,0.363
cystic,0.481
cytoplasm,0.442
czar,0.348
dab,0.337
dad,0.412
daddy,0.4
dado,0.24
daemon,0.49
daft,0.436
daily,0.347
dainty,0.284
dairy,0.255
daisy,0.367
dak,0.417
dale,0.27
dame,0.48
damp,0.279
dampened,0.422
damper,0.378
damsel,0.475
dandruff,0.298
dangle,0.469
dank,0.381
daresay,0.451
dark,0.398
darken,0.471
darkened,0.44
darling,0.37
dash,0.312
dashboard,0.371
dashed,0.393
data,0.25
database,0.286
date,0.231
daughter,0.415
dawdle,0.464
dawn,0.235
dawned,0.471
day,0.269
daybreak,0.358
daycare,0.481
daydream,0.337
daydreaming,0.36
daylight,0.42
daymade,0.45
dayoff,0.368
daytime,0.324
deacon,0.43
deactivate,0.447
dead,0.454
deadbeat,0.453
deadlock,0.418
deaf,0.324
deafness,0.413
dealership,0.43
dealing,0.415
dealings,0.491
dean,0.469
dear,0.434
dearest,0.427
debilitating,0.49
debit,0.4
debrief,0.343
debris,0.396
decade,0.402
decadence,0.455
decaf,0.324
decay,0.312
decayed,0.375
decedent,0.481
decency,0.235
decent,0.296
decidedly,0.48
deciduous,0.353
decimal,0.259
decimeter,0.292
deck,0.333
decline,0.491
declining,0.4
deco,0.274
decoder,0.34
decomposed,0.442
decompress,0.43
decor,0.311
decorate,0.37
decorative,0.46
decorator,0.471
decorum,0.327
decoy,0.46
decrease,0.36
decreased,0.271
decreasing,0.346
decree,0.478
decrement,0.427
decrepit,0.49
decryption,0.445
dedicate,0.431
dedication,0.471
deduct,0.33
deductible,0.286
deduction,0.462
deed,0.32
deep,0.473
deer,0.375
default,0.343
defended,0.451
defenseless,0.357
defer,0.459
deference,0.396
deficiency,0.373
deficient,0.464
define,0.415
defined,0.214
definite,0.292
definition,0.375
definitive,0.479
deflate,0.404
deflect,0.491
deformed,0.435
defrost,0.317
defunct,0.491
defuse,0.48
degraded,0.433
degree,0.365
dehydration,0.472
delayed,0.49
delegate,0.491
delegation,0.431
delete,0.298
deli,0.448
delicacy,0.279
delicate,0.294
delicatessen,0.474
delineate,0.43
delineation,0.402
deliver,0.37
delivery,0.461
dell,0.38
delta,0.343
demeanor,0.433
demo,0.314
democrat,0.4
demographic,0.356
demonstrable,0.471
demos,0.37
demure,0.315
den,0.347
denial,0.435
denim,0.382
denomination,0.363
denominational,0.375
denominator,0.41
denote,0.471
dense,0.343
density,0.471
dental,0.404
deodorant,0.265
depart,0.48
department,0.358
departmental,0.422
depend,0.429
dependable,0.357
dependant,0.404
dependence,0.451
dependency,0.365
dependent,0.455
depletion,0.37
depose,0.42
deposit,0.379
depositary,0.431
depository,0.373
depot,0.255
depressed,0.445
depressive,0.434
depresson,0.4
derelict,0.47
derivative,0.491
derive,0.324
dermal,0.406
dermatologist,0.358
derogation,0.46
descendant,0.42
descendent,0.48
descending,0.493
descent,0.402
describe,0.472
description,0.425
descriptive,0.352
desert,0.279
deserted,0.48
deserve,0.436
design,0.327
designated,0.412
designed,0.38
designing,0.355
desist,0.358
desk,0.135
desolate,0.32
desolation,0.481
despatch,0.4
despondent,0.378
dessert,0.491
destination,0.471
destined,0.462
destiny,0.413
destitute,0.451
detached,0.396
detail,0.406
detailed,0.314
details,0.367
detain,0.345
detergent,0.304
deteriorate,0.471
deteriorating,0.459
determinate,0.314
determine,0.368
deterrent,0.461
detract,0.438
detritus,0.353
deuce,0.338
deutschmark,0.431
devalued,0.462
device,0.404
devoid,0.436
devolution,0.434
devolve,0.427
devote,0.49
devoted,0.32
devotee,0.461
devotional,0.394
devout,0.357
dew,0.225
dexter,0.473
dextrose,0.402
diabetes,0.472
diabetic,0.269
diagnostic,0.483
diagnostics,0.44
diagonal,0.343
diagram,0.357
dial,0.427
dialect,0.422
dialogue,0.441
diameter,0.298
diaper,0.274
diaphragm,0.337
diary,0.292
dib,0.37
dibs,0.41
dice,0.441
dichotomous,0.452
dichotomy,0.482
dictate,0.423
dictation,0.378
diction,0.373
dictionary,0.25
didactic,0.48
diesel,0.327
diet,0.235
dietary,0.22
differ,0.398
different,0.394
differential,0.378
differently,0.431
differing,0.41
diffuse,0.431
digest,0.413
digestion,0.41
digestive,0.413
digit,0.286
digital,0.382
dignified,0.481
dignity,0.391
dike,0.384
dilation,0.49
diligence,0.423
diligent,0.426
dill,0.36
diluent,0.344
dilute,0.192
diluted,0.31
dilution,0.337
dim,0.321
dime,0.317
dimension,0.415
dimensional,0.484
diminish,0.357
diminished,0.269
diminution,0.296
diminutive,0.2
dimwit,0.459
din,0.417
diner,0.302
dinghy,0.269
dingo,0.472
dingy,0.483
dining,0.35
dinky,0.451
dinner,0.392
dinnertime,0.406
dint,0.48
diocesan,0.283
diocese,0.288
diorama,0.441
dioxide,0.433
diploma,0.462
diplomacy,0.396
diplomat,0.262
diplomatic,0.363
dipper,0.361
dippy,0.402
dipstick,0.312
direct,0.403
directed,0.49
direction,0.33
directly,0.4
directory,0.413
dirty,0.46
disability,0.482
disable,0.43
disabled,0.443
disadvantage,0.377
disaffected,0.41
disapointment,0.418
disappear,0.441
disappearing,0.427
disappointed,0.472
disappointment,0.49
disband,0.491
disbelief,0.409
disbelieve,0.441
disburse,0.473
disbursement,0.443
disc,0.41
discard,0.343
discarded,0.46
discards,0.464
discernible,0.441
discernment,0.471
disciple,0.385
discipline,0.471
disciplined,0.45
discoloration,0.373
discolored,0.34
disconnect,0.292
disconnected,0.276
disconnection,0.283
disconnects,0.357
discontinue,0.396
discontinuity,0.439
discontinuous,0.409
discounted,0.471
discourage,0.443
discouraged,0.304
discouragement,0.319
discouraging,0.469
discredited,0.491
discreet,0.216
discrete,0.231
discretion,0.32
discretionary,0.365
discus,0.423
disdain,0.446
disdainful,0.48
disengagement,0.373
dish,0.255
disheartened,0.343
disheartening,0.353
dishonest,0.491
dishwasher,0.296
disinclination,0.491
disincline,0.454
disinclined,0.442
disinfect,0.388
disinfectant,0.429
disinterested,0.284
disjoint,0.385
disjunctive,0.481
disk,0.423
diskette,0.255
dislike,0.406
dismal,0.45
dismount,0.423
disorientation,0.472
disparity,0.482
dispassionate,0.217
dispatch,0.417
dispel,0.402
dispensary,0.38
dispensation,0.462
dispenser,0.392
dispersed,0.49
dispirited,0.28
displaced,0.472
display,0.325
disposable,0.439
disposed,0.441
disqualified,0.464
disregarded,0.458
disrelish,0.471
dissimilar,0.461
dissipate,0.368
dissipated,0.421
dissolution,0.464
dissolve,0.49
dissonance,0.471
distal,0.401
distance,0.317
distant,0.324
distillate,0.347
distillation,0.436
distinguish,0.471
distinguishing,0.363
distracted,0.392
distributor,0.447
district,0.327
disuse,0.229
disused,0.302
ditch,0.364
ditto,0.418
ditty,0.433
diurnal,0.296
divan,0.202
diversity,0.472
divested,0.449
dividend,0.491
divisible,0.462
division,0.481
divvy,0.462
doable,0.404
doc,0.317
docile,0.259
dock,0.409
doctorate,0.479
doctrinal,0.373
doctrine,0.394
document,0.24
documentary,0.213
documentation,0.29
documents,0.25
dodger,0.454
dodo,0.306
doe,0.336
dogface,0.47
doggy,0.491
doghouse,0.417
dogma,0.46
dogsick,0.49
doings,0.491
dojo,0.435
doldrums,0.425
dole,0.402
doll,0.321
dollhouse,0.245
dolphin,0.35
dome,0.398
domestic,0.327
domesticated,0.36
domestication,0.39
domicile,0.292
domiciled,0.34
don,0.454
donate,0.462
donation,0.398
donkey,0.367
donor,0.49
dontmess,0.482
dontpanic,0.465
dontunderstand,0.357
doodle,0.402
door,0.189
doorman,0.371
doormat,0.269
doornail,0.37
doorstep,0.274
doorway,0.304
dopamine,0.469
dopey,0.38
dorky,0.48
dorm,0.194
dormant,0.245
dormitory,0.204
dorsal,0.36
dosage,0.45
dose,0.49
dossier,0.38
dot,0.29
doting,0.415
dotted,0.347
dotty,0.402
double,0.378
doublet,0.431
doubling,0.452
doubt,0.351
doubtful,0.465
doubtless,0.415
doubts,0.448
douche,0.413
dough,0.229
doughboy,0.443
doughnut,0.38
dour,0.404
douse,0.453
dove,0.235
down,0.33
downfield,0.33
downhearted,0.461
download,0.49
downright,0.454
downriver,0.469
downside,0.4
downtime,0.226
downward,0.347
downy,0.17
dowry,0.453
doze,0.2
dozen,0.343
drab,0.3
draft,0.36
dragonfly,0.373
drain,0.47
drainage,0.354
drained,0.441
draining,0.396
drainpipe,0.413
drake,0.411
drape,0.439
drapery,0.22
draught,0.245
draw,0.449
drawback,0.422
drawer,0.196
drawers,0.26
drawing,0.216
dream,0.157
dreamboat,0.491
dreamer,0.394
dreaming,0.32
dreamland,0.471
dreams,0.415
dreamt,0.38
dreamy,0.35
dreary,0.49
dredge,0.445
drenched,0.361
dress,0.3
dresser,0.398
dressmaker,0.46
dried,0.26
drier,0.347
driftwood,0.283
drinking,0.459
drip,0.193
dripping,0.257
drivel,0.469
driveway,0.392
drizzle,0.353
drool,0.398
droopy,0.35
drop,0.321
droplet,0.208
dropper,0.216
drought,0.353
drowsiness,0.194
drowsy,0.18
drugstore,0.343
druid,0.445
dry,0.169
dryer,0.343
dryness,0.296
dual,0.33
dualism,0.406
dub,0.48
dubious,0.48
duck,0.337
duckling,0.353
ducky,0.43
duct,0.435
ductile,0.42
dud,0.455
dude,0.356
duds,0.311
due,0.34
dues,0.461
duffel,0.4
dugout,0.37
duh,0.461
duke,0.44
dull,0.12
dullard,0.48
dumb,0.33
dumbbell,0.469
dumfounder,0.481
dummy,0.144
dumpling,0.321
dumpster,0.418
dun,0.431
dunce,0.327
dune,0.173
dunk,0.333
duplex,0.452
duplicate,0.49
durability,0.398
durable,0.294
duration,0.37
dusk,0.276
dust,0.246
duster,0.265
dustpan,0.466
dusty,0.294
dutiful,0.245
dwarf,0.34
dwarfed,0.265
dweeb,0.446
dwell,0.245
dweller,0.304
dwelling,0.33
dye,0.314
dyke,0.396
dysfunction,0.41
dyspepsia,0.47
ear,0.216
earful,0.462
earl,0.461
earlier,0.352
early,0.373
earnest,0.38
earnestly,0.49
earnestness,0.373
earpiece,0.286
earrings,0.346
earshot,0.332
earth,0.225
earthenware,0.21
earthling,0.412
earthly,0.318
earthy,0.413
ease,0.385
easel,0.34
easement,0.345
easily,0.279
east,0.25
eastbound,0.408
eastern,0.42
easy,0.194
easygoing,0.276
eater,0.337
eating,0.491
eavesdropping,0.38
ebb,0.451
ebony,0.317
ecclesiastical,0.27
echelon,0.404
echinacea,0.418
echo,0.373
eclipse,0.469
ecological,0.29
economic,0.408
economics,0.481
economy,0.434
ecosystem,0.259
ecumenical,0.45
eddy,0.394
edge,0.47
edging,0.394
edible,0.425
edification,0.481
edifice,0.403
edit,0.41
editing,0.404
edition,0.455
editor,0.431
editorial,0.33
educate,0.38
educated,0.297
education,0.275
educational,0.457
educator,0.317
eeek,0.49
efficacy,0.49
effigy,0.44
effortless,0.09
egg,0.241
egghead,0.492
eggnog,0.36
eggplant,0.152
eggshell,0.269
egress,0.429
eight,0.199
eighteen,0.34
eighth,0.226
eighty,0.3
elaborate,0.367
elan,0.367
elapse,0.44
elapsed,0.451
elasticity,0.452
elbow,0.133
eld,0.292
elder,0.153
elderly,0.212
elders,0.26
eldest,0.471
elective,0.38
electorate,0.38
electron,0.455
electronic,0.49
elegance,0.396
element,0.259
elemental,0.306
elementary,0.286
elements,0.312
eleven,0.25
eleventh,0.329
elf,0.457
eligible,0.4
elk,0.337
ell,0.418
ellipse,0.41
ellipsis,0.358
ellipsoid,0.44
elliptic,0.431
elliptical,0.385
elm,0.345
elongate,0.385
eloquence,0.49
email,0.23
emanate,0.464
embankment,0.438
embassy,0.333
embellishment,0.449
embers,0.481
emblem,0.33
emblematic,0.459
embossed,0.481
embrace,0.49
embroidered,0.279
embroidery,0.358
embryo,0.469
embryonic,0.453
emerald,0.363
emeritus,0.402
emir,0.396
emissary,0.462
emission,0.453
emit,0.445
emo,0.314
empathy,0.349
empiricism,0.46
employ,0.481
employee,0.361
emptiness,0.173
emption,0.406
empty,0.183
emu,0.358
emulate,0.34
emulsion,0.431
enable,0.491
enablement,0.451
enamel,0.28
encircling,0.368
enclave,0.333
enclose,0.477
enclosure,0.375
encomium,0.451
encompass,0.298
encore,0.423
encrypt,0.387
encryption,0.415
encyclopedia,0.32
end,0.349
end table,0.48
endearing,0.434
endemic,0.48
ending,0.365
endless,0.462
endorse,0.392
endorsement,0.36
endow,0.398
endpapers,0.4
endpoint,0.41
enduring,0.459
engineering,0.471
engrave,0.442
engraved,0.375
engraver,0.417
engraving,0.43
engrossed,0.471
enhancement,0.49
enjoin,0.454
enjoyable,0.481
enlarged,0.49
enlist,0.37
ennui,0.461
enrollment,0.391
ensemble,0.418
ensign,0.27
ensue,0.363
ensure,0.406
enter,0.47
enterprise,0.392
entire,0.462
entirety,0.46
entitle,0.333
entity,0.402
entomology,0.396
entrance,0.393
entree,0.477
entrust,0.31
entry,0.353
enumerate,0.39
enumeration,0.327
envelope,0.275
environ,0.221
environment,0.194
environmental,0.313
environs,0.288
envision,0.449
envoy,0.375
enzyme,0.277
ephemeral,0.312
ephemeris,0.38
epidermis,0.49
epidural,0.452
epilogue,0.353
episcopal,0.314
episode,0.367
epistle,0.417
epitaph,0.323
epithet,0.394
epoch,0.343
equal,0.178
equality,0.305
equalization,0.422
equalize,0.281
equalizer,0.451
equally,0.264
equate,0.382
equation,0.384
equator,0.302
equatorial,0.271
equidistant,0.406
equilibration,0.317
equilibrium,0.235
equipment,0.495
equitable,0.286
equity,0.304
equivalence,0.25
equivalent,0.347
equivocal,0.482
era,0.407
erase,0.26
eraser,0.209
erasure,0.36
ere,0.312
ergo,0.4
erst,0.422
erudite,0.434
eschew,0.438
escort,0.48
esophagus,0.454
especial,0.419
esprit,0.431
essay,0.411
essayist,0.46
essence,0.369
essential,0.405
essentially,0.373
established,0.394
establishment,0.398
estate,0.385
esteem,0.38
esteemed,0.418
esthetic,0.36
estimable,0.408
estimate,0.469
estimation,0.48
estoppel,0.459
estranged,0.382
estuary,0.278
etch,0.367
etching,0.491
eternal,0.409
ethanol,0.41
ether,0.306
ethereal,0.419
ethic,0.26
ethical,0.324
ethics,0.296
ethnic,0.373
ethnography,0.373
etiology,0.385
etiquette,0.35
etymology,0.37
eucalyptus,0.308
euchre,0.459
eulogium,0.482
eulogy,0.443
euphemism,0.453
euro,0.441
evade,0.49
evangelical,0.389
evangelist,0.464
evangelistic,0.375
evaporate,0.469
evaporation,0.346
eve,0.378
evening,0.185
evens,0.43
eventual,0.459
evergreen,0.471
everlasting,0.413
evermore,0.45
everyday,0.392
everyman,0.333
evident,0.444
evoke,0.341
ewe,0.216
exact,0.354
example,0.337
excel,0.363
excepting,0.413
excerpt,0.367
excision,0.48
exec,0.352
executive,0.449
exegesis,0.472
exemplary,0.343
exempt,0.455
exhale,0.49
exhausted,0.423
exist,0.421
existent,0.49
existing,0.344
exit,0.353
expanded,0.406
expect,0.327
expected,0.412
expecting,0.45
expediency,0.443
expedient,0.461
expendable,0.49
expense,0.451
expired,0.394
expiry,0.434
explanatory,0.433
explication,0.445
extant,0.39
extended,0.304
extent,0.451
exterior,0.4
external,0.341
extinct,0.491
extinguisher,0.379
extract,0.402
extracurricular,0.471
extrinsic,0.479
eye,0.265
eyeball,0.422
eyebrow,0.198
eyeglass,0.236
eyeglasses,0.269
eyelash,0.25
eyelet,0.298
eyeliner,0.349
eyepiece,0.347
eyes,0.279
eyesight,0.226
fab,0.38
fable,0.387
fabric,0.19
fabricate,0.491
fabricated,0.427
facade,0.333
face,0.173
faceless,0.406
facet,0.324
facial,0.429
facile,0.264
facilitate,0.333
facing,0.406
fact,0.333
faction,0.43
factor,0.365
facts,0.471
factual,0.44
faculties,0.431
faculty,0.412
fade,0.333
faded,0.275
faeces,0.476
failing,0.49
fain,0.417
faint,0.429
fairly,0.406
fairness,0.317
fairy,0.408
faith,0.22
faithful,0.333
faithfulness,0.426
falafel,0.402
fallback,0.358
fallopian,0.39
fallout,0.356
fallow,0.368
false,0.404
falsely,0.48
familiar,0.33
familiarity,0.346
familiarize,0.365
family,0.383
familytime,0.42
fan,0.429
fang,0.491
fanning,0.33
faraway,0.356
farcical,0.481
fare,0.425
farm,0.327
farmer,0.432
farmhouse,0.33
farming,0.414
farmland,0.363
faro,0.349
fart,0.439
fascia,0.366
fastener,0.377
fastening,0.473
fasting,0.37
fat,0.353
fate,0.479
fated,0.472
father,0.333
fatherland,0.469
fatherly,0.363
fathom,0.41
fatigue,0.378
fatigued,0.433
fatso,0.394
fatty,0.361
faucet,0.278
faun,0.303
fauna,0.346
faux,0.49
favor,0.308
favorable,0.38
fawn,0.36
fax,0.368
fearful,0.482
feasibility,0.49
feasible,0.388
feather,0.208
feathered,0.288
feature,0.314
features,0.433
feces,0.407
fed,0.37
federal,0.459
federation,0.354
fee,0.386
feeble,0.28
feed,0.429
feeder,0.452
feelgood,0.441
feeling,0.329
feelingdown,0.457
feelinggood,0.449
feet,0.24
feign,0.394
fell,0.462
fellow,0.298
fellowship,0.429
felt,0.417
femininity,0.479
femoral,0.324
femur,0.289
fen,0.276
fence,0.198
fenced,0.43
fender,0.459
fennel,0.277
fern,0.24
ferret,0.391
ferryboat,0.452
fertile,0.408
fertilize,0.443
fertilizer,0.463
fess,0.42
fetal,0.308
fetch,0.363
feudal,0.37
feudalism,0.465
fiat,0.418
fiber,0.284
fiberglass,0.451
fibrosis,0.469
fibrous,0.441
fickle,0.481
fictional,0.49
fictitious,0.444
fiddle,0.449
fiduciary,0.4
field,0.38
fielder,0.378
fifteen,0.29
fifty,0.368
fig,0.39
figment,0.316
figurative,0.45
figure,0.328
figurine,0.283
filament,0.452
filamentous,0.48
file,0.316
filet,0.392
filigree,0.408
filing,0.42
filings,0.412
fill,0.449
filler,0.347
fillet,0.415
filling,0.382
film,0.491
filter,0.296
fin,0.34
finale,0.33
finality,0.368
finalized,0.21
finally,0.433
finance,0.431
finch,0.444
finding,0.469
fine,0.24
finery,0.479
finesse,0.387
finger,0.264
fingernail,0.415
fingerprint,0.404
finish,0.429
finished,0.387
finite,0.347
fir,0.275
firefly,0.41
fireplace,0.38
fireside,0.377
firewood,0.348
firm,0.38
firmament,0.407
firmness,0.479
firstborn,0.49
fish,0.28
fisherman,0.461
fishing,0.283
fishing boat,0.403
fissile,0.49
fistula,0.481
fit,0.45
fits,0.363
fitted,0.404
fitting,0.441
fittings,0.404
five,0.221
fiver,0.469
fixable,0.47
fixation,0.459
fixed,0.167
fixer,0.375
fixture,0.216
fixtures,0.33
fjord,0.404
flabby,0.358
flaccid,0.4
flag,0.378
flagpole,0.394
flair,0.471
flake,0.388
flamingo,0.451
flan,0.304
flange,0.306
flank,0.458
flanked,0.431
flannel,0.25
flap,0.385
flashback,0.4
flashlight,0.414
flask,0.412
flat,0.236
flatbed,0.25
flatfoot,0.333
flatness,0.28
flatten,0.469
flatter,0.418
flavor,0.479
flaw,0.491
flawed,0.49
flawless,0.42
flea,0.353
fleece,0.25
fleet,0.43
flesh,0.39
flex,0.378
flexibility,0.402
flexible,0.46
flicker,0.321
flickering,0.444
flier,0.49
flimsy,0.396
flint,0.439
flipper,0.42
float,0.394
floater,0.433
floor,0.23
flooring,0.235
floozy,0.477
floppy,0.3
flora,0.324
floral,0.235
florist,0.41
floss,0.28
flotation,0.353
flounder,0.333
flour,0.235
flow,0.316
flower,0.189
flowers,0.324
flowery,0.332
flows,0.48
fluff,0.264
fluffy,0.431
fluid,0.407
fluke,0.45
flunky,0.452
fluorescence,0.49
flute,0.33
fluted,0.438
fluvial,0.363
flux,0.472
flyer,0.3
flywheel,0.48
foam,0.23
foaming,0.24
foamy,0.306
fob,0.402
focal,0.365
focus,0.382
fodder,0.358
fog,0.213
foggy,0.337
foil,0.204
foiled,0.47
fold,0.412
folded,0.373
folder,0.279
foliage,0.373
folio,0.265
folk,0.433
follicle,0.331
follicular,0.305
follower,0.488
fondle,0.485
fondness,0.391
fondue,0.363
font,0.336
food,0.324
foodie,0.465
foolish,0.255
foolishness,0.472
foolproof,0.484
foot,0.29
foot stool,0.317
footage,0.235
footbridge,0.375
foothold,0.336
footing,0.346
footlocker,0.417
footpath,0.321
footprint,0.292
footwear,0.337
forage,0.389
forbearance,0.471
ford,0.34
fore,0.417
forearm,0.304
forecast,0.419
forefathers,0.412
forefinger,0.254
foregoing,0.346
foreground,0.491
forehead,0.308
foresee,0.452
foreseen,0.361
foresight,0.482
forest,0.27
forethought,0.491
foreveralone,0.375
forevermore,0.425
foreword,0.314
forge,0.424
forget,0.382
forgetful,0.343
forgetfulness,0.385
forgive,0.408
forgiven,0.302
forgiveness,0.43
forgiving,0.317
forgotten,0.28
fork,0.3
form,0.302
formal,0.25
formaldehyde,0.415
formalism,0.289
formality,0.353
format,0.308
formation,0.453
formative,0.442
formed,0.272
forming,0.343
formless,0.201
formula,0.45
formulary,0.47
formulate,0.456
forsaken,0.49
forsooth,0.45
forthright,0.411
fortnightly,0.337
fortuitous,0.469
forty,0.367
forum,0.49
forward,0.412
fossil,0.292
fossils,0.314
foul,0.46
found,0.446
foundation,0.385
founder,0.465
founding,0.404
foundry,0.491
fountain,0.292
four,0.28
fourfold,0.408
foursome,0.497
fourteen,0.279
fourth,0.28
fowl,0.388
foyer,0.37
fraction,0.33
fractional,0.36
fragile,0.163
fragility,0.306
fragment,0.316
fragrance,0.357
frail,0.333
frailty,0.4
frame,0.333
framework,0.33
franc,0.451
franchise,0.4
frank,0.358
frat,0.371
fraternal,0.336
frayed,0.363
frazzled,0.415
freckle,0.396
freely,0.456
freeman,0.454
freeze,0.406
freezer,0.406
freezing,0.367
freighter,0.445
french horn,0.471
frequent,0.481
frequently,0.423
fresco,0.28
fresh,0.292
freshair,0.377
freshen,0.363
freshener,0.38
freshness,0.333
freshwater,0.284
fret,0.46
friar,0.26
friday,0.411
fridge,0.292
fried,0.482
friend,0.413
friendless,0.36
friendliness,0.27
friendly,0.398
friendship,0.343
frigid,0.481
fringe,0.387
fringed,0.37
frock,0.327
frog,0.311
front,0.35
frontage,0.356
frontal,0.434
fronting,0.48
frontispiece,0.453
frost,0.455
frostbite,0.38
frosted,0.471
frosting,0.48
frosty,0.48
froth,0.287
frothy,0.398
frozen,0.346
frugal,0.355
fruit,0.291
fruit punch,0.363
fruitcake,0.44
fruits,0.357
fruity,0.414
fryer,0.459
fuchsia,0.275
fudge,0.418
fulcrum,0.32
fulfill,0.461
fulfilled,0.48
fulfilling,0.417
full,0.255
fullness,0.402
fully,0.45
fume,0.454
fumin,0.42
function,0.296
fund,0.36
fundamental,0.422
fundamentalist,0.43
fundamentally,0.441
funding,0.48
funds,0.33
funeral,0.38
fungus,0.337
funnel,0.274
fur,0.392
furlong,0.446
furlough,0.432
furnish,0.487
furnishings,0.177
furniture,0.26
furrow,0.42
furry,0.4
furtherance,0.441
futile,0.332
futility,0.32
futon,0.351
fuzz,0.482
fuzzy,0.472
gab,0.471
gaby,0.347
gad,0.47
gaff,0.418
gaga,0.396
gage,0.451
gait,0.398
gal,0.469
gala,0.443
gallbladder,0.471
gallery,0.433
galley,0.445
gallon,0.327
galvanic,0.49
gamma,0.429
gammon,0.418
gamut,0.34
gander,0.41
gap,0.451
garage,0.283
garb,0.37
garden,0.23
gardener,0.346
gardening,0.333
gardens,0.202
garlic,0.323
garment,0.333
garner,0.46
garnet,0.418
garnish,0.418
garter,0.406
gas,0.408
gaseous,0.462
gasket,0.367
gassy,0.497
gate,0.235
gatekeeper,0.49
gateway,0.376
gatherer,0.425
gauche,0.398
gauging,0.463
gaunt,0.49
gauntlet,0.491
gauze,0.275
gavel,0.418
gawk,0.472
gazebo,0.402
gazelle,0.448
gazette,0.39
gazetteer,0.417
gazing,0.413
geek,0.392
geeky,0.431
geez,0.396
geezer,0.374
gel,0.206
gelatin,0.402
geld,0.46
gem,0.48
gemini,0.32
gender,0.346
genealogy,0.37
general,0.484
generality,0.36
generalization,0.459
generally,0.255
generate,0.423
generation,0.48
generic,0.357
generosity,0.443
generous,0.41
genesis,0.429
genetic,0.288
genetics,0.46
genome,0.366
genre,0.433
gent,0.494
genteel,0.333
gentile,0.25
gentle,0.353
gentleman,0.439
gentlemanly,0.451
gentleness,0.278
gently,0.255
gentry,0.48
genuine,0.45
genus,0.349
geographic,0.33
geographical,0.317
geography,0.15
geological,0.324
geologist,0.431
geology,0.321
geometric,0.356
geometry,0.27
geranium,0.25
gerbil,0.306
geriatric,0.247
germ,0.421
german,0.29
germinate,0.472
germination,0.49
gesture,0.481
getoverit,0.481
getoveryourself,0.481
gilded,0.471
gill,0.473
gilt,0.417
gimp,0.442
ginger,0.375
gingerbread,0.333
gingerly,0.406
ginseng,0.36
giraffe,0.347
girder,0.245
girdle,0.34
girlish,0.477
girly,0.462
girth,0.353
gist,0.45
give,0.346
giver,0.415
giving,0.333
gizmo,0.49
gizzard,0.423
glabrous,0.474
glacial,0.327
glacier,0.396
glade,0.385
glance,0.357
gland,0.382
glass,0.404
glasses,0.21
glassware,0.356
glaze,0.34
glazed,0.41
glen,0.337
glib,0.433
glimmer,0.462
glimpse,0.48
glitch,0.448
globe,0.315
globular,0.375
gloom,0.404
gloomy,0.41
gloss,0.466
glossary,0.204
glove,0.23
gloves,0.225
glucose,0.316
glue,0.345
glum,0.337
gluten,0.308
glycerin,0.402
gnat,0.345
gnome,0.479
go,0.441
goal,0.356
goalie,0.389
goals,0.49
goat,0.304
goatee,0.29
gob,0.357
goblet,0.353
godbless,0.395
godfather,0.45
godisgood,0.434
godly,0.298
godmother,0.311
goggle,0.286
goggles,0.36
golden,0.491
goldfish,0.296
golf,0.358
golfer,0.402
golfing,0.427
gondola,0.404
gone,0.23
goner,0.461
goo,0.396
goober,0.444
good,0.368
goodbye,0.389
goodday,0.357
goodfeeling,0.459
goodhealth,0.402
goodie,0.327
goodlife,0.471
goodly,0.471
goodmood,0.491
goodmorning,0.461
goodness,0.321
goods,0.396
goodwill,0.327
goody,0.337
gooey,0.48
goof,0.49
goofy,0.224
goon,0.481
goop,0.394
goose,0.283
gopher,0.44
gospel,0.333
gothic,0.333
gouge,0.441
goulash,0.429
gourd,0.271
gourmet,0.387
gout,0.314
gown,0.283
grace,0.304
gracias,0.356
graciously,0.353
gradation,0.477
grade,0.36
graded,0.34
grader,0.317
grades,0.349
gradient,0.423
gradual,0.35
gradually,0.385
grail,0.384
grain,0.198
gram,0.333
grammar,0.287
grandchild,0.433
granddad,0.248
granddaddy,0.291
granddaughter,0.445
grandfather,0.279
grandma,0.208
grandmother,0.283
grandpa,0.296
grandson,0.333
grange,0.34
granite,0.343
granny,0.24
granola,0.24
grant,0.38
granted,0.348
grantee,0.477
granular,0.337
granule,0.373
grape,0.122
grape juice,0.304
grapefruit,0.281
grapes,0.24
grapevine,0.343
graph,0.286
graphic,0.494
graphics,0.431
graphite,0.377
grass,0.164
grasshopper,0.462
grassy,0.323
grate,0.25
grated,0.462
grateful,0.353
grating,0.337
gratitude,0.441
grave,0.385
gravel,0.37
graveyard,0.441
gravitate,0.472
gravy,0.45
gray,0.153
graze,0.255
grease,0.404
greased,0.461
greasy,0.442
great aunt,0.419
great grandfather,0.241
great grandma,0.221
great grandmother,0.236
great grandpa,0.28
great uncle,0.398
greatnight,0.349
green,0.306
green bean,0.28
green pepper,0.431
greenhouse,0.438
greenish,0.29
greenwood,0.382
greeted,0.317
gregarious,0.471
grey,0.14
greyhound,0.49
grid,0.426
gridiron,0.491
grieved,0.46
griffin,0.337
grill,0.491
grille,0.327
grim,0.483
grind,0.276
grinding,0.45
grindstone,0.453
gringo,0.452
grist,0.391
grit,0.296
grits,0.333
gritty,0.373
grocer,0.25
groceries,0.363
groggy,0.265
groin,0.452
groove,0.448
grotto,0.394
ground,0.343
groundhog,0.324
grounding,0.452
groundwork,0.375
group,0.423
grouse,0.401
grout,0.356
grove,0.245
grownup,0.4
grub,0.406
gruel,0.304
grump,0.469
guacamole,0.317
guano,0.343
guarantee,0.337
guaranty,0.337
guardhouse,0.435
guardianship,0.37
guess,0.463
guesswork,0.451
guest,0.49
guesthouse,0.337
guidance,0.471
guide,0.315
guidebook,0.26
guild,0.459
guile,0.417
guinea,0.44
gules,0.443
gulf,0.365
gull,0.317
gullet,0.49
gullible,0.442
gum,0.227
gumbo,0.422
gummy,0.302
gunk,0.478
gurney,0.304
guru,0.36
gush,0.49
gusset,0.425
gut,0.367
gutless,0.381
gutter,0.26
guy,0.367
guzzling,0.49
gyroscope,0.39
habit,0.226
habitat,0.343
habitation,0.231
habitual,0.208
habitually,0.324
hacienda,0.402
haiku,0.356
hair,0.186
hairball,0.302
hairbrush,0.216
haircut,0.343
hairdo,0.32
hairdryer,0.402
hairless,0.235
hairline,0.154
hairpin,0.363
hairspray,0.279
hairstyle,0.38
hairy,0.38
hale,0.435
half,0.274
half dollar,0.408
halfback,0.429
halftime,0.352
halfway,0.254
halibut,0.412
hall,0.34
hallmark,0.315
hallway,0.23
halo,0.37
halt,0.36
halter,0.451
halve,0.347
halving,0.474
ham,0.245
hamlet,0.27
hammerhead,0.49
hammock,0.255
hamster,0.394
hamstring,0.471
hand,0.314
handbag,0.24
handball,0.493
handbook,0.224
handful,0.481
handheld,0.35
handicap,0.394
handicapped,0.467
handicraft,0.333
handiwork,0.43
handkerchief,0.192
handmade,0.383
handout,0.33
handprint,0.289
handwriting,0.378
handy,0.378
handyman,0.373
hangar,0.456
hanger,0.462
hanging,0.471
hank,0.375
hanky,0.276
hap,0.431
hapless,0.442
harbinger,0.389
harbor,0.356
hardware,0.289
hardwood,0.363
hare,0.41
harmless,0.226
harmonica,0.235
harmonics,0.4
harmonious,0.391
harmoniously,0.265
harmonize,0.461
harmony,0.23
harp,0.31
harper,0.454
harpsichord,0.49
harry,0.409
hart,0.389
harvest,0.353
hash,0.453
hat,0.183
have,0.389
haven,0.265
haw,0.426
hay,0.212
haye,0.451
haystack,0.292
haze,0.327
hazmat,0.479
hazy,0.433
head,0.472
headband,0.469
headdress,0.408
header,0.398
headgear,0.442
heading,0.292
headlight,0.343
headline,0.241
headliner,0.49
headphones,0.357
headquarter,0.269
headquarters,0.271
headset,0.34
headstone,0.378
headway,0.464
heal,0.245
healer,0.378
healing,0.452
health,0.427
healthcare,0.392
healthful,0.315
healthy,0.319
hear,0.429
hearer,0.281
hearing,0.49
hearse,0.49
hearted,0.41
heartfelt,0.44
hearth,0.275
heartsick,0.388
heated,0.497
heath,0.387
heather,0.352
heating,0.491
heaven,0.385
heavenly,0.452
heavens,0.273
heavy,0.454
hectares,0.25
hedgehog,0.491
hee,0.433
heed,0.49
heel,0.35
heels,0.439
heft,0.34
heifer,0.443
heirloom,0.375
helical,0.429
helium,0.316
helix,0.462
helm,0.45
helmet,0.327
helmsman,0.441
help,0.471
helper,0.438
helpful,0.337
helpless,0.42
helplessness,0.48
hem,0.283
hematite,0.389
hemi,0.363
hemisphere,0.367
hemispheric,0.449
hemlock,0.35
hemoglobin,0.481
hemostat,0.442
hemp,0.439
hen,0.276
henceforth,0.404
herald,0.382
herb,0.418
herbaceous,0.22
herbal,0.255
herbarium,0.188
herbs,0.299
heredity,0.445
heretofore,0.388
hereunto,0.225
herewith,0.36
hermit,0.337
hernia,0.486
herring,0.387
hertz,0.417
hesitation,0.396
hetero,0.405
heterogeneity,0.45
hew,0.47
hexagon,0.226
hiatus,0.294
hibernate,0.317
hibernation,0.245
hick,0.442
hickory,0.49
hidden,0.43
hideaway,0.481
hideout,0.443
hieroglyphics,0.325
highland,0.481
highlands,0.431
hightail,0.48
hike,0.442
hiking boot,0.353
hilarity,0.48
hill,0.353
hillside,0.292
hilly,0.479
hindsight,0.431
hinge,0.292
hint,0.33
hip,0.415
hippie,0.4
hippo,0.404
hippopotamus,0.472
hirsute,0.483
hiss,0.48
hissing,0.454
histology,0.32
historian,0.27
historic,0.473
historical,0.357
historiography,0.415
history,0.382
hitch,0.48
hitherto,0.356
hive,0.452
hives,0.473
hoard,0.412
hoarse,0.402
hoary,0.298
hob,0.363
hobbit,0.489
hobo,0.443
hock,0.452
hoe,0.48
hogwash,0.49
hohoho,0.433
hold,0.29
holder,0.33
holding,0.385
holdup,0.471
hole,0.31
holiday,0.431
holiness,0.264
holistic,0.348
hollow,0.337
holly,0.25
hologram,0.461
holographic,0.471
holster,0.255
holy,0.112
holyspirit,0.48
hombre,0.472
home,0.27
homeboy,0.255
homecoming,0.413
homeland,0.439
homeless,0.45
homely,0.157
homemade,0.34
homeopathic,0.268
homeopathy,0.284
homeowner,0.397
homeroom,0.48
homesick,0.304
homestead,0.221
homesweethome,0.38
hometown,0.333
homeward,0.275
homework,0.412
homey,0.278
homily,0.358
homing,0.46
hominy,0.382
homo,0.368
homogeneity,0.365
homogeneous,0.255
homologous,0.353
homologue,0.356
homology,0.494
honcho,0.464
hone,0.392
honest,0.254
honesty,0.411
honey,0.431
honeycomb,0.417
honeysuckle,0.451
honorable,0.412
honored,0.447
hood,0.459
hoof,0.341
hook,0.444
hoop,0.204
hoopla,0.471
hooray,0.481
hope,0.317
hopeful,0.357
hopeless,0.298
hopelessness,0.402
hoping,0.469
hopper,0.491
horizon,0.284
horizontal,0.304
horizontally,0.356
horoscope,0.36
horseshoe,0.35
horsey,0.454
horticultural,0.387
horticulture,0.42
hosannah,0.373
hose,0.288
hosiery,0.344
hospice,0.443
hospitable,0.47
hospitality,0.333
host,0.471
hotbed,0.285
hotdog,0.438
hotel,0.37
hour,0.265
hourglass,0.284
hourly,0.418
house,0.135
houseboat,0.389
houseboy,0.415
housebroken,0.461
household,0.23
housekeeper,0.279
housewife,0.361
housework,0.413
housing,0.304
hovel,0.296
hover,0.431
howsoever,0.309
hoy,0.298
hub,0.399
hubby,0.435
huckleberry,0.279
hue,0.416
huff,0.491
hug,0.427
hugger,0.48
huggy,0.429
hugs,0.422
hull,0.265
hum,0.296
human,0.314
humane,0.37
humanitarian,0.317
humanities,0.325
humanity,0.36
humankind,0.394
humanoid,0.462
humble,0.236
humbly,0.194
humdrum,0.246
humid,0.324
humidity,0.373
humility,0.118
hummingbird,0.37
hump,0.462
humpback,0.346
hunchback,0.39
hundred,0.37
hundredth,0.368
hunk,0.375
hunks,0.453
husbandry,0.473
hush,0.231
hushed,0.194
husk,0.173
husky,0.45
hut,0.27
hutch,0.453
hyacinth,0.36
hybrid,0.365
hydrant,0.413
hydrate,0.367
hydraulic,0.398
hydrogen,0.303
hydrographic,0.396
hydrology,0.38
hygiene,0.287
hygienic,0.245
hygienist,0.389
hymn,0.292
hyphen,0.356
hypnosis,0.41
hypnotist,0.455
hypnotized,0.434
hypodermic,0.441
hypothalamus,0.427
hypothesis,0.37
hypothetical,0.367
ibuprofen,0.427
ice,0.265
ice tea,0.337
icebox,0.222
iced,0.482
icing,0.452
icon,0.349
iconography,0.382
icy,0.375
id,0.344
ideal,0.437
idealism,0.436
idealistic,0.469
identical,0.38
identically,0.427
identification,0.451
identify,0.48
identity,0.36
ideology,0.344
idiom,0.337
idiomatic,0.429
idle,0.167
idleness,0.33
idler,0.304
idyllic,0.394
iffy,0.442
ifonly,0.25
igloo,0.302
igneous,0.466
ignorance,0.417
ignorant,0.461
ignore,0.23
iguana,0.235
ilk,0.451
ill,0.41
illegible,0.49
illiterate,0.41
illusion,0.49
illustrate,0.43
illustration,0.441
illustrative,0.452
image,0.241
imagery,0.327
imaginary,0.424
imagination,0.491
imagine,0.48
imagined,0.412
imaging,0.394
imagining,0.458
imam,0.337
imitated,0.391
immaculate,0.33
immaterial,0.309
immemorial,0.469
immobile,0.217
immovable,0.31
immune,0.472
immunity,0.316
immutable,0.431
imp,0.448
impaired,0.459
impart,0.441
impartial,0.406
impartiality,0.394
impassable,0.458
impeccable,0.37
imperceptible,0.49
imperfectly,0.481
impermeable,0.308
impermissible,0.464
impersonal,0.356
impervious,0.408
import,0.48
impoverished,0.311
impractical,0.373
improbable,0.412
improved,0.48
imtryingtosleep,0.363
inaccurate,0.45
inaction,0.225
inactivate,0.24
inactivation,0.26
inactive,0.167
inactivity,0.143
inadequate,0.45
inadvertent,0.368
inalienable,0.459
inane,0.35
inanimate,0.143
inapplicable,0.402
inattention,0.433
inaudible,0.398
inborn,0.288
inbound,0.388
incase,0.196
incense,0.275
inception,0.425
inch,0.327
incipient,0.382
inclination,0.49
incline,0.423
inclined,0.347
include,0.449
included,0.402
including,0.378
inclusion,0.404
inclusive,0.42
incognito,0.49
incomplete,0.37
incompletely,0.442
incompleteness,0.451
inconclusive,0.442
inconsequential,0.48
inconsistency,0.48
inconsistent,0.431
inconspicuous,0.214
incorporation,0.404
incubation,0.49
incubator,0.435
indecision,0.48
indecisive,0.42
indefinite,0.292
indelible,0.337
indemnification,0.49
indent,0.346
indenture,0.382
independent,0.44
indeterminate,0.402
index,0.268
indicate,0.35
indicating,0.339
indication,0.432
indicator,0.451
indice,0.377
indie,0.368
indifference,0.417
indifferent,0.157
indigent,0.481
indigo,0.365
indirect,0.402
indispensable,0.449
indistinct,0.34
indistinguishable,0.458
individual,0.327
individuality,0.469
indivisible,0.398
indolent,0.381
indoor,0.245
induced,0.471
indulgence,0.49
indulgent,0.481
industry,0.447
ineffective,0.422
ineffectual,0.412
inefficiency,0.466
inefficient,0.46
inelastic,0.426
ineligible,0.377
inept,0.418
ineptitude,0.471
inert,0.18
inertia,0.288
inevitable,0.419
inexact,0.459
inexpensive,0.414
inexperienced,0.473
infancy,0.399
infant,0.431
infantile,0.382
infeasible,0.472
infer,0.49
inference,0.479
inferential,0.451
inferior,0.254
inferiority,0.43
infertile,0.458
infinitesimal,0.472
infinity,0.459
infirmary,0.438
infirmity,0.482
inflated,0.431
inflorescence,0.344
info,0.33
infomercial,0.462
informal,0.398
information,0.37
informative,0.419
informed,0.298
infrastructure,0.46
infrequent,0.377
infrequently,0.25
infused,0.473
infuser,0.433
infusion,0.365
ingot,0.444
ingrained,0.49
ingredient,0.373
ingress,0.366
inhabit,0.378
inhabitant,0.356
inhabited,0.361
inhabiting,0.44
inhale,0.34
inherent,0.439
inhibit,0.479
inhibition,0.392
inhibitor,0.45
inimitable,0.413
initial,0.314
initiate,0.48
initiated,0.49
injunction,0.422
ink,0.408
inland,0.417
inlet,0.378
inn,0.284
innards,0.48
innate,0.4
inner,0.216
innerpeace,0.318
inning,0.315
innings,0.487
innkeeper,0.224
innocence,0.26
innocent,0.206
innocently,0.25
innocuous,0.321
innumerable,0.445
inoperable,0.422
inoperative,0.425
inorganic,0.345
input,0.337
inquiry,0.42
inscription,0.422
insensitive,0.471
inserted,0.402
inside,0.404
insight,0.363
insignia,0.282
insignificance,0.216
insignificant,0.306
insipid,0.25
insoluble,0.29
insolvency,0.431
insolvent,0.481
insomniac,0.367
installation,0.469
installment,0.396
instance,0.45
instant,0.454
instill,0.49
institute,0.48
institution,0.311
instruct,0.49
instructed,0.388
instruction,0.434
instructions,0.302
instructive,0.42
instructor,0.49
instrumental,0.472
insufficiency,0.431
insufficient,0.38
insular,0.426
insulate,0.358
insulated,0.265
insulation,0.327
insulin,0.472
insurance,0.308
insure,0.415
intact,0.212
intangible,0.48
integer,0.327
integral,0.337
integrate,0.39
integration,0.48
integrity,0.413
intellect,0.418
intellectual,0.455
intelligibility,0.481
intelligible,0.48
intent,0.481
intention,0.48
inter,0.375
intercession,0.486
interchangeable,0.459
interchanged,0.472
intercom,0.429
interdependent,0.482
interface,0.357
interim,0.4
interior,0.157
interlude,0.417
intermediate,0.368
interminable,0.481
intermission,0.36
intern,0.46
internal,0.349
internally,0.4
internet,0.462
interoffice,0.375
interpolate,0.49
interpreter,0.461
interrelated,0.469
interstate,0.443
interstitial,0.471
interval,0.284
intestate,0.467
intestine,0.45
intonation,0.442
intramural,0.464
intrinsic,0.471
intrinsically,0.382
intro,0.331
introduction,0.413
introductory,0.368
introspection,0.337
introspective,0.36
invalid,0.33
invalidate,0.48
invalidation,0.49
invalidity,0.394
invariably,0.365
inventory,0.463
inverse,0.337
inversely,0.418
inverted,0.471
invisibility,0.461
invisible,0.345
invoice,0.38
involuntary,0.49
involution,0.42
involve,0.49
inwards,0.385
iodine,0.265
ion,0.33
iota,0.385
iris,0.275
iron,0.351
irons,0.441
irreducible,0.455
irrelevant,0.311
irrigate,0.458
irrigation,0.426
island,0.347
isle,0.39
islet,0.314
isolate,0.422
isolated,0.356
isolation,0.338
isomorphism,0.361
isothermal,0.491
isotope,0.404
item,0.27
items,0.401
iterate,0.46
iteration,0.449
iterative,0.42
ivory,0.235
jack,0.45
jacket,0.302
jackrabbit,0.379
jacks,0.4
jade,0.41
jag,0.44
jagged,0.462
jalopy,0.436
janitor,0.35
janitorial,0.373
japan,0.482
jar,0.346
jasmine,0.23
jasper,0.425
jaundice,0.48
jaunt,0.451
java,0.321
javelin,0.481
jawbone,0.413
jay,0.408
jazz,0.362
jazzy,0.431
jean,0.444
jeans,0.324
jelly,0.294
jellybean,0.406
jenny,0.406
jersey,0.317
jesus,0.4
jetty,0.48
jeweler,0.482
jib,0.42
jiff,0.404
jiffy,0.444
jig,0.396
jimmy,0.321
jockstrap,0.431
john,0.382
join,0.479
joined,0.394
joining,0.469
joint,0.392
jointly,0.425
jot,0.323
jour,0.394
journal,0.24
journalist,0.452
journalistic,0.449
jovial,0.46
judicious,0.432
jug,0.25
juice,0.281
juke,0.491
jumper,0.336
jumpsuit,0.365
junction,0.481
junior,0.343
juniper,0.327
junk,0.481
junkyard,0.398
juridical,0.431
jurisprudence,0.425
justifiable,0.413
justification,0.444
justify,0.473
juststop,0.379
justthebeginning,0.451
jute,0.216
juvenile,0.49
kale,0.226
kaleidoscope,0.439
kangaroo,0.333
kanji,0.413
kappa,0.375
kaput,0.441
karmic,0.459
kazoo,0.462
kebab,0.431
keel,0.417
keep,0.296
keeper,0.457
keeping,0.28
keepsake,0.307
keg,0.389
kelp,0.264
ken,0.409
kennel,0.48
kerchief,0.189
kern,0.42
kernel,0.453
kerosene,0.472
ketchup,0.338
kettle,0.497
key,0.275
keyboard,0.279
keyed,0.497
keyhole,0.358
keynote,0.431
keypad,0.255
keystone,0.438
khaki,0.252
khan,0.476
kibble,0.458
kid,0.453
kiddo,0.393
kiddos,0.48
kidney,0.363
kiln,0.423
kilo,0.358
kilogram,0.26
kilometer,0.439
kilt,0.346
kimono,0.28
kin,0.441
kind,0.24
kindergarten,0.462
kindness,0.35
kindred,0.418
kinematics,0.48
kinesiology,0.48
kinship,0.3
kiosk,0.286
kirk,0.39
kit,0.344
kitchen,0.234
kitten,0.343
kiwi,0.273
klutz,0.451
knapsack,0.317
knead,0.457
knee,0.245
kneecap,0.36
kneel,0.417
kneeling,0.435
knickers,0.428
knight,0.441
knit,0.144
knob,0.36
knoll,0.347
knot,0.221
knots,0.346
knotted,0.412
know,0.361
knowing,0.353
knowingly,0.459
knowledge,0.43
knowledgeable,0.455
knuckle,0.333
knucklehead,0.485
knuckles,0.461
koala,0.21
kook,0.471
kool-aid,0.318
kos,0.471
kosher,0.443
kris,0.417
kumquat,0.426
label,0.245
laboratory,0.49
labored,0.451
lac,0.418
lace,0.2
lack,0.365
lacking,0.375
lackluster,0.311
lacquer,0.353
lactose,0.29
lad,0.388
ladder,0.438
laden,0.478
lading,0.463
ladle,0.368
lady,0.481
lady bug,0.434
ladybug,0.4
ladyship,0.48
lag,0.375
lager,0.48
lagoon,0.231
lair,0.438
laity,0.32
lake,0.196
lama,0.32
lamb,0.284
lame,0.41
lament,0.398
lamenting,0.39
lamina,0.314
laminated,0.304
lamp,0.26
lamppost,0.337
land,0.26
landfall,0.434
landfill,0.423
landlady,0.303
landlocked,0.391
landmark,0.355
lands,0.28
landscape,0.176
landscaping,0.379
lane,0.49
language,0.337
languid,0.27
languish,0.408
languishing,0.459
lanky,0.426
lantern,0.25
lapdog,0.49
lapel,0.287
lapse,0.316
lapsed,0.333
laptop,0.27
lard,0.239
larder,0.29
largo,0.48
lark,0.292
larva,0.423
larynx,0.42
lasagna,0.441
lasso,0.46
latch,0.263
late,0.358
lateness,0.388
lateral,0.37
laterally,0.255
latex,0.413
lathe,0.45
lather,0.327
latitude,0.306
latrine,0.353
latrines,0.462
latte,0.32
lattice,0.42
laud,0.427
laudable,0.472
laudatory,0.417
launder,0.45
laundering,0.327
laundry,0.292
laureate,0.402
laurel,0.146
laurels,0.279
lavage,0.467
lavatory,0.4
lavender,0.198
lawful,0.394
lawn,0.153
lax,0.401
lay,0.336
layer,0.208
layered,0.306
layman,0.339
layout,0.442
layover,0.355
laziness,0.24
lazy,0.264
lazyday,0.319
lea,0.294
leads,0.471
leaf,0.156
leaflet,0.206
league,0.34
lean,0.353
leaned,0.373
leaning,0.409
learned,0.462
learner,0.475
lease,0.463
leash,0.347
leather,0.324
leathery,0.471
leave,0.315
leavemealone,0.472
lecture,0.462
ledge,0.235
ledger,0.362
lee,0.269
leer,0.348
left,0.37
leftout,0.365
leftover,0.46
leftovers,0.35
lefty,0.406
leg,0.373
legal,0.387
legality,0.343
legalize,0.46
legalized,0.44
legally,0.482
legibility,0.481
legible,0.279
legislation,0.418
legislative,0.365
legislature,0.435
legit,0.427
legitimacy,0.42
legitimate,0.363
lego,0.294
legs,0.407
legume,0.302
leisure,0.429
leisurely,0.25
lemma,0.284
lemon,0.317
lemonade,0.287
lend,0.461
length,0.308
lengthen,0.481
lengthwise,0.47
lengthy,0.342
leniency,0.436
lenient,0.451
lens,0.245
leotard,0.429
leprechaun,0.48
less,0.24
lessee,0.474
lessen,0.284
lessening,0.3
lesser,0.167
lessor,0.49
let,0.373
lethargic,0.245
lethargy,0.302
letter,0.279
lettered,0.361
letterhead,0.316
lettering,0.18
letters,0.327
lettuce,0.163
levee,0.324
level,0.277
lever,0.343
levy,0.42
lexicon,0.463
ley,0.389
liaison,0.337
librarian,0.135
library,0.122
libretto,0.328
license,0.394
lichen,0.388
lick,0.482
licorice,0.31
lid,0.189
liege,0.426
lieu,0.41
lifeboat,0.425
lifeless,0.333
lifelong,0.33
lifestyle,0.472
lifted,0.441
ligament,0.41
ligation,0.423
ligature,0.43
light,0.32
light year,0.425
lightbulb,0.255
lighten,0.438
lighthouse,0.24
lighting,0.44
lightness,0.36
lights,0.48
lightweight,0.3
likable,0.48
like,0.353
likelihood,0.469
likely,0.356
likeness,0.41
likewise,0.217
lilac,0.18
lily,0.245
limb,0.397
limbo,0.284
lime,0.24
limestone,0.323
limey,0.347
limit,0.453
limitation,0.431
limited,0.273
limo,0.367
limp,0.44
lin,0.362
line,0.18
lineage,0.465
lineal,0.17
linear,0.25
lined,0.367
linen,0.323
liner,0.396
lines,0.317
lineup,0.427
linger,0.311
lingerie,0.463
lingo,0.364
lingual,0.457
linguini,0.338
linguist,0.33
linguistic,0.351
linguistics,0.39
lining,0.363
link,0.264
linoleum,0.378
lint,0.173
lip,0.348
lipstick,0.429
liquefied,0.463
liquid,0.235
lira,0.255
lisp,0.412
list,0.26
listen,0.36
listener,0.375
listenting,0.377
listing,0.273
listless,0.35
listneing,0.37
litany,0.365
liter,0.208
literacy,0.306
literal,0.353
literally,0.353
literary,0.324
literature,0.25
lithium,0.33
lithograph,0.327
lithography,0.346
lithology,0.378
lithosphere,0.333
little,0.16
littlethings,0.311
littoral,0.387
liturgy,0.327
livelihood,0.481
liver,0.29
livery,0.417
livestock,0.42
lizard,0.375
load,0.417
loader,0.377
loaf,0.25
loafer,0.396
loam,0.373
loan,0.48
lobby,0.427
lobe,0.364
lobster,0.356
local,0.269
locale,0.387
locality,0.336
localization,0.33
localize,0.481
localized,0.46
location,0.375
locator,0.426
loch,0.235
locker,0.3
locket,0.327
locksmith,0.417
locust,0.412
lode,0.423
lodge,0.356
lodger,0.448
lodging,0.286
loft,0.378
lofty,0.306
log,0.371
logarithm,0.439
logarithmic,0.458
logic,0.245
logical,0.4
logo,0.296
logotype,0.337
loin,0.298
lollipop,0.483
lone,0.204
loneliness,0.182
lonely,0.226
loner,0.152
lonesome,0.213
long,0.353
longboat,0.454
longevity,0.353
longing,0.434
longitude,0.31
longitudinal,0.398
longitudinally,0.38
longtime,0.442
loo,0.357
look,0.429
looker,0.354
loom,0.245
loon,0.392
loony,0.474
loop,0.343
loose,0.312
loosen,0.337
loosening,0.343
lop,0.363
lord,0.327
lords,0.356
lore,0.373
lorry,0.481
lot,0.215
lotion,0.261
lots,0.417
lotus,0.377
lounge,0.245
lounging,0.167
louse,0.439
lousy,0.482
lovable,0.335
loved,0.452
loveless,0.365
lovely,0.456
lovinglife,0.404
lovinlife,0.46
low,0.22
lowdown,0.441
lower,0.296
lowering,0.363
lowest,0.304
lowlands,0.29
lowly,0.294
lox,0.373
loyal,0.265
loyalty,0.406
lsd,0.471
lube,0.49
lubricate,0.49
lucid,0.49
luck,0.49
lug,0.443
luggage,0.226
lukewarm,0.3
lull,0.13
lullaby,0.156
lumbar,0.418
lumber,0.184
luminous,0.392
lump,0.337
lumpy,0.378
lunar,0.296
lunch,0.41
lunchbox,0.346
luncheon,0.24
lunchtime,0.398
lung,0.292
lungs,0.352
lute,0.407
lycra,0.449
lye,0.396
lyre,0.347
lyric,0.269
lyrical,0.451
lyrics,0.214
macadamia,0.33
macaroni,0.41
mace,0.412
mach,0.432
mackerel,0.423
macro,0.469
madam,0.308
mademoiselle,0.459
maestro,0.357
magazine,0.332
mage,0.373
magenta,0.275
magna,0.49
magnesium,0.32
magnet,0.318
magnetite,0.49
magnifier,0.216
magnifying,0.265
magnolia,0.343
magpie,0.458
mahi mahi,0.41
mahjong,0.418
mahogany,0.225
maid,0.324
maiden,0.396
mail,0.231
mailbox,0.222
mailing,0.324
mailman,0.418
mainframe,0.49
mainland,0.407
mainstay,0.4
maintain,0.398
maintenance,0.41
make,0.42
makeup,0.333
makingdisciples,0.402
mallet,0.39
malt,0.373
mama,0.413
mamma,0.358
mammal,0.449
mammoth,0.471
mammy,0.415
man,0.427
manageable,0.361
management,0.491
mandarin,0.398
mandible,0.431
mandolin,0.433
mandrel,0.49
mane,0.277
manger,0.276
mangle,0.449
mango,0.327
manicure,0.308
manicurist,0.352
manifold,0.461
mankind,0.471
manna,0.294
mannequin,0.302
manner,0.25
manners,0.284
manor,0.358
mansion,0.49
mantel,0.265
mantis,0.355
mantle,0.269
mantra,0.249
manual,0.245
manure,0.471
manuscript,0.208
map,0.229
maple,0.39
marble,0.212
marbled,0.385
marbles,0.345
march,0.2
mare,0.32
margarine,0.316
margarita,0.438
margin,0.219
marinara,0.388
marine,0.471
mariner,0.491
maritime,0.49
mark,0.231
marked,0.358
marker,0.333
market,0.48
marketplace,0.42
marks,0.48
marl,0.471
marmalade,0.37
maroon,0.358
marooned,0.48
marquee,0.284
marquis,0.444
marrow,0.422
marsh,0.358
marshmallow,0.441
mart,0.402
marzipan,0.38
mascara,0.45
mascot,0.337
mash,0.363
mashed,0.337
mask,0.49
masks,0.472
mason,0.442
mass,0.245
massage,0.356
masses,0.453
masseur,0.265
masseuse,0.373
mast,0.39
master,0.49
mat,0.221
matchbook,0.391
mate,0.417
material,0.363
materialism,0.39
materialist,0.491
materiality,0.45
materially,0.451
materials,0.361
materiel,0.294
maternal,0.417
maternity,0.48
math,0.375
mathematician,0.418
mathematics,0.435
matriculation,0.49
matrix,0.378
matter,0.353
matting,0.405
mattress,0.255
maturation,0.439
mature,0.347
maturity,0.4
maudlin,0.417
mausoleum,0.281
mauve,0.33
may,0.273
mayflower,0.463
mayonnaise,0.32
mayor,0.481
mead,0.337
meadow,0.13
meager,0.389
meal,0.461
mean,0.467
meander,0.443
meanie,0.42
meaning,0.395
meaningless,0.314
means,0.373
meantime,0.222
measurable,0.41
measure,0.375
measured,0.265
measurement,0.418
measuring,0.337
measuring cup,0.343
measuring tape,0.28
meat,0.421
meatball,0.279
meatloaf,0.389
mechanic,0.433
med,0.429
media,0.33
medial,0.34
median,0.216
mediate,0.308
mediation,0.35
mediator,0.438
medic,0.472
medical,0.373
medicate,0.375
medication,0.439
medicinal,0.417
medicine,0.318
medieval,0.408
mediocre,0.481
mediocrity,0.398
meditate,0.146
meditating,0.185
meditation,0.12
meditative,0.12
mediterranean,0.454
medium,0.356
medley,0.352
meek,0.15
meh,0.286
melancholic,0.306
melancholy,0.26
mellow,0.069
melody,0.434
melon,0.231
melting,0.47
member,0.333
membership,0.411
membrane,0.43
memento,0.36
memo,0.235
memoir,0.242
memorabilia,0.412
memorial,0.304
memorials,0.333
memories,0.487
memorize,0.451
memory,0.378
menagerie,0.48
mend,0.436
menial,0.42
meniscus,0.33
menopause,0.46
mental,0.49
mentality,0.415
menthol,0.292
mention,0.365
mentor,0.455
menu,0.333
mercantile,0.49
merchandise,0.46
merciful,0.346
mercury,0.312
mercy,0.229
mere,0.221
merge,0.48
merger,0.49
meridian,0.324
meridional,0.29
mesa,0.191
mesh,0.235
meshes,0.363
message,0.391
messenger,0.434
metal,0.429
metallic,0.33
metaphor,0.28
metaphorical,0.412
metaphysics,0.396
meteorology,0.418
meter,0.3
methane,0.46
method,0.275
methodical,0.36
methodology,0.327
meticulous,0.48
metime,0.398
metric,0.248
metrical,0.375
metrology,0.432
metropolitan,0.408
mew,0.481
mezzanine,0.427
mica,0.25
mick,0.451
micro,0.27
microbe,0.45
microbiology,0.378
microchip,0.358
microfilm,0.352
microgram,0.286
micrometer,0.358
micron,0.291
microphone,0.431
microscope,0.33
microscopic,0.327
microscopically,0.37
microscopy,0.339
microwave,0.497
mid,0.315
midair,0.413
midday,0.25
middle,0.157
middleman,0.404
middleweight,0.302
midget,0.295
midland,0.402
midlife,0.244
midline,0.224
midnight,0.47
midst,0.275
midsummer,0.48
midterm,0.337
midtown,0.442
midway,0.316
mien,0.352
mignon,0.44
mike,0.365
mil,0.388
mild,0.198
mildew,0.25
mildness,0.226
mile,0.417
mileage,0.458
milestone,0.373
milk,0.27
milkman,0.38
milky,0.283
mill,0.382
millennium,0.398
milligram,0.217
millimeter,0.177
millstone,0.433
mime,0.235
mimicking,0.433
mimicry,0.337
mincemeat,0.435
mind,0.388
minded,0.394
mindful,0.45
mindless,0.333
mine,0.418
mineral,0.287
mineralogy,0.408
mingle,0.48
mingled,0.392
mini,0.324
miniature,0.292
minibus,0.39
minim,0.208
minimal,0.147
minimize,0.236
minimized,0.137
minimum,0.198
minion,0.43
minister,0.441
ministry,0.346
minivan,0.356
minnow,0.367
minor,0.235
minority,0.332
mint,0.221
minty,0.292
minuscule,0.286
minute,0.279
minutiae,0.257
mir,0.339
mirage,0.487
mire,0.376
mirror,0.31
miscalculation,0.49
miscellaneous,0.321
miscellany,0.412
miserable,0.461
misery,0.378
misfire,0.453
mismatch,0.459
misplace,0.461
misplaced,0.45
miss,0.49
missing,0.418
missingyou,0.471
missionary,0.404
misspell,0.423
missy,0.48
mist,0.194
mister,0.406
mistletoe,0.47
misty,0.451
mitigate,0.427
mitt,0.183
mitten,0.33
mix,0.49
mixed,0.346
mixture,0.36
mnemonic,0.48
moat,0.38
mocha,0.396
mockingbird,0.337
mod,0.367
modal,0.264
modality,0.404
mode,0.185
model,0.388
modeling,0.404
modem,0.355
moderate,0.19
moderate anticipation,0.451
moderate positive,0.453
moderate trust,0.35
moderately,0.264
moderating,0.402
moderation,0.24
moderator,0.354
modern,0.423
modest,0.13
modesty,0.24
modicum,0.417
modifiable,0.422
modified,0.458
modulate,0.343
modulation,0.365
module,0.388
modulus,0.304
moiety,0.343
moist,0.316
moisture,0.398
moisturizer,0.28
molar,0.426
molasses,0.269
mold,0.274
molded,0.361
molding,0.308
moldy,0.387
mole,0.377
molecular,0.44
molecule,0.259
molten,0.49
mom,0.336
moment,0.435
momentary,0.271
momma,0.412
mommy,0.353
monad,0.482
monastery,0.183
monastic,0.314
monetary,0.494
mongoloid,0.364
mongoose,0.38
mongrel,0.438
monitor,0.298
monk,0.208
monkey,0.449
mono,0.39
monochrome,0.292
monogamous,0.335
monogamy,0.38
monogram,0.21
monogrammed,0.27
monograph,0.242
monolayer,0.294
monolith,0.327
monologue,0.284
monotonous,0.221
monotony,0.135
monoxide,0.43
monsieur,0.34
monte,0.33
month,0.255
monthly,0.314
monument,0.404
moo,0.355
mooch,0.413
moon,0.233
moonbeam,0.29
moonlight,0.264
moonlit,0.269
moonshine,0.389
moonstruck,0.438
moor,0.464
mooring,0.49
moorland,0.37
moose,0.373
mop,0.442
mope,0.309
moral,0.459
morale,0.158
morality,0.408
morals,0.43
morass,0.348
moratorium,0.427
moray,0.402
mores,0.317
moribund,0.488
morn,0.284
morning,0.235
morph,0.469
morphine,0.49
morphology,0.373
morrow,0.314
morsel,0.296
mortgage,0.408
mortician,0.429
mosaic,0.25
mosey,0.402
mosque,0.352
mosquito,0.4
moss,0.27
mossy,0.329
mote,0.388
motel,0.372
moth,0.35
mother,0.408
motherland,0.375
motherly,0.324
motif,0.481
motionless,0.21
motley,0.398
motte,0.389
mottled,0.336
motto,0.317
mould,0.176
mound,0.481
mount,0.292
mountain,0.408
mountains,0.433
mournful,0.441
mourning,0.49
mouse,0.441
mousse,0.336
moustache,0.236
mousy,0.413
mouth,0.294
mouthpiece,0.346
mouthwash,0.385
movies,0.426
moxie,0.49
mozzarella,0.265
mri,0.431
mucis,0.418
muck,0.423
mucous,0.296
mucus,0.309
mud,0.26
muddy,0.4
muff,0.335
muffin,0.43
muffled,0.33
muffler,0.407
mug,0.214
mulberry,0.315
mulch,0.361
mule,0.337
mull,0.34
mullet,0.356
multilateral,0.469
multimedia,0.39
multiplicity,0.49
mum,0.317
mumble,0.444
mumps,0.41
munch,0.277
munchies,0.47
munchkin,0.466
mundane,0.42
municipal,0.39
municipality,0.28
mural,0.265
muscle,0.49
muscular,0.434
muse,0.36
muses,0.434
museum,0.206
mush,0.311
mushroom,0.274
mushy,0.2
musing,0.151
musk,0.454
muslin,0.304
muss,0.438
must,0.382
mustard,0.346
muster,0.46
musty,0.367
mute,0.2
muted,0.167
mutt,0.408
mutter,0.427
mutton,0.283
mutual,0.321
mutually,0.49
muzzle,0.43
myopia,0.387
myopic,0.396
myriad,0.429
mystical,0.443
myth,0.432
mythology,0.439
nacho,0.259
nada,0.231
nadir,0.363
nag,0.451
nail,0.397
naive,0.26
namaste,0.255
name,0.3
named,0.396
nameless,0.28
namesake,0.327
naming,0.41
nana,0.255
nanny,0.37
nanometer,0.356
nap,0.098
nape,0.268
napkin,0.142
napping,0.046
nappy,0.333
narrate,0.48
narration,0.408
narrative,0.303
narrator,0.43
narrow,0.368
nasal,0.34
nascent,0.373
natal,0.462
nation,0.443
national,0.365
nationality,0.4
nationwide,0.217
native,0.422
nativity,0.337
natural,0.118
natural gas,0.324
naturalist,0.255
naturalization,0.279
naturalized,0.333
naturally,0.276
nature,0.184
naught,0.176
nautical,0.25
naval,0.449
nave,0.448
navel,0.261
navigable,0.406
navigation,0.47
navigational,0.481
nay,0.29
nearsighted,0.373
neat,0.235
neatly,0.412
nebula,0.418
nebulae,0.33
nebulous,0.347
necessarily,0.423
necessary,0.433
necessity,0.471
neck,0.245
necklace,0.294
necktie,0.229
nectar,0.331
needalife,0.443
needed,0.342
needful,0.46
needit,0.472
needle,0.472
needless,0.385
needtorelax,0.438
needy,0.451
negation,0.461
neglected,0.385
neglecting,0.441
negligible,0.292
negotiator,0.471
negro,0.368
neighbor,0.448
neighborhood,0.469
neighboring,0.306
neon,0.48
neophyte,0.363
neoprene,0.451
nephew,0.337
nerd,0.481
nerdy,0.255
ness,0.48
nest,0.221
nestle,0.308
nestling,0.427
net,0.288
nether,0.265
nettle,0.324
network,0.337
networking,0.482
neural,0.426
neuter,0.163
neutral,0.184
neutrality,0.205
neutralize,0.363
neutron,0.44
new,0.49
newcomer,0.38
newday,0.388
newly,0.422
newsletter,0.385
newsman,0.48
newspaper,0.283
newspaperman,0.458
newsroom,0.392
newsstand,0.222
newt,0.38
nexus,0.368
nib,0.282
nice,0.442
niche,0.413
nichts,0.293
nick,0.388
nickel,0.347
nickname,0.47
niece,0.32
nigger,0.347
nigh,0.216
night,0.396
nightcap,0.196
nightfall,0.436
nightgown,0.408
nightie,0.388
nightingale,0.34
nightly,0.41
nightstand,0.13
nightstick,0.461
nighttime,0.385
nil,0.143
nincompoop,0.431
nine,0.255
nineteen,0.304
ninety,0.349
ninny,0.343
ninth,0.212
nipper,0.422
nitrate,0.406
nitrogen,0.435
nix,0.38
no anticipation,0.48
no disgust,0.324
no emotion,0.109
no sentiment,0.382
no surprise,0.224
no trust,0.445
nobility,0.347
noble,0.345
nobleman,0.286
nobodycares,0.41
nocomplaints,0.164
nod,0.367
nodding,0.294
node,0.343
nodular,0.351
nodule,0.426
noggin,0.433
nohope,0.441
noir,0.394
nomad,0.413
nomenclature,0.222
nominal,0.25
nominate,0.471
nonce,0.37
nonchalant,0.314
nondescript,0.434
nonexistent,0.429
nonfat,0.26
nonfiction,0.315
nonresident,0.34
nonsensical,0.268
nonviolent,0.287
noob,0.43
noodle,0.216
nook,0.321
noon,0.343
noose,0.3
nopoint,0.324
noregrets,0.476
norm,0.245
normal,0.127
normalcy,0.151
normality,0.089
north,0.255
northbound,0.454
northeast,0.26
northern,0.34
northwest,0.345
northwestern,0.306
noschool,0.4
nose,0.27
nosnow,0.394
nostalgia,0.337
nostalgic,0.351
nostress,0.404
nostril,0.404
nosun,0.38
not negative,0.27
not positive,0.37
notable,0.45
notary,0.451
notation,0.38
notch,0.361
note,0.163
notebook,0.167
noted,0.382
noteworthy,0.481
nothappy,0.32
nothingbetter,0.39
nothingness,0.08
notice,0.408
notification,0.461
notify,0.471
notion,0.284
notional,0.288
notready,0.4
notwithstanding,0.316
nought,0.098
noun,0.23
nourish,0.46
nourishment,0.29
nouveau,0.438
novel,0.352
novelist,0.343
novice,0.346
nowadays,0.346
nowork,0.264
noworries,0.402
nozzle,0.33
nuance,0.282
nuances,0.375
nucleus,0.296
nugget,0.34
nul,0.358
nullify,0.373
numb,0.42
number,0.231
numbering,0.363
numbers,0.241
numbness,0.398
numbskull,0.472
numeral,0.254
numerator,0.317
numerical,0.322
numerically,0.337
numerous,0.462
nun,0.15
nunnery,0.236
nursemaid,0.431
nursery,0.406
nurture,0.378
nut,0.31
nutcracker,0.378
nutmeg,0.302
nutrition,0.42
nutritional,0.406
nutritious,0.337
nutritive,0.422
nuts,0.25
nutshell,0.407
nutty,0.317
nylon,0.304
nylong,0.248
nylons,0.379
oaf,0.357
oak,0.245
oar,0.392
oasis,0.283
oat,0.17
oatmeal,0.192
obedience,0.287
obedient,0.179
obediently,0.304
obelisk,0.408
obese,0.427
obesity,0.37
obey,0.433
obi,0.442
obit,0.464
obituary,0.33
object,0.356
objectionable,0.382
objective,0.337
objectivity,0.431
obliging,0.402
oblique,0.347
obliterated,0.469
oblivion,0.33
oblivious,0.388
oblong,0.455
oboe,0.34
obscured,0.356
obscurity,0.392
observance,0.315
observant,0.422
observation,0.433
observatory,0.324
observe,0.39
observer,0.363
observing,0.4
obsolescence,0.431
obsolete,0.321
obtain,0.438
obtainable,0.327
obtuse,0.46
obverse,0.394
obvious,0.336
ocarina,0.392
occasion,0.451
occasional,0.298
occasionally,0.24
occipital,0.408
occlusion,0.439
occult,0.382
occupancy,0.471
occupant,0.417
occupation,0.47
occupational,0.469
occupier,0.438
occupying,0.462
ocd,0.472
ocean,0.308
oceanic,0.317
octagon,0.349
octave,0.38
octopus,0.378
ocular,0.37
odd,0.337
oddball,0.36
odds,0.472
ode,0.269
odometer,0.47
odor,0.363
oeuvre,0.484
offal,0.47
offered,0.49
offering,0.462
office,0.302
officer,0.43
offices,0.312
officiate,0.453
offing,0.412
offload,0.444
offset,0.394
offshoot,0.33
offshore,0.484
offspring,0.435
oft,0.308
ohno,0.475
oil,0.278
oils,0.229
oink,0.45
ointment,0.271
okra,0.4
old,0.279
olden,0.213
older,0.255
oldie,0.363
oldies,0.3
olfactory,0.409
olive,0.231
omega,0.337
omelet,0.323
omission,0.333
omit,0.265
omitted,0.235
omnibus,0.41
omnipresent,0.452
omniscient,0.334
onboard,0.451
oncology,0.424
one,0.292
oneday,0.245
oneness,0.272
onerous,0.48
oneself,0.337
ongoing,0.484
onion,0.367
onset,0.497
ontology,0.45
onyx,0.461
oodles,0.374
op,0.402
opacity,0.251
opal,0.479
opaque,0.265
ope,0.38
open,0.48
openly,0.388
operatic,0.452
ophthalmic,0.385
ophthalmologist,0.389
opinion,0.482
opium,0.49
opposed,0.46
opt,0.471
optic,0.384
optical,0.311
optics,0.286
optimum,0.469
option,0.427
optional,0.35
optionally,0.405
options,0.327
optometrist,0.455
opus,0.368
oral,0.448
orange,0.132
orange juice,0.343
oration,0.315
orator,0.375
oratory,0.472
orb,0.37
orbit,0.422
orbital,0.451
orbs,0.355
orchard,0.269
orchid,0.345
ordained,0.409
order,0.295
orderly,0.24
ordinance,0.452
ordinary,0.312
ordination,0.49
ore,0.333
oregano,0.327
organ,0.469
organic,0.343
organist,0.469
organized,0.337
orient,0.422
oriental,0.409
orientation,0.454
orifice,0.355
origami,0.276
origin,0.435
original,0.48
origination,0.443
ornament,0.373
ornamental,0.392
ornamentation,0.471
ornamented,0.35
ornate,0.356
orphan,0.388
orphanage,0.439
orphaned,0.43
orthodox,0.471
orthodoxy,0.388
orthogonal,0.314
orthopedic,0.346
oscillation,0.433
ostrich,0.382
other,0.23
otter,0.216
otto,0.425
ottoman,0.337
ounce,0.255
outback,0.324
outboard,0.491
outcast,0.449
outcome,0.472
outdated,0.236
outdoor,0.256
outdoors,0.444
outer,0.471
outfit,0.49
outgoing,0.472
outlet,0.396
outline,0.365
outlines,0.402
outpatient,0.4
output,0.389
outreach,0.462
outright,0.396
outspoken,0.413
outstretched,0.481
outward,0.439
outwards,0.472
oval,0.28
ovary,0.399
ovate,0.286
oven,0.425
overall,0.37
overalls,0.392
overcast,0.25
overcoat,0.265
overdue,0.427
overhear,0.365
overlook,0.418
override,0.491
overriding,0.49
overrule,0.412
overslept,0.315
overt,0.326
overtired,0.357
overture,0.402
overview,0.38
owe,0.429
owing,0.307
owl,0.27
owner,0.449
ownership,0.445
ox,0.396
oxidation,0.415
oxide,0.377
oxygen,0.31
oxymoron,0.481
oyster,0.311
ozone,0.345
pace,0.38
pacific,0.118
pacified,0.194
pacifier,0.342
pacifist,0.153
pacify,0.283
pack,0.347
package,0.433
packaging,0.393
packer,0.48
packet,0.385
pact,0.444
pad,0.279
padded,0.212
padding,0.398
paddle,0.375
paddle boat,0.373
paddock,0.429
paddy,0.33
padlock,0.284
padre,0.407
page,0.224
pagination,0.333
paging,0.398
pagoda,0.259
pail,0.177
painkiller,0.312
painless,0.173
painstaking,0.335
paint,0.343
paintbrush,0.226
painted,0.333
painter,0.366
painting,0.324
pair,0.317
paisley,0.327
pajama,0.157
pajamas,0.17
pal,0.426
palate,0.35
pale,0.259
paleontology,0.308
palette,0.333
pall,0.387
palladium,0.38
pallet,0.241
palliative,0.394
palm,0.194
palmer,0.269
palomino,0.349
palpable,0.343
palsy,0.446
paltry,0.491
pamper,0.321
pamphlet,0.25
pan,0.182
panacea,0.427
panache,0.363
pancake,0.274
pancakes,0.373
pancreas,0.302
panda,0.194
pane,0.25
panel,0.321
panhandle,0.431
panier,0.392
panorama,0.402
panoramic,0.462
pansy,0.283
pant,0.463
pantheon,0.41
pantomime,0.481
pantry,0.294
pants,0.32
pap,0.403
papa,0.34
papacy,0.263
papal,0.304
papaya,0.306
paper,0.123
paperback,0.269
paperboy,0.49
paperweight,0.278
paperwork,0.355
paprika,0.25
papyrus,0.24
par,0.372
parable,0.357
parabola,0.413
paradigm,0.429
paradox,0.442
paraffin,0.291
paragon,0.431
paragraph,0.164
parakeet,0.387
paralegal,0.47
parallax,0.394
parallel,0.284
parallelism,0.363
paralyze,0.367
paralyzed,0.48
paramedic,0.464
parapet,0.356
paraphrase,0.375
paraplegic,0.441
parasite,0.442
parasol,0.255
parcel,0.324
parcels,0.445
parched,0.235
parchment,0.228
pardon,0.413
pare,0.356
parenchyma,0.399
parent,0.357
parentage,0.382
parental,0.43
parenthesis,0.255
parenthetical,0.327
pariah,0.478
parietal,0.333
paring,0.441
parish,0.354
parity,0.406
park,0.343
parka,0.481
parking,0.469
parlance,0.35
parlor,0.327
parmesan,0.321
parquet,0.24
parrot,0.333
parry,0.404
parse,0.456
parsimonious,0.312
parsimony,0.28
parsley,0.17
parson,0.25
part,0.278
partial,0.324
partiality,0.38
partially,0.368
particle,0.265
particular,0.402
particularity,0.434
particulars,0.348
partition,0.469
partly,0.41
partner,0.302
partnership,0.387
partridge,0.415
parts,0.327
pas,0.344
pass,0.324
passable,0.337
passage,0.314
passageway,0.389
passe,0.357
passenger,0.413
passim,0.491
passing,0.298
passive,0.116
passivity,0.115
passport,0.457
password,0.356
past,0.422
pasta,0.306
pastel,0.357
pastime,0.353
pastor,0.236
pastrami,0.415
pastry,0.407
pasture,0.145
pasty,0.363
pat,0.377
patch,0.288
patchwork,0.26
pate,0.26
patella,0.26
patent,0.391
patented,0.422
paternal,0.353
path,0.245
pathetic,0.464
pathos,0.449
pathway,0.41
patience,0.125
patient,0.193
patio,0.245
patriarch,0.448
patrimony,0.406
patron,0.451
patronage,0.49
patronising,0.455
patronize,0.451
patronizing,0.365
pattern,0.422
paucity,0.453
pauper,0.347
pause,0.188
pave,0.49
pavement,0.353
paving,0.469
paw,0.36
pawn,0.321
pawnshop,0.439
pax,0.421
payable,0.48
payment,0.452
payphone,0.36
payroll,0.36
pea,0.275
peace,0.156
peaceable,0.134
peaceful,0.108
peacefully,0.19
peacekeeper,0.32
peaceofmind,0.16
peacetime,0.18
peach,0.48
peachy,0.479
peacock,0.449
peak,0.345
peanut,0.202
peanuts,0.294
pear,0.158
pearl,0.425
pearly,0.337
peas,0.283
peasant,0.275
pebble,0.353
pecan,0.316
peculiar,0.491
peculiarities,0.46
peculiarity,0.452
peculiarly,0.45
pecuniary,0.49
pedal,0.32
peddler,0.481
pedestal,0.284
pedestrian,0.36
pediatric,0.462
pediatrics,0.38
pedicure,0.269
pedigree,0.34
peek,0.36
peel,0.25
peep,0.317
peer,0.321
peering,0.409
peerless,0.45
peg,0.357
pegs,0.286
peice,0.422
pelican,0.391
pellet,0.39
pen,0.194
penalty,0.49
penchant,0.48
pencil,0.2
pendant,0.321
pendency,0.452
pendent,0.38
pending,0.441
pendulum,0.368
penguin,0.296
penicillin,0.431
peninsula,0.384
penmanship,0.284
pennant,0.38
penniless,0.316
penny,0.302
pension,0.409
pensioner,0.245
pensive,0.22
pentagram,0.433
penthouse,0.43
penultimate,0.366
people,0.4
peopled,0.45
peppermint,0.264
pepperoni,0.472
peptic,0.463
peptide,0.48
perceive,0.49
percent,0.35
percentage,0.4
percentile,0.41
perceptible,0.46
perception,0.481
perch,0.3
perchance,0.224
percolation,0.417
peremptory,0.426
perennial,0.358
perfect,0.471
perfume,0.472
perfumed,0.471
peri,0.433
peridot,0.481
perimeter,0.443
period,0.324
periodic,0.324
periodical,0.298
periodically,0.314
periodicity,0.324
peripheral,0.406
periphery,0.36
periscope,0.375
perishable,0.464
perishing,0.423
perm,0.465
permanence,0.37
permanent,0.345
permeable,0.402
permeate,0.41
permission,0.311
permissive,0.389
permit,0.349
permitted,0.41
permitting,0.481
perpendicular,0.398
perpetual,0.438
perpetually,0.473
perpetuity,0.434
person,0.363
persona,0.48
personage,0.324
personal,0.311
personification,0.471
personnel,0.344
persons,0.302
perspective,0.47
pert,0.46
pertinent,0.333
perusal,0.235
peruse,0.27
pessimism,0.484
pessimist,0.47
pessimistic,0.394
pestle,0.463
pesto,0.323
pet,0.327
petal,0.194
petite,0.354
petloss,0.481
petroleum,0.451
petticoat,0.396
petting,0.462
petunia,0.26
pew,0.235
pewter,0.26
peyote,0.462
phalanx,0.398
pharaoh,0.491
pharmaceutical,0.435
pharmacist,0.382
pharmacology,0.44
pharmacy,0.337
phase,0.3
pheasant,0.362
phew,0.429
phi,0.361
philanthropic,0.426
philanthropist,0.463
philanthropy,0.412
philosopher,0.316
philosophic,0.27
philosophical,0.275
philosophy,0.255
phlegm,0.394
pho,0.37
phoenix,0.481
phone,0.344
phonetic,0.435
phonetics,0.425
phonograph,0.398
phonology,0.402
phooey,0.49
phosphate,0.306
phosphor,0.48
photo,0.327
photograph,0.353
photographer,0.481
photographic,0.429
photography,0.431
photometry,0.456
photon,0.439
phrase,0.264
phraseology,0.406
phylogeny,0.41
physical therapist,0.337
physician,0.49
physics,0.415
physiological,0.418
physiology,0.451
pi,0.265
pianist,0.491
piano,0.343
piazza,0.471
piccolo,0.423
pick,0.464
picker,0.34
pickle,0.449
pickled,0.45
picnic,0.47
pictorial,0.481
picture,0.308
pictures,0.24
picturesque,0.491
pie,0.402
piece,0.245
piecemeal,0.269
pied,0.433
pier,0.279
piety,0.34
pig,0.368
pigeon,0.224
piggy,0.365
piggyback,0.49
pigheaded,0.472
piglet,0.443
pigment,0.333
pigskin,0.449
pike,0.41
pile,0.32
piles,0.423
pilgrim,0.404
pill,0.407
pillar,0.33
pillbox,0.339
pillow,0.128
pillowcase,0.179
pimple,0.37
pin,0.346
pine,0.225
pineapple,0.316
ping,0.49
pinhead,0.3
pinhole,0.279
pinion,0.361
pink,0.269
pinkie,0.265
pinnacle,0.39
pinot,0.37
pinpoint,0.443
pint,0.333
pinto,0.354
pinup,0.459
pious,0.306
pip,0.43
pipe,0.34
pipeline,0.337
piper,0.442
pipette,0.403
piping,0.337
pipsqueak,0.481
piss,0.462
pistachio,0.336
piston,0.48
pit,0.396
pita,0.279
pitch,0.431
pith,0.35
pithy,0.36
pitiful,0.49
pitter,0.424
pituitary,0.365
pity,0.398
pivot,0.382
pivotal,0.471
pix,0.373
pizza,0.39
placard,0.442
place,0.261
placebo,0.306
placement,0.46
placenta,0.433
placid,0.317
placket,0.231
plaid,0.33
plain,0.167
plainclothes,0.337
plane,0.356
planet,0.404
planetarium,0.462
planets,0.318
plank,0.28
plankton,0.321
planned,0.385
planner,0.469
planning,0.462
plant,0.18
planter,0.45
planting,0.343
plaque,0.333
plasma,0.398
plaster,0.264
plastic,0.269
plasticity,0.471
plat,0.359
plate,0.245
plateau,0.316
plated,0.458
platform,0.34
plating,0.368
platonic,0.461
platter,0.245
plausibility,0.451
plausible,0.404
playpen,0.481
plaza,0.346
plea,0.491
pleasant,0.31
pleasing,0.449
pleat,0.345
pleated,0.318
pledge,0.49
plenary,0.356
plenum,0.454
plexus,0.405
pliable,0.37
plication,0.46
pliers,0.334
plinth,0.346
plodding,0.481
plop,0.475
plough,0.427
ploughed,0.42
plover,0.434
plowed,0.49
plug,0.356
plum,0.306
plumage,0.286
plumbing,0.427
plume,0.323
plump,0.48
plumper,0.429
plural,0.432
plurality,0.473
plush,0.265
ply,0.32
plywood,0.245
pocket,0.275
pocketbook,0.231
pocketful,0.279
pod,0.396
podium,0.365
poem,0.27
poems,0.388
poet,0.35
poetic,0.269
poetical,0.327
poetics,0.306
poetry,0.235
pogo,0.426
poignant,0.444
point,0.193
pointer,0.382
pointless,0.353
poise,0.202
pokes,0.48
polar,0.261
polarity,0.472
pole,0.398
polio,0.452
polish,0.412
polished,0.413
polite,0.378
politeness,0.353
polka,0.451
pollen,0.212
polo,0.36
polyester,0.27
polygonal,0.441
polygraph,0.491
polymer,0.33
pomp,0.491
poncho,0.265
pond,0.337
ponder,0.38
ponderous,0.45
pontiff,0.363
pontificate,0.424
pontoon,0.377
pony,0.413
ponytail,0.337
pooch,0.36
poodle,0.413
poof,0.387
pool,0.356
poop,0.43
poor,0.358
popcorn,0.441
pope,0.375
poppy,0.392
popsicle,0.3
population,0.423
porcelain,0.31
porch,0.324
porcupine,0.421
pore,0.271
pork,0.45
porky,0.483
porosity,0.343
porous,0.37
porridge,0.229
port,0.409
portable,0.356
portage,0.49
portal,0.347
porter,0.375
porterhouse,0.364
portfolio,0.28
porthole,0.353
portico,0.444
portion,0.364
portrait,0.186
portraiture,0.298
pose,0.33
poser,0.385
posh,0.337
posited,0.41
position,0.451
positioning,0.49
possibility,0.481
possible,0.316
possibly,0.4
possum,0.471
post,0.426
postage,0.471
postal,0.245
postcard,0.292
poster,0.275
posterior,0.385
posterity,0.46
posthumous,0.441
postman,0.482
postmortem,0.486
postpone,0.408
postponed,0.327
postscript,0.3
postulate,0.47
posture,0.309
pot,0.186
potable,0.326
potassium,0.314
potato,0.235
potatoes,0.271
pothole,0.294
potion,0.4
potted,0.336
potter,0.417
pottery,0.286
potty,0.373
pouch,0.23
poultry,0.375
pound,0.337
pout,0.354
pouting,0.471
pouty,0.48
pow,0.44
powder,0.25
powdered,0.375
powdery,0.39
practicable,0.429
practical,0.49
practically,0.402
practise,0.49
practitioner,0.497
pragmatic,0.433
prairie,0.183
praise,0.387
praised,0.441
praisejesus,0.377
praises,0.491
praiseworthy,0.445
prawn,0.324
praxis,0.439
pray,0.127
prayer,0.217
prayforme,0.404
praying,0.235
praying mantis,0.442
preach,0.48
preacher,0.388
precedent,0.392
preceding,0.442
precept,0.48
preceptor,0.433
precession,0.46
precinct,0.431
precincts,0.324
precise,0.358
precisely,0.388
precision,0.431
predecessor,0.415
predicament,0.48
predicate,0.344
predict,0.486
predictable,0.296
predictive,0.454
predispose,0.481
preemption,0.426
preemptive,0.461
preface,0.375
prefect,0.451
prefer,0.385
preferable,0.433
preferential,0.481
prefix,0.232
prehistoric,0.317
prelim,0.417
preliminary,0.393
prelude,0.392
premature,0.416
premed,0.459
premeditated,0.49
premises,0.306
prenatal,0.422
prepared,0.48
prerequisite,0.424
prerogative,0.442
preschool,0.382
prescribed,0.391
prescription,0.337
prescriptive,0.378
presence,0.431
present,0.286
presentable,0.311
presents,0.394
preservative,0.429
preserve,0.431
preserved,0.337
preserving,0.462
presto,0.415
presumptive,0.483
presuppose,0.469
pretending,0.42
pretext,0.427
pretzel,0.323
prevalent,0.43
prevent,0.481
preventative,0.442
prevention,0.463
preventive,0.388
preview,0.337
previous,0.337
previously,0.337
price,0.475
priest,0.324
priestess,0.39
priesthood,0.304
priestly,0.284
prig,0.429
prim,0.37
prima,0.406
primal,0.407
primary,0.39
primate,0.363
primates,0.455
prime,0.275
primed,0.402
primer,0.363
primeval,0.48
priming,0.412
primitive,0.388
primrose,0.23
prince,0.464
principal,0.353
principally,0.48
principle,0.306
principles,0.286
print,0.384
printer,0.345
prior,0.35
priory,0.413
prism,0.429
pristine,0.363
privacy,0.42
private,0.422
privileged,0.49
privy,0.481
pro,0.471
probability,0.365
probable,0.433
probate,0.462
probative,0.431
probe,0.444
probing,0.47
probity,0.423
procedural,0.45
proceeding,0.428
proceeds,0.47
process,0.471
processor,0.46
procrastinate,0.353
procrastination,0.43
proctor,0.46
prod,0.479
prodigal,0.491
product,0.417
profess,0.42
professional,0.447
professor,0.398
professorship,0.339
proficient,0.461
profile,0.293
profiler,0.415
profit,0.462
profitable,0.392
profuse,0.398
profusion,0.49
prog,0.412
progenitor,0.48
progeny,0.351
program,0.323
programme,0.298
programmer,0.426
programming,0.435
project,0.462
projector,0.491
prologue,0.392
prolonged,0.453
prom,0.44
promenade,0.444
promontory,0.497
prompting,0.423
promulgate,0.433
prone,0.434
prong,0.244
pronunciation,0.431
prop,0.427
propane,0.473
propensity,0.462
proper,0.312
property,0.221
prophet,0.462
prophylactic,0.491
prophylaxis,0.404
proportion,0.462
proportional,0.38
proportionate,0.37
proportions,0.43
proprietary,0.278
proprietor,0.48
proprietorship,0.441
propriety,0.273
prose,0.274
prosecutor,0.491
prospect,0.442
prosthetic,0.464
prostrate,0.402
protected,0.378
protective,0.459
protector,0.36
protein,0.337
proton,0.415
prototype,0.33
protozoa,0.452
proven,0.311
proverb,0.26
proverbial,0.43
provided,0.353
providence,0.337
provider,0.494
province,0.255
provincial,0.341
provision,0.45
provisionally,0.47
proviso,0.406
provost,0.474
proximal,0.46
proximate,0.433
proxy,0.408
prude,0.41
prudence,0.284
prudent,0.25
prune,0.311
pruning,0.302
pry,0.482
psalm,0.224
psalms,0.252
pseudo,0.389
pseudonym,0.398
psi,0.454
psyche,0.375
psychoanalysis,0.49
psychological,0.449
psychologist,0.308
psychology,0.396
publication,0.47
publicly,0.481
published,0.429
publisher,0.392
puck,0.49
pucker,0.427
pudding,0.255
puddle,0.302
pudgy,0.428
puff,0.367
pug,0.298
pulley,0.333
pullover,0.34
pulmonary,0.471
pulp,0.231
pulpit,0.449
pulse,0.412
pumpkin,0.177
punctual,0.337
punctuality,0.406
punctually,0.38
punctuation,0.385
punt,0.48
puny,0.324
pup,0.427
pupil,0.406
puppet,0.433
puppeteer,0.491
puppy,0.461
pure,0.306
purebliss,0.451
puree,0.255
purely,0.441
purification,0.452
purify,0.304
purist,0.418
purity,0.205
purple,0.298
purport,0.377
purr,0.46
purring,0.33
purse,0.176
pursuit,0.453
purveyor,0.48
purview,0.48
pus,0.431
pussycat,0.29
put,0.398
putative,0.48
puts,0.407
putter,0.394
putty,0.304
puzzle,0.471
pygmy,0.373
pylon,0.288
pyramid,0.39
pyramidal,0.385
quack,0.451
quad,0.441
quadrant,0.269
quadratic,0.385
quadrature,0.363
quadruple,0.4
quadrupole,0.425
quagmire,0.48
quail,0.318
quaint,0.463
quality,0.443
quantify,0.459
quantitative,0.46
quantitatively,0.491
quantity,0.472
quarry,0.426
quart,0.265
quarter,0.296
quarterly,0.38
quarters,0.412
quartet,0.377
quartile,0.445
quarto,0.396
quartz,0.292
quasi,0.343
quaternary,0.37
quay,0.209
quench,0.344
query,0.42
question,0.41
questionnaire,0.327
queue,0.344
queues,0.479
quiche,0.456
quicksilver,0.441
quid,0.378
quiescent,0.16
quiet,0.105
quietly,0.125
quill,0.216
quilt,0.123
quince,0.368
quinine,0.461
quirk,0.384
quirky,0.373
quits,0.48
quitter,0.46
quiver,0.452
quota,0.41
quotient,0.29
rabbi,0.362
rabbit,0.33
raccoon,0.435
race,0.426
rack,0.373
racket,0.356
racking,0.442
radial,0.404
radiator,0.452
radio,0.402
radiograph,0.49
radiologist,0.423
radiology,0.46
radish,0.316
radium,0.36
radius,0.324
radon,0.418
raft,0.229
rag,0.226
rags,0.309
railing,0.298
raiment,0.402
rain,0.388
rainbow,0.35
rainbow trout,0.462
raincoat,0.3
raindrops,0.337
rainfall,0.314
rainforest,0.375
rainy,0.451
rainyday,0.38
raised,0.326
raisin,0.235
rake,0.286
ram,0.452
ramble,0.464
ramrod,0.408
ranch,0.42
rancid,0.451
randomness,0.449
randy,0.394
range,0.472
rank,0.38
rare,0.413
rarely,0.367
raspberries,0.278
raspberry,0.336
rate,0.297
ratify,0.462
ratio,0.461
ration,0.346
rational,0.347
rationale,0.4
rationalize,0.4
rationing,0.404
rattan,0.334
rattle,0.429
ratty,0.45
raven,0.446
ravioli,0.281
raw,0.349
rawhide,0.36
read,0.283
reader,0.224
readership,0.306
readily,0.29
reading,0.183
readout,0.25
ready,0.388
reality,0.365
realize,0.462
realtor,0.471
realty,0.471
ream,0.173
reap,0.422
reason,0.455
reasonable,0.337
reasonableness,0.448
reasoning,0.365
reasons,0.46
reassign,0.49
reassignment,0.48
reassurance,0.127
reassure,0.306
reassured,0.186
reassuring,0.308
rebound,0.48
recall,0.351
recast,0.481
recede,0.449
receding,0.418
receipt,0.23
receipts,0.333
receive,0.462
received,0.436
receiver,0.464
recent,0.365
receptacle,0.451
reception,0.375
receptionist,0.43
receptor,0.36
recesses,0.47
recession,0.398
recheck,0.49
recherche,0.49
recipe,0.271
recipient,0.324
reciprocate,0.46
recital,0.44
recite,0.398
reckon,0.42
recline,0.404
reclining,0.312
recluse,0.49
recognizable,0.4
recognize,0.315
recognized,0.458
recoil,0.429
recollect,0.491
recollection,0.337
recombination,0.492
recommend,0.439
recommendation,0.388
recon,0.447
reconcile,0.47
reconsider,0.442
reconsideration,0.459
reconstitution,0.461
reconstructive,0.444
record,0.421
recorder,0.374
recount,0.402
recoup,0.422
recourse,0.337
recoverable,0.388
recovery,0.402
rectangle,0.225
rectangular,0.24
rectify,0.48
rector,0.406
rectory,0.373
rectum,0.443
recumbent,0.37
recuperation,0.418
recycle,0.392
recycled,0.316
recycling,0.32
red,0.385
reddish,0.337
redecorate,0.444
redeem,0.469
redeemed,0.378
redemption,0.408
redesign,0.46
redirect,0.36
redness,0.47
reduce,0.304
reduced,0.365
reduction,0.382
redundancy,0.262
redwood,0.35
reed,0.35
reef,0.49
reefer,0.453
reefs,0.471
reek,0.48
reel,0.332
reentry,0.449
reestablish,0.49
ref,0.38
refer,0.358
reference,0.312
referendum,0.469
referral,0.314
refill,0.4
refine,0.46
refined,0.43
refinement,0.387
refinery,0.444
refining,0.466
reflect,0.342
reflecting,0.408
reflective,0.292
reflex,0.46
reform,0.49
refraction,0.471
refractory,0.357
refrain,0.373
refraining,0.453
refreshed,0.377
refreshment,0.41
refrigerate,0.357
refrigeration,0.392
refrigerator,0.26
refuel,0.445
refuge,0.238
refused,0.475
regal,0.459
regalia,0.441
regard,0.336
regatta,0.471
regency,0.472
region,0.295
regional,0.4
register,0.412
registration,0.396
registry,0.32
regress,0.442
regressive,0.434
regretful,0.48
regrettable,0.374
regular,0.188
regularity,0.337
regulars,0.327
regulate,0.275
regulated,0.269
regulation,0.425
regulator,0.336
regulatory,0.448
rehab,0.45
rehash,0.451
rehearsal,0.47
reimburse,0.418
rein,0.357
reindeer,0.336
reins,0.448
reiterate,0.451
rejected,0.48
relapse,0.46
related,0.365
relative,0.378
relativity,0.393
relax,0.25
relaxant,0.087
relaxation,0.161
relaxed,0.09
relaxing,0.157
released,0.49
relevancy,0.481
reliability,0.38
reliable,0.241
reliance,0.431
relic,0.452
relief,0.278
relieve,0.183
relieved,0.314
relieving,0.255
religion,0.32
religious,0.238
rely,0.429
remain,0.365
remainder,0.357
remaining,0.29
remains,0.24
remake,0.488
remand,0.446
remark,0.325
remedial,0.418
remedy,0.283
remember,0.422
remembered,0.333
remembering,0.386
remembrance,0.25
remind,0.415
reminder,0.423
reminisce,0.49
reminiscent,0.481
reminiscing,0.431
remission,0.33
remittance,0.479
remnant,0.312
remorseful,0.429
remote,0.333
remover,0.443
renal,0.48
rencontre,0.452
rend,0.423
render,0.395
rendering,0.434
rendezvous,0.49
rendition,0.36
renew,0.481
renounce,0.49
renovated,0.406
renown,0.475
renowned,0.481
rent,0.429
rental,0.37
renter,0.301
repaint,0.382
repair,0.46
repairman,0.426
repayment,0.49
repeal,0.48
repeated,0.472
repeater,0.426
repent,0.422
repertory,0.473
repetitive,0.438
rephrase,0.451
replenish,0.336
replete,0.497
reply,0.29
report,0.444
reported,0.442
repose,0.1
repository,0.396
represent,0.433
representative,0.366
represented,0.444
representing,0.464
repressed,0.337
reprieve,0.471
reprint,0.449
reprogram,0.404
republic,0.34
reputable,0.462
request,0.471
requiem,0.382
require,0.439
requirement,0.439
requisite,0.363
reread,0.377
reschedule,0.422
rescind,0.38
resection,0.482
resemblance,0.216
resemble,0.388
resembling,0.25
reservation,0.343
reserve,0.289
reserved,0.316
reserves,0.363
reservoir,0.276
reset,0.45
reside,0.44
residence,0.382
residences,0.418
residency,0.357
resident,0.327
residential,0.21
residual,0.288
residue,0.33
resignation,0.392
resigned,0.17
resilience,0.44
resin,0.308
resolutely,0.453
resolve,0.472
resolved,0.357
resonance,0.426
resort,0.441
resource,0.357
resources,0.348
respect,0.344
respectability,0.407
respectable,0.35
respected,0.441
respectful,0.386
respecting,0.321
respective,0.413
respects,0.387
respiration,0.377
respirator,0.398
respiratory,0.45
respite,0.373
respond,0.435
respondent,0.455
rest,0.167
restaurant,0.406
rested,0.235
restful,0.116
restoration,0.426
restore,0.49
restored,0.41
restoring,0.49
restroom,0.279
result,0.49
resultant,0.441
resume,0.411
retail,0.353
retailer,0.439
retain,0.451
retainer,0.422
retake,0.471
retard,0.347
retardation,0.36
retarded,0.462
retards,0.434
retention,0.49
retentive,0.482
rethink,0.423
retina,0.255
retinal,0.343
retire,0.392
retired,0.259
retirement,0.324
retiring,0.376
retold,0.385
retrace,0.482
retract,0.443
retraction,0.491
retribution,0.49
retrieval,0.44
retro,0.276
retroactive,0.452
retrograde,0.464
retrospective,0.481
retrospectively,0.4
return,0.412
reunited,0.439
rev,0.422
reverence,0.347
reverend,0.337
reverent,0.49
reverie,0.413
reverse,0.415
revert,0.451
reverting,0.385
review,0.408
reviewer,0.344
revise,0.469
revision,0.459
revue,0.35
rewire,0.462
rhapsody,0.49
rhetoric,0.429
rheumatism,0.472
rhubarb,0.304
rhyme,0.249
rhyming,0.41
rib,0.349
ribbed,0.378
ribbon,0.288
rice,0.208
rick,0.42
rickety,0.402
rid,0.408
ride,0.465
ridge,0.402
riffraff,0.404
rig,0.382
right,0.352
righteous,0.385
rightful,0.358
rightly,0.471
righty,0.314
rim,0.397
rind,0.28
ring,0.427
rink,0.392
rinse,0.168
riparian,0.408
ripe,0.337
ripen,0.373
ripening,0.49
ripple,0.453
rippling,0.48
risotto,0.454
river,0.392
riverbank,0.3
riverbed,0.233
riverboat,0.347
rivet,0.306
riveted,0.439
road,0.404
roads,0.448
roadway,0.206
robe,0.216
robin,0.363
robot,0.337
rock,0.236
rocks,0.209
rod,0.319
roe,0.382
role,0.26
roller,0.394
rollers,0.365
roman,0.475
roof,0.226
rooftop,0.471
rook,0.4
rookie,0.37
room,0.283
roomful,0.425
roommate,0.481
rooms,0.241
roomy,0.342
roost,0.41
rooster,0.385
root,0.279
rope,0.28
ropes,0.304
rosary,0.14
rose,0.276
rosemary,0.381
rosette,0.41
roster,0.306
rota,0.462
rotary,0.462
rotate,0.47
rote,0.481
rotor,0.458
rotting,0.462
rotunda,0.464
rouge,0.4
round,0.434
roundabout,0.425
rounded,0.391
rouse,0.49
route,0.353
routine,0.219
rove,0.4
roving,0.442
row,0.275
rowboat,0.393
rowing,0.443
royal,0.43
rubber,0.217
rubbers,0.36
rubbish,0.454
rubdown,0.491
rubric,0.26
ruby,0.408
rudder,0.469
rudimentary,0.321
rue,0.394
rueful,0.429
rug,0.24
ruins,0.49
rule,0.427
ruler,0.4
rum,0.377
rump,0.425
rundown,0.296
runes,0.3
rung,0.355
runny,0.439
runway,0.373
rural,0.245
rust,0.265
rusted,0.357
rusty,0.345
rut,0.31
ruth,0.427
rye,0.298
sabbatical,0.24
sac,0.245
sack,0.337
sacrament,0.316
sacred,0.375
sad,0.333
sadday,0.418
saddens,0.436
sadly,0.255
sadness,0.288
safe,0.306
safety,0.491
saffron,0.373
saga,0.44
sage,0.327
saggy,0.429
sail,0.22
sailboat,0.392
saint,0.24
sainted,0.296
saintly,0.286
salad,0.26
salamander,0.362
salami,0.36
salary,0.48
salesgirl,0.49
saline,0.34
saliva,0.265
sally,0.39
salmon,0.25
salon,0.296
saloon,0.3
salt,0.312
salted,0.4
saltwater,0.33
salutary,0.36
salutation,0.417
salvation,0.48
salve,0.39
sameness,0.33
sample,0.187
sanatorium,0.49
sanctification,0.431
sanctified,0.24
sanctify,0.443
sanctimonious,0.365
sanctity,0.33
sanctuary,0.226
sanctum,0.438
sand,0.279
sandal,0.283
sandbox,0.274
sandman,0.469
sandpaper,0.425
sands,0.304
sandwich,0.314
sandy,0.265
sane,0.235
sanitary,0.32
sanitation,0.312
sanity,0.333
sans,0.294
santa,0.286
sap,0.298
sapiens,0.453
sapphire,0.472
sappy,0.469
sardine,0.236
sarsaparilla,0.488
sash,0.298
sashimi,0.31
sassafras,0.388
satchel,0.306
sate,0.4
satellite,0.409
satin,0.396
saucepan,0.264
saucer,0.327
sauerkraut,0.454
sauna,0.35
sausage,0.429
savanna,0.147
savannah,0.212
savant,0.451
save,0.439
saver,0.382
saving,0.23
savings,0.431
savior,0.469
sawdust,0.279
sawmill,0.378
sax,0.465
saxophone,0.444
say,0.31
sayonara,0.398
scab,0.33
scabbard,0.219
scaffolding,0.366
scale,0.35
scales,0.33
scallop,0.363
scalp,0.346
scaly,0.481
scamp,0.464
scampi,0.448
scan,0.423
scanner,0.356
scanty,0.333
scarab,0.458
scarce,0.324
scarcely,0.412
scarecrow,0.274
scarf,0.224
scarlet,0.39
scattered,0.38
scene,0.34
scenery,0.253
scent,0.41
scepter,0.3
sceptical,0.387
scepticism,0.444
schedule,0.38
schematic,0.284
scheme,0.269
schilling,0.41
schlep,0.426
schmuck,0.412
schnitzel,0.43
scholar,0.421
scholarly,0.466
scholarship,0.49
scholastic,0.47
school,0.423
schoolboy,0.385
schoolhouse,0.407
schooling,0.462
schoolmaster,0.368
schoolteacher,0.38
schooner,0.408
sciatica,0.443
science,0.429
scion,0.38
scissors,0.462
scone,0.287
scoot,0.49
scope,0.386
score,0.388
scoreboard,0.484
scores,0.469
scrabble,0.412
scram,0.485
scrap,0.339
scrapbook,0.274
scraping,0.479
scrappy,0.375
scrawny,0.422
screen,0.3
screenplay,0.406
screw,0.46
scribble,0.453
scribe,0.264
scrip,0.462
script,0.45
scriptural,0.25
scripture,0.27
scrounger,0.49
scrub,0.42
scruffy,0.435
scuba,0.494
scullery,0.337
sculptor,0.431
sculpture,0.346
sculptured,0.373
scum,0.38
scurvy,0.462
scuttle,0.398
sea,0.353
seaboard,0.356
seagull,0.245
seal,0.218
seals,0.241
seam,0.25
seamless,0.14
seamstress,0.288
seaport,0.317
seared,0.41
seashore,0.31
season,0.41
seasonal,0.273
seasoning,0.388
seat,0.281
seatbelt,0.314
seating,0.265
seawater,0.197
seaweed,0.286
sec,0.385
secluded,0.265
second,0.21
second cousin,0.36
secondary,0.375
secondhand,0.389
secretariat,0.459
secretary,0.426
secretive,0.25
secretly,0.404
section,0.269
sectional,0.415
sector,0.19
secular,0.461
secularism,0.44
secure,0.38
securities,0.304
security,0.36
sedan,0.423
sedate,0.157
sedation,0.27
sedative,0.273
sedentary,0.185
sedge,0.396
sediment,0.306
sedimentary,0.265
see,0.269
seed,0.135
seedling,0.343
seeds,0.269
seedy,0.39
seek,0.429
seeker,0.464
seem,0.302
seemingly,0.41
seer,0.481
segment,0.29
seldom,0.379
select,0.406
selection,0.34
selective,0.347
selenium,0.408
self,0.37
selfless,0.235
selfworth,0.46
seller,0.471
sellout,0.49
seltzer,0.452
semantics,0.394
semaphore,0.374
semblance,0.471
semester,0.327
semi,0.345
semicolon,0.255
seminal,0.413
seminar,0.36
seminary,0.367
semiotics,0.417
senate,0.349
senator,0.422
send,0.48
sender,0.449
senescence,0.456
senile,0.211
senior,0.415
seniority,0.427
senor,0.217
sense,0.417
senseless,0.388
senses,0.461
sensibility,0.423
sensible,0.454
sensibly,0.337
sensitive,0.426
sensitivity,0.417
sensor,0.377
sensory,0.48
sentence,0.265
sentient,0.417
sentiment,0.451
sentimental,0.378
separable,0.39
separately,0.365
sepia,0.27
sepsis,0.452
sept,0.333
septic,0.462
septum,0.423
sequel,0.48
sequence,0.35
sequent,0.423
serendipity,0.413
serene,0.132
serenity,0.122
serial,0.35
serialize,0.455
series,0.431
serif,0.417
serious,0.455
seriousness,0.365
serrated,0.435
serum,0.231
servant,0.408
serve,0.4
server,0.356
service,0.408
serviceable,0.4
servile,0.327
servitude,0.49
sesame,0.25
sess,0.481
session,0.481
set,0.482
setback,0.451
sett,0.413
setter,0.455
settlement,0.412
settler,0.453
settlor,0.434
setup,0.398
seven,0.265
seventeen,0.296
seventh,0.245
seventy,0.353
severable,0.451
severally,0.298
sew,0.34
sewage,0.343
sewer,0.367
sewerage,0.45
sewing,0.337
shack,0.425
shade,0.265
shades,0.3
shading,0.324
shadow,0.343
shadowy,0.373
shaft,0.275
shag,0.462
shaggy,0.302
shall,0.385
shallow,0.298
shallows,0.368
shampoo,0.18
shanghai,0.45
shank,0.393
shanty,0.459
shape,0.24
shapely,0.441
shard,0.407
sharing,0.462
sharpener,0.435
sharpness,0.385
shave,0.41
shaver,0.45
shaving,0.469
shawl,0.365
sheaf,0.387
sheath,0.314
sheathing,0.48
shed,0.402
sheep,0.206
sheepdog,0.442
sheepish,0.441
sheer,0.25
sheet,0.174
shelf,0.202
shell,0.408
shellfish,0.412
shelter,0.229
sheltered,0.377
shelters,0.333
shelved,0.166
shepherd,0.304
sherbet,0.363
sherry,0.477
shield,0.373
shilling,0.342
shimmy,0.476
shingle,0.2
shipment,0.44
shipping,0.327
shipshape,0.48
shire,0.257
shirt,0.186
shoals,0.408
shoddy,0.463
shoe,0.225
shoelace,0.28
shoemaker,0.269
shoes,0.324
shoeshine,0.387
shopping,0.445
shore,0.304
shoreline,0.296
shorn,0.415
short,0.264
short story,0.321
shortage,0.455
shortcake,0.359
shortcoming,0.37
shortcut,0.308
shorten,0.382
shortening,0.333
shorthand,0.45
shortly,0.31
shortness,0.28
shorts,0.481
shortwave,0.271
shoulder,0.286
shovel,0.308
showcase,0.255
shower,0.346
showroom,0.441
shrew,0.463
shrimp,0.361
shrine,0.255
shrink,0.453
shrinking,0.4
shrivel,0.409
shroud,0.457
shrub,0.34
shrubbery,0.267
shrug,0.296
shrunk,0.354
shrunken,0.373
shuffle,0.45
shuffleboard,0.459
shuffling,0.408
shunned,0.464
shut,0.352
shutdown,0.367
shuteye,0.43
shutit,0.442
shutter,0.38
shy,0.153
shyness,0.265
sib,0.298
sibling,0.34
sic,0.459
sick,0.431
side,0.288
sidearm,0.474
sidebar,0.364
sideboard,0.259
sideburns,0.327
sidecar,0.449
sidekick,0.439
sideline,0.382
sidewalk,0.192
sideways,0.245
siesta,0.046
sieve,0.25
sift,0.412
sifting,0.469
sigh,0.387
sight,0.25
sigma,0.472
sign,0.481
signal,0.417
signature,0.422
significance,0.46
signification,0.337
signify,0.422
signpost,0.4
silence,0.2
silencer,0.356
silent,0.125
silently,0.185
silhouette,0.41
silicon,0.448
silicone,0.34
silk,0.115
silken,0.265
silky,0.397
sill,0.375
silliness,0.368
silly,0.349
silo,0.365
silt,0.269
silver,0.451
silverware,0.365
silvery,0.46
similar,0.25
similarity,0.255
simile,0.363
simmer,0.293
simple,0.13
simples,0.24
simpleton,0.144
simplicity,0.25
simplify,0.347
simplistic,0.245
simply,0.148
simulate,0.375
simulated,0.461
simulating,0.462
simultaneously,0.49
sincere,0.265
sincerity,0.351
single,0.354
singly,0.354
singular,0.302
singularity,0.348
singularly,0.33
sink,0.439
sinking,0.439
sip,0.38
siphon,0.333
sipping,0.349
sir,0.306
sire,0.452
sirloin,0.418
sister,0.324
sisterhood,0.415
sit,0.23
site,0.265
sitter,0.429
sitting,0.146
situate,0.31
situated,0.231
situation,0.387
six,0.154
sixpence,0.417
sixteen,0.29
sixth,0.275
sixty,0.24
sizable,0.337
size,0.336
skein,0.372
skeleton,0.464
skeptic,0.44
skepticism,0.48
sketch,0.276
sketching,0.327
sketchy,0.479
skewed,0.48
skewer,0.365
skiff,0.375
skillet,0.296
skim,0.328
skimpy,0.349
skin,0.35
skinny,0.333
skirt,0.463
skit,0.434
skunk,0.491
sky,0.234
skylight,0.314
skyline,0.412
slab,0.265
slack,0.283
slang,0.418
slant,0.396
slashes,0.328
slate,0.283
slates,0.27
sledgehammer,0.479
sleek,0.484
sleep,0.09
sleeper,0.154
sleeping,0.091
sleepless,0.41
sleepy,0.125
sleepyhead,0.35
sleet,0.355
sleeve,0.27
sleeveless,0.29
slice,0.375
slick,0.383
slicker,0.387
slide,0.435
slider,0.491
slight,0.24
slight anticipation,0.49
slight trust,0.4
slightly,0.274
slightly negative,0.472
slightly positive,0.48
slim,0.18
slime,0.37
sling,0.423
slipper,0.298
slippers,0.413
slit,0.49
sliver,0.347
slob,0.365
slobber,0.375
slogan,0.216
sloop,0.375
slop,0.409
slope,0.438
sloppy,0.441
slot,0.337
sloth,0.14
slouch,0.45
slough,0.39
slow,0.073
slowly,0.185
slowness,0.212
sludge,0.396
slug,0.37
sluggish,0.124
slumber,0.191
slump,0.438
slush,0.283
small,0.205
smaller,0.31
smallest,0.34
smarten,0.49
smattering,0.46
smear,0.433
smelling,0.481
smelt,0.441
smidgen,0.385
smiley,0.47
smith,0.333
smock,0.25
smog,0.48
smokey,0.462
smoky,0.42
smooth,0.127
smoothie,0.333
smoothly,0.134
smoothness,0.221
smudge,0.429
smut,0.36
snack,0.407
snacks,0.48
snag,0.25
snail,0.104
snapper,0.429
snazzy,0.37
sneaker,0.479
sneeze,0.442
snip,0.327
snippet,0.41
snippy,0.491
snooty,0.455
snooze,0.357
snorkel,0.47
snot,0.34
snotty,0.382
snout,0.385
snow,0.363
snowball,0.444
snowfall,0.28
snowflake,0.192
snowing,0.49
snowman,0.291
snowplow,0.48
snowy,0.304
snub,0.412
snuff,0.47
snug,0.173
snuggle,0.39
snuggled,0.439
snuggles,0.34
soak,0.37
soaked,0.462
soaking,0.324
soap,0.163
soapbox,0.415
soapy,0.373
sob,0.48
sober,0.216
soblessed,0.395
sobriety,0.31
soc,0.431
sociable,0.459
social,0.37
socialist,0.4
society,0.464
sociology,0.439
sock,0.167
socket,0.469
sod,0.383
soda,0.314
soda/pop,0.41
sodium,0.34
sofa,0.106
soft,0.179
soften,0.194
softener,0.3
softening,0.255
softly,0.206
softness,0.086
software,0.28
soggy,0.35
soil,0.18
sojourn,0.243
solace,0.294
solar,0.452
solarium,0.356
sole,0.194
solemn,0.37
solicit,0.49
solicitor,0.479
solid,0.304
solidarity,0.407
solidified,0.415
solidify,0.318
solidity,0.444
solitaire,0.227
solitary,0.202
solitude,0.226
solo,0.19
solubility,0.36
soluble,0.272
solution,0.339
solvency,0.296
solvent,0.316
somad,0.49
somatic,0.406
some anticipation,0.482
some trust,0.451
somewhat negative,0.48
son,0.365
sonar,0.48
sonata,0.406
song,0.413
sonice,0.356
sonnet,0.294
soot,0.328
soothe,0.194
soothing,0.179
sophisticated,0.481
sophistication,0.472
sophomore,0.415
soppy,0.355
sorghum,0.358
sorrow,0.235
sorrowful,0.422
sorry,0.362
sort,0.389
sorter,0.412
sortie,0.45
sorting,0.4
soslow,0.312
sostressed,0.481
sosweet,0.354
sou,0.39
soul,0.22
soulful,0.331
soundness,0.377
soundproof,0.39
soup,0.245
source,0.318
south,0.265
southbound,0.37
southeast,0.283
southern,0.269
southpaw,0.389
southwest,0.314
souvenir,0.311
sow,0.43
soy,0.25
soy sauce,0.382
soybean,0.25
spa,0.151
space,0.317
spacing,0.425
spacious,0.365
spaghetti,0.353
spam,0.354
span,0.33
spaniel,0.435
spar,0.438
spare,0.398
spareribs,0.431
sparingly,0.353
sparkling,0.418
sparrow,0.46
sparse,0.367
spat,0.413
spatula,0.198
speak,0.472
spec,0.426
speciality,0.47
specially,0.398
specialty,0.479
specie,0.471
species,0.33
specific,0.388
specification,0.479
specify,0.405
specimen,0.444
speck,0.245
speckled,0.263
specs,0.398
spectrometer,0.452
spectrophotometer,0.484
speculum,0.469
speech,0.47
speechless,0.32
spell,0.38
spelling,0.357
spencer,0.394
spent,0.296
sphere,0.277
spherical,0.308
sphinx,0.324
spic,0.455
spice,0.439
spigot,0.346
spin,0.422
spinach,0.2
spinal,0.491
spindle,0.41
spine,0.461
spineless,0.387
spinster,0.368
spire,0.358
spirit,0.37
spiritual,0.327
spirituality,0.281
spittoon,0.426
splash,0.412
splat,0.433
spleen,0.255
splice,0.46
spline,0.398
splint,0.4
splinter,0.422
splurge,0.481
spoke,0.433
spoken,0.363
spokesman,0.48
spokesperson,0.453
sponge,0.192
spongy,0.324
spool,0.389
spoon,0.236
spoonful,0.208
sporadic,0.394
spore,0.408
spot,0.18
spotless,0.327
spotlight,0.353
spotted,0.472
spotter,0.491
spout,0.357
spray,0.41
spreader,0.48
spring,0.37
springtime,0.439
sprinkle,0.404
sprinkler,0.434
sprite,0.438
spruce,0.288
spud,0.423
spurious,0.48
squamous,0.446
square,0.34
squatter,0.361
squaw,0.441
squawk,0.48
squid,0.398
squint,0.461
squire,0.459
squirrel,0.358
squirt,0.46
squishy,0.333
stability,0.264
stabilize,0.427
stabilizer,0.353
stable,0.204
stack,0.282
staff,0.274
stag,0.25
stage,0.306
stagnation,0.324
staid,0.29
stain,0.324
stained,0.46
stainless,0.329
stair,0.354
staircase,0.347
stairs,0.439
stairwell,0.292
stale,0.461
stalemate,0.354
stalk,0.272
stall,0.245
stalls,0.378
stalwart,0.43
stamp,0.327
stance,0.333
stand,0.324
standard,0.143
standardize,0.353
standardized,0.324
standby,0.224
standing,0.317
standpoint,0.388
standstill,0.203
stanza,0.343
staph,0.48
staple,0.306
stapler,0.264
star,0.418
star fruit,0.433
starboard,0.388
starch,0.354
stardust,0.41
stare,0.43
starfish,0.32
stargazing,0.461
staring,0.306
starlet,0.471
starlight,0.368
starling,0.49
start,0.43
starter,0.461
stat,0.46
state,0.32
stateroom,0.38
stateside,0.48
statesman,0.49
static,0.25
staticky,0.278
statics,0.29
station,0.367
stationary,0.24
stationery,0.12
statistic,0.42
statistical,0.353
statistician,0.36
stator,0.453
statuary,0.281
statue,0.153
statuette,0.433
stature,0.353
status,0.377
statute,0.33
statutory,0.376
staunch,0.363
stave,0.333
stay,0.275
stayaway,0.284
stayed,0.27
stays,0.363
stead,0.214
steadfast,0.433
steady,0.186
steak,0.359
steakhouse,0.379
stealth,0.27
stealthily,0.294
stealthy,0.363
steam,0.413
steamer,0.442
steamship,0.49
steel,0.42
steer,0.49
steering,0.431
stem,0.191
stencil,0.327
stenographer,0.408
step,0.321
stepfather,0.491
steppe,0.321
steps,0.349
stepson,0.406
stereoscopic,0.417
stereotype,0.422
sterile,0.471
sterling,0.481
stern,0.394
sternum,0.422
stethoscope,0.377
stew,0.373
steward,0.238
stewardess,0.491
stewardship,0.44
stick,0.364
sticker,0.306
sticking,0.425
stickler,0.471
stiff,0.459
stile,0.359
stiletto,0.43
stillness,0.125
stillwaiting,0.393
stink,0.481
stint,0.326
stitching,0.382
stock,0.418
stockade,0.402
stocking,0.324
stockings,0.365
stockpile,0.315
stockroom,0.312
stoic,0.473
stomach,0.402
stone,0.183
stonewall,0.457
stoneware,0.3
stony,0.494
stooge,0.406
stool,0.269
stools,0.382
stoop,0.43
stoopid,0.431
stopover,0.327
stoppage,0.491
stopper,0.336
stopping,0.382
storage,0.406
storefront,0.217
storehouse,0.25
storeroom,0.217
storing,0.378
story,0.406
storybook,0.306
storyteller,0.357
storytelling,0.375
stound,0.473
stove,0.391
stow,0.365
stowaway,0.481
straight,0.298
straightforward,0.15
straightway,0.444
strait,0.433
straits,0.269
strand,0.406
stranded,0.459
stranger,0.449
strap,0.417
strapless,0.462
strapping,0.413
strata,0.457
stratification,0.49
stratum,0.307
straw,0.29
strawberry,0.27
streaked,0.426
streaming,0.481
street,0.324
streetlight,0.268
stressfree,0.08
stressrelief,0.417
stretcher,0.196
string,0.398
strings,0.292
stripe,0.302
striped,0.373
stroke,0.44
stroll,0.415
stroller,0.398
structural,0.425
structure,0.356
strudel,0.417
strut,0.48
stub,0.32
stubble,0.442
stubby,0.37
stucco,0.292
stuckup,0.48
studded,0.412
student,0.318
studied,0.306
studio,0.265
study,0.361
stuff,0.367
stuffed animal,0.255
stuffing,0.324
stunted,0.472
stuntman,0.482
stupidity,0.418
sturgeon,0.473
stutter,0.469
style,0.472
styling,0.378
stylish,0.49
stylist,0.445
suave,0.265
sub,0.37
subcommittee,0.467
subconscious,0.375
subcutaneous,0.444
subdivide,0.433
subdivision,0.455
subdued,0.463
subdural,0.491
subject,0.344
subjection,0.408
subjective,0.35
sublevel,0.298
sublimation,0.39
sublime,0.333
submarine,0.481
submersible,0.459
submissive,0.217
submit,0.448
subordinate,0.392
subplot,0.413
subscribe,0.344
subscriber,0.398
subscription,0.333
subsequent,0.385
subsequently,0.337
subservient,0.402
subset,0.358
subside,0.308
subsidiary,0.295
subsidy,0.462
subsist,0.418
subsistence,0.404
subsoil,0.24
subspace,0.453
substance,0.422
substandard,0.333
substantial,0.49
substantially,0.471
substantive,0.35
substation,0.461
substitute,0.406
substitution,0.48
substructure,0.358
subterranean,0.306
subtext,0.276
subtitle,0.202
subtle,0.167
subtlety,0.176
subtract,0.33
subtraction,0.382
subtype,0.296
suburban,0.45
suburbia,0.49
subway,0.3
succession,0.481
successive,0.471
succinct,0.413
sucker,0.393
suds,0.365
suede,0.259
suffice,0.326
sufficiency,0.438
sufficient,0.33
sufficiently,0.367
suffix,0.42
sugar,0.382
suggest,0.471
suggestion,0.365
suit,0.282
suitable,0.298
suitcase,0.212
suite,0.42
sulfate,0.352
sullen,0.407
sulphur,0.45
sultan,0.423
sum,0.34
summarily,0.431
summarize,0.323
summary,0.26
summation,0.337
summer,0.373
summerhouse,0.308
sumo,0.394
sump,0.451
sun,0.4
sunbeam,0.44
sundae,0.414
sunday,0.196
sundial,0.225
sundown,0.276
sundry,0.369
sunflower,0.231
sunglass,0.264
sunglasses,0.443
sunken,0.476
sunless,0.28
sunlight,0.407
sunny,0.348
sunrise,0.347
sunroof,0.325
sunscreen,0.387
sunset,0.231
sunshine,0.297
sunup,0.304
sup,0.358
superannuation,0.412
superficial,0.407
superfluous,0.469
supervisor,0.479
supper,0.429
suppertime,0.388
supplement,0.406
supplemental,0.404
supplementary,0.352
supplier,0.462
supplies,0.39
support,0.472
supported,0.408
supporting,0.49
supportive,0.42
suppose,0.343
supposed,0.378
supposing,0.451
supposition,0.408
sure,0.27
surety,0.365
surface,0.375
surly,0.469
surmise,0.4
surname,0.25
surrender,0.396
surrendering,0.411
surrounding,0.422
surroundings,0.346
survey,0.357
surveying,0.455
surveyor,0.337
susceptible,0.449
sushi,0.343
suspend,0.32
suspended,0.402
suspenders,0.333
sustain,0.358
sustained,0.34
suv,0.431
swab,0.364
swamp,0.425
swamped,0.48
swampy,0.39
swan,0.225
swastika,0.472
sweater,0.245
sweatshirt,0.368
sweep,0.385
sweeping,0.431
sweet,0.418
sweeten,0.455
sweetened,0.461
sweetener,0.333
sweetheart,0.423
sweetness,0.474
sweets,0.422
swig,0.481
swim,0.461
swimsuit,0.373
swipe,0.45
swivel,0.48
sycamore,0.401
syllable,0.25
syllabus,0.37
symbiotic,0.425
symbol,0.388
symbolic,0.385
symbolically,0.385
symbolism,0.347
symbolize,0.327
symmetric,0.212
symmetrical,0.263
symmetry,0.274
sympathetic,0.434
sympathy,0.497
symphony,0.49
symposium,0.394
symptomatic,0.434
synagogue,0.3
synapse,0.471
sync,0.44
synchronize,0.361
syndicate,0.491
synod,0.377
synonym,0.21
synonymous,0.323
synopsis,0.39
syntax,0.346
synthesis,0.315
synthesizer,0.41
synthetic,0.35
syrup,0.223
system,0.346
systematic,0.444
systematically,0.39
t-shirt,0.286
tab,0.208
tabby,0.426
tabernacle,0.48
table,0.17
tableau,0.302
tablecloth,0.165
tablespoon,0.353
tablet,0.33
tableware,0.25
tabloid,0.365
tabular,0.33
tabulate,0.403
tabulation,0.346
tachometer,0.394
tacit,0.34
tack,0.431
tacky,0.49
taco,0.353
tact,0.417
tactful,0.292
tactic,0.434
tactical,0.481
tactile,0.41
tad,0.24
tadpole,0.434
taffeta,0.279
taffy,0.431
tag,0.353
tail,0.272
tailed,0.358
tailgate,0.34
tailings,0.311
taillight,0.367
tailor,0.206
tailpipe,0.429
taint,0.425
takeout,0.392
talcum,0.196
tale,0.3
talk,0.346
tallies,0.29
tallow,0.283
tally,0.42
tampon,0.394
tan,0.46
tandem,0.406
tang,0.383
tangent,0.373
tangerine,0.271
tangible,0.35
tank,0.454
tank top,0.371
tantamount,0.288
taoism,0.25
tap,0.37
tape,0.277
tape measure,0.25
taper,0.41
tapering,0.38
tapestry,0.176
tapeworm,0.334
tapioca,0.297
taps,0.378
tar,0.44
tardiness,0.452
targeting,0.42
tariff,0.402
tarmac,0.302
tarnish,0.441
tarot,0.422
tarp,0.21
tarry,0.413
tart,0.38
tartan,0.423
tartar,0.351
task,0.353
tassel,0.33
taste,0.406
tasteful,0.458
tasteless,0.196
tat,0.38
tattletale,0.406
taught,0.481
taupe,0.34
tawny,0.398
tax,0.481
taxed,0.456
taxi,0.362
taxicab,0.43
taxonomy,0.41
tea,0.163
teacher,0.404
teaching,0.444
teacup,0.135
teahouse,0.314
teal,0.293
team,0.461
teamjesus,0.453
teammate,0.449
teamwork,0.49
teapot,0.11
teary,0.473
teaspoon,0.33
teat,0.469
teatime,0.159
tech,0.491
technical,0.49
technicality,0.471
technique,0.414
technological,0.452
technology,0.49
ted,0.453
teddy bear,0.17
tedious,0.406
tedium,0.331
tee,0.373
teensy,0.427
teeny,0.418
teeth,0.388
teething,0.471
teflon,0.245
telegraph,0.423
telemetry,0.382
telepathic,0.49
telescope,0.34
telescopic,0.29
teletype,0.392
television,0.391
tell,0.35
teller,0.395
telling,0.441
temp,0.44
tempera,0.318
temperance,0.294
temperate,0.394
tempered,0.437
template,0.311
temple,0.269
tempo,0.337
temporal,0.413
temporarily,0.365
temporary,0.415
ten,0.26
tenable,0.412
tenancy,0.458
tenant,0.36
tend,0.398
tenderfoot,0.421
tenderness,0.276
tendon,0.271
tenement,0.384
tenet,0.333
tenets,0.357
tenfold,0.418
tenor,0.451
tense,0.439
tent,0.275
tenth,0.349
tenths,0.294
tenuous,0.263
tenure,0.472
tepee,0.337
tepid,0.327
teriyaki,0.449
term,0.255
terminal,0.434
terminate,0.41
termination,0.472
terminology,0.284
terminus,0.382
termite,0.48
terms,0.362
tern,0.365
ternary,0.406
terrace,0.269
terrain,0.3
terrestrial,0.413
territory,0.469
terse,0.393
tertiary,0.35
testament,0.42
tethered,0.472
tetrahedral,0.468
text,0.157
textbook,0.235
textile,0.235
textural,0.296
texture,0.215
tgif,0.471
thank,0.353
thankful,0.344
thankgod,0.451
thanks,0.472
thanksalot,0.428
thanksgiving,0.449
thankyougod,0.446
thankyoujesus,0.406
thankyoulord,0.388
thatch,0.245
thatmoment,0.389
thaw,0.321
theism,0.431
theistic,0.365
thelittlethings,0.24
theme,0.176
theocracy,0.427
theocratic,0.48
theologian,0.304
theological,0.363
theology,0.33
theorem,0.296
theoretical,0.27
theory,0.314
therapeutic,0.275
therapeutics,0.343
therapist,0.43
therapy,0.353
thereabouts,0.365
thereof,0.265
therewith,0.317
thermal,0.36
thermocouple,0.406
thermometer,0.327
thermos,0.255
thermostat,0.48
thesaurus,0.48
thick,0.433
thicken,0.398
thickening,0.355
thicket,0.373
thickness,0.37
thigh,0.433
thimble,0.192
thin,0.337
thing,0.222
things,0.25
thingy,0.312
think,0.408
thinker,0.386
thinking,0.308
third,0.187
thirds,0.327
thirteen,0.385
thirteenth,0.33
thirty,0.349
thistle,0.423
thither,0.27
thorough,0.35
thoroughfare,0.481
thought,0.315
thoughtful,0.29
thoughtfulness,0.269
thoughts,0.382
thousand,0.355
thread,0.184
three,0.225
threefold,0.4
thresh,0.417
thrice,0.442
thrift,0.217
thrifty,0.38
throwback,0.454
thrush,0.49
thumb,0.271
thumbprint,0.347
thx,0.425
thyme,0.255
thyroid,0.455
tiara,0.3
tibia,0.302
tic,0.438
tick,0.386
ticked,0.386
ticker,0.471
ticket,0.387
tidbit,0.382
tidy,0.208
tie,0.464
tier,0.245
tiff,0.415
tighten,0.487
tights,0.343
tilde,0.314
tile,0.245
tiling,0.33
till,0.327
tiller,0.41
tilting,0.384
timber,0.202
timberland,0.415
timbre,0.48
time,0.288
timeless,0.468
timeliness,0.404
timely,0.387
timeout,0.433
timepiece,0.279
timer,0.433
times,0.279
timetable,0.189
timid,0.276
timidity,0.358
timing,0.311
tin,0.37
tincture,0.36
tine,0.373
tinfoil,0.284
tinge,0.292
tinkering,0.49
tint,0.292
tiny,0.196
tip,0.221
tipster,0.462
tiptoe,0.49
tire,0.385
tired,0.317
tiredness,0.408
tiredofit,0.27
tissue,0.236
titanium,0.47
tithe,0.276
title,0.356
titled,0.24
titular,0.385
toad,0.452
toast,0.382
toaster,0.337
toasty,0.461
toby,0.375
tod,0.33
today,0.306
toddler,0.469
toe,0.221
toenail,0.38
tofu,0.33
toga,0.393
together,0.392
togetherness,0.36
toilet,0.29
token,0.418
tolerable,0.35
tolerance,0.206
tolerant,0.192
tolerate,0.43
toleration,0.442
toll,0.422
tomato,0.183
tomatoes,0.24
tombstone,0.441
tomcat,0.412
tome,0.316
tomorrow,0.377
ton,0.418
tone,0.355
toner,0.3
tong,0.48
tongs,0.459
tongue,0.432
tonic,0.36
tonnage,0.382
tonsils,0.373
tool,0.35
toolbox,0.316
tooling,0.406
toot,0.481
tooth,0.25
toothbrush,0.33
toothed,0.394
toothpaste,0.29
toothpick,0.216
toots,0.48
top,0.4
topaz,0.325
topic,0.276
topical,0.34
topographic,0.378
topographical,0.35
topography,0.357
topside,0.466
tor,0.43
torque,0.375
torso,0.394
tortoise,0.078
tot,0.431
total,0.286
totality,0.443
totally,0.422
tote,0.398
totem,0.35
touch,0.477
touched,0.38
touching,0.439
toupee,0.27
tourist,0.48
towel,0.208
tower,0.38
town,0.299
townhouse,0.4
township,0.292
townspeople,0.466
toy,0.42
trace,0.346
traceable,0.37
tracer,0.327
traces,0.448
track,0.433
tract,0.422
trademark,0.344
tradesman,0.431
tradition,0.43
traditional,0.221
traffic light,0.469
trail,0.322
trailer,0.49
trainee,0.408
trait,0.365
trance,0.481
tranquil,0.094
tranquility,0.135
tranquilizer,0.236
transceiver,0.49
transcribe,0.394
transcriber,0.42
transcript,0.398
transcription,0.455
transfer,0.49
transference,0.294
transferred,0.45
transient,0.405
transistor,0.48
transitional,0.472
transitive,0.377
transitory,0.45
translate,0.423
translation,0.435
translator,0.412
transmission,0.49
transom,0.385
transparency,0.26
transparent,0.33
transposition,0.451
transverse,0.429
trappings,0.462
trashy,0.38
trawler,0.43
tray,0.25
treasured,0.471
treasurer,0.456
treatable,0.302
treatise,0.407
treatment,0.386
treaty,0.382
treble,0.471
tree,0.118
trees,0.137
trend,0.458
trending,0.472
triad,0.413
triage,0.433
triangle,0.269
triangular,0.32
triangulate,0.38
tribal,0.404
tribe,0.486
tributary,0.463
trickle,0.196
tricycle,0.402
trifle,0.296
trifling,0.418
trig,0.417
trigonometry,0.4
trillion,0.42
trim,0.466
trimester,0.336
trimming,0.478
trine,0.365
trinity,0.346
trinket,0.352
tripartite,0.48
tripe,0.361
triple,0.385
tripod,0.388
trite,0.418
tritium,0.471
trivia,0.49
trivial,0.387
tropical,0.461
tropics,0.383
trough,0.308
troupe,0.406
trousers,0.314
trout,0.387
trowel,0.418
truce,0.441
truck,0.368
truckload,0.45
true,0.436
truffle,0.323
truism,0.422
trundle,0.27
trunk,0.167
truss,0.482
trustee,0.442
trustworthy,0.315
trusty,0.398
truth,0.4
truthful,0.467
tub,0.235
tuba,0.402
tubby,0.423
tube,0.279
tubing,0.363
tubular,0.361
tubule,0.33
tuck,0.473
tuesday,0.184
tuition,0.372
tulip,0.189
tumbler,0.26
tumbleweed,0.471
tummy,0.365
tun,0.413
tuna,0.386
tunable,0.364
tune,0.479
tunic,0.248
tuning,0.39
tunnel,0.49
turban,0.386
turf,0.192
turkey,0.245
turmeric,0.316
turn,0.398
turnip,0.183
turnkey,0.382
turnover,0.392
turnpike,0.434
turntable,0.455
turquoise,0.226
turtle,0.102
turtleneck,0.398
tutelage,0.442
tutor,0.346
tutoring,0.402
tutu,0.276
tux,0.365
tuxedo,0.354
tv,0.38
twain,0.255
twat,0.459
tweak,0.462
tweed,0.44
tweet,0.49
tweezers,0.408
twelfth,0.292
twelve,0.298
twentieth,0.297
twenty,0.292
twerp,0.443
twig,0.288
twilight,0.341
twill,0.415
twin,0.363
twine,0.38
twins,0.473
twist,0.469
two,0.2
two step,0.314
twofold,0.333
tyke,0.388
type,0.284
typewriter,0.373
typhoid,0.458
typical,0.206
typically,0.377
typo,0.415
typography,0.334
tyre,0.358
ubiquity,0.49
ugliness,0.407
ukulele,0.358
ultimately,0.48
ultimo,0.363
ultraviolet,0.448
umbilical,0.406
umbra,0.4
umbrella,0.246
umpteen,0.46
unabated,0.42
unable,0.459
unacceptable,0.479
unaccompanied,0.376
unaccounted,0.338
unacknowledged,0.269
unadulterated,0.42
unaffected,0.265
unaided,0.41
unaltered,0.269
unambiguous,0.39
unanimity,0.407
unanimous,0.38
unanimously,0.333
unanswered,0.361
unappreciated,0.431
unapproved,0.471
unarmed,0.42
unassisted,0.32
unassuming,0.23
unattached,0.439
unattended,0.4
unattractive,0.307
unauthorized,0.448
unavailable,0.281
unaware,0.355
unbecoming,0.471
unbiased,0.378
unborn,0.3
unbound,0.402
unbroken,0.224
uncalled,0.294
uncanny,0.461
uncaring,0.245
uncertainty,0.494
unchallenged,0.394
unchangeable,0.442
unchanged,0.204
uncharted,0.406
uncherished,0.412
unclaimed,0.346
uncle,0.255
unclear,0.463
uncommon,0.429
uncommonly,0.49
uncomplicated,0.26
unconcerned,0.283
unconditional,0.493
unconfirmed,0.321
unconnected,0.265
unconscious,0.356
unconsciousness,0.44
uncontested,0.471
unconvinced,0.458
uncooked,0.321
uncooperative,0.422
uncorrelated,0.327
uncritical,0.367
uncut,0.422
undecided,0.433
undefined,0.418
undeniable,0.473
underage,0.461
underbelly,0.423
underdog,0.41
underestimate,0.464
underground,0.455
underhanded,0.415
underlay,0.365
underlie,0.378
underline,0.412
underlying,0.445
undermine,0.491
undermined,0.409
underneath,0.265
underpaid,0.413
underpants,0.473
underprivileged,0.449
underscore,0.275
undersea,0.49
undersecretary,0.377
undersized,0.425
understaffed,0.444
understand,0.374
understandable,0.363
understanding,0.304
understatement,0.48
understood,0.441
understudy,0.402
underwood,0.453
underwriter,0.327
undesired,0.441
undetected,0.304
undetermined,0.256
undeveloped,0.33
undirected,0.417
undisclosed,0.361
undiscovered,0.347
undisturbed,0.287
undivided,0.38
undo,0.444
undoing,0.452
undoubted,0.461
unearned,0.34
uneducated,0.35
unemployed,0.481
unemployment,0.4
unencumbered,0.28
unequal,0.433
unequalled,0.47
unequivocal,0.415
unethical,0.433
uneven,0.457
uneventful,0.343
unexplainable,0.448
unfair,0.472
unfavorable,0.45
unfeeling,0.377
unfinished,0.368
unfit,0.368
unfollow,0.337
unfortunate,0.487
unfortunately,0.494
unfreeze,0.297
unfulfilled,0.426
unfurnished,0.333
unglued,0.446
ungodly,0.423
ungrateful,0.461
unhand,0.36
unharmed,0.378
unhelpful,0.32
unhindered,0.441
unidentified,0.361
unification,0.345
unified,0.439
uniform,0.245
uniformity,0.353
uniformly,0.333
unimpeached,0.335
unimportant,0.24
unimpressed,0.302
unimproved,0.377
uninfected,0.304
uninformed,0.37
uninhabited,0.23
uninitiated,0.288
uninspired,0.243
unintelligible,0.472
unintended,0.385
unintentionally,0.49
uninterested,0.24
uninteresting,0.235
uninterrupted,0.434
uninvited,0.385
union,0.226
unique,0.347
unisex,0.417
unison,0.439
unit,0.235
unitary,0.239
unite,0.375
united,0.431
unity,0.288
universal,0.417
universality,0.41
universe,0.454
unkind,0.409
unknown,0.45
unlike,0.439
unlikely,0.293
unlisted,0.265
unloaded,0.38
unlock,0.442
unlucky,0.395
unmanned,0.441
unmarked,0.294
unmarried,0.48
unmitigated,0.427
unmoved,0.355
unnamed,0.189
unnecessary,0.358
unneeded,0.375
unnoticed,0.44
unnumbered,0.255
unobserved,0.255
unobstructed,0.44
unobtrusive,0.327
unoccupied,0.245
unofficial,0.302
unopened,0.34
unopposed,0.375
unordered,0.482
unorthodox,0.48
unpaid,0.413
unparalleled,0.306
unplug,0.441
unplugged,0.375
unpopular,0.441
unprecedented,0.491
unprepared,0.45
unpretentious,0.296
unproductive,0.324
unprofessional,0.37
unprofitable,0.376
unproven,0.427
unprovoked,0.327
unpublished,0.48
unqualified,0.433
unquestionable,0.45
unquote,0.363
unread,0.24
unreal,0.431
unrecorded,0.351
unregistered,0.337
unregulated,0.454
unrelated,0.27
unreliable,0.48
unremarkable,0.155
unrepentant,0.445
unrequited,0.441
unresolved,0.441
unresponsive,0.282
unrestricted,0.458
unromantic,0.316
unscathed,0.308
unscheduled,0.436
unscientific,0.317
unscrew,0.462
unseen,0.351
unselfish,0.353
unsolicited,0.339
unsolved,0.39
unsophisticated,0.491
unsound,0.222
unspecified,0.365
unspoken,0.26
unsuccessful,0.318
unsung,0.33
unsupervised,0.481
unsupported,0.45
unsweetened,0.263
untested,0.296
unthinkable,0.48
untie,0.463
untitled,0.24
untold,0.367
untouched,0.276
untranslated,0.188
untroubled,0.213
untrustworthy,0.449
unturned,0.255
unused,0.231
unusual,0.433
unusually,0.406
unveil,0.442
unverified,0.365
unwary,0.417
unwashed,0.427
unwelcome,0.48
unwilling,0.316
unwillingness,0.311
unwind,0.181
unworthy,0.433
unwrap,0.491
unwritten,0.384
upbringing,0.49
upcoming,0.46
uphold,0.321
upholstery,0.27
upkeep,0.442
uplands,0.471
upright,0.373
upshot,0.49
upstairs,0.408
upstanding,0.39
upward,0.481
upwards,0.439
urination,0.441
urine,0.361
usable,0.455
usage,0.36
use,0.358
used,0.306
useful,0.411
usefully,0.481
useless,0.342
user,0.347
usher,0.44
usual,0.221
utensil,0.279
uterus,0.42
utilitarian,0.363
utility,0.4
utilization,0.469
utilize,0.445
utopian,0.327
utter,0.422
utterly,0.44
vacancy,0.311
vacant,0.22
vacate,0.49
vacation,0.49
vacuolar,0.37
vacuole,0.406
vacuous,0.267
vacuum,0.196
vague,0.335
vagueness,0.324
vainly,0.283
valance,0.286
vale,0.276
valedictorian,0.49
valet,0.406
valid,0.353
validate,0.431
validation,0.46
validity,0.47
valium,0.398
valley,0.306
valor,0.442
valuation,0.48
valve,0.363
vamoose,0.455
van,0.378
vane,0.28
vanilla,0.216
vanish,0.48
vapor,0.358
vara,0.333
variable,0.407
variance,0.405
varicose,0.462
variety,0.472
various,0.296
varnish,0.353
vary,0.373
varying,0.471
vascular,0.451
vase,0.225
vat,0.491
vaudeville,0.471
vault,0.378
vaulted,0.46
vaulting,0.323
veal,0.337
vector,0.308
veer,0.43
vega,0.333
vegan,0.226
vegetable,0.12
vegetarian,0.255
vegetarianism,0.269
vegetation,0.177
vegetative,0.27
veggie,0.245
veil,0.235
veiled,0.317
vein,0.373
veined,0.459
vellum,0.349
velour,0.292
velvet,0.226
velvety,0.343
vena,0.315
veneer,0.265
venerable,0.369
venetian,0.373
venison,0.422
ventilation,0.451
ventilator,0.353
venting,0.388
ventricle,0.387
venue,0.316
veranda,0.343
verb,0.312
verbal,0.291
verbatim,0.255
verbose,0.48
verbosity,0.491
verdant,0.26
verge,0.337
verification,0.276
verified,0.367
verify,0.481
verily,0.351
veritable,0.33
vermouth,0.48
vernacular,0.453
vernal,0.402
veronica,0.399
verse,0.269
version,0.423
vert,0.375
vertebra,0.33
vertebral,0.434
vertical,0.387
vertically,0.385
vesicular,0.44
vessel,0.398
vest,0.38
vested,0.415
vestibule,0.385
vestige,0.47
vet,0.4
veteran,0.431
veterinarian,0.418
veterinary,0.45
veto,0.462
viable,0.32
viaduct,0.44
vial,0.346
vibe,0.48
vicar,0.37
vicarious,0.452
viceroy,0.481
vicinity,0.353
videotape,0.343
vie,0.491
view,0.292
viewer,0.358
viewing,0.394
viewpoint,0.306
vigil,0.48
vignette,0.283
villa,0.29
village,0.367
villager,0.387
vinaigrette,0.286
vindicated,0.48
vine,0.292
vinegar,0.37
vineyard,0.382
vintage,0.39
vinyl,0.241
viola,0.461
violet,0.272
violin,0.396
violinist,0.302
virgin,0.433
virtue,0.443
visa,0.367
visage,0.361
viscous,0.396
vise,0.391
visibility,0.444
visible,0.342
visibly,0.373
vision,0.447
visit,0.443
visitation,0.346
visiting,0.44
visitor,0.48
visor,0.49
vista,0.39
visual,0.462
visualize,0.431
vitamin,0.33
vitreous,0.413
vocabulary,0.247
vocal,0.352
vocation,0.426
vogue,0.491
voice,0.343
voiceless,0.235
voicemail,0.453
void,0.163
volley,0.46
volume,0.49
volumes,0.452
voluminous,0.45
voluntarily,0.46
voluntary,0.46
volunteer,0.422
volunteers,0.448
votive,0.46
vouch,0.417
voucher,0.416
vowel,0.283
vulnerable,0.49
wad,0.318
waddle,0.453
wafer,0.36
waffle,0.394
wag,0.49
wage,0.48
wages,0.44
wagon,0.461
waist,0.448
waistcoat,0.32
waistline,0.417
wait,0.167
waiter,0.3
waiting,0.339
wake,0.47
walk,0.412
walker,0.491
walking,0.48
wall,0.25
wallaby,0.368
wallet,0.432
wallflower,0.298
wallpaper,0.173
walnut,0.302
walrus,0.327
waltz,0.41
wan,0.457
wand,0.322
wander,0.417
wandering,0.471
wane,0.402
waning,0.333
wannasleep,0.33
wanting,0.433
warbler,0.349
ward,0.255
ware,0.443
warehouse,0.365
warm,0.312
warmth,0.307
warp,0.417
warrant,0.398
warranted,0.367
warrants,0.431
warranty,0.47
wart,0.314
wary,0.343
wash,0.377
washed,0.314
washer,0.39
washing,0.396
washout,0.304
washroom,0.364
wastebasket,0.23
wasteland,0.308
wasting,0.417
watch,0.346
watcher,0.401
watchful,0.49
watchtower,0.415
water,0.123
waterbed,0.381
watercourse,0.357
watered,0.29
waterfall,0.46
waterfront,0.274
watering can,0.298
watermelon,0.23
waterproof,0.423
waterworks,0.49
watery,0.461
wave,0.491
wavelength,0.442
wavering,0.43
waves,0.47
wavy,0.284
wax,0.245
waxed,0.388
waxy,0.245
way,0.275
weak,0.241
weaken,0.25
weakened,0.304
weakling,0.294
weakly,0.255
weakness,0.37
wear,0.37
wearer,0.347
wearily,0.286
weariness,0.333
weary,0.281
weasel,0.317
weather,0.404
weathered,0.491
weatherman,0.413
weatherproof,0.345
weave,0.265
web,0.411
website,0.442
wedded,0.413
wedge,0.29
wee,0.452
weed,0.294
weedy,0.366
week,0.231
weekday,0.469
weekly,0.288
weenie,0.451
weeping willow,0.441
weigh,0.396
weighing,0.441
weight,0.38
weightless,0.426
weightloss,0.439
weighty,0.48
weir,0.385
weirdness,0.491
weld,0.462
welfare,0.378
wellhead,0.46
wellness,0.441
welsh,0.385
wen,0.431
west,0.337
westbound,0.363
wet,0.417
wetback,0.402
whale,0.398
wham,0.49
whammy,0.491
wharf,0.24
whatdoido,0.494
whatnot,0.493
whatsoever,0.314
whatsthepoint,0.459
wheat,0.185
wheel,0.31
wheel barrow,0.337
wheelbarrow,0.366
wheelchair,0.337
wheels,0.471
wheeze,0.462
whelp,0.458
whereabouts,0.382
wherefore,0.357
wherewith,0.42
wherewithal,0.366
whet,0.465
whiff,0.4
whilst,0.302
whirlpool,0.415
whisker,0.306
whiskers,0.278
whisper,0.225
whispered,0.358
whit,0.393
white,0.173
whitefish,0.327
whiteness,0.235
whitewash,0.402
whitish,0.279
whittle,0.451
whole,0.357
wholesome,0.423
wholly,0.353
whoop,0.481
wick,0.481
wicker,0.339
wide,0.312
widely,0.453
widespread,0.456
widow,0.45
widowed,0.439
widower,0.406
width,0.28
wiener,0.434
wig,0.279
wight,0.404
wiki,0.39
wildebeest,0.48
wilderness,0.333
will,0.408
willies,0.49
willingly,0.316
willow,0.245
wilt,0.354
wilted,0.375
wimp,0.49
wimpy,0.292
wince,0.415
winch,0.434
wind,0.404
windmill,0.412
window,0.276
windowsill,0.274
windpipe,0.36
windshield,0.375
wine,0.417
wine cooler,0.404
wing,0.255
winged,0.469
winter,0.355
winterbreak,0.464
wintry,0.434
wipe,0.427
wiper,0.38
wire,0.33
wired,0.42
wireless,0.444
wiring,0.367
wis,0.431
wisdom,0.302
wise,0.25
wisp,0.388
wistful,0.451
wit,0.484
withal,0.264
withdraw,0.425
withdrawals,0.404
withdrawn,0.368
wither,0.42
withered,0.292
withhold,0.451
withholding,0.49
witless,0.333
wizard,0.43
wok,0.375
womb,0.385
wont,0.343
wood,0.182
woodcut,0.354
wooden,0.196
woodland,0.306
woodlands,0.34
woodpecker,0.482
woods,0.269
woodshed,0.373
woodsman,0.451
woodwork,0.481
woody,0.26
wool,0.132
woolen,0.265
woolly,0.398
woot,0.49
woozy,0.452
wop,0.452
word,0.255
words,0.216
wordy,0.478
workbook,0.343
workmanship,0.441
workplace,0.431
works,0.434
workshop,0.426
world,0.394
worldwide,0.462
worm,0.418
wormhole,0.38
wormwood,0.406
worn,0.482
worship,0.38
worthless,0.42
worthwhile,0.385
worthy,0.34
wot,0.48
would,0.412
wrap,0.441
wrapper,0.358
wrapping,0.368
wreath,0.44
wreckage,0.353
wrench,0.202
wrinkle,0.37
wrinkled,0.402
wrist,0.34
wristband,0.194
wristwatch,0.338
writ,0.22
write,0.387
writer,0.33
writing,0.475
written,0.231
xanax,0.402
xerox,0.349
yak,0.422
yam,0.206
yap,0.458
yard,0.176
yarn,0.265
yawn,0.12
yawning,0.216
yea,0.412
year,0.284
yearbook,0.231
yearling,0.348
yearly,0.295
yearn,0.491
years,0.33
yeast,0.35
yellow,0.275
yellows,0.306
yen,0.435
yeoman,0.459
yesterday,0.286
yesteryear,0.259
yew,0.207
yodel,0.454
yoga,0.115
yogi,0.347
yogurt,0.269
yolk,0.306
yon,0.365
yonder,0.33
younger,0.457
youthful,0.48
yuletide,0.43
zap,0.438
zebra,0.448
zen,0.21
zenith,0.387
zephyr,0.408
zeta,0.29
zilch,0.451
zinc,0.314
zing,0.402
zip,0.368
zipper,0.315
zit,0.41
zodiac,0.429
zone,0.349
zoning,0.4
zoological,0.458
zoology,0.347
zucchini,0.321
,0.147
