song_id,dataset,title,artist,genre,arousal_mean,arousal_std,valence_mean,valence_std,emotion_4Q,emotion_2Q
ML1,MoodyLyrics,There Goes My Baby,Usher,,,,,,relaxed,positive
ML2,MoodyLyrics,On My Mind,Da'Ville,,,,,,relaxed,positive
ML3,MoodyLyrics,Rockstar 101 ,Rihanna,,,,,,relaxed,positive
ML4,MoodyLyrics,Bed,J. Holiday,,,,,,relaxed,positive
ML5,MoodyLyrics,Don't Haffi Dread,Morgan Heritage,,,,,,angry,negative
ML6,MoodyLyrics,My Love Is Your Love,Whitney Houston,,,,,,happy,positive
ML7,MoodyLyrics,Study People,Serani,,,,,,angry,negative
ML8,MoodyLyrics,Spellwork,Austra,,,,,,angry,negative
ML9,MoodyLyrics,Can't Let You Go,Coro,,,,,,happy,positive
ML10,MoodyLyrics,Slam,Beenie Man,,,,,,relaxed,positive
ML11,MoodyLyrics,Love Him Like I Do ,Deitrick Haddon,,,,,,happy,positive
ML13,MoodyLyrics,The Lady In My Life,Maysa,,,,,,happy,positive
ML14,MoodyLyrics,We Got Love,Ryan Shaw,,,,,,happy,positive
ML15,MoodyLyrics,I Love How You Love Me,The Paris Sisters,,,,,,happy,positive
ML16,MoodyLyrics,I Came To Jesus,New Direction,,,,,,sad,negative
ML17,MoodyLyrics,God Great God,Kurt Carr & The Kurt Carr Singers,,,,,,happy,positive
ML18,MoodyLyrics,And I Love Her,Kenny Lattimore,,,,,,happy,positive
ML19,MoodyLyrics,Battlefield,Jordin Sparks,,,,,,angry,negative
ML20,MoodyLyrics,You Got Yr. Cherry Bomb,Spoon,,,,,,angry,negative
ML21,MoodyLyrics,Peace Of God,Tarralyn Ramsey,,,,,,relaxed,positive
ML22,MoodyLyrics,One,Tyrese,,,,,,relaxed,positive
ML23,MoodyLyrics,Where'd All The Time Go?,Dr. Dog,,,,,,sad,negative
ML24,MoodyLyrics,Unconditional Love,Tarralyn Ramsey,,,,,,happy,positive
ML25,MoodyLyrics,Steppin' Into Love,Kool & The Gang,,,,,,happy,positive
ML26,MoodyLyrics,Darkness At The Bottom,Anders Osborne,,,,,,sad,negative
ML27,MoodyLyrics,Gimme Shelter,The Rolling Stones,,,,,,angry,negative
ML28,MoodyLyrics,Happy,The Rolling Stones,,,,,,happy,positive
ML29,MoodyLyrics,Detroit City,Bobby Bare,,,,,,relaxed,positive
ML30,MoodyLyrics,Got No Reason Now For Goin' Home,Gene Watson,,,,,,relaxed,positive
ML31,MoodyLyrics,El Rey,George Strait,,,,,,sad,negative
ML32,MoodyLyrics,Don't Worry,Playing For Change,,,,,,relaxed,positive
ML33,MoodyLyrics,Melody,The Rolling Stones,,,,,,relaxed,positive
ML34,MoodyLyrics,Fixed,Stars,,,,,,sad,negative
ML35,MoodyLyrics,Home,Glasser,,,,,,relaxed,positive
ML36,MoodyLyrics,Where Is The Love,Betty Wright,,,,,,happy,positive
ML37,MoodyLyrics,You Are Not Alone,Mavis Staples,,,,,,angry,negative
ML38,MoodyLyrics,Not Fade Away,The Rolling Stones,,,,,,happy,positive
ML39,MoodyLyrics,God Only Knows,The Beach Boys,,,,,,happy,positive
ML40,MoodyLyrics,Blind,Korn,,,,,,sad,negative
ML41,MoodyLyrics,Angry Again,Megadeth,,,,,,angry,negative
ML42,MoodyLyrics,Do You Call My Name,Ra,,,,,,angry,negative
ML44,MoodyLyrics,Scream With Me,Mudvayne,,,,,,angry,negative
ML45,MoodyLyrics,Dirthouse,Static-X,,,,,,sad,negative
ML46,MoodyLyrics,Cyanide,Metallica,,,,,,sad,negative
ML47,MoodyLyrics,Longview,Green Day,,,,,,sad,negative
ML48,MoodyLyrics,Rape Me,Nirvana,,,,,,angry,negative
ML49,MoodyLyrics,Sweet Dreams ,Marilyn Manson,,,,,,angry,negative
ML50,MoodyLyrics,Mudshovel,Staind,,,,,,angry,negative
ML51,MoodyLyrics,This Love,Pantera,,,,,,happy,positive
ML52,MoodyLyrics,Send The Pain Below,Chevelle,,,,,,angry,negative
ML53,MoodyLyrics,Scar Tissue,The Red Hot Chili Peppers,,,,,,sad,negative
ML54,MoodyLyrics,Harvester Of Sorrow,Metallica,,,,,,angry,negative
ML55,MoodyLyrics,Civil War,Guns N' Roses,,,,,,angry,negative
ML56,MoodyLyrics,King Of Nothing,Shadows Fall,,,,,,angry,negative
ML57,MoodyLyrics,Do Yourself A Favor,Comeback Kid,,,,,,sad,negative
ML58,MoodyLyrics,Superbeast,Rob Zombie,,,,,,sad,negative
ML59,MoodyLyrics,Why Go,Pearl Jam,,,,,,relaxed,positive
ML60,MoodyLyrics,Rock You Like A Hurricane,Scorpions,,,,,,angry,negative
ML61,MoodyLyrics,Terrible Lie,Nine Inch Nails,,,,,,angry,negative
ML62,MoodyLyrics,Wicked Garden,Stone Temple Pilots,,,,,,angry,negative
ML63,MoodyLyrics,Bullet With Butterfly Wings,Smashing Pumpkins,,,,,,angry,negative
ML64,MoodyLyrics,Come As You Are,Nirvana,,,,,,angry,negative
ML66,MoodyLyrics,Everything I've Known,Korn,,,,,,angry,negative
ML67,MoodyLyrics,Indestructible,Disturbed,,,,,,angry,negative
ML68,MoodyLyrics,Riot,Three Days Grace,,,,,,angry,negative
ML69,MoodyLyrics,Free And Easy ,Dierks Bentley,,,,,,relaxed,positive
ML70,MoodyLyrics,When The Sun Goes Down ,Kenny Chesney,,,,,,relaxed,positive
ML71,MoodyLyrics,Free,Zac Brown Band,,,,,,relaxed,positive
ML72,MoodyLyrics,Tell Me You Get Lonely,Frankie Ballard,,,,,,sad,negative
ML73,MoodyLyrics,The Way You Love Me,Faith Hill,,,,,,happy,positive
ML74,MoodyLyrics,Home,Blake Shelton,,,,,,relaxed,positive
ML75,MoodyLyrics,Your Man,Josh Turner,,,,,,relaxed,positive
ML76,MoodyLyrics,Welcome To My Nightmare,Alice Cooper,,,,,,angry,negative
ML77,MoodyLyrics,Rock And Roll,Led Zeppelin,,,,,,sad,negative
ML78,MoodyLyrics,I Hate Myself For Loving You,Joan Jett & The Blackhearts,,,,,,angry,negative
ML79,MoodyLyrics,Lie To Me,Jonny Lang,,,,,,angry,negative
ML80,MoodyLyrics,Love Her Madly,The Doors,,,,,,happy,positive
ML81,MoodyLyrics,Cocaine,Eric Clapton,,,,,,angry,negative
ML82,MoodyLyrics,Smoking Gun,Robert Cray,,,,,,angry,negative
ML83,MoodyLyrics,Somebody To Love,Jefferson Airplane,,,,,,happy,positive
ML84,MoodyLyrics,Bloody Well Right,Supertramp,,,,,,angry,negative
ML85,MoodyLyrics,Cat Scratch Fever,Ted Nugent,,,,,,sad,negative
ML86,MoodyLyrics,No More Mr. Nice Guy,Alice Cooper,,,,,,sad,negative
ML87,MoodyLyrics,Heart Of Gold,Neil Young,,,,,,happy,positive
ML88,MoodyLyrics,Let Me Take You Home Tonight,Boston,,,,,,relaxed,positive
ML89,MoodyLyrics,Still Loving You,Scorpions,,,,,,happy,positive
ML90,MoodyLyrics,Light My Fire,The Doors,,,,,,angry,negative
ML91,MoodyLyrics,Don't Tell Me You Love Me,Night Ranger,,,,,,happy,positive
ML92,MoodyLyrics,That Smell,Lynyrd Skynyrd,,,,,,sad,negative
ML93,MoodyLyrics,Hit Me With Your Best Shot,Pat Benatar,,,,,,angry,negative
ML94,MoodyLyrics,Paradise City,Guns N' Roses,,,,,,relaxed,positive
ML95,MoodyLyrics,I've Seen All Good People,Yes,,,,,,relaxed,positive
ML96,MoodyLyrics,Home Sweet Home,Motley Crue,,,,,,relaxed,positive
ML97,MoodyLyrics,You Got That Right,Lynyrd Skynyrd,,,,,,angry,negative
ML98,MoodyLyrics,Feel Like Makin' Love,Bad Company,,,,,,happy,positive
ML99,MoodyLyrics,Locomotive Breath,Jethro Tull,,,,,,sad,negative
ML100,MoodyLyrics,Can't Get Enough,Bad Company,,,,,,happy,positive
ML101,MoodyLyrics,Love Reign O'er Me,The Who,,,,,,relaxed,positive
ML102,MoodyLyrics,In The Dark,Billy Squier,,,,,,sad,negative
ML103,MoodyLyrics,One Of These Days,Pink Floyd,,,,,,sad,negative
ML104,MoodyLyrics,Runnin' With The Devil,Van Halen,,,,,,angry,negative
ML105,MoodyLyrics,Fame,David Bowie,,,,,,happy,positive
ML106,MoodyLyrics,Undercover Lover,Three Plus,,,,,,relaxed,positive
ML107,MoodyLyrics,Honey Baby,Three Plus,,,,,,relaxed,positive
ML108,MoodyLyrics,Two Person Party,Three Plus,,,,,,relaxed,positive
ML109,MoodyLyrics,Easy Skanking,Bob Marley & The Wailers,,,,,,relaxed,positive
ML110,MoodyLyrics,Private Beach Party,Gregory Isaacs,,,,,,happy,positive
ML111,MoodyLyrics,Anything You Want,Fiji,,,,,,relaxed,positive
ML112,MoodyLyrics,Hell Fire,Ooklah The Moc,,,,,,angry,negative
ML113,MoodyLyrics,Angel ,Shaggy,,,,,,relaxed,positive
ML114,MoodyLyrics,I'm Still In Love With You ,Sean Paul,,,,,,happy,positive
ML115,MoodyLyrics,Good Vibrations,The Beach Boys,,,,,,relaxed,positive
ML116,MoodyLyrics,Still The One,Orleans,,,,,,happy,positive
ML117,MoodyLyrics,Every Time I Think Of You,The Babys,,,,,,happy,positive
ML118,MoodyLyrics,The One I Love,R.E.M.,,,,,,angry,negative
ML119,MoodyLyrics,Lovesong,The Cure,,,,,,happy,positive
ML120,MoodyLyrics,Walking On Broken Glass,Annie Lennox,,,,,,sad,negative
ML121,MoodyLyrics,Tainted Love,Soft Cell,,,,,,happy,positive
ML122,MoodyLyrics,Again,Lenny Kravitz,,,,,,happy,positive
ML123,MoodyLyrics,Time After Time,Cyndi Lauper,,,,,,sad,negative
ML124,MoodyLyrics,Rock Me Amadeus,Falco,,,,,,angry,negative
ML125,MoodyLyrics,Saved By Zero,The Fixx,,,,,,happy,positive
ML126,MoodyLyrics,Living Inside Myself,Gino Vannelli,,,,,,angry,negative
ML127,MoodyLyrics,Respect,Aretha Franklin,,,,,,relaxed,positive
ML128,MoodyLyrics,I'm The Only One,Melissa Etheridge,,,,,,angry,negative
ML129,MoodyLyrics,Go Your Own Way,Fleetwood Mac,,,,,,sad,negative
ML130,MoodyLyrics,Rock Me Gently,Andy Kim,,,,,,relaxed,positive
ML131,MoodyLyrics,Lonely Days,The Bee Gees,,,,,,sad,negative
ML132,MoodyLyrics,Passion,Rod Stewart,,,,,,happy,positive
ML133,MoodyLyrics,Pride ,U2,,,,,,happy,positive
ML134,MoodyLyrics,Nasty,Janet Jackson,,,,,,sad,negative
ML135,MoodyLyrics,What Is Love?,Howard Jones,,,,,,happy,positive
ML136,MoodyLyrics,A Change Would Do You Good,Sheryl Crow,,,,,,relaxed,positive
ML137,MoodyLyrics,King For A Day,The Thompson Twins,,,,,,happy,positive
ML138,MoodyLyrics,Second Chance,.38 Special,,,,,,happy,positive
ML139,MoodyLyrics,Strangelove,Depeche Mode,,,,,,angry,negative
ML140,MoodyLyrics,Too Shy,Kajagoogoo,,,,,,sad,negative
ML141,MoodyLyrics,Money ,The Flying Lizards,,,,,,happy,positive
ML142,MoodyLyrics,Danger Zone,Kenny Loggins,,,,,,angry,negative
ML143,MoodyLyrics,Think I'm In Love,Eddie Money,,,,,,happy,positive
ML144,MoodyLyrics,Bad Girls,Donna Summer,,,,,,sad,negative
ML145,MoodyLyrics,Authority Song,John Cougar Mellencamp,,,,,,angry,negative
ML146,MoodyLyrics,Janie's Got A Gun,Aerosmith,,,,,,angry,negative
ML147,MoodyLyrics,Only The Lonely,The Motels,,,,,,sad,negative
ML148,MoodyLyrics,War,Edwin Starr,,,,,,angry,negative
ML149,MoodyLyrics,Love Song,Tesla,,,,,,happy,positive
ML150,MoodyLyrics,Lonely Boy,Andrew Gold,,,,,,sad,negative
ML151,MoodyLyrics,Angel,Madonna,,,,,,relaxed,positive
ML152,MoodyLyrics,I Don't Want Your Love,Duran Duran,,,,,,happy,positive
ML153,MoodyLyrics,More Than Words Can Say,Alias,,,,,,relaxed,positive
ML154,MoodyLyrics,Is It Love,Mr. Mister,,,,,,happy,positive
ML155,MoodyLyrics,I'm Too Sexy,Right Said Fred,,,,,,happy,positive
ML156,MoodyLyrics,Lonely Ol' Night,John Mellencamp,,,,,,sad,negative
ML157,MoodyLyrics,Whenever I Call You Friend ,Kenny Loggins,,,,,,happy,positive
ML158,MoodyLyrics,Fire,The Pointer Sisters,,,,,,angry,negative
ML159,MoodyLyrics,A View To A Kill,Duran Duran,,,,,,angry,negative
ML160,MoodyLyrics,Diamond Girl,Seals & Crofts,,,,,,relaxed,positive
ML161,MoodyLyrics,Just Between You And Me,April Wine,,,,,,happy,positive
ML162,MoodyLyrics,My Love,Paul McCartney & Wings,,,,,,happy,positive
ML163,MoodyLyrics,I'm Like A Bird,Nelly Furtado,,,,,,relaxed,positive
ML164,MoodyLyrics,Can't Buy Me Love,The Beatles,,,,,,happy,positive
ML165,MoodyLyrics,Kiss Me Deadly,Lita Ford,,,,,,happy,positive
ML166,MoodyLyrics,Disco Inferno,The Trammps,,,,,,angry,negative
ML167,MoodyLyrics,This Fire Burns,Killswitch Engage,,,,,,angry,negative
ML168,MoodyLyrics,Lip Gloss And Black,Atreyu,,,,,,angry,negative
ML169,MoodyLyrics,Burn,Alkaline Trio,,,,,,angry,negative
ML170,MoodyLyrics,Lifewar,Demon Hunter,,,,,,angry,negative
ML171,MoodyLyrics,Bandages,Hot Hot Heat,,,,,,sad,negative
ML172,MoodyLyrics,Love You More,Buzzcocks,,,,,,happy,positive
ML173,MoodyLyrics,Ring Of Fire,Social Distortion,,,,,,angry,negative
ML174,MoodyLyrics,Sick And Sad,Streetlight Manifesto,,,,,,sad,negative
ML175,MoodyLyrics,The Fire,Reel Big Fish,,,,,,angry,negative
ML176,MoodyLyrics,Take A Look Around,Limp Bizkit,,,,,,angry,negative
ML177,MoodyLyrics,The Bravest Kids,Rancid,,,,,,angry,negative
ML178,MoodyLyrics,White Riot,The Clash,,,,,,angry,negative
ML179,MoodyLyrics,Over The Rainbow,Me First & The Gimme Gimmes,,,,,,relaxed,positive
ML180,MoodyLyrics,Uphold Me,The Winans,,,,,,happy,positive
ML181,MoodyLyrics,We Fall Down,Donnie McClurkin,,,,,,sad,negative
ML182,MoodyLyrics,God Has Not 4got,Tonex,,,,,,happy,positive
ML183,MoodyLyrics,My Name Is Victory ,Jonathan Nelson,,,,,,happy,positive
ML184,MoodyLyrics,Joy Of The Lord,Tamela Mann,,,,,,happy,positive
ML185,MoodyLyrics,Waging War,CeCe Winans,,,,,,angry,negative
ML186,MoodyLyrics,Peace,Juanita Bynum,,,,,,relaxed,positive
ML187,MoodyLyrics,Desire Of My Heart,Vanessa Bell Armstrong,,,,,,happy,positive
ML188,MoodyLyrics,The Thrill Is Gone,B.B. King,,,,,,happy,positive
ML189,MoodyLyrics,Moments In Love,The Art Of Noise,,,,,,happy,positive
ML190,MoodyLyrics,Chasing Pirates,Norah Jones,,,,,,sad,negative
ML191,MoodyLyrics,Never As Good As The First Time,Sade,,,,,,relaxed,positive
ML192,MoodyLyrics,Through The Fire,Chaka Khan,,,,,,angry,negative
ML193,MoodyLyrics,Fallin',Alicia Keys,,,,,,happy,positive
ML194,MoodyLyrics,I Couldn't Love You More,Sade,,,,,,happy,positive
ML195,MoodyLyrics,It's Probably Me,Sting,,,,,,angry,negative
ML196,MoodyLyrics,What You Won't Do For Love,Go West,,,,,,happy,positive
ML197,MoodyLyrics,Lost Without U,Robin Thicke,,,,,,happy,positive
ML198,MoodyLyrics,No Ordinary Love,Sade,,,,,,happy,positive
ML199,MoodyLyrics,Any Love,Luther Vandross,,,,,,happy,positive
ML200,MoodyLyrics,Kiss Of Life,Sade,,,,,,happy,positive
ML201,MoodyLyrics,Lucky ,Jason Mraz,,,,,,happy,positive
ML202,MoodyLyrics,What A Wonderful World ,Kenny G,,,,,,relaxed,positive
ML203,MoodyLyrics,What You Won't Do For Love,Bobby Caldwell,,,,,,happy,positive
ML204,MoodyLyrics,Crash Into Me,Dave Matthews Band,,,,,,angry,negative
ML205,MoodyLyrics,Home,Michael Buble,,,,,,relaxed,positive
ML206,MoodyLyrics,Same Ole Love ,Anita Baker,,,,,,happy,positive
ML207,MoodyLyrics,Caribbean Blue,Enya,,,,,,relaxed,positive
ML208,MoodyLyrics,This Will Be,Natalie Cole,,,,,,happy,positive
ML209,MoodyLyrics,Scream,Avenged Sevenfold,,,,,,angry,negative
ML210,MoodyLyrics,Holier Than Thou,Metallica,,,,,,sad,negative
ML211,MoodyLyrics,Take Back The Fear,Hail The Villain,,,,,,angry,negative
ML212,MoodyLyrics,Street Fighter ,Sick Puppies,,,,,,angry,negative
ML213,MoodyLyrics,I'm So Sick,Flyleaf,,,,,,sad,negative
ML214,MoodyLyrics,You Know You're Right,Nirvana,,,,,,angry,negative
ML215,MoodyLyrics,Home,Three Days Grace,,,,,,relaxed,positive
ML216,MoodyLyrics,Animal I Have Become,Three Days Grace,,,,,,angry,negative
ML217,MoodyLyrics,Until The End,Breaking Benjamin,,,,,,angry,negative
ML218,MoodyLyrics,The Game,Disturbed,,,,,,angry,negative
ML219,MoodyLyrics,Seek And Destroy,Metallica,,,,,,angry,negative
ML220,MoodyLyrics,Death Of Me,Red,,,,,,sad,negative
ML221,MoodyLyrics,Breathe,The Prodigy,,,,,,angry,negative
ML222,MoodyLyrics,Disarm,Smashing Pumpkins,,,,,,angry,negative
ML223,MoodyLyrics,Rusty Cage,Soundgarden,,,,,,sad,negative
ML224,MoodyLyrics,Tomorrow,Silverchair,,,,,,sad,negative
ML226,MoodyLyrics,Dirty Picture ,Taio Cruz,,,,,,sad,negative
ML227,MoodyLyrics,That's How I Go ,Baby Bash,,,,,,relaxed,positive
ML228,MoodyLyrics,Cyclone ,Baby Bash,,,,,,angry,negative
ML229,MoodyLyrics,Fantasy Girl ,Baby Bash,,,,,,relaxed,positive
ML230,MoodyLyrics,Since I Met You Baby,Ivory Joe Hunter,,,,,,happy,positive
ML231,MoodyLyrics,I Will Always Love You,Whitney Houston,,,,,,happy,positive
ML232,MoodyLyrics,Party Like A Rock Star,Shop Boyz,,,,,,happy,positive
ML233,MoodyLyrics,LoveGame,Lady Gaga,,,,,,happy,positive
ML234,MoodyLyrics,Real Love,Mary J. Blige,,,,,,happy,positive
ML235,MoodyLyrics,Ridin ,Chamillionaire,,,,,,sad,negative
ML236,MoodyLyrics,Nobody ,Keith Sweat,,,,,,happy,positive
ML237,MoodyLyrics,Slow Motion ,Juvenile,,,,,,sad,negative
ML238,MoodyLyrics,What Love Has Joined Together,Mary Wells,,,,,,happy,positive
ML239,MoodyLyrics,Me Encantaria,Fidel Rueda,,,,,,sad,negative
ML240,MoodyLyrics,No Me Conoces Aun,Palomo,,,,,,sad,negative
ML241,MoodyLyrics,La Cumbia Del Rio,Los Pikadientes De Caborca,,,,,,sad,negative
ML242,MoodyLyrics,Volvere,K-Paz De La Sierra,,,,,,sad,negative
ML243,MoodyLyrics,Cuatro Espadas,Chalino Sanchez,,,,,,sad,negative
ML244,MoodyLyrics,Pena Tras Pena,Banda El Recodo,,,,,,sad,negative
ML245,MoodyLyrics,Las Tres Tumbas,Los Cadetes De Linares,,,,,,sad,negative
ML246,MoodyLyrics,Al Otro Lado Del Sol,Los Temerarios,,,,,,sad,negative
ML247,MoodyLyrics,Baraja De Oro ,Chalino Sanchez,,,,,,sad,negative
ML248,MoodyLyrics,Love Your Love The Most,Eric Church,,,,,,happy,positive
ML249,MoodyLyrics,It's Your Love ,Tim McGraw,,,,,,happy,positive
ML250,MoodyLyrics,Hunger Strike,Temple Of The Dog,,,,,,sad,negative
ML252,MoodyLyrics,Candy Rain,Soul For Real,,,,,,relaxed,positive
ML253,MoodyLyrics,Sex Music,Tank,,,,,,happy,positive
ML254,MoodyLyrics,This Is How We Know,Matt Redman,,,,,,happy,positive
ML255,MoodyLyrics,Just The Way I Am,Big Daddy Weave,,,,,,happy,positive
ML256,MoodyLyrics,All The World,Point Of Grace,,,,,,relaxed,positive
ML257,MoodyLyrics,All About Love,Steven Curtis Chapman,,,,,,happy,positive
ML258,MoodyLyrics,Our God,Chris Tomlin,,,,,,happy,positive
ML259,MoodyLyrics,Not Home Yet,Steven Curtis Chapman,,,,,,relaxed,positive
ML260,MoodyLyrics,Kiss You Back,Digital Underground,,,,,,happy,positive
ML261,MoodyLyrics,Bang Bang Bang ,Mark Ronson,,,,,,sad,negative
ML262,MoodyLyrics,I Hung My Head,Sting,,,,,,sad,negative
ML263,MoodyLyrics,Big Love,Carrie Rodriguez,,,,,,happy,positive
ML264,MoodyLyrics,The One I Love Is Gone,The Secret Sisters,,,,,,relaxed,positive
ML265,MoodyLyrics,Family Tree,Shelby Lynne,,,,,,sad,negative
ML266,MoodyLyrics,Foolish,Ra Ra Riot,,,,,,sad,negative
ML267,MoodyLyrics,Sunset,Nitin Sawhney,,,,,,relaxed,positive
ML268,MoodyLyrics,You Can Have Me,Sidewalk Prophets,,,,,,happy,positive
ML269,MoodyLyrics,Song Of Love,Rebecca St. James,,,,,,happy,positive
ML270,MoodyLyrics,My Savior My God,Aaron Shust,,,,,,happy,positive
ML271,MoodyLyrics,Beautiful One,By The Tree,,,,,,happy,positive
ML272,MoodyLyrics,Before The Morning,Josh Wilson,,,,,,angry,negative
ML273,MoodyLyrics,Give Me Words To Speak,Aaron Shust,,,,,,relaxed,positive
ML274,MoodyLyrics,Take You Back,Jeremy Camp,,,,,,angry,negative
ML275,MoodyLyrics,Beautiful One,Jeremy Camp,,,,,,happy,positive
ML276,MoodyLyrics,Awesome God,Rich Mullins,,,,,,happy,positive
ML277,MoodyLyrics,God Of Wonders,City On A Hill,,,,,,relaxed,positive
ML278,MoodyLyrics,Friend Of God,"Phillips, Craig & Dean",,,,,,happy,positive
ML279,MoodyLyrics,I've Always Loved You,Third Day,,,,,,happy,positive
ML280,MoodyLyrics,I Believe ,Building 429,,,,,,happy,positive
ML281,MoodyLyrics,Love Can,DecembeRadio,,,,,,happy,positive
ML282,MoodyLyrics,Testify To Love,Avalon,,,,,,relaxed,positive
ML283,MoodyLyrics,I Could Sing Of Your Love Forever,Sonicflood,,,,,,happy,positive
ML284,MoodyLyrics,Time After Time ,Nichole Nordeman,,,,,,sad,negative
ML285,MoodyLyrics,Si No Te Hubieras Ido,Marco Antonio Solis,,,,,,sad,negative
ML286,MoodyLyrics,Que Nadie Sepa Mi Sufrir,La Sonora Dinamita,,,,,,sad,negative
ML287,MoodyLyrics,Por Estar Pensando En Ti,Grupo Bryndis,,,,,,sad,negative
ML288,MoodyLyrics,Pero Que Necesidad,Juan Gabriel,,,,,,sad,negative
ML289,MoodyLyrics,Oficialmente Loco,Bronco,,,,,,sad,negative
ML290,MoodyLyrics,El Solitario,Los Pasteles Verdes,,,,,,sad,negative
ML291,MoodyLyrics,Bandido,Ana Barbara,,,,,,sad,negative
ML292,MoodyLyrics,Rumores ,Joan Sebastian,,,,,,sad,negative
ML293,MoodyLyrics,Lo Dudo,Jose Jose,,,,,,sad,negative
ML294,MoodyLyrics,Te Amo,Los Mier,,,,,,sad,negative
ML295,MoodyLyrics,Tarde O Temprano,Camilo Sesto,,,,,,sad,negative
ML296,MoodyLyrics,Amor En Silencio,Marco Antonio Solis,,,,,,sad,negative
ML297,MoodyLyrics,El Rey,Vicente Fernandez,,,,,,sad,negative
ML298,MoodyLyrics,Vestido Mojado,Los Humildes,,,,,,sad,negative
ML299,MoodyLyrics,Que Mala,Los Bukis,,,,,,sad,negative
ML300,MoodyLyrics,El Perdedor,Joan Sebastian,,,,,,sad,negative
ML301,MoodyLyrics,Me Estoy Enamorando,La Mafia,,,,,,sad,negative
ML302,MoodyLyrics,Al Gato Y Al Raton,Banda Machos,,,,,,sad,negative
ML303,MoodyLyrics,Sentimental,Joan Sebastian,,,,,,sad,negative
ML304,MoodyLyrics,Baraja De Oro,Palomo,,,,,,sad,negative
ML305,MoodyLyrics,Night Fever,The Bee Gees,,,,,,sad,negative
ML306,MoodyLyrics,It's Gonna Take A Miracle,Deniece Williams,,,,,,happy,positive
ML307,MoodyLyrics,Silly Love Songs,Wings,,,,,,happy,positive
ML308,MoodyLyrics,This Kiss,Faith Hill,,,,,,happy,positive
ML309,MoodyLyrics,Kiss On My List,Daryl Hall & John Oates,,,,,,happy,positive
ML310,MoodyLyrics,My Heart Will Go On,Celine Dion,,,,,,happy,positive
ML311,MoodyLyrics,Believe,Cher,,,,,,happy,positive
ML312,MoodyLyrics,I Want It That Way,Backstreet Boys,,,,,,angry,negative
ML313,MoodyLyrics,On Fire,Lil Wayne,,,,,,angry,negative
ML314,MoodyLyrics,All The Lovers,Kylie,,,,,,angry,negative
ML315,MoodyLyrics,Don't Turn The Lights On,Chromeo,,,,,,sad,negative
ML316,MoodyLyrics,In A Dream,Rockell,,,,,,happy,positive
ML317,MoodyLyrics,From Paris To Berlin,Infernal,,,,,,happy,positive
ML318,MoodyLyrics,Everyday Is Halloween,Ministry,,,,,,angry,negative
ML319,MoodyLyrics,Fire,Ferry Corsten,,,,,,angry,negative
ML320,MoodyLyrics,Rise Up,Yves Larock,,,,,,relaxed,positive
ML321,MoodyLyrics,Love Me Right ,Angel City,,,,,,happy,positive
ML322,MoodyLyrics,Bless Me Indeed,MercyMe,,,,,,relaxed,positive
ML323,MoodyLyrics,Watch Over Me,Aaron Shust,,,,,,sad,negative
ML324,MoodyLyrics,Song To The King,Pocket Full Of Rocks,,,,,,happy,positive
ML325,MoodyLyrics,Never Look Away,The Museum,,,,,,angry,negative
ML326,MoodyLyrics,Love Never Fails,Brandon Heath,,,,,,happy,positive
ML327,MoodyLyrics,I'll Love You So,Above The Golden State,,,,,,happy,positive
ML328,MoodyLyrics,They'll Know We Are Christians By Our Love,Jars Of Clay,,,,,,happy,positive
ML329,MoodyLyrics,Love Has Come,Mark Schultz,,,,,,happy,positive
ML330,MoodyLyrics,Song Of Hope ,Robbie Seay Band,,,,,,happy,positive
ML331,MoodyLyrics,Sometimes,Matt Brouwer,,,,,,angry,negative
ML332,MoodyLyrics,I Believe,Third Day,,,,,,happy,positive
ML333,MoodyLyrics,Glory To God Forever,Fee,,,,,,happy,positive
ML334,MoodyLyrics,Somebody Already Broke My Heart,Sade,,,,,,angry,negative
ML336,MoodyLyrics,Another Day In Paradise,Phil Collins,,,,,,relaxed,positive
ML337,MoodyLyrics,So Strong,Jonathan Butler,,,,,,happy,positive
ML338,MoodyLyrics,Lovefool,The Cardigans,,,,,,happy,positive
ML339,MoodyLyrics,Start A Fire,Ryan Star,,,,,,angry,negative
ML340,MoodyLyrics,Hunter,Dido,,,,,,relaxed,positive
ML341,MoodyLyrics,Shiny Happy People,R.E.M.,,,,,,happy,positive
ML342,MoodyLyrics,My Immortal,Evanescence,,,,,,angry,negative
ML343,MoodyLyrics,All You Wanted,Michelle Branch,,,,,,sad,negative
ML344,MoodyLyrics,You Wanted More,Tonic,,,,,,happy,positive
ML345,MoodyLyrics,Rescue Me,Fontella Bass,,,,,,happy,positive
ML346,MoodyLyrics,Wouldn't It Be Nice,The Beach Boys,,,,,,relaxed,positive
ML347,MoodyLyrics,An Old Fashioned Love Song,Three Dog Night,,,,,,happy,positive
ML348,MoodyLyrics,Here Comes The Sun,The Beatles,,,,,,relaxed,positive
ML349,MoodyLyrics,Uptown Girl,Billy Joel,,,,,,relaxed,positive
ML350,MoodyLyrics,Love Me Do ,The Beatles,,,,,,happy,positive
ML351,MoodyLyrics,In My Life,The Beatles,,,,,,happy,positive
ML352,MoodyLyrics,All You Need Is Love,The Beatles,,,,,,happy,positive
ML353,MoodyLyrics,I Can See Clearly Now,Johnny Nash,,,,,,relaxed,positive
ML355,MoodyLyrics,It Don't Come Easy,Ringo Starr,,,,,,relaxed,positive
ML356,MoodyLyrics,Perfect Nightmare,Shontelle,,,,,,angry,negative
ML357,MoodyLyrics,Your Love Is My Drug,Ke$ha,,,,,,happy,positive
ML358,MoodyLyrics,I Want To Be Loved Like That,Shenandoah,,,,,,happy,positive
ML359,MoodyLyrics,Baby Blue,George Strait,,,,,,relaxed,positive
ML360,MoodyLyrics,"Green, Green Grass Of Home",Porter Wagoner,,,,,,relaxed,positive
ML361,MoodyLyrics,Wild And Blue,John Anderson,,,,,,relaxed,positive
ML362,MoodyLyrics,Rainbow Stew,Merle Haggard,,,,,,relaxed,positive
ML363,MoodyLyrics,Angel Of The Morning,Juice Newton,,,,,,relaxed,positive
ML364,MoodyLyrics,If I Didn't Have You,Randy Travis,,,,,,sad,negative
ML365,MoodyLyrics,Ring Of Fire,Johnny Cash,,,,,,angry,negative
ML366,MoodyLyrics,Always On My Mind,Willie Nelson,,,,,,relaxed,positive
ML367,MoodyLyrics,Honky Tonk Man,Dwight Yoakam,,,,,,relaxed,positive
ML368,MoodyLyrics,Brother Jukebox,Mark Chesnutt,,,,,,relaxed,positive
ML369,MoodyLyrics,Blame,Cavo,,,,,,sad,negative
ML370,MoodyLyrics,I Don't Need Love,Sammy Hagar,,,,,,happy,positive
ML371,MoodyLyrics,School's Out,Alice Cooper,,,,,,sad,negative
ML372,MoodyLyrics,Do You Love Me?,Kiss,,,,,,happy,positive
ML373,MoodyLyrics,Nobody's Fault But Mine,Led Zeppelin,,,,,,sad,negative
ML374,MoodyLyrics,Blue Jean Blues,ZZ Top,,,,,,relaxed,positive
ML375,MoodyLyrics,This Is War,Thirty Seconds To Mars,,,,,,angry,negative
ML376,MoodyLyrics,Lovesong,311,,,,,,happy,positive
ML377,MoodyLyrics,Tainted Love,Marilyn Manson,,,,,,happy,positive
ML378,MoodyLyrics,Supermassive Black Hole,Muse,,,,,,sad,negative
ML379,MoodyLyrics,Pain,Three Days Grace,,,,,,angry,negative
ML380,MoodyLyrics,Fire Woman,The Cult,,,,,,angry,negative
ML381,MoodyLyrics,Polly,Nirvana,,,,,,sad,negative
ML382,MoodyLyrics,Unglued,Stone Temple Pilots,,,,,,sad,negative
ML384,MoodyLyrics,I Miss You,Blink-182,,,,,,sad,negative
ML385,MoodyLyrics,Sick Of You,Cake,,,,,,sad,negative
ML386,MoodyLyrics,Eclipse ,Metric,,,,,,angry,negative
ML387,MoodyLyrics,War Pigs,Cake,,,,,,angry,negative
ML388,MoodyLyrics,The Fight Song,Marilyn Manson,,,,,,angry,negative
ML389,MoodyLyrics,Map Of The Problematique,Muse,,,,,,sad,negative
ML390,MoodyLyrics,I Want A Love I Can See,The Temptations,,,,,,happy,positive
ML391,MoodyLyrics,Matalas,Alejandro Fernandez,,,,,,sad,negative
ML392,MoodyLyrics,I Love You,Mary J. Blige,,,,,,happy,positive
ML393,MoodyLyrics,Desde Que,Liquits,,,,,,sad,negative
ML394,MoodyLyrics,Luna De Octubre,Pedro Infante,,,,,,sad,negative
ML395,MoodyLyrics,Mr. Lonely,Bobby Vinton,,,,,,sad,negative
ML396,MoodyLyrics,Crystal Blue Persuasion,Tommy James & The Shondells,,,,,,relaxed,positive
ML397,MoodyLyrics,Nunca Habia Llorado Asi ,Victor Manuelle,,,,,,sad,negative
ML398,MoodyLyrics,Will I,Ian Van Dahl,,,,,,happy,positive
ML399,MoodyLyrics,Hide U,Kosheen,,,,,,angry,negative
ML400,MoodyLyrics,Stranger In My House,Ronnie Milsap,,,,,,relaxed,positive
ML401,MoodyLyrics,Your Cheatin' Heart,Hank Williams,,,,,,relaxed,positive
ML402,MoodyLyrics,Your Love Is A Miracle,Mark Chesnutt,,,,,,happy,positive
ML403,MoodyLyrics,Real Love,Dolly Parton,,,,,,happy,positive
ML404,MoodyLyrics,I'm That Kind Of Girl,Patty Loveless,,,,,,relaxed,positive
ML405,MoodyLyrics,Heard It In A Love Song,The Marshall Tucker Band,,,,,,happy,positive
ML406,MoodyLyrics,I Tell It Like It Used To Be,T. Graham Brown,,,,,,happy,positive
ML407,MoodyLyrics,Burn Me Down,Marty Stuart,,,,,,angry,negative
ML408,MoodyLyrics,Let's Fall To Pieces Together,George Strait,,,,,,sad,negative
ML409,MoodyLyrics,Help Me Make It Through The Night,Sammi Smith,,,,,,sad,negative
ML410,MoodyLyrics,Love Is Like A Butterfly,Dolly Parton,,,,,,relaxed,positive
ML411,MoodyLyrics,I Will Always Love You,Dolly Parton,,,,,,happy,positive
ML412,MoodyLyrics,Queen Of The Silver Dollar,Emmylou Harris,,,,,,relaxed,positive
ML413,MoodyLyrics,I Can't Win For Losin' You,Earl Thomas Conley,,,,,,happy,positive
ML414,MoodyLyrics,Kiss An Angel Good Mornin',Charley Pride,,,,,,happy,positive
ML415,MoodyLyrics,Love Can Build A Bridge,The Judds,,,,,,happy,positive
ML416,MoodyLyrics,Mustang Burn,Jack Ingram,,,,,,angry,negative
ML417,MoodyLyrics,VERO,George Strait,,,,,,relaxed,positive
ML418,MoodyLyrics,When I Call Your Name,Vince Gill,,,,,,sad,negative
ML419,MoodyLyrics,Old Flame,Alabama,,,,,,angry,negative
ML420,MoodyLyrics,Please Please Baby,Dwight Yoakam,,,,,,relaxed,positive
ML421,MoodyLyrics,You And I,Eddie Rabbitt,,,,,,happy,positive
ML422,MoodyLyrics,Ain't That Lonely Yet,Dwight Yoakam,,,,,,sad,negative
ML423,MoodyLyrics,Little Bird,Jonatha Brooke,,,,,,relaxed,positive
ML424,MoodyLyrics,Killer Joe,Quincy Jones,,,,,,sad,negative
ML425,MoodyLyrics,Where Is The Love,Roberta Flack & Donny Hathaway,,,,,,happy,positive
ML426,MoodyLyrics,Someone To Love ,Jon B.,,,,,,happy,positive
ML427,MoodyLyrics,Love You,Jack Ingram,,,,,,happy,positive
ML428,MoodyLyrics,I'll Always Love You,Taylor Dayne,,,,,,happy,positive
ML429,MoodyLyrics,Whole Lotta Love ,Santana,,,,,,happy,positive
ML430,MoodyLyrics,Let Me Drown,Soundgarden,,,,,,angry,negative
ML431,MoodyLyrics,Poison,Alice Cooper,,,,,,angry,negative
ML432,MoodyLyrics,Alone Again,Dokken,,,,,,sad,negative
ML433,MoodyLyrics,Phantom Of The Opera,Iron Maiden,,,,,,sad,negative
ML434,MoodyLyrics,Animal Magnetism,Scorpions,,,,,,happy,positive
ML435,MoodyLyrics,The Devil Cried,Black Sabbath,,,,,,angry,negative
ML436,MoodyLyrics,Long Live Rock,The Who,,,,,,sad,negative
ML437,MoodyLyrics,Bring It On Home,Led Zeppelin,,,,,,relaxed,positive
ML438,MoodyLyrics,Coming Home,Scorpions,,,,,,relaxed,positive
ML439,MoodyLyrics,Love Of My Life,Brian McKnight,,,,,,happy,positive
ML440,MoodyLyrics,Penny Lover,Lionel Richie,,,,,,happy,positive
ML442,MoodyLyrics,Love Can Move Mountains,Celine Dion,,,,,,happy,positive
ML443,MoodyLyrics,Love Is,Jah Cure,,,,,,happy,positive
ML444,MoodyLyrics,Looking For A New Love,Jody Watley,,,,,,happy,positive
ML445,MoodyLyrics,Dream Lover,Bobby Darin,,,,,,relaxed,positive
ML446,MoodyLyrics,"Sugar, Sugar",The Archies,,,,,,relaxed,positive
ML447,MoodyLyrics,Rockin' Chair,Gwen Mccrae,,,,,,relaxed,positive
ML448,MoodyLyrics,You Give Good Love,Whitney Houston,,,,,,happy,positive
ML449,MoodyLyrics,Puppy Love,Paul Anka,,,,,,happy,positive
ML450,MoodyLyrics,Don't Leave Me This Way,Harold Melvin & The Blue Notes,,,,,,happy,positive
ML451,MoodyLyrics,Beautiful Lady,Gyptian,,,,,,relaxed,positive
ML452,MoodyLyrics,So Much Trouble In The World,Bob Marley & The Wailers,,,,,,angry,negative
ML453,MoodyLyrics,Love To Love You Baby,Donna Summer,,,,,,happy,positive
ML454,MoodyLyrics,I Feel Love,Donna Summer,,,,,,happy,positive
ML455,MoodyLyrics,Lost In Love,New Edition,,,,,,happy,positive
ML456,MoodyLyrics,Cottage In Negril,Duane Stephenson,,,,,,relaxed,positive
ML457,MoodyLyrics,Dangerously In Love,Beyonce,,,,,,happy,positive
ML458,MoodyLyrics,Russian Roulette,Rihanna,,,,,,angry,negative
ML459,MoodyLyrics,Gone Too Soon,Michael Jackson,,,,,,relaxed,positive
ML460,MoodyLyrics,From This Moment On,Shania Twain,,,,,,relaxed,positive
ML461,MoodyLyrics,My Love,Julio Iglesias,,,,,,happy,positive
ML462,MoodyLyrics,You Are God Alone,"Phillips, Craig & Dean",,,,,,happy,positive
ML463,MoodyLyrics,"Father, I Adore You",Matt Brouwer,,,,,,happy,positive
ML464,MoodyLyrics,Accidentally In Love,Counting Crows,,,,,,happy,positive
ML465,MoodyLyrics,Father's Son,Fistful Of Mercy,,,,,,sad,negative
ML466,MoodyLyrics,Take Everything ,Greg Laswell,,,,,,relaxed,positive
ML467,MoodyLyrics,Space Age Love Song,A Flock Of Seagulls,,,,,,happy,positive
ML468,MoodyLyrics,Shock The Monkey,Peter Gabriel,,,,,,sad,negative
ML469,MoodyLyrics,Jose Perez Leon,Los Tigres Del Norte,,,,,,sad,negative
ML470,MoodyLyrics,P.S. I Love You,The Beatles,,,,,,happy,positive
ML471,MoodyLyrics,People Say,Portugal. The Man,,,,,,angry,negative
ML472,MoodyLyrics,Joey,Concrete Blonde,,,,,,angry,negative
ML473,MoodyLyrics,I'm On Fire,Bruce Springsteen,,,,,,angry,negative
ML474,MoodyLyrics,Vesuvius,Sufjan Stevens,,,,,,angry,negative
ML475,MoodyLyrics,Out Of My Head,Fastball,,,,,,sad,negative
ML476,MoodyLyrics,So Far Away,Dire Straits,,,,,,relaxed,positive
ML477,MoodyLyrics,Cab,Train,,,,,,sad,negative
ML478,MoodyLyrics,Can't Find My Way Home,Blind Faith,,,,,,relaxed,positive
ML479,MoodyLyrics,Everyday,Dave Matthews Band,,,,,,happy,positive
ML480,MoodyLyrics,Beautiful Girl,Pete Droge & The Sinners,,,,,,relaxed,positive
ML481,MoodyLyrics,Jealous Guy,Roxy Music,,,,,,angry,negative
ML482,MoodyLyrics,Get Out Of This House,Shawn Colvin,,,,,,relaxed,positive
ML483,MoodyLyrics,Window In The Skies,U2,,,,,,happy,positive
ML487,MoodyLyrics,Your Love,Brandon Heath,,,,,,happy,positive
ML489,MoodyLyrics,God Of Wonders,Third Day,,,,,,relaxed,positive
ML490,MoodyLyrics,Joy,The Georgia Mass Choir,,,,,,happy,positive
ML491,MoodyLyrics,Lookin' For Another Pure Love,Stevie Wonder,,,,,,happy,positive
ML492,MoodyLyrics,Real Love,Jody Watley,,,,,,happy,positive
ML493,MoodyLyrics,Let's Get Lost,Chet Baker,,,,,,angry,negative
ML494,MoodyLyrics,Feeling Good,Nina Simone,,,,,,relaxed,positive
ML495,MoodyLyrics,Comin' Home Baby,Mel Torme,,,,,,relaxed,positive
ML496,MoodyLyrics,Red Clay,Freddie Hubbard,,,,,,happy,positive
ML497,MoodyLyrics,Time After Time,Cassandra Wilson,,,,,,sad,negative
ML498,MoodyLyrics,Remind Me,Patrice Rushen,,,,,,happy,positive
ML499,MoodyLyrics,Give Me Your Love ,Curtis Mayfield,,,,,,happy,positive
ML500,MoodyLyrics,Tu Boca,Chayanne,,,,,,sad,negative
ML501,MoodyLyrics,Hay Un Amor Afuera,Jeremias,,,,,,sad,negative
ML502,MoodyLyrics,Esclavo De Sus Besos,David Bisbal,,,,,,sad,negative
ML503,MoodyLyrics,Call Upon His Name ,Darlene Zschech,,,,,,relaxed,positive
ML504,MoodyLyrics,To God Alone,Aaron Shust,,,,,,happy,positive
ML505,MoodyLyrics,What A Savior,Laura Story,,,,,,happy,positive
ML506,MoodyLyrics,Trading My Sorrows,Darrell Evans,,,,,,angry,negative
ML507,MoodyLyrics,My Heart's Already There,Newsong,,,,,,happy,positive
ML508,MoodyLyrics,The Lost Get Found,Britt Nicole,,,,,,angry,negative
ML509,MoodyLyrics,Hear Our Song,Jadon Lavik,,,,,,happy,positive
ML510,MoodyLyrics,All That I Am,The Afters,,,,,,happy,positive
ML511,MoodyLyrics,Joy Unspeakable,Todd Agnew,,,,,,happy,positive
ML512,MoodyLyrics,Get Ready For Your Miracle,Norman Hutchins,,,,,,happy,positive
ML514,MoodyLyrics,Color Green,Jonathan Butler,,,,,,relaxed,positive
ML515,MoodyLyrics,Acknowledgement,John Coltrane,,,,,,happy,positive
ML516,MoodyLyrics,Driven Under,Seether,,,,,,angry,negative
ML517,MoodyLyrics,Rhinosaur,Soundgarden,,,,,,sad,negative
ML518,MoodyLyrics,Fight Fire With Fire,Metallica,,,,,,angry,negative
ML519,MoodyLyrics,You've Seen the Butcher,Deftones,,,,,,sad,negative
ML520,MoodyLyrics,Fall To Pieces,Velvet Revolver,,,,,,sad,negative
ML521,MoodyLyrics,Away From Me,Puddle Of Mudd,,,,,,angry,negative
ML522,MoodyLyrics,Home,Staind,,,,,,angry,negative
ML523,MoodyLyrics,Glorified G,Pearl Jam,,,,,,angry,negative
ML524,MoodyLyrics,Que Vuelva,Alex Bueno,,,,,,sad,negative
ML525,MoodyLyrics,Y Te Has Quedado Sola,Los Iracundos,,,,,,sad,negative
ML526,MoodyLyrics,Ni Tu Ni Nadie,Moenia,,,,,,sad,negative
ML527,MoodyLyrics,On The Dancefloor ,David Guetta,,,,,,angry,negative
ML528,MoodyLyrics,El Palomito,Los Cadetes De Linares,,,,,,sad,negative
ML529,MoodyLyrics,Vestido Azul,La Oreja De Van Gogh,,,,,,sad,negative
ML530,MoodyLyrics,Algo De Ti,Paulina Rubio,,,,,,sad,negative
ML531,MoodyLyrics,I Will Bless His Holy Name,Fred Hammond & Radical For Christ,,,,,,relaxed,positive
ML532,MoodyLyrics,Joy ,Whitney Houston,,,,,,happy,positive
ML533,MoodyLyrics,Friend Of God,Israel & New Breed,,,,,,happy,positive
ML534,MoodyLyrics,War Cry,Micah Stampley,,,,,,angry,negative
ML535,MoodyLyrics,Love Is Alive,Gary Wright,,,,,,happy,positive
ML536,MoodyLyrics,Fire With Fire,Scissor Sisters,,,,,,angry,negative
ML537,MoodyLyrics,Some Kind Of Wonderful,The Drifters,,,,,,relaxed,positive
ML538,MoodyLyrics,Abundantly,J. Moss,,,,,,relaxed,positive
ML539,MoodyLyrics,Love Don't Love Nobody,Phil Perry,,,,,,happy,positive
ML540,MoodyLyrics,Everything I Miss At Home,Cherrelle,,,,,,relaxed,positive
ML541,MoodyLyrics,Love Rollercoaster,The Ohio Players,,,,,,happy,positive
ML542,MoodyLyrics,Respect Yourself,The Staple Singers,,,,,,relaxed,positive
ML543,MoodyLyrics,Lover Please,Clyde McPhatter,,,,,,sad,negative
ML544,MoodyLyrics,Maybe Tomorrow,The Jackson 5,,,,,,relaxed,positive
ML546,MoodyLyrics,Take That To The Bank,Shalamar,,,,,,happy,positive
ML547,MoodyLyrics,Love Is The Key ,Maze,,,,,,relaxed,positive
ML548,MoodyLyrics,Baby Hold On To Me,Gerald Levert,,,,,,relaxed,positive
ML549,MoodyLyrics,Fortunate,Maxwell,,,,,,relaxed,positive
ML550,MoodyLyrics,Intimate Friends,Eddie Kendricks,,,,,,happy,positive
ML551,MoodyLyrics,Young Love,Teena Marie,,,,,,happy,positive
ML552,MoodyLyrics,In The Morning,Ledisi,,,,,,happy,positive
ML553,MoodyLyrics,Come Share My Love,Miki Howard,,,,,,happy,positive
ML554,MoodyLyrics,I Can't Give You Anything But Love,Smokey Robinson,,,,,,happy,positive
ML555,MoodyLyrics,Don't Let Me Be Lonely Tonight,George Benson,,,,,,sad,negative
ML556,MoodyLyrics,Our Love,Natalie Cole,,,,,,happy,positive
ML557,MoodyLyrics,If I Knew ,Jimmy Sommers,,,,,,angry,negative
ML558,MoodyLyrics,House Of Love,Kindred The Family Soul,,,,,,relaxed,positive
ML559,MoodyLyrics,Angel,Anita Baker,,,,,,relaxed,positive
ML560,MoodyLyrics,Burn,Usher,,,,,,angry,negative
ML561,MoodyLyrics,Bustin' At 'Em,Waka Flocka Flame,,,,,,sad,negative
ML562,MoodyLyrics,Mickey Mouse,Wavves,,,,,,sad,negative
ML563,MoodyLyrics,Organ Blues,Suuns,,,,,,happy,positive
ML564,MoodyLyrics,Dream About The Future,The Apples In Stereo,,,,,,relaxed,positive
ML565,MoodyLyrics,Small Axe,Bob Marley & The Wailers,,,,,,sad,negative
ML566,MoodyLyrics,Boss Status,Waking The Cadaver,,,,,,angry,negative
ML567,MoodyLyrics,Troddin The Valley,Jah Cure,,,,,,angry,negative
ML568,MoodyLyrics,Love Comes To Me,Bonnie 'Prince' Billy,,,,,,happy,positive
ML569,MoodyLyrics,In This Home On Ice,Clap Your Hands Say Yeah,,,,,,sad,negative
ML570,MoodyLyrics,Fever Dreaming,No Age,,,,,,sad,negative
ML571,MoodyLyrics,Knife,Grizzly Bear,,,,,,angry,negative
ML572,MoodyLyrics,It's For You,Out Hud,,,,,,sad,negative
ML573,MoodyLyrics,Braintrust,Hot Snakes,,,,,,relaxed,positive
ML574,MoodyLyrics,The Velvet Cell,Gravenhurst,,,,,,angry,negative
ML575,MoodyLyrics,I Hate People ,Jemina Pearl,,,,,,angry,negative
ML576,MoodyLyrics,Thursday,Asobi Seksu,,,,,,sad,negative
ML577,MoodyLyrics,In Pairs,Someone Still Loves You Boris Yeltsin,,,,,,happy,positive
ML578,MoodyLyrics,The Training,Living Sacrifice,,,,,,angry,negative
ML579,MoodyLyrics,Let's Get Lost,Elliott Smith,,,,,,angry,negative
ML580,MoodyLyrics,What It Look Like,Spank Rock,,,,,,sad,negative
ML581,MoodyLyrics,What A Wonderful World,Stacey Kent,,,,,,relaxed,positive
ML582,MoodyLyrics,My Kind Of Girl,Frank Sinatra,,,,,,relaxed,positive
ML583,MoodyLyrics,Heartaches,Ted Weems,,,,,,happy,positive
ML584,MoodyLyrics,Come On-A My House,Rosemary Clooney,,,,,,relaxed,positive
ML585,MoodyLyrics,I'll Never Smile Again ,Tommy Dorsey & His Orchestra,,,,,,happy,positive
ML586,MoodyLyrics,Nice Work If You Can Get It,Billie Holiday,,,,,,relaxed,positive
ML587,MoodyLyrics,Too Young,Nat King Cole,,,,,,happy,positive
ML588,MoodyLyrics,Nice 'N' Easy,Frank Sinatra,,,,,,relaxed,positive
ML589,MoodyLyrics,The Very Thought Of You ,Nat King Cole,,,,,,relaxed,positive
ML590,MoodyLyrics,Issues,Escape The Fate,,,,,,sad,negative
ML591,MoodyLyrics,Stupid Girl,Garbage,,,,,,sad,negative
ML592,MoodyLyrics,This Addiction,Alkaline Trio,,,,,,sad,negative
ML593,MoodyLyrics,Just,Radiohead,,,,,,sad,negative
ML594,MoodyLyrics,Minerva,Deftones,,,,,,relaxed,positive
ML595,MoodyLyrics,Jailhouse,Sublime,,,,,,angry,negative
ML596,MoodyLyrics,I Was A Teenage Anarchist,Against Me!,,,,,,angry,negative
ML597,MoodyLyrics,Love Is Stronger Than Pride,Sade,,,,,,happy,positive
ML598,MoodyLyrics,Walk In The Sun,Bruce Hornsby,,,,,,relaxed,positive
ML599,MoodyLyrics,Crazy Love,Brian McKnight,,,,,,happy,positive
ML600,MoodyLyrics,You Are,Lionel Richie,,,,,,happy,positive
ML601,MoodyLyrics,Jump Into The Fire,Harry Nilsson,,,,,,happy,positive
ML602,MoodyLyrics,Rastaman Chant,The Derek Trucks Band,,,,,,relaxed,positive
ML603,MoodyLyrics,Dos Locos,Monchy & Alexandra,,,,,,sad,negative
ML604,MoodyLyrics,Un Siglo Sin Ti,Chayanne,,,,,,sad,negative
ML605,MoodyLyrics,Eres Asi,Domenic Marte,,,,,,sad,negative
ML607,MoodyLyrics,Duele El Amor ,Aleks Syntek,,,,,,sad,negative
ML608,MoodyLyrics,Lucky One,Amy Grant,,,,,,happy,positive
ML609,MoodyLyrics,Inseparable,Natalie Cole,,,,,,relaxed,positive
ML610,MoodyLyrics,One More Chance,Michael Jackson,,,,,,happy,positive
ML611,MoodyLyrics,Sad Eyes,Robert John,,,,,,sad,negative
ML612,MoodyLyrics,Blue Eyes,Elton John,,,,,,relaxed,positive
ML613,MoodyLyrics,Make It With You,Bread,,,,,,relaxed,positive
ML614,MoodyLyrics,You're In Love,Wilson Phillips,,,,,,happy,positive
ML615,MoodyLyrics,Black & White,Three Dog Night,,,,,,relaxed,positive
ML616,MoodyLyrics,Haven't Got Time For The Pain,Carly Simon,,,,,,angry,negative
ML617,MoodyLyrics,Meet Me Half Way,Kenny Loggins,,,,,,relaxed,positive
ML618,MoodyLyrics,Truly,Lionel Richie,,,,,,happy,positive
ML619,MoodyLyrics,Sweetest Somebody I Know,Stevie Wonder,,,,,,happy,positive
ML620,MoodyLyrics,Got To Be There,Michael Jackson,,,,,,relaxed,positive
ML621,MoodyLyrics,Don't Ask My Neighbors,The Emotions,,,,,,angry,negative
ML622,MoodyLyrics,A Wonderful Dream,The Majors,,,,,,relaxed,positive
ML623,MoodyLyrics,All I Have To Do Is Dream,The Everly Brothers,,,,,,relaxed,positive
ML624,MoodyLyrics,The World Is A Ghetto,War,,,,,,relaxed,positive
ML625,MoodyLyrics,For The Love Of Money,The O'Jays,,,,,,happy,positive
ML626,MoodyLyrics,I Just Want To Make Love To You,The Rolling Stones,,,,,,happy,positive
ML627,MoodyLyrics,Birthday,The Beatles,,,,,,happy,positive
ML628,MoodyLyrics,The End,The Beatles,,,,,,happy,positive
ML629,MoodyLyrics,Fantasy Girl,.38 Special,,,,,,relaxed,positive
ML630,MoodyLyrics,Happiness Is A Warm Gun,The Beatles,,,,,,angry,negative
ML631,MoodyLyrics,Stone Free,The Jimi Hendrix Experience,,,,,,relaxed,positive
ML632,MoodyLyrics,Be My Lover,Alice Cooper,,,,,,relaxed,positive
ML633,MoodyLyrics,The Face Of Love,Sanctus Real,,,,,,happy,positive
ML634,MoodyLyrics,I Need You To Love Me,BarlowGirl,,,,,,happy,positive
ML635,MoodyLyrics,Glory Of True Love,John Prine,,,,,,happy,positive
ML636,MoodyLyrics,For The Leaders,Luciano,,,,,,angry,negative
ML637,MoodyLyrics,Slavemaster,Gregory Isaacs,,,,,,angry,negative
ML638,MoodyLyrics,Pure Hatred,Chimaira,,,,,,angry,negative
ML639,MoodyLyrics,Bitch,Sevendust,,,,,,angry,negative
ML640,MoodyLyrics,Hate My Life,Theory Of A Deadman,,,,,,angry,negative
ML641,MoodyLyrics,Cold ,Evans Blue,,,,,,sad,negative
ML642,MoodyLyrics,Easy To Love,Patricia Barber,,,,,,relaxed,positive
ML643,MoodyLyrics,Down Home,Alabama,,,,,,relaxed,positive
ML644,MoodyLyrics,Bring On The Rain,Jo Dee Messina,,,,,,sad,negative
ML645,MoodyLyrics,Fire It Up,Thousand Foot Krutch,,,,,,angry,negative
ML646,MoodyLyrics,War Of Attrition,God Forbid,,,,,,angry,negative
ML648,MoodyLyrics,Caves,Chiodos,,,,,,angry,negative
ML651,MoodyLyrics,Asi Es La Vida,Olga Tanon,,,,,,sad,negative
ML652,MoodyLyrics,Toxic,Britney Spears,,,,,,angry,negative
ML653,MoodyLyrics,These Words,Natasha Bedingfield,,,,,,happy,positive
ML654,MoodyLyrics,Don't Matter,Akon,,,,,,angry,negative
ML655,MoodyLyrics,Fire Burning On The Dance Floor,Sean Kingston,,,,,,angry,negative
ML656,MoodyLyrics,You Can't Buy My Love,Robert Plant,,,,,,happy,positive
ML657,MoodyLyrics,Motherless Children,Rosanne Cash,,,,,,happy,positive
ML658,MoodyLyrics,Next Girl,The Black Keys,,,,,,relaxed,positive
ML660,MoodyLyrics,Study War,Moby,,,,,,angry,negative
ML661,MoodyLyrics,Sign Of Love,Neil Young,,,,,,happy,positive
ML662,MoodyLyrics,Power To The People,John Lennon & The Plastic Ono Band,,,,,,happy,positive
ML663,MoodyLyrics,Still Alive,Iron Fire,,,,,,angry,negative
ML664,MoodyLyrics,Freya,The Sword,,,,,,sad,negative
ML665,MoodyLyrics,Time After Time,Inoj,,,,,,sad,negative
ML666,MoodyLyrics,Strange,Reba,,,,,,relaxed,positive
ML667,MoodyLyrics,Some Kind Of Trouble,Tanya Tucker,,,,,,angry,negative
ML668,MoodyLyrics,Down To My Last Teardrop,Tanya Tucker,,,,,,relaxed,positive
ML669,MoodyLyrics,Still I Rise,Shadows Fall,,,,,,angry,negative
ML670,MoodyLyrics,Quit Playing Games ,Backstreet Boys,,,,,,happy,positive
ML671,MoodyLyrics,Glory Of Love,Peter Cetera,,,,,,happy,positive
ML672,MoodyLyrics,I Believe,Blessid Union Of Souls,,,,,,happy,positive
ML673,MoodyLyrics,You Dropped A Bomb On Me,The Gap Band,,,,,,angry,negative
ML674,MoodyLyrics,Shake Your Love,Debbie Gibson,,,,,,happy,positive
ML675,MoodyLyrics,Love Hurts,Incubus,,,,,,happy,positive
ML676,MoodyLyrics,Heaven,The Psychedelic Furs,,,,,,relaxed,positive
ML677,MoodyLyrics,Feel The Pain,Dinosaur Jr.,,,,,,angry,negative
ML678,MoodyLyrics,People Are Strange,Echo & The Bunnymen,,,,,,sad,negative
ML679,MoodyLyrics,Lust For Life,Iggy Pop,,,,,,happy,positive
ML680,MoodyLyrics,Sleep Forever,Crocodiles,,,,,,relaxed,positive
ML681,MoodyLyrics,Sliver,Nirvana,,,,,,relaxed,positive
ML682,MoodyLyrics,The Way That I Love You,Ashanti,,,,,,happy,positive
ML683,MoodyLyrics,Southern Girl ,Maze,,,,,,relaxed,positive
ML684,MoodyLyrics,Will You Love Me Tomorrow?,Carole King,,,,,,happy,positive
ML685,MoodyLyrics,You Don't Have To Hurt No More,Mint Condition,,,,,,angry,negative
ML686,MoodyLyrics,The Sweetest Love,Robin Thicke,,,,,,happy,positive
ML687,MoodyLyrics,Movin' Me On,Eliane Elias,,,,,,relaxed,positive
ML688,MoodyLyrics,Barricade,Interpol,,,,,,sad,negative
ML689,MoodyLyrics,Mars Needs Women,Rob Zombie,,,,,,angry,negative
ML690,MoodyLyrics,I Won't Let Go,Rascal Flatts,,,,,,angry,negative
ML691,MoodyLyrics,Golden Slumbers,The Beatles,,,,,,relaxed,positive
ML692,MoodyLyrics,Fresh Garbage,Spirit,,,,,,sad,negative
ML693,MoodyLyrics,You Keep Me Hangin' On,Vanilla Fudge,,,,,,happy,positive
ML694,MoodyLyrics,Boogie Fever,The Sylvers,,,,,,sad,negative
ML695,MoodyLyrics,What Is Life,George Harrison,,,,,,happy,positive
ML696,MoodyLyrics,Lotta Love,Nicolette Larson,,,,,,happy,positive
ML697,MoodyLyrics,Trouble,Lindsey Buckingham,,,,,,angry,negative
ML698,MoodyLyrics,Angel Of Harlem,U2,,,,,,relaxed,positive
ML699,MoodyLyrics,Bad Time,Grand Funk Railroad,,,,,,happy,positive
ML700,MoodyLyrics,What Is Love,Haddaway,,,,,,angry,negative
ML701,MoodyLyrics,Take Your Time ,The S.O.S. Band,,,,,,relaxed,positive
ML702,MoodyLyrics,I'm In You,Peter Frampton,,,,,,happy,positive
ML703,MoodyLyrics,Unity,Operation Ivy,,,,,,angry,negative
ML704,MoodyLyrics,Burn,Papa Roach,,,,,,angry,negative
ML705,MoodyLyrics,Bring Them To Light ,Apocalyptica,,,,,,angry,negative
ML706,MoodyLyrics,Love Is Dead,Kopek,,,,,,angry,negative
ML707,MoodyLyrics,Close Your Eyes,Peaches & Herb,,,,,,happy,positive
ML708,MoodyLyrics,You're My Everything,The Temptations,,,,,,relaxed,positive
ML709,MoodyLyrics,I Do Love You,GQ,,,,,,happy,positive
ML710,MoodyLyrics,El Crimen De Culiacan,Chalino Sanchez,,,,,,sad,negative
ML711,MoodyLyrics,Come Home Soon,Shedaisy,,,,,,relaxed,positive
ML712,MoodyLyrics,Standing Outside The Fire,Garth Brooks,,,,,,angry,negative
ML713,MoodyLyrics,I May Hate Myself In The Morning,Lee Ann Womack,,,,,,angry,negative
ML714,MoodyLyrics,L-O-V-E,Nat King Cole,,,,,,happy,positive
ML715,MoodyLyrics,Light My Fire,Jose Feliciano,,,,,,angry,negative
ML716,MoodyLyrics,All This Love,DeBarge,,,,,,happy,positive
ML717,MoodyLyrics,My Blue Heaven,Norah Jones,,,,,,relaxed,positive
ML718,MoodyLyrics,The Sky Is Crying,Elmore James,,,,,,relaxed,positive
ML719,MoodyLyrics,One Bell Ringing,Elvis Costello,,,,,,sad,negative
ML720,MoodyLyrics,Save Me,Nicki Minaj,,,,,,relaxed,positive
ML722,MoodyLyrics,Awesome God,Michael W. Smith,,,,,,happy,positive
ML723,MoodyLyrics,Bless His Name,Jeremy Riddle,,,,,,relaxed,positive
ML724,MoodyLyrics,Because I'm Forgiven,"Phillips, Craig & Dean",,,,,,happy,positive
ML725,MoodyLyrics,Beautiful,Sarah Sadler,,,,,,happy,positive
ML726,MoodyLyrics,Abrazame Muy Fuerte,Juan Gabriel,,,,,,sad,negative
ML728,MoodyLyrics,Trouble Blues,Sam Cooke,,,,,,angry,negative
ML729,MoodyLyrics,You Are There,Salvador,,,,,,happy,positive
ML730,MoodyLyrics,Love Is Forever,Billy Ocean,,,,,,happy,positive
ML731,MoodyLyrics,I'm Still In Love With You,Seal,,,,,,happy,positive
ML732,MoodyLyrics,Contra Viento Y Marea,Intocable,,,,,,sad,negative
ML733,MoodyLyrics,Young Love,Sonny James,,,,,,happy,positive
ML734,MoodyLyrics,Yellow Roses,Dolly Parton,,,,,,relaxed,positive
ML735,MoodyLyrics,American Trash,Innerpartysystem,,,,,,sad,negative
ML736,MoodyLyrics,Home,Edward Sharpe & The Magnetic Zeros,,,,,,relaxed,positive
ML737,MoodyLyrics,The Metal,Tenacious D,,,,,,sad,negative
ML738,MoodyLyrics,A Thousand Miles Away,The Heartbeats,,,,,,relaxed,positive
ML739,MoodyLyrics,Happy,Surface,,,,,,happy,positive
ML740,MoodyLyrics,Yearning For Your Love,The Gap Band,,,,,,happy,positive
ML741,MoodyLyrics,Outlaw,War,,,,,,angry,negative
ML742,MoodyLyrics,A Puro Dolor,Dinora Y La Juventud,,,,,,sad,negative
ML743,MoodyLyrics,De Cara A La Pared,Lhasa,,,,,,sad,negative
ML744,MoodyLyrics,En Algun Lugar,Duncan Dhu,,,,,,sad,negative
ML745,MoodyLyrics,Rogaciano,Miguel Aceves Mejia,,,,,,sad,negative
ML746,MoodyLyrics,Original Fire,Audioslave,,,,,,angry,negative
ML747,MoodyLyrics,Sexy Little Thing,Chickenfoot,,,,,,happy,positive
ML748,MoodyLyrics,Seether,Veruca Salt,,,,,,angry,negative
ML749,MoodyLyrics,Is This Love,Corinne Bailey Rae,,,,,,happy,positive
ML750,MoodyLyrics,Wayfaring Stranger,Jack White,,,,,,relaxed,positive
ML751,MoodyLyrics,Fightin' For,Cross Canadian Ragweed,,,,,,angry,negative
ML752,MoodyLyrics,It Ain't Easy Bein' Easy,Janie Frickie,,,,,,relaxed,positive
ML753,MoodyLyrics,Bed Of Roses,The Statler Brothers,,,,,,relaxed,positive
ML754,MoodyLyrics,But You Know I Love You,Dolly Parton,,,,,,happy,positive
ML755,MoodyLyrics,The Nobodies,Marilyn Manson,,,,,,sad,negative
ML756,MoodyLyrics,Killer Of Giants,Ozzy Osbourne,,,,,,angry,negative
ML757,MoodyLyrics,Never Enough,L.A. Guns,,,,,,relaxed,positive
ML758,MoodyLyrics,Iron Maiden,Iron Maiden,,,,,,sad,negative
ML759,MoodyLyrics,New Girl Now,Honeymoon Suite,,,,,,relaxed,positive
ML760,MoodyLyrics,Willie The Wimp ,Stevie Ray Vaughan & Double Trouble,,,,,,sad,negative
ML761,MoodyLyrics,Love Like This,Faith Evans,,,,,,happy,positive
ML762,MoodyLyrics,Jailhouse Rock,Elvis Presley,,,,,,sad,negative
ML763,MoodyLyrics,I Love You Because,Al Martino,,,,,,happy,positive
ML764,MoodyLyrics,Rock Your Baby,George McCrae,,,,,,relaxed,positive
ML765,MoodyLyrics,Save My Love,Bruce Springsteen,,,,,,relaxed,positive
ML766,MoodyLyrics,The Journey,Dolores O'Riordan,,,,,,relaxed,positive
ML767,MoodyLyrics,I Should Have Known Better,She & Him,,,,,,happy,positive
ML768,MoodyLyrics,Hit Me With Your Rhythm Stick,Ian Dury & The Blockheads,,,,,,angry,negative
ML769,MoodyLyrics,Behind The Sun,The Red Hot Chili Peppers,,,,,,relaxed,positive
ML770,MoodyLyrics,You're Only Lonely,J.D. Souther,,,,,,sad,negative
ML771,MoodyLyrics,Starring,Freelance Whales,,,,,,angry,negative
ML772,MoodyLyrics,Fascination Street,The Cure,,,,,,sad,negative
ML773,MoodyLyrics,Wasting Time,Jack Johnson,,,,,,sad,negative
ML774,MoodyLyrics,Thank You Girl ,The Beatles,,,,,,relaxed,positive
ML775,MoodyLyrics,Getting Away With It,Electronic,,,,,,happy,positive
ML778,MoodyLyrics,Grateful ,Hezekiah Walker & The Love Fellowship Crusade Choir,,,,,,relaxed,positive
ML779,MoodyLyrics,Invincible God,Martha Munizzi,,,,,,happy,positive
ML780,MoodyLyrics,The Rainbow,Vickie Winans,,,,,,relaxed,positive
ML781,MoodyLyrics,Will You Love Me Tomorrow,The Shirelles,,,,,,happy,positive
ML782,MoodyLyrics,Afro Blue,Dianne Reeves,,,,,,relaxed,positive
ML783,MoodyLyrics,Bored To Tears,Black Label Society,,,,,,sad,negative
ML785,MoodyLyrics,War Ensemble,Slayer,,,,,,angry,negative
ML786,MoodyLyrics,Crash Course In Brain Surgery,Metallica,,,,,,angry,negative
ML787,MoodyLyrics,Hasta El Fin,Monchy & Alexandra,,,,,,sad,negative
ML788,MoodyLyrics,Como Me Haces Falta,Patrulla 81,,,,,,sad,negative
ML789,MoodyLyrics,Te Amo,Aliados De La Sierra,,,,,,sad,negative
ML790,MoodyLyrics,Un Juego,Los Rieleros Del Norte,,,,,,sad,negative
ML791,MoodyLyrics,El Amor Que Nunca Fue,Conjunto Primavera,,,,,,sad,negative
ML792,MoodyLyrics,Anyone Who Had A Heart,Luther Vandross,,,,,,happy,positive
ML793,MoodyLyrics,Candy Girl,New Edition,,,,,,relaxed,positive
ML794,MoodyLyrics,Give Me Your Love,Tower Of Power,,,,,,happy,positive
ML795,MoodyLyrics,War,Joan Osborne,,,,,,angry,negative
ML796,MoodyLyrics,Strut ,Jimmy Smith,,,,,,relaxed,positive
ML797,MoodyLyrics,My Blue Heaven,"Harry Connick, Jr.",,,,,,relaxed,positive
ML798,MoodyLyrics,The Dirty Boogie,The Brian Setzer Orchestra,,,,,,sad,negative
ML799,MoodyLyrics,Sometimes I'm Happy,Joni Mitchell,,,,,,happy,positive
ML800,MoodyLyrics,I Just Wanna Make Love To You ,Jimmy Smith,,,,,,happy,positive
ML801,MoodyLyrics,All Of This,The Naked And Famous,,,,,,sad,negative
ML802,MoodyLyrics,Just Like Honey,The Jesus & Mary Chain,,,,,,relaxed,positive
ML803,MoodyLyrics,Skull Splitter,Destructor,,,,,,sad,negative
ML804,MoodyLyrics,Give A Little Love,Noah And The Whale,,,,,,happy,positive
ML805,MoodyLyrics,Lullabye,Grizzly Bear,,,,,,relaxed,positive
ML806,MoodyLyrics,Honey,Best Coast,,,,,,relaxed,positive
ML807,MoodyLyrics,Composure,Warpaint,,,,,,sad,negative
ML808,MoodyLyrics,Family Affair,Sly & The Family Stone,,,,,,relaxed,positive
ML809,MoodyLyrics,Morning Light,Gliss,,,,,,happy,positive
ML810,MoodyLyrics,I Predict A Riot,Kaiser Chiefs,,,,,,angry,negative
ML812,MoodyLyrics,DOA,Jay Reatard,,,,,,happy,positive
ML813,MoodyLyrics,Upside Down,OFF!,,,,,,sad,negative
ML814,MoodyLyrics,The Hardest Walk,The Jesus & Mary Chain,,,,,,sad,negative
ML815,MoodyLyrics,The Illinois,Fang Island,,,,,,relaxed,positive
ML816,MoodyLyrics,This Is Why We Fight,The Decemberists,,,,,,angry,negative
ML817,MoodyLyrics,Life Prowler,No Age,,,,,,happy,positive
ML818,MoodyLyrics,Everlyn,Someone Still Loves You Boris Yeltsin,,,,,,sad,negative
ML819,MoodyLyrics,There Is No Greater Love,Billie Holiday,,,,,,happy,positive
ML820,MoodyLyrics,Stormy Weather,Louis Armstrong,,,,,,sad,negative
ML821,MoodyLyrics,Vitamin R ,Chevelle,,,,,,angry,negative
ML822,MoodyLyrics,Bored,Deftones,,,,,,sad,negative
ML823,MoodyLyrics,Knights Of Cydonia,Muse,,,,,,angry,negative
ML824,MoodyLyrics,Aganju,Bebel Gilberto,,,,,,sad,negative
ML825,MoodyLyrics,Digging In The Dirt,Peter Gabriel,,,,,,sad,negative
ML826,MoodyLyrics,WWIII,KMFDM,,,,,,angry,negative
ML827,MoodyLyrics,Said I Loved You...But I Lied,Michael Bolton,,,,,,happy,positive
ML828,MoodyLyrics,It's Sad To Belong,England Dan & John Ford Coley,,,,,,sad,negative
ML829,MoodyLyrics,What Love Has Joined Together,Queen Latifah,,,,,,happy,positive
ML830,MoodyLyrics,Set The Night To Music ,Roberta Flack,,,,,,relaxed,positive
ML831,MoodyLyrics,Respect,Otis Redding,,,,,,relaxed,positive
ML832,MoodyLyrics,From The Beginning,"Emerson, Lake & Palmer",,,,,,sad,negative
ML833,MoodyLyrics,Let Me Know,Roisin Murphy,,,,,,sad,negative
ML834,MoodyLyrics,Sad Songs ,Elton John,,,,,,sad,negative
ML835,MoodyLyrics,You're Not The Kind,Sarah Vaughan,,,,,,relaxed,positive
ML836,MoodyLyrics,A Woman's Love,Alan Jackson,,,,,,happy,positive
ML837,MoodyLyrics,Innamorata,Dean Martin,,,,,,happy,positive
ML838,MoodyLyrics,Ever Fallen In Love,Fine Young Cannibals,,,,,,happy,positive
ML839,MoodyLyrics,God Bless America,LeAnn Rimes,,,,,,relaxed,positive
ML841,MoodyLyrics,Did I Remember?,Billie Holiday,,,,,,angry,negative
ML842,MoodyLyrics,The Very Thought Of You,Billie Holiday,,,,,,relaxed,positive
ML843,MoodyLyrics,Fallin' In Love,"Hamilton, Joe Frank & Reynolds",,,,,,happy,positive
ML845,MoodyLyrics,Shattering The Skies Above,Trivium,,,,,,angry,negative
ML846,MoodyLyrics,El Lado Oscuro,Jarabe De Palo,,,,,,sad,negative
ML847,MoodyLyrics,Pinguinos En La Cama,Ricardo Arjona,,,,,,sad,negative
ML848,MoodyLyrics,Fancy Free,The Oak Ridge Boys,,,,,,relaxed,positive
ML849,MoodyLyrics,500 Miles Away From Home,Bobby Bare,,,,,,relaxed,positive
ML850,MoodyLyrics,Let It Be Me,Willie Nelson,,,,,,happy,positive
ML851,MoodyLyrics,Blue Skies,Willie Nelson,,,,,,relaxed,positive
ML852,MoodyLyrics,"Happy, Happy Birthday Baby",Ronnie Milsap,,,,,,happy,positive
ML853,MoodyLyrics,Think About Love,Dolly Parton,,,,,,happy,positive
ML854,MoodyLyrics,Big Iron,Marty Robbins,,,,,,sad,negative
ML855,MoodyLyrics,Hello Walls,Faron Young,,,,,,sad,negative
ML856,MoodyLyrics,I Can Help,Billy Swan,,,,,,relaxed,positive
ML857,MoodyLyrics,Nice Work If You Can Get It,Frank Sinatra,,,,,,relaxed,positive
ML858,MoodyLyrics,Fortune Faded,The Red Hot Chili Peppers,,,,,,sad,negative
ML859,MoodyLyrics,Shake Me,Taddy Porter,,,,,,sad,negative
ML860,MoodyLyrics,Sick Bubble-Gum,Rob Zombie,,,,,,sad,negative
ML861,MoodyLyrics,You Make Me Sick,Egypt Central,,,,,,sad,negative
ML862,MoodyLyrics,There It Go ,Juelz Santana,,,,,,relaxed,positive
ML863,MoodyLyrics,Pressure,Skindred,,,,,,angry,negative
ML864,MoodyLyrics,Skin,The Wannadies,,,,,,happy,positive
ML865,MoodyLyrics,My Flame,Vanessa Williams,,,,,,happy,positive
ML866,MoodyLyrics,The Way That You Love Me,Paula Abdul,,,,,,happy,positive
ML867,MoodyLyrics,Circuital,My Morning Jacket,,,,,,sad,negative
ML868,MoodyLyrics,Yer Blues,The Beatles,,,,,,sad,negative
ML869,MoodyLyrics,Isn't It A Pity,George Harrison,,,,,,sad,negative
ML870,MoodyLyrics,Fire,Arthur Brown,,,,,,angry,negative
ML871,MoodyLyrics,Let's Do It Again ,J Boog,,,,,,relaxed,positive
ML872,MoodyLyrics,Masese,Kapena,,,,,,sad,negative
ML873,MoodyLyrics,Fire And Ice,Pat Benatar,,,,,,angry,negative
ML874,MoodyLyrics,When She Was My Girl,The Four Tops,,,,,,relaxed,positive
ML875,MoodyLyrics,Sea Of Love,The Honey Drippers,,,,,,happy,positive
ML876,MoodyLyrics,Home Sweet Home,Emmylou Harris,,,,,,relaxed,positive
ML877,MoodyLyrics,Pressure Drop,Toots & The Maytals,,,,,,angry,negative
ML878,MoodyLyrics,Lindisfarne I,James Blake,,,,,,sad,negative
ML879,MoodyLyrics,Wet Wings,Dan Deacon,,,,,,sad,negative
ML880,MoodyLyrics,Save Your Love For Me,Jane Monheit,,,,,,happy,positive
ML881,MoodyLyrics,Warrant,Foster The People,,,,,,angry,negative
ML882,MoodyLyrics,I'm Leaving You Because I Don't Love You,Jens Lekman,,,,,,happy,positive
ML883,MoodyLyrics,Sycamore,Bill Callahan,,,,,,angry,negative
ML884,MoodyLyrics,Civilian,Wye Oak,,,,,,relaxed,positive
ML885,MoodyLyrics,The Spy,The Doors,,,,,,angry,negative
ML886,MoodyLyrics,Cult,Slayer,,,,,,angry,negative
ML887,MoodyLyrics,Self Medicate,Dirge Within,,,,,,angry,negative
ML888,MoodyLyrics,Ex's And Oh's,Atreyu,,,,,,sad,negative
ML889,MoodyLyrics,When You Love ,Donnie McClurkin,,,,,,happy,positive
ML890,MoodyLyrics,You Bring Me Joy,Anita Baker,,,,,,happy,positive
ML891,MoodyLyrics,Good Love,Anita Baker,,,,,,happy,positive
ML892,MoodyLyrics,Love Song,Adele,,,,,,happy,positive
ML893,MoodyLyrics,Sick,Adelitas Way,,,,,,sad,negative
ML894,MoodyLyrics,War,Sick Puppies,,,,,,angry,negative
ML895,MoodyLyrics,Feed The Machine,Red,,,,,,sad,negative
ML897,MoodyLyrics,Wicked World,Cold,,,,,,angry,negative
ML899,MoodyLyrics,Firefight,Blackguard,,,,,,angry,negative
ML900,MoodyLyrics,E.T. ,Katy Perry,,,,,,angry,negative
ML901,MoodyLyrics,You're A Big Girl Now,The Stylistics,,,,,,relaxed,positive
ML902,MoodyLyrics,Collide ,Kid Rock,,,,,,angry,negative
ML903,MoodyLyrics,My Boy Lollipop,Millie Small,,,,,,happy,positive
ML904,MoodyLyrics,We Love You,The Rolling Stones,,,,,,happy,positive
ML905,MoodyLyrics,War,Bob Marley & The Wailers,,,,,,angry,negative
ML906,MoodyLyrics,Only Love Can Break A Heart,Gene Pitney,,,,,,happy,positive
ML907,MoodyLyrics,What Kind Of Man,John Hiatt,,,,,,relaxed,positive
ML908,MoodyLyrics,This Charming Life,Joan Armatrading,,,,,,happy,positive
ML909,MoodyLyrics,Fight The Power Part 1,The Isley Brothers,,,,,,angry,negative
ML910,MoodyLyrics,Me And Baby Brother,War,,,,,,relaxed,positive
ML911,MoodyLyrics,Color Dropping,Eskmo,,,,,,relaxed,positive
ML913,MoodyLyrics,God Bless America,Celine Dion,,,,,,relaxed,positive
ML914,MoodyLyrics,All I Really Want,Lincoln Brewster,,,,,,happy,positive
ML915,MoodyLyrics,O Tu O Yo,Jose Jose,,,,,,sad,negative
ML916,MoodyLyrics,You Are So Beautiful,Joe Cocker,,,,,,happy,positive
ML917,MoodyLyrics,Blue Skies,Cassandra Wilson,,,,,,relaxed,positive
ML918,MoodyLyrics,Thrill Me,Roy Milton,,,,,,happy,positive
ML920,MoodyLyrics,Stronger,Delirious?,,,,,,happy,positive
ML921,MoodyLyrics,Love You Down,Ready For The World,,,,,,happy,positive
ML922,MoodyLyrics,I'm Still In Love With You,New Edition,,,,,,happy,positive
ML923,MoodyLyrics,I've Been Lonely For So Long,Frederick Knight,,,,,,sad,negative
ML924,MoodyLyrics,Don't Let The Green Grass Fool You,Wilson Pickett,,,,,,relaxed,positive
ML925,MoodyLyrics,So In Love ,Jill Scott,,,,,,happy,positive
ML926,MoodyLyrics,In The Mood,Johnny Gill,,,,,,relaxed,positive
ML927,MoodyLyrics,Cutie Pie,One Way,,,,,,relaxed,positive
ML928,MoodyLyrics,Heartbreak Hotel,Elvis Presley,,,,,,sad,negative
ML929,MoodyLyrics,I Love You 1000 Times,The Platters,,,,,,happy,positive
ML930,MoodyLyrics,Bo Diddley,Bo Diddley,,,,,,relaxed,positive
ML931,MoodyLyrics,Gimme Little Sign,Brenton Wood,,,,,,relaxed,positive
ML932,MoodyLyrics,Can't Smile Without You,Barry Manilow,,,,,,sad,negative
ML933,MoodyLyrics,Rock My Baby,Shenandoah,,,,,,relaxed,positive
ML934,MoodyLyrics,Hello Love,Hank Snow,,,,,,happy,positive
ML935,MoodyLyrics,One More Chance,Zebra,,,,,,happy,positive
ML936,MoodyLyrics,Baby's On Fire,Sammy Hagar,,,,,,angry,negative
ML937,MoodyLyrics,I Won't Be Home Tonight,Tony Carey,,,,,,relaxed,positive
ML938,MoodyLyrics,Love Ain't No Stranger,Whitesnake,,,,,,happy,positive
ML939,MoodyLyrics,Stockholm Syndrome,Muse,,,,,,angry,negative
ML940,MoodyLyrics,El Rey,Jose Alfredo Jimenez,,,,,,sad,negative
ML941,MoodyLyrics,Hermosisimo Lucero,Los Alegres De Teran,,,,,,sad,negative
ML942,MoodyLyrics,Diamond Girl,Nice & Wild,,,,,,relaxed,positive
ML943,MoodyLyrics,Sun King,The Cult,,,,,,relaxed,positive
ML944,MoodyLyrics,Love Of My Life,Sammy Kershaw,,,,,,happy,positive
ML945,MoodyLyrics,God Must Really Love Me,Craig Morgan,,,,,,happy,positive
ML946,MoodyLyrics,Ring Of Fire,Alan Jackson,,,,,,angry,negative
ML947,MoodyLyrics,Goodnight Sweetheart,David Kersh,,,,,,relaxed,positive
ML948,MoodyLyrics,Something I Do,Robert Earl Keen,,,,,,relaxed,positive
ML949,MoodyLyrics,Uncloudy Day,Willie Nelson,,,,,,relaxed,positive
ML950,MoodyLyrics,To Be Young ,Ryan Adams,,,,,,sad,negative
ML951,MoodyLyrics,Some People's Kids,Reckless Kelly,,,,,,angry,negative
ML952,MoodyLyrics,Awesome God,Praise Band,,,,,,happy,positive
ML953,MoodyLyrics,Free,Phish,,,,,,relaxed,positive
ML954,MoodyLyrics,Got A Hold On Me,Christine McVie,,,,,,happy,positive
ML955,MoodyLyrics,I Want Your Love,Chic,,,,,,happy,positive
ML956,MoodyLyrics,Sunset Grill,Don Henley,,,,,,relaxed,positive
ML957,MoodyLyrics,A Boy Brushed Red Living In Black And White,Underoath,,,,,,angry,negative
ML958,MoodyLyrics,Disciplined,Vreid,,,,,,angry,negative
ML959,MoodyLyrics,Blood Magick Necromance,Belphegor,,,,,,angry,negative
ML960,MoodyLyrics,Comin' Home,Murder By Death,,,,,,relaxed,positive
ML961,MoodyLyrics,Move Your Body,My Darkest Days,,,,,,angry,negative
ML962,MoodyLyrics,Lonely,Akon,,,,,,sad,negative
ML963,MoodyLyrics,Fue Un Placer Amarte,Conjunto Primavera,,,,,,sad,negative
ML964,MoodyLyrics,I Just Wanna  Be Mad,Terri Clark,,,,,,angry,negative
ML965,MoodyLyrics,Goin' Against Your Mind,Built To Spill,,,,,,relaxed,positive
ML966,MoodyLyrics,Bring It To Jerome,Bo Diddley,,,,,,relaxed,positive
ML967,MoodyLyrics,I'm Glad There Is You,Jane Monheit,,,,,,happy,positive
ML968,MoodyLyrics,What Is This Thing Called Love?,Ann Hampton Callaway,,,,,,happy,positive
ML969,MoodyLyrics,Don't Answer The Door,B.B. King,,,,,,relaxed,positive
ML970,MoodyLyrics,No Smoke Without Fire,James Hunter,,,,,,angry,negative
ML971,MoodyLyrics,Over The Rainbow,Melody Gardot,,,,,,relaxed,positive
ML972,MoodyLyrics,For Your Love,Stevie Wonder,,,,,,happy,positive
ML973,MoodyLyrics,Homeward Bound,Simon & Garfunkel,,,,,,relaxed,positive
ML974,MoodyLyrics,Sweet Mary,Wadsworth Mansion,,,,,,relaxed,positive
ML975,MoodyLyrics,"Sick, Sick, Sick",Bayside,,,,,,sad,negative
ML976,MoodyLyrics,The Monkeys Are Coming,"Does It Offend You, Yeah?",,,,,,angry,negative
ML977,MoodyLyrics,Angel Baby,Rosie & The Originals,,,,,,happy,positive
ML978,MoodyLyrics,Happy Feelin's ,Maze,,,,,,happy,positive
ML979,MoodyLyrics,Love,Zoe,,,,,,happy,positive
ML980,MoodyLyrics,The Angels Are Surely Weeping,Young Galaxy,,,,,,sad,negative
ML981,MoodyLyrics,This Mess We're In,PJ Harvey,,,,,,relaxed,positive
ML982,MoodyLyrics,Dust,Kylesa,,,,,,sad,negative
ML983,MoodyLyrics,Waste It On,Silversun Pickups,,,,,,sad,negative
ML984,MoodyLyrics,White Nights,Oh Land,,,,,,relaxed,positive
ML985,MoodyLyrics,And I Love Her,The Beatles,,,,,,happy,positive
ML986,MoodyLyrics,Requiem Pour Un C...,Serge Gainsbourg,,,,,,sad,negative
ML988,MoodyLyrics,Get Up And Get Down,The Dramatics,,,,,,sad,negative
ML989,MoodyLyrics,Speak No Evil,Tinsley Ellis,,,,,,angry,negative
ML990,MoodyLyrics,Matte Kudasai,Kurt Elling,,,,,,sad,negative
ML991,MoodyLyrics,Going Where The Lonely Go,Merle Haggard,,,,,,sad,negative
ML992,MoodyLyrics,Rusty Cage,Johnny Cash,,,,,,sad,negative
ML993,MoodyLyrics,Sassafrass Roots,Green Day,,,,,,sad,negative
ML994,MoodyLyrics,Painkiller,Judas Priest,,,,,,angry,negative
ML995,MoodyLyrics,Addicted To That Rush,Mr. Big,,,,,,sad,negative
ML996,MoodyLyrics,Hang Fire,The Rolling Stones,,,,,,angry,negative
ML997,MoodyLyrics,From The Clouds,Jack Johnson,,,,,,relaxed,positive
ML998,MoodyLyrics,He Don't Live Here No More,Robbie Robertson,,,,,,sad,negative
ML999,MoodyLyrics,Maybe Tomorrow,Stereophonics,,,,,,relaxed,positive
ML1000,MoodyLyrics,So Lonely,The Police,,,,,,sad,negative
ML1001,MoodyLyrics,Teacher Teacher,Rockpile,,,,,,relaxed,positive
ML1002,MoodyLyrics,Cherry Blossom Girl,Air,,,,,,relaxed,positive
ML1003,MoodyLyrics,Come On Let's Go,Los Lobos,,,,,,happy,positive
ML1004,MoodyLyrics,The Blowers Daughter,Damien Rice,,,,,,relaxed,positive
ML1005,MoodyLyrics,It Is To You,Byron Cage,,,,,,relaxed,positive
ML1006,MoodyLyrics,Lover's Melody ,Will Downing,,,,,,relaxed,positive
ML1007,MoodyLyrics,I Can See In Color,Mary J. Blige,,,,,,relaxed,positive
ML1008,MoodyLyrics,Power Belongs To God,Hezekiah Walker & The Love Fellowship Crusade Choir,,,,,,happy,positive
ML1010,MoodyLyrics,Fire On The Bayou,The Meters,,,,,,angry,negative
ML1011,MoodyLyrics,Good Life,Inner City,,,,,,happy,positive
ML1012,MoodyLyrics,Aqui,La Ley,,,,,,sad,negative
ML1013,MoodyLyrics,Sobrevivo,Ednita Nazario,,,,,,sad,negative
ML1014,MoodyLyrics,All By Myself,Fats Domino,,,,,,happy,positive
ML1015,MoodyLyrics,You've Got The Love I Need ,Al Green,,,,,,happy,positive
ML1016,MoodyLyrics,Settle For My Love,Patrice Rushen,,,,,,happy,positive
ML1018,MoodyLyrics,Tan Enamorados,Ricardo Montaner,,,,,,sad,negative
ML1019,MoodyLyrics,Nuestro Amor,RBD,,,,,,sad,negative
ML1020,MoodyLyrics,Bella Traicion,Belinda,,,,,,sad,negative
ML1021,MoodyLyrics,Lemonade,Braids,,,,,,sad,negative
ML1022,MoodyLyrics,No Fun,The Stooges,,,,,,happy,positive
ML1023,MoodyLyrics,Reena,Sonic Youth,,,,,,relaxed,positive
ML1024,MoodyLyrics,Everybody Needs A 303,Fatboy Slim,,,,,,happy,positive
ML1025,MoodyLyrics,On The Sly,Metric,,,,,,angry,negative
ML1026,MoodyLyrics,Set Your Arms Down,Warpaint,,,,,,angry,negative
ML1027,MoodyLyrics,Harness,White Fence,,,,,,relaxed,positive
ML1028,MoodyLyrics,Like Eating Glass,Bloc Party,,,,,,sad,negative
ML1029,MoodyLyrics,Fallen In Love,Smith Westerns,,,,,,relaxed,positive
ML1030,MoodyLyrics,Big Difference,Tokyo Police Club,,,,,,sad,negative
ML1032,MoodyLyrics,Because Of You,Tony Bennett,,,,,,happy,positive
ML1033,MoodyLyrics,Summertime,Billie Holiday,,,,,,relaxed,positive
ML1034,MoodyLyrics,Blood Sugar Sex Magik,The Red Hot Chili Peppers,,,,,,happy,positive
ML1035,MoodyLyrics,Sometimes She Cries,Warrant,,,,,,sad,negative
ML1036,MoodyLyrics,Amarantine,Enya,,,,,,happy,positive
ML1037,MoodyLyrics,Que Ironia,Andy Andy,,,,,,sad,negative
ML1038,MoodyLyrics,Asi Es La Mujer,Victor Manuelle,,,,,,sad,negative
ML1039,MoodyLyrics,Louder Than Hell,Motley Crue,,,,,,angry,negative
ML1040,MoodyLyrics,Shellshock,New Order,,,,,,angry,negative
ML1041,MoodyLyrics,I Should Have Known Better,The Beatles,,,,,,happy,positive
ML1042,MoodyLyrics,Without Your Love,Roger Daltrey,,,,,,happy,positive
ML1043,MoodyLyrics,Just Like Paradise,David Lee Roth,,,,,,relaxed,positive
ML1044,MoodyLyrics,Yummy Yummy Yummy,Ohio Express,,,,,,happy,positive
ML1045,MoodyLyrics,Itchycoo Park,Small Faces,,,,,,happy,positive
ML1046,MoodyLyrics,Baby Love,The Supremes,,,,,,happy,positive
ML1047,MoodyLyrics,You've Made Me So Very Happy,"Blood, Sweat & Tears",,,,,,happy,positive
ML1048,MoodyLyrics,I Honestly Love You,Olivia Newton-John,,,,,,happy,positive
ML1049,MoodyLyrics,"Baby, I Love You",The Ronettes,,,,,,happy,positive
ML1050,MoodyLyrics,Crazy Love,Van Morrison,,,,,,happy,positive
ML1051,MoodyLyrics,People Got To Be Free,The Rascals,,,,,,relaxed,positive
ML1052,MoodyLyrics,Hey There Lonely Girl,Eddie Holman,,,,,,sad,negative
ML1053,MoodyLyrics,"The Rain, The Park And Other Things",The Cowsills,,,,,,relaxed,positive
ML1054,MoodyLyrics,Tragedy,The Bee Gees,,,,,,angry,negative
ML1056,MoodyLyrics,The Game Of Love,Wayne Fontana & The Mindbenders,,,,,,happy,positive
ML1057,MoodyLyrics,That's How Strong My Love Is,Otis Redding,,,,,,happy,positive
ML1058,MoodyLyrics,It's A Love Thing,The Whispers,,,,,,happy,positive
ML1059,MoodyLyrics,From My Heart To Yours,Laura Izibor,,,,,,happy,positive
ML1060,MoodyLyrics,Do You Love What You Feel,Rufus & Chaka Khan,,,,,,happy,positive
ML1061,MoodyLyrics,Slow Down,Loose Ends,,,,,,sad,negative
ML1062,MoodyLyrics,Put It On Paper ,Ann Nesby,,,,,,sad,negative
ML1063,MoodyLyrics,The Point Of It All,Anthony Hamilton,,,,,,happy,positive
ML1064,MoodyLyrics,I Love You More Than You'll Ever Know,Donny Hathaway,,,,,,happy,positive
ML1065,MoodyLyrics,Most High,Jerzee Monet,,,,,,relaxed,positive
ML1066,MoodyLyrics,Don't Let Me Be Lonely Tonight ,Boney James,,,,,,sad,negative
ML1067,MoodyLyrics,Love Saw It ,Karyn White,,,,,,happy,positive
ML1068,MoodyLyrics,Portuguese Love,Teena Marie,,,,,,happy,positive
ML1069,MoodyLyrics,How Can I Ease The Pain,Lisa Fischer,,,,,,angry,negative
ML1070,MoodyLyrics,Take Care Of Home,Dave Hollister,,,,,,relaxed,positive
ML1071,MoodyLyrics,Amor Porteno ,Gotan Project,,,,,,sad,negative
ML1072,MoodyLyrics,Starry Night,The Infamous Stringdusters,,,,,,relaxed,positive
ML1073,MoodyLyrics,Upon Wings Of Black,Skeletonwitch,,,,,,angry,negative
ML1074,MoodyLyrics,Destroy Everything,Hatebreed,,,,,,angry,negative
ML1075,MoodyLyrics,Black Label,Lamb Of God,,,,,,angry,negative
ML1076,MoodyLyrics,St. Anger,Metallica,,,,,,angry,negative
ML1077,MoodyLyrics,All The Man That I Need,Whitney Houston,,,,,,happy,positive
ML1078,MoodyLyrics,Kiss Away The Pain,Patti LaBelle,,,,,,angry,negative
ML1079,MoodyLyrics,The Very Thought Of You,Johnny Hartman,,,,,,relaxed,positive
ML1080,MoodyLyrics,Heaven's On Fire,The Radio Dept.,,,,,,angry,negative
ML1081,MoodyLyrics,Maximalist,Baths,,,,,,happy,positive
ML1082,MoodyLyrics,Born To Be Loved,Lucinda Williams,,,,,,happy,positive
ML1083,MoodyLyrics,Make Love,Daft Punk,,,,,,happy,positive
ML1084,MoodyLyrics,Age Of Consent,New Order,,,,,,angry,negative
ML1085,MoodyLyrics,Candy Man,Roy Orbison,,,,,,relaxed,positive
ML1086,MoodyLyrics,Lycra Mistral,El Guincho,,,,,,sad,negative
ML1087,MoodyLyrics,Dead Ending,The Hundred In The Hands,,,,,,sad,negative
ML1088,MoodyLyrics,Maps,Yeah Yeah Yeahs,,,,,,happy,positive
ML1089,MoodyLyrics,The Last Cowboy Song,Ed Bruce,,,,,,sad,negative
ML1090,MoodyLyrics,A Long And Lasting Love,Crystal Gayle,,,,,,happy,positive
ML1091,MoodyLyrics,We Live For Love,Pat Benatar,,,,,,happy,positive
ML1092,MoodyLyrics,Breakdown Dead Ahead,Boz Scaggs,,,,,,angry,negative
ML1093,MoodyLyrics,War In Heaven,The Raveonettes,,,,,,angry,negative
ML1094,MoodyLyrics,Assassinations,Stateless,,,,,,sad,negative
ML1095,MoodyLyrics,Love You Down,Me'Shell Ndegeocello,,,,,,happy,positive
ML1096,MoodyLyrics,Broken,Gorillaz,,,,,,angry,negative
ML1097,MoodyLyrics,I Heard You Say,Vivian Girls,,,,,,sad,negative
ML1098,MoodyLyrics,Do You Want To,Franz Ferdinand,,,,,,happy,positive
ML1099,MoodyLyrics,Hold My Hand,UNKLE,,,,,,sad,negative
ML1100,MoodyLyrics,The All Night Lights,36 Crazyfists,,,,,,sad,negative
ML1101,MoodyLyrics,Dez Moines,The Devil Wears Prada,,,,,,sad,negative
ML1102,MoodyLyrics,Sad Lookin' Moon,Alabama,,,,,,sad,negative
ML1103,MoodyLyrics,Everlasting Love,Rufus & Chaka Khan,,,,,,happy,positive
ML1104,MoodyLyrics,Light My Fire ,Mr. Capone-E,,,,,,angry,negative
ML1105,MoodyLyrics,I Don't Care,Raheem DeVaughn,,,,,,angry,negative
ML1106,MoodyLyrics,A Taste Of Honey,Herb Alpert & The Tijuana Brass,,,,,,relaxed,positive
ML1107,MoodyLyrics,Blue In Green,Gretchen Parlato,,,,,,relaxed,positive
ML1108,MoodyLyrics,I Don't Love Her ,Gucci Mane,,,,,,happy,positive
ML1109,MoodyLyrics,Make Love,Keri Hilson,,,,,,happy,positive
ML1110,MoodyLyrics,Beautiful People ,Chris Brown,,,,,,happy,positive
ML1111,MoodyLyrics,You Never Let Go,Jeremy Camp,,,,,,angry,negative
ML1112,MoodyLyrics,No Sirvo Para Estar Sin Ti,Rocio Durcal,,,,,,sad,negative
ML1113,MoodyLyrics,Echame A Mi La Culpa,Albert Hammond,,,,,,sad,negative
ML1114,MoodyLyrics,Tiro Arriba,Banda El Recodo,,,,,,sad,negative
ML1115,MoodyLyrics,From This Moment On,Roberta Gambarini,,,,,,relaxed,positive
ML1116,MoodyLyrics,Come Home,Back Door Slam,,,,,,relaxed,positive
ML1117,MoodyLyrics,Never Lie,Immature,,,,,,angry,negative
ML1118,MoodyLyrics,When Will I Be Loved,The Everly Brothers,,,,,,happy,positive
ML1119,MoodyLyrics,Mejor No Hablemos De Amor,Enanitos Verdes,,,,,,sad,negative
ML1120,MoodyLyrics,Gadget Funk,The Herbaliser,,,,,,angry,negative
ML1121,MoodyLyrics,I Need Fun In My Life,The Drums,,,,,,happy,positive
ML1122,MoodyLyrics,Light Up Ya Lighter,Michael Franti & Spearhead,,,,,,angry,negative
ML1123,MoodyLyrics,That's How I Escaped My Certain Fate,Mission Of Burma,,,,,,sad,negative
ML1124,MoodyLyrics,My Kind Of Town,Frank Sinatra,,,,,,relaxed,positive
ML1125,MoodyLyrics,Down By The Sally Gardens,Loreena McKennitt,,,,,,relaxed,positive
ML1126,MoodyLyrics,Always Everything,Sin Fang,,,,,,sad,negative
ML1127,MoodyLyrics,Happy,Fischerspooner,,,,,,sad,negative
ML1128,MoodyLyrics,I Got You,Craig Morgan,,,,,,relaxed,positive
ML1129,MoodyLyrics,Heartbreak Hotel,Willie Nelson & Leon Russell,,,,,,sad,negative
ML1130,MoodyLyrics,Drown,Son Volt,,,,,,angry,negative
ML1131,MoodyLyrics,War Pigs,Faith No More,,,,,,angry,negative
ML1132,MoodyLyrics,Miracle,Whitney Houston,,,,,,happy,positive
ML1133,MoodyLyrics,Everybody Needs Love,Drive-By Truckers,,,,,,happy,positive
ML1134,MoodyLyrics,Into The Fire,Sarah McLachlan,,,,,,angry,negative
ML1135,MoodyLyrics,You've Got The Love,Florence & The Machine,,,,,,happy,positive
ML1136,MoodyLyrics,It's A Miracle,Culture Club,,,,,,happy,positive
ML1137,MoodyLyrics,With Love,Elbow,,,,,,happy,positive
ML1138,MoodyLyrics,White Honey,Graham Parker,,,,,,relaxed,positive
ML1139,MoodyLyrics,Lost Cause,Beck,,,,,,angry,negative
ML1140,MoodyLyrics,Love For Sale,Dianne Reeves,,,,,,happy,positive
ML1141,MoodyLyrics,Time To Come Home ,Melba Moore,,,,,,relaxed,positive
ML1142,MoodyLyrics,Your Sun My Sky ,Incognito,,,,,,relaxed,positive
ML1143,MoodyLyrics,Me Rio De Ti,Gloria Trevi,,,,,,sad,negative
ML1144,MoodyLyrics,Llevame,Soraya,,,,,,sad,negative
ML1145,MoodyLyrics,Twelfth Stroke Of Midnight,Bury Your Dead,,,,,,sad,negative
ML1146,MoodyLyrics,Only The Lonely ,Roy Orbison,,,,,,sad,negative
ML1147,MoodyLyrics,Running Scared,Roy Orbison,,,,,,angry,negative
ML1148,MoodyLyrics,Que Sacrificio,Banda Maguey,,,,,,sad,negative
ML1149,MoodyLyrics,Si He Sabido Amor,Alejandro Fernandez,,,,,,sad,negative
ML1150,MoodyLyrics,Mighty God,Martha Munizzi,,,,,,happy,positive
ML1151,MoodyLyrics,Keep On Praisin',Fred Hammond,,,,,,relaxed,positive
ML1152,MoodyLyrics,Afterwhile ,Kirk Franklin,,,,,,angry,negative
ML1153,MoodyLyrics,The World Is A Ghetto,Phil Perry,,,,,,relaxed,positive
ML1154,MoodyLyrics,Gotta Get Home,Expatriate,,,,,,relaxed,positive
ML1155,MoodyLyrics,I Get Lonely,Boney James,,,,,,sad,negative
ML1156,MoodyLyrics,A100,Billy Corgan,,,,,,happy,positive
ML1157,MoodyLyrics,Rowing Song,Patty Griffin,,,,,,sad,negative
ML1158,MoodyLyrics,So Much In Love,Gyptian,,,,,,happy,positive
ML1159,MoodyLyrics,Mi Eterno Amor Secreto,Tito Nieves,,,,,,sad,negative
ML1160,MoodyLyrics,Gotas De Lluvia,Grupo Niche,,,,,,sad,negative
ML1161,MoodyLyrics,Prelude To A Kiss,Billie Holiday,,,,,,happy,positive
ML1162,MoodyLyrics,Make Me Your Baby,Barbara Lewis,,,,,,happy,positive
ML1163,MoodyLyrics,Lie To Me,Brook Benton,,,,,,angry,negative
ML1164,MoodyLyrics,That's A Pretty Good Love,Roomful Of Blues,,,,,,happy,positive
ML1165,MoodyLyrics,I Want You ,The Beatles,,,,,,angry,negative
ML1166,MoodyLyrics,Helen Wheels,Paul McCartney & Wings,,,,,,sad,negative
ML1167,MoodyLyrics,Waiting For The Sun,The Doors,,,,,,relaxed,positive
ML1169,MoodyLyrics,Listen People,Herman's Hermits,,,,,,happy,positive
ML1170,MoodyLyrics,True Love Ways,Peter & Gordon,,,,,,happy,positive
ML1171,MoodyLyrics,Wear Your Love Like Heaven,Donovan,,,,,,happy,positive
ML1172,MoodyLyrics,The Air That I Breathe,The Hollies,,,,,,relaxed,positive
ML1173,MoodyLyrics,Be-Bop-A-Lula,Gene Vincent & His Blue Caps,,,,,,relaxed,positive
ML1174,MoodyLyrics,Our Day Will Come,Ruby & The Romantics,,,,,,happy,positive
ML1175,MoodyLyrics,We Are One ,Maze,,,,,,happy,positive
ML1176,MoodyLyrics,Ffun,Con Funk Shun,,,,,,happy,positive
ML1177,MoodyLyrics,Angel,Angela Winbush,,,,,,relaxed,positive
ML1178,MoodyLyrics,Without You,Charlie Wilson,,,,,,relaxed,positive
ML1179,MoodyLyrics,Fear,Jazmine Sullivan,,,,,,angry,negative
ML1180,MoodyLyrics,Kind Hearted Woman,Big Head Blues Club,,,,,,happy,positive
ML1181,MoodyLyrics,I'll Go Crazy,James Brown,,,,,,happy,positive
ML1182,MoodyLyrics,Joy,Lucinda Williams,,,,,,happy,positive
ML1183,MoodyLyrics,Night Life ,Willie Nelson,,,,,,happy,positive
ML1184,MoodyLyrics,War Ina Babylon,Max Romeo & The Upsetters,,,,,,angry,negative
ML1186,MoodyLyrics,Bled For Days,Static-X,,,,,,angry,negative
ML1187,MoodyLyrics,Ghosts Of War,Hatebreed,,,,,,angry,negative
ML1188,MoodyLyrics,Shake For Me,Howlin' Wolf,,,,,,relaxed,positive
ML1189,MoodyLyrics,Evil,"Earth, Wind & Fire",,,,,,angry,negative
ML1190,MoodyLyrics,Don't You Know,Della Reese,,,,,,happy,positive
ML1191,MoodyLyrics,Don't Let Me Be Lonely Tonight,James Taylor,,,,,,sad,negative
ML1192,MoodyLyrics,Demon Speeding,Rob Zombie,,,,,,angry,negative
ML1193,MoodyLyrics,The Game,Motorhead,,,,,,angry,negative
ML1194,MoodyLyrics,Viviendo,Marc Anthony,,,,,,sad,negative
ML1195,MoodyLyrics,Because You Love Me,Jo Dee Messina,,,,,,happy,positive
ML1196,MoodyLyrics,The Biggest Killer In American History,Bad Religion,,,,,,angry,negative
ML1197,MoodyLyrics,Tommy Gun,The Clash,,,,,,angry,negative
ML1198,MoodyLyrics,Stand Up And Shout,Dio,,,,,,angry,negative
ML1199,MoodyLyrics,Now Behold The Lamb,Kirk Franklin & The Family,,,,,,relaxed,positive
ML1200,MoodyLyrics,Still Have Joy,Tye Tribbett & G.A.,,,,,,happy,positive
ML1201,MoodyLyrics,Fever,Sarah Vaughan,,,,,,sad,negative
ML1202,MoodyLyrics,Out Here,Pendulum,,,,,,sad,negative
ML1203,MoodyLyrics,It Don't Come Easy,Bettye LaVette,,,,,,relaxed,positive
ML1204,MoodyLyrics,The Difference,Desperation Band,,,,,,happy,positive
ML1205,MoodyLyrics,Took The Night,Chelley,,,,,,angry,negative
ML1206,MoodyLyrics,Feliz Navidad,Jose Feliciano,,,,,,happy,positive
ML1207,MoodyLyrics,Fantasy Girl,Johnny O.,,,,,,relaxed,positive
ML1208,MoodyLyrics,Donde Estas Yolanda,Sonora Santanera,,,,,,sad,negative
ML1209,MoodyLyrics,Baba ,Andy Palacio & The Garifuna Collective,,,,,,sad,negative
ML1210,MoodyLyrics,Spray Paint,Harlem,,,,,,relaxed,positive
ML1211,MoodyLyrics,Sun It Rises,Fleet Foxes,,,,,,relaxed,positive
ML1212,MoodyLyrics,The Very Thought Of You,Nellie McKay,,,,,,relaxed,positive
ML1213,MoodyLyrics,Falling From The Sun,The Album Leaf,,,,,,sad,negative
ML1214,MoodyLyrics,Mother Of Pearl,Nellie McKay,,,,,,angry,negative
ML1215,MoodyLyrics,Blazing Fire ,Steel Pulse,,,,,,angry,negative
ML1216,MoodyLyrics,All I Want Is You,Michael Franti & Spearhead,,,,,,happy,positive
ML1217,MoodyLyrics,Sailing To Nowhere,Broken Bells,,,,,,sad,negative
ML1218,MoodyLyrics,"Peace, Love & Happiness",G. Love & Special Sauce,,,,,,relaxed,positive
ML1219,MoodyLyrics,You're The Best Break This Old Heart Ever Had,Ed Bruce,,,,,,happy,positive
ML1220,MoodyLyrics,Quiero Amanecer Contigo,La Mafia,,,,,,sad,negative
ML1221,MoodyLyrics,No Se Vivir Sin Ti,Conjunto Primavera,,,,,,sad,negative
ML1222,MoodyLyrics,Nos Falto,Palomo,,,,,,sad,negative
ML1223,MoodyLyrics,Into The Fire,Dokken,,,,,,angry,negative
ML1224,MoodyLyrics,Warcurse,Kreator,,,,,,angry,negative
ML1225,MoodyLyrics,I Could Sing Of Your Love Forever,Delirious?,,,,,,happy,positive
ML1226,MoodyLyrics,The War Song,Culture Club,,,,,,angry,negative
ML1227,MoodyLyrics,The Last Night,Skillet,,,,,,sad,negative
ML1228,MoodyLyrics,Silent Night,Third Day,,,,,,relaxed,positive
ML1229,MoodyLyrics,Blue Christmas,Elvis Presley,,,,,,relaxed,positive
ML1230,MoodyLyrics,"Merry Christmas, Darling",The Carpenters,,,,,,happy,positive
ML1231,MoodyLyrics,Celebrate Me Home,Kenny Loggins,,,,,,relaxed,positive
ML1232,MoodyLyrics,I Heard The Bells On Christmas Day,Casting Crowns,,,,,,relaxed,positive
ML1233,MoodyLyrics,Joy To The World,Third Day,,,,,,happy,positive
ML1234,MoodyLyrics,All I Want For Christmas Is You,Vince Vance & The Valiants,,,,,,relaxed,positive
ML1235,MoodyLyrics,Fire Escape,Kelley Stoltz,,,,,,angry,negative
ML1236,MoodyLyrics,I Dig Love,George Harrison,,,,,,happy,positive
ML1237,MoodyLyrics,Silent Night,Kirk Franklin & The Family,,,,,,relaxed,positive
ML1238,MoodyLyrics,Silent Night,Boyz II Men,,,,,,relaxed,positive
ML1239,MoodyLyrics,I Receive,Israel Houghton,,,,,,happy,positive
ML1240,MoodyLyrics,Be Easy,Sharon Jones & The Dap-Kings,,,,,,relaxed,positive
ML1241,MoodyLyrics,Others,Israel Houghton,,,,,,happy,positive
ML1242,MoodyLyrics,Feel The Pressure,Incognito,,,,,,angry,negative
ML1243,MoodyLyrics,Cuando Nadie Me Ve,Alejandro Sanz,,,,,,sad,negative
ML1244,MoodyLyrics,I Lost You,Elvis Costello,,,,,,angry,negative
ML1245,MoodyLyrics,Skyway,The Replacements,,,,,,sad,negative
ML1246,MoodyLyrics,Mansard Roof,Vampire Weekend,,,,,,sad,negative
ML1247,MoodyLyrics,It Ain't The Same Old Cold War Harry,Grant-Lee Phillips,,,,,,angry,negative
ML1248,MoodyLyrics,I'm Free,The Who,,,,,,relaxed,positive
ML1249,MoodyLyrics,Yoshimi Battles The Pink Robots,The Flaming Lips,,,,,,angry,negative
ML1250,MoodyLyrics,I Fall Down,U2,,,,,,sad,negative
ML1251,MoodyLyrics,I'll Bring The Sun,Jason Collett,,,,,,relaxed,positive
ML1252,MoodyLyrics,Fire,Bruce Springsteen,,,,,,angry,negative
ML1253,MoodyLyrics,Plasticities,Andrew Bird,,,,,,angry,negative
ML1254,MoodyLyrics,Pour,Lori McKenna,,,,,,relaxed,positive
ML1255,MoodyLyrics,Ni Tu Ni Nadie,Alaska Y Dinarama,,,,,,sad,negative
ML1256,MoodyLyrics,You Sure Love To Ball,Marvin Gaye,,,,,,happy,positive
ML1257,MoodyLyrics,Toby,The Chi-Lites,,,,,,sad,negative
ML1258,MoodyLyrics,At Christmas Time,Luther Vandross,,,,,,happy,positive
ML1259,MoodyLyrics,It Gets Lonely Early,Frank Sinatra,,,,,,sad,negative
ML1260,MoodyLyrics,Mountain Greenery,John Pizzarelli,,,,,,relaxed,positive
ML1261,MoodyLyrics,Happy Birthday Jesus,The Brooklyn Tabernacle Choir,,,,,,happy,positive
ML1262,MoodyLyrics,Happy Xmas ,Rebecca St. James,,,,,,happy,positive
ML1263,MoodyLyrics,Have Yourself A Merry Little Christmas,Matt Brouwer,,,,,,happy,positive
ML1264,MoodyLyrics,Love Came Down at Christmas,Jars Of Clay,,,,,,happy,positive
ML1265,MoodyLyrics,Joseph's Lullaby,MercyMe,,,,,,relaxed,positive
ML1266,MoodyLyrics,Merry Christmas,Third Day,,,,,,happy,positive
ML1267,MoodyLyrics,Por Ti Voy A Morir,Frank Reyes,,,,,,sad,negative
ML1268,MoodyLyrics,What A Wonderful World ,Rod Stewart,,,,,,relaxed,positive
ML1269,MoodyLyrics,Metal Gods,Judas Priest,,,,,,sad,negative
ML1270,MoodyLyrics,Silver Cloud,Alejandro Escovedo,,,,,,happy,positive
ML1271,MoodyLyrics,Two Of Us,The Beatles,,,,,,relaxed,positive
ML1272,MoodyLyrics,Within,Mnemic,,,,,,angry,negative
ML1273,MoodyLyrics,Running Blind ,Godsmack,,,,,,sad,negative
ML1274,MoodyLyrics,Joy,Teddy Pendergrass,,,,,,happy,positive
ML1275,MoodyLyrics,Time After Time,Eva Cassidy,,,,,,sad,negative
ML1276,MoodyLyrics,Lucky Man,Courtney John,,,,,,happy,positive
ML1277,MoodyLyrics,A Woman In Love,Maysa,,,,,,happy,positive
ML1278,MoodyLyrics,Dream,Michael Buble,,,,,,relaxed,positive
ML1279,MoodyLyrics,Hasta El Final,Alejandra Guzman,,,,,,sad,negative
ML1280,MoodyLyrics,Shoot Down,The Prodigy,,,,,,angry,negative
ML1281,MoodyLyrics,Heart And Soul,Joy Division,,,,,,angry,negative
ML1282,MoodyLyrics,Reuters,Wire,,,,,,angry,negative
ML1283,MoodyLyrics,Teach Me How To Fight,Junior Boys,,,,,,angry,negative
ML1284,MoodyLyrics,Slow Dancing In A Burning Room,John Mayer,,,,,,sad,negative
ML1285,MoodyLyrics,Red Rocking Chair,Black Prairie,,,,,,relaxed,positive
ML1286,MoodyLyrics,It's Good To Be King,Tom Petty,,,,,,relaxed,positive
ML1287,MoodyLyrics,Your Silent Face,New Order,,,,,,sad,negative
ML1288,MoodyLyrics,I'm So Bored With The U.S.A.,The Clash,,,,,,sad,negative
ML1289,MoodyLyrics,Off I Go,Greg Laswell,,,,,,sad,negative
ML1290,MoodyLyrics,Civilization,Justice,,,,,,angry,negative
ML1291,MoodyLyrics,I Go To Sleep,Sia,,,,,,relaxed,positive
ML1292,MoodyLyrics,Love In Vain,The Big Pink,,,,,,happy,positive
ML1293,MoodyLyrics,Safe Without,Interpol,,,,,,relaxed,positive
ML1294,MoodyLyrics,Sao Paulo,Morcheeba,,,,,,angry,negative
ML1295,MoodyLyrics,Grace,Jeff Buckley,,,,,,angry,negative
ML1296,MoodyLyrics,Hospital Beds,Cold War Kids,,,,,,angry,negative
ML1297,MoodyLyrics,Sexy Boy,Air,,,,,,happy,positive
ML1298,MoodyLyrics,It Will Find You,Maps,,,,,,happy,positive
ML1299,MoodyLyrics,Napalm Love,Air,,,,,,happy,positive
ML1300,MoodyLyrics,Bad Love,Eric Clapton,,,,,,happy,positive
ML1301,MoodyLyrics,Sorry Seems To Be The Hardest Word,Elton John,,,,,,sad,negative
ML1302,MoodyLyrics,Chicken Strut,The Meters,,,,,,sad,negative
ML1303,MoodyLyrics,Nervous Breakdown,Wanda Jackson,,,,,,angry,negative
ML1304,MoodyLyrics,Fire Fire,M.I.A.,,,,,,angry,negative
ML1305,MoodyLyrics,X,Andreya Triana,,,,,,sad,negative
ML1306,MoodyLyrics,Matilda,Peggy Sue,,,,,,sad,negative
ML1307,MoodyLyrics,Down Home Blues,Z.Z. Hill,,,,,,relaxed,positive
ML1308,MoodyLyrics,Fix It,Ryan Adams & The Cardinals,,,,,,happy,positive
ML1309,MoodyLyrics,Smoking Gun,The Robert Cray Band,,,,,,angry,negative
ML1310,MoodyLyrics,When I Hustle ,Huey,,,,,,relaxed,positive
ML1311,MoodyLyrics,I Dream Of Chicago,Parlours,,,,,,relaxed,positive
ML1312,MoodyLyrics,The Family Of Man,Three Dog Night,,,,,,relaxed,positive
ML1313,MoodyLyrics,Take Your Memory With You,Vince Gill,,,,,,sad,negative
ML1314,MoodyLyrics,Take Me As I Am,Faith Hill,,,,,,relaxed,positive
ML1315,MoodyLyrics,The Promise,Strike Anywhere,,,,,,sad,negative
ML1316,MoodyLyrics,El Abandonao,Elefante,,,,,,sad,negative
ML1317,MoodyLyrics,Love Lifted Me,Kenny Rogers,,,,,,happy,positive
ML1318,MoodyLyrics,Kiss My Love Goodbye,L.A. Guns,,,,,,happy,positive
ML1319,MoodyLyrics,I Don't Have The Heart,James Ingram,,,,,,happy,positive
ML1320,MoodyLyrics,Party People ,Nelly,,,,,,happy,positive
ML1321,MoodyLyrics,Ruler Of My Heart ,The Dirty Dozen Brass Band,,,,,,angry,negative
ML1322,MoodyLyrics,Kid,The Pretenders,,,,,,sad,negative
ML1323,MoodyLyrics,Save The Last Dance For Me,The Drifters,,,,,,relaxed,positive
ML1324,MoodyLyrics,Three More Days,Ray LaMontagne,,,,,,relaxed,positive
ML1325,MoodyLyrics,Come Live With Me Angel,Marvin Gaye,,,,,,relaxed,positive
ML1326,MoodyLyrics,Great And Mighty Is Our God,Donnie McClurkin,,,,,,happy,positive
ML1327,MoodyLyrics,Out Of The Blue,Maysa,,,,,,happy,positive
ML1328,MoodyLyrics,Youth Knows No Pain,Lykke Li,,,,,,angry,negative
ML1329,MoodyLyrics,Waves,Darker My Love,,,,,,sad,negative
ML1330,MoodyLyrics,Welcome To The Party,Death By Stereo,,,,,,angry,negative
ML1331,MoodyLyrics,Lose Myself,Marsha Ambrosius,,,,,,happy,positive
ML1332,MoodyLyrics,Black Sky,Dave Alvin,,,,,,relaxed,positive
ML1333,MoodyLyrics,Donna Sumeria,Mission Of Burma,,,,,,happy,positive
ML1334,MoodyLyrics,Sweet Home Chicago,The Blues Brothers,,,,,,relaxed,positive
ML1335,MoodyLyrics,Seventeen Years,Ratatat,,,,,,sad,negative
ML1336,MoodyLyrics,Seed Of Filth,Six Feet Under,,,,,,sad,negative
ML1337,MoodyLyrics,I Got You,Telekinesis,,,,,,relaxed,positive
ML1338,MoodyLyrics,White Magic,Ceo,,,,,,relaxed,positive
ML1339,MoodyLyrics,Back And Forth,Obits,,,,,,sad,negative
ML1340,MoodyLyrics,Take It Easy,Surfer Blood,,,,,,relaxed,positive
ML1341,MoodyLyrics,Needle In The Hay,Elliott Smith,,,,,,sad,negative
ML1342,MoodyLyrics,Ask,The Smiths,,,,,,angry,negative
ML1343,MoodyLyrics,So Insane,Discovery,,,,,,angry,negative
ML1344,MoodyLyrics,Kalmadi,Mustafa Sandal,,,,,,sad,negative
ML1345,MoodyLyrics,You're In Love,Ratt,,,,,,happy,positive
ML1346,MoodyLyrics,Butterfly,Charlie Gracie,,,,,,relaxed,positive
ML1347,MoodyLyrics,Tu Me Estas Volviendo Loco,Jose Jose,,,,,,sad,negative
ML1348,MoodyLyrics,El Costo De La Vida,Juan Luis Guerra,,,,,,sad,negative
ML1349,MoodyLyrics,Con Tu Nombre,Ricky Martin,,,,,,sad,negative
ML1350,MoodyLyrics,Pride And Joy ,Marvin Gaye,,,,,,happy,positive
ML1351,MoodyLyrics,Simply Beautiful ,Queen Latifah,,,,,,happy,positive
ML1352,MoodyLyrics,Down By The Riverside ,The Blind Boys Of Alabama,,,,,,angry,negative
ML1353,MoodyLyrics,I'm Glad There Is You,Gloria Lynne,,,,,,happy,positive
ML1354,MoodyLyrics,So Much In Love,The Tymes,,,,,,happy,positive
ML1355,MoodyLyrics,Love Me Tender,Elvis Presley,,,,,,happy,positive
ML1356,MoodyLyrics,Dream Baby ,Roy Orbison,,,,,,relaxed,positive
ML1357,MoodyLyrics,Revival,The Allman Brothers Band,,,,,,happy,positive
ML1358,MoodyLyrics,Happy Music,The Blackbyrds,,,,,,happy,positive
ML1359,MoodyLyrics,Crazy Love ,Ray Charles,,,,,,happy,positive
ML1360,MoodyLyrics,My Heart Your Heart,The Whispers,,,,,,happy,positive
ML1361,MoodyLyrics,Joy,Blackstreet,,,,,,happy,positive
ML1362,MoodyLyrics,The Three Sunrises,U2,,,,,,happy,positive
ML1363,MoodyLyrics,"The More You Ignore Me, The Closer I Get",Morrissey,,,,,,angry,negative
ML1364,MoodyLyrics,All My Fault,Fenix TX,,,,,,sad,negative
ML1365,MoodyLyrics,You Don't Have To Be Afraid,Take 6,,,,,,angry,negative
ML1366,MoodyLyrics,That Girl,NLT,,,,,,relaxed,positive
ML1367,MoodyLyrics,She Worth The Trouble,J. Valentine,,,,,,angry,negative
ML1368,MoodyLyrics,Imma Love You Right,John Brown,,,,,,happy,positive
ML1369,MoodyLyrics,El Rey ,Los Super Reyes,,,,,,sad,negative
ML1370,MoodyLyrics,Someday You Will Be Loved,Death Cab For Cutie,,,,,,happy,positive
ML1371,MoodyLyrics,Amen Kind Of Love,Daryle Singletary,,,,,,relaxed,positive
ML1372,MoodyLyrics,Tell Her,Lonestar,,,,,,happy,positive
ML1373,MoodyLyrics,Space Walk,Lemon Jelly,,,,,,happy,positive
ML1374,MoodyLyrics,Lonely One,Gregory Porter,,,,,,sad,negative
ML1375,MoodyLyrics,War,Sinead O'Connor,,,,,,angry,negative
ML1376,MoodyLyrics,I Believe In Your Love,Charles Bradley,,,,,,happy,positive
ML1377,MoodyLyrics,Fire On The Mountain,The Grateful Dead,,,,,,angry,negative
ML1378,MoodyLyrics,There's Your Trouble,Dixie Chicks,,,,,,angry,negative
ML1379,MoodyLyrics,Trouble On The Line,Loretta Lynn,,,,,,angry,negative
ML1380,MoodyLyrics,Sexy Ways ,The Midnighters,,,,,,happy,positive
ML1381,MoodyLyrics,The Stroll,The Diamonds,,,,,,relaxed,positive
ML1382,MoodyLyrics,Long Tall Sally,Little Richard,,,,,,happy,positive
ML1383,MoodyLyrics,Almost Paradise,Mike Reno & Ann Wilson,,,,,,relaxed,positive
ML1384,MoodyLyrics,I Believe I'll Go Back Home,Gregg Allman,,,,,,relaxed,positive
ML1385,MoodyLyrics,Creepin',Stevie Wonder,,,,,,relaxed,positive
ML1386,MoodyLyrics,Rockferry,Duffy,,,,,,relaxed,positive
ML1387,MoodyLyrics,One Less Lonely Girl,Justin Bieber,,,,,,sad,negative
ML1388,MoodyLyrics,Growing Old Is Getting Old,Silversun Pickups,,,,,,angry,negative
ML1389,MoodyLyrics,Love Me Chase Me,Carney,,,,,,relaxed,positive
ML1390,MoodyLyrics,My Special Angel,Bobby Helms,,,,,,relaxed,positive
ML1391,MoodyLyrics,I Can't Sleep,Clay Walker,,,,,,relaxed,positive
ML1392,MoodyLyrics,The Nerve,Mutemath,,,,,,angry,negative
ML1393,MoodyLyrics,Asilos Magdalena,The Mars Volta,,,,,,sad,negative
ML1394,MoodyLyrics,Who You  Gonna Run To?,Solid Gold,,,,,,angry,negative
ML1395,MoodyLyrics,The Way You Love Me,Karyn White,,,,,,happy,positive
ML1396,MoodyLyrics,House Of The Rising Sun,Nina Simone,,,,,,relaxed,positive
ML1397,MoodyLyrics,New Year,The Breeders,,,,,,relaxed,positive
ML1398,MoodyLyrics,Indulgence,Miss Kittin & The Hacker,,,,,,happy,positive
ML1399,MoodyLyrics,You Can't Hurry Love,The Concretes,,,,,,happy,positive
ML1400,MoodyLyrics,Ain't It Strange,Dr. Dog,,,,,,relaxed,positive
ML1401,MoodyLyrics,War Again,Balkan Beat Box,,,,,,angry,negative
ML1402,MoodyLyrics,We Laugh Indoors,Death Cab For Cutie,,,,,,happy,positive
ML1403,MoodyLyrics,U.R.A. Fever,The Kills,,,,,,sad,negative
ML1404,MoodyLyrics,Lonely Nights,Mickey Gilley,,,,,,sad,negative
ML1405,MoodyLyrics,True Love Is Hard To Find ,Toots & The Maytals,,,,,,happy,positive
ML1406,MoodyLyrics,Fall At Your Feet,Crowded House,,,,,,sad,negative
ML1407,MoodyLyrics,I'm Going Home,Ten Years After,,,,,,relaxed,positive
ML1408,MoodyLyrics,"Life, Love & Laughter",Donavon Frankenreiter,,,,,,happy,positive
ML1409,MoodyLyrics,Ordinary People,Mary Mary,,,,,,happy,positive
ML1410,MoodyLyrics,Brazilian Love Song ,Nat King Cole,,,,,,relaxed,positive
ML1411,MoodyLyrics,If I Only Had A Brain ,Nnenna Freelon,,,,,,angry,negative
ML1414,MoodyLyrics,Lady Killer,Priestess,,,,,,angry,negative
ML1415,MoodyLyrics,Honey White,Morphine,,,,,,relaxed,positive
ML1416,MoodyLyrics,La Nina,Aventura,,,,,,sad,negative
ML1417,MoodyLyrics,Incinerate,Sonic Youth,,,,,,sad,negative
ML1418,MoodyLyrics,Seventeen,Ladytron,,,,,,happy,positive
ML1419,MoodyLyrics,No More Trouble,Bob Marley & The Wailers,,,,,,angry,negative
ML1420,MoodyLyrics,I Love King Selassie,Black Uhuru,,,,,,happy,positive
ML1421,MoodyLyrics,The Smoke,Home Video,,,,,,angry,negative
ML1422,MoodyLyrics,I Feel Weird,Steel Train,,,,,,angry,negative
ML1424,MoodyLyrics,My Love Is,Diana Krall,,,,,,happy,positive
ML1425,MoodyLyrics,Little Girl Blue ,Linda Ronstadt,,,,,,relaxed,positive
ML1426,MoodyLyrics,If You Think You're Lonely Now,Bobby Womack,,,,,,sad,negative
ML1427,MoodyLyrics,Daddy's Home,Jermaine Jackson,,,,,,relaxed,positive
ML1428,MoodyLyrics,Do You Wanna Go Party,K.C. & The Sunshine Band,,,,,,happy,positive
ML1429,MoodyLyrics,I'd Rather Go Blind,Beyonce,,,,,,relaxed,positive
ML1430,MoodyLyrics,If Only You Knew,Phil Perry,,,,,,happy,positive
ML1431,MoodyLyrics,I Am A Child,Buffalo Springfield,,,,,,relaxed,positive
ML1432,MoodyLyrics,Pigs On The Wing 1,Pink Floyd,,,,,,sad,negative
ML1433,MoodyLyrics,Never My Love,The Association,,,,,,happy,positive
ML1434,MoodyLyrics,Lonely Avenue,Ray Charles,,,,,,sad,negative
ML1435,MoodyLyrics,Gimme Some Truth ,Jakob Dylan,,,,,,relaxed,positive
ML1437,MoodyLyrics,Some Kind Of Nature ,Gorillaz,,,,,,relaxed,positive
ML1438,MoodyLyrics,Everything With You,The Pains Of Being Pure At Heart,,,,,,sad,negative
ML1439,MoodyLyrics,Ships With Holes Will Sink,We Were Promised Jetpacks,,,,,,sad,negative
ML1440,MoodyLyrics,The Step And The Walk,The Duke Spirit,,,,,,happy,positive
ML1441,MoodyLyrics,Mama Don't Like My Man,Sharon Jones & The Dap-Kings,,,,,,relaxed,positive
ML1442,MoodyLyrics,This Heart's On Fire,Wolf Parade,,,,,,angry,negative
ML1443,MoodyLyrics,I've Been Loving You Too Long,Ike & Tina Turner,,,,,,happy,positive
ML1444,MoodyLyrics,Love,Air,,,,,,happy,positive
ML1445,MoodyLyrics,Say It ,Kurt Elling,,,,,,happy,positive
ML1446,MoodyLyrics,Shoot The Moon,Norah Jones,,,,,,sad,negative
ML1447,MoodyLyrics,You've Made Me So Very Happy,Lou Rawls,,,,,,happy,positive
ML1448,MoodyLyrics,A Dream,Mary J. Blige,,,,,,relaxed,positive
ML1449,MoodyLyrics,Who's Got Your Love,Nyasia,,,,,,happy,positive
ML1450,MoodyLyrics,Hate Is My Fuel,Destruction,,,,,,angry,negative
ML1451,MoodyLyrics,Okie Dokie,Dan Deacon,,,,,,angry,negative
ML1453,MoodyLyrics,Let's Fight,Thompson Square,,,,,,angry,negative
ML1454,MoodyLyrics,Money Honey,Bay City Rollers,,,,,,relaxed,positive
ML1455,MoodyLyrics,Lo Dudo,Frankie Ruiz,,,,,,sad,negative
ML1456,MoodyLyrics,La Puerta Del Colegio,Magneto,,,,,,sad,negative
ML1457,MoodyLyrics,I Don't Wanna Lose Your Love ,Santana,,,,,,relaxed,positive
ML1458,MoodyLyrics,C'mon And Love Me,Kiss,,,,,,happy,positive
ML1459,MoodyLyrics,Sway,The Rolling Stones,,,,,,angry,negative
ML1460,MoodyLyrics,Ten Ton Hammer,Machine Head,,,,,,angry,negative
ML1463,MoodyLyrics,Fight Fire With Fire,Kansas,,,,,,angry,negative
ML1464,MoodyLyrics,Real Love,The Beatles,,,,,,happy,positive
ML1465,MoodyLyrics,The Fire ,The Roots,,,,,,angry,negative
ML1466,MoodyLyrics,Burning Down The House,The Used,,,,,,angry,negative
ML1467,MoodyLyrics,Contra Viento Y Marea,Los Bukis,,,,,,sad,negative
ML1468,MoodyLyrics,No More Words,Anna Calvi,,,,,,happy,positive
ML1469,MoodyLyrics,Desire,Anna Calvi,,,,,,angry,negative
ML1470,MoodyLyrics,La Mujer Que No Sone,Ricardo Arjona,,,,,,sad,negative
ML1471,MoodyLyrics,Natural's Not In It,Gang Of Four,,,,,,happy,positive
ML1472,MoodyLyrics,Ordinary Pain,Stevie Wonder,,,,,,angry,negative
ML1473,MoodyLyrics,To Be Loved,Jackie Wilson,,,,,,happy,positive
ML1474,MoodyLyrics,Painkiller,Death,,,,,,angry,negative
ML1475,MoodyLyrics,Already Gone,Bayside,,,,,,sad,negative
ML1476,MoodyLyrics,In The Dirt,S. Carey,,,,,,sad,negative
ML1477,MoodyLyrics,Living Decorations,Maps & Atlases,,,,,,sad,negative
ML1478,MoodyLyrics,Free Speech For The Dumb,Metallica,,,,,,relaxed,positive
ML1479,MoodyLyrics,Paradise,Tesla,,,,,,relaxed,positive
ML1480,MoodyLyrics,See Saw,Aretha Franklin,,,,,,happy,positive
ML1481,MoodyLyrics,Your Mother Should Know,The Beatles,,,,,,happy,positive
ML1482,MoodyLyrics,You Drive Me Nervous,Alice Cooper,,,,,,angry,negative
ML1483,MoodyLyrics,Hate On Me,Jill Scott,,,,,,angry,negative
ML1484,MoodyLyrics,2wicky,Hooverphonic,,,,,,angry,negative
ML1485,MoodyLyrics,Keep Me Home ,Kraak & Smaak,,,,,,relaxed,positive
ML1486,MoodyLyrics,All Cats Are Grey,The Cure,,,,,,sad,negative
ML1487,MoodyLyrics,Vietnam,Crystal Castles,,,,,,happy,positive
ML1488,MoodyLyrics,Dirty Robot,The Lemonheads,,,,,,sad,negative
ML1489,MoodyLyrics,Unfair,Pavement,,,,,,sad,negative
ML1490,MoodyLyrics,Good Luck ,Basement Jaxx,,,,,,relaxed,positive
ML1491,MoodyLyrics,Clenching The Fists Of Dissent,Machine Head,,,,,,angry,negative
ML1492,MoodyLyrics,Over The Rainbow,Patti LaBelle,,,,,,relaxed,positive
ML1493,MoodyLyrics,God Hates Us,Avenged Sevenfold,,,,,,angry,negative
ML1494,MoodyLyrics,Fear Campaign,Fear Factory,,,,,,angry,negative
ML1495,MoodyLyrics,Peg O' My Heart,Dropkick Murphys,,,,,,happy,positive
ML1496,MoodyLyrics,Happy Birthday,Stevie Wonder,,,,,,happy,positive
ML1497,MoodyLyrics,Love Never Fails,Kem,,,,,,happy,positive
ML1498,MoodyLyrics,Sorry Seems To Be The Hardest Word ,Ray Charles,,,,,,sad,negative
ML1499,MoodyLyrics,All The Places ,Aaron Hall,,,,,,happy,positive
ML1500,MoodyLyrics,Astoria,Starfucker,,,,,,happy,positive
ML1501,MoodyLyrics,The Devil,Anna Calvi,,,,,,angry,negative
ML1502,MoodyLyrics,Running Bear,Johnny Preston,,,,,,relaxed,positive
ML1503,MoodyLyrics,The Glory Of Love,The Five Keys,,,,,,happy,positive
ML1504,MoodyLyrics,Monster Hospital,Metric,,,,,,angry,negative
ML1505,MoodyLyrics,Blue And Yellow,The Used,,,,,,sad,negative
ML1506,MoodyLyrics,Kiss Like Your Kiss,Lucinda Williams,,,,,,happy,positive
ML1507,MoodyLyrics,Bang ,Waka Flocka Flame,,,,,,sad,negative
ML1508,MoodyLyrics,It's Money That I Love,Randy Newman,,,,,,happy,positive
ML1510,MoodyLyrics,Colony Of Birchmen,Mastodon,,,,,,sad,negative
ML1511,MoodyLyrics,Lead Me Into Love,Anita Baker,,,,,,happy,positive
ML1512,MoodyLyrics,The Stroller,Jaill,,,,,,angry,negative
ML1513,MoodyLyrics,Hearts On Fire,Cut Copy,,,,,,angry,negative
ML1514,MoodyLyrics,Showbiz Blues,Fleetwood Mac,,,,,,relaxed,positive
ML1515,MoodyLyrics,Angel,Massive Attack,,,,,,happy,positive
ML1516,MoodyLyrics,Carnival,The Cardigans,,,,,,happy,positive
ML1517,MoodyLyrics,Locust Valley,Women,,,,,,sad,negative
ML1518,MoodyLyrics,I'll Be Home,The Flamingos,,,,,,relaxed,positive
ML1519,MoodyLyrics,Perfectly Lonely,John Mayer,,,,,,sad,negative
ML1520,MoodyLyrics,Another Day,Paul McCartney,,,,,,sad,negative
ML1521,MoodyLyrics,Is There A Ghost,Band Of Horses,,,,,,relaxed,positive
ML1522,MoodyLyrics,Sweet Fire Of Love,Robbie Robertson,,,,,,angry,negative
ML1523,MoodyLyrics,Conquistador,Procol Harum,,,,,,sad,negative
ML1524,MoodyLyrics,Bonded By Blood,Exodus,,,,,,sad,negative
ML1525,MoodyLyrics,Deep River Woman,Lionel Richie,,,,,,relaxed,positive
ML1526,MoodyLyrics,Be Quick Or Be Dead,Iron Maiden,,,,,,angry,negative
ML1527,MoodyLyrics,Outta My Life,Deadmau5,,,,,,sad,negative
ML1528,MoodyLyrics,Looking For A Place,Eliza Gilkyson,,,,,,sad,negative
ML1529,MoodyLyrics,Victor Jara's Hands,Calexico,,,,,,sad,negative
ML1530,MoodyLyrics,On A Real Lonely Night,Warren Haynes,,,,,,sad,negative
ML1531,MoodyLyrics,Let Me Come On Home,Otis Redding,,,,,,relaxed,positive
ML1532,MoodyLyrics,Love Is Found,Sade,,,,,,happy,positive
ML1533,MoodyLyrics,Walking Dead ,Z-Trip,,,,,,angry,negative
ML1534,MoodyLyrics,Amor,Cristian,,,,,,sad,negative
ML1535,MoodyLyrics,Rompecabezas,Aterciopelados,,,,,,sad,negative
ML1536,MoodyLyrics,Let It Grow,Eric Clapton,,,,,,relaxed,positive
ML1540,MoodyLyrics,Love Her Madly,Doors,,,,,,happy,positive
ML1541,MoodyLyrics,Fire Woman,Cult,,,,,,angry,negative
ML1542,MoodyLyrics,Aesthetics Of Hate,Machine Head,,,,,,angry,negative
ML1543,MoodyLyrics,C,Dir En Grey,,,,,,angry,negative
ML1544,MoodyLyrics,Scar Tissue,Red Hot Chili Peppers,,,,,,sad,negative
ML1545,MoodyLyrics,Light My Fire,Doors,,,,,,angry,negative
ML1550,MoodyLyrics,Gimme Shelter,Rolling Stones,,,,,,angry,negative
ML1551,MoodyLyrics,King Of The Night Time World,Kiss,,,,,,relaxed,positive
ML1552,MoodyLyrics,Asi Es El Amor,Grupo Bryndis,,,,,,sad,negative
ML1553,MoodyLyrics,A Ti,Los Angeles Negros,,,,,,sad,negative
ML1554,MoodyLyrics,Touched A Dream,R. Kelly,,,,,,relaxed,positive
ML1555,MoodyLyrics,Narrow With The Hall,Women,,,,,,sad,negative
ML1556,MoodyLyrics,Ghost Hardware,Burial,,,,,,happy,positive
ML1557,MoodyLyrics,Soon,My Bloody Valentine,,,,,,angry,negative
ML1558,MoodyLyrics,Even In Dreams,The Pains Of Being Pure At Heart,,,,,,angry,negative
ML1559,MoodyLyrics,Let The Serpent Sleep,Elf Power,,,,,,relaxed,positive
ML1560,MoodyLyrics,Simple X,Andrew Bird,,,,,,angry,negative
ML1561,MoodyLyrics,For You Blue,The Beatles,,,,,,relaxed,positive
ML1562,MoodyLyrics,My Melody Of Love,Bobby Vinton,,,,,,happy,positive
ML1563,MoodyLyrics,Shape I'm In,Arc Angels,,,,,,happy,positive
ML1564,MoodyLyrics,"Corrina, Corrina",Bob Dylan,,,,,,relaxed,positive
ML1565,MoodyLyrics,Death To All But Metal,Steel Panther,,,,,,sad,negative
ML1566,MoodyLyrics,Killer Life,Sheryl Crow,,,,,,angry,negative
ML1567,MoodyLyrics,Please Don't Tell Her,Big Head Todd & The Monsters,,,,,,happy,positive
ML1568,MoodyLyrics,Massachusetts,Aaron Lewis,,,,,,relaxed,positive
ML1569,MoodyLyrics,Songbird,Fleetwood Mac,,,,,,happy,positive
ML1570,MoodyLyrics,Party,Boston,,,,,,happy,positive
ML1571,MoodyLyrics,Maxwell's Silver Hammer,The Beatles,,,,,,sad,negative
ML1572,MoodyLyrics,Gettin' In Tune,The Who,,,,,,relaxed,positive
ML1573,MoodyLyrics,I Love You More,Rene & Angela,,,,,,happy,positive
ML1574,MoodyLyrics,Got To Be There,Chaka Khan,,,,,,relaxed,positive
ML1575,MoodyLyrics,Somewhere There's A Love,Shalamar,,,,,,happy,positive
ML1576,MoodyLyrics,Who Wants To Be Alone ,Tiesto,,,,,,relaxed,positive
ML1577,MoodyLyrics,Listen Baby,George Duke,,,,,,relaxed,positive
ML1578,MoodyLyrics,Girl Next Door ,Musiq,,,,,,relaxed,positive
ML1579,MoodyLyrics,The Perfect Girl,The Cure,,,,,,relaxed,positive
ML1580,MoodyLyrics,Echo Beach,Martha & The Muffins,,,,,,relaxed,positive
ML1581,MoodyLyrics,Girl U Want,Devo,,,,,,relaxed,positive
ML1582,MoodyLyrics,Fight Outta You,Ben Harper & The Innocent Criminals,,,,,,angry,negative
ML1583,MoodyLyrics,Trouble ,Ginuwine,,,,,,angry,negative
ML1584,MoodyLyrics,Part Of Me,Tool,,,,,,sad,negative
ML1585,MoodyLyrics,Slow And Easy,Zapp & Roger,,,,,,relaxed,positive
ML1586,MoodyLyrics,When You Talk About Love,Patti LaBelle,,,,,,happy,positive
ML1587,MoodyLyrics,No More Complaining,Mila J,,,,,,sad,negative
ML1588,MoodyLyrics,Settle For My Love ,Musiq,,,,,,happy,positive
ML1589,MoodyLyrics,Thank You Pretty Baby,Brook Benton,,,,,,happy,positive
ML1590,MoodyLyrics,Set The Controls For The Heart Of The Sun,Pink Floyd,,,,,,happy,positive
ML1591,MoodyLyrics,It's Not A Tumor ,Austrian Death Machine,,,,,,angry,negative
ML1592,MoodyLyrics,A Trigger Full Of Promises,Walls Of Jericho,,,,,,angry,negative
ML1593,MoodyLyrics,Love Of A Lifetime,Firehouse,,,,,,happy,positive
ML1594,MoodyLyrics,Burn,Jo Dee Messina,,,,,,angry,negative
ML1595,MoodyLyrics,Power Trip,Chimaira,,,,,,angry,negative
ML1596,MoodyLyrics,Go To Sleep,Radiohead,,,,,,sad,negative
ML1597,MoodyLyrics,Moonshake,Can,,,,,,relaxed,positive
ML1598,MoodyLyrics,Ever Fallen In Love?,Nouvelle Vague,,,,,,happy,positive
ML1599,MoodyLyrics,Don't Slow Down,Matt & Kim,,,,,,sad,negative
ML1600,MoodyLyrics,It's Not Your Fault,New Found Glory,,,,,,sad,negative
ML1601,MoodyLyrics,Disco Infiltrator,LCD Soundsystem,,,,,,sad,negative
ML1602,MoodyLyrics,People Can Do The Most Amazing Things,Kisses,,,,,,angry,negative
ML1603,MoodyLyrics,We Have Love,Hot Chip,,,,,,happy,positive
ML1604,MoodyLyrics,The White Of Noon,Starfucker,,,,,,angry,negative
ML1605,MoodyLyrics,I'm In Love,Wilson Pickett,,,,,,happy,positive
ML1606,MoodyLyrics,What A Horrible Night To Have A Curse,The Black Dahlia Murder,,,,,,sad,negative
ML1607,MoodyLyrics,Trash,New York Dolls,,,,,,sad,negative
ML1608,MoodyLyrics,Built For Comfort,Howlin' Wolf,,,,,,relaxed,positive
ML1609,MoodyLyrics,To Begin,Alela Diane,,,,,,sad,negative
ML1610,MoodyLyrics,Lunchmeat,Menomena,,,,,,sad,negative
ML1611,MoodyLyrics,Rainbows ,Malachai,,,,,,relaxed,positive
ML1612,MoodyLyrics,Fast Blood,Frightened Rabbit,,,,,,angry,negative
ML1613,MoodyLyrics,I'm Not That Lonely Yet,Reba McEntire,,,,,,sad,negative
ML1614,MoodyLyrics,To Love Somebody,Michael Bolton,,,,,,happy,positive
ML1615,MoodyLyrics,Intruder Alert ,Lupe Fiasco,,,,,,angry,negative
ML1616,MoodyLyrics,Let It Be Me,The Everly Brothers,,,,,,happy,positive
ML1617,MoodyLyrics,Tardes Negras,Tiziano Ferro,,,,,,sad,negative
ML1618,MoodyLyrics,What Did I Get Myself Into,Kyle Riabko,,,,,,relaxed,positive
ML1619,MoodyLyrics,I Love To Praise Him,Donnie McClurkin,,,,,,happy,positive
ML1620,MoodyLyrics,If This Is Love ,The Foreign Exchange,,,,,,happy,positive
ML1621,MoodyLyrics,Our God,Israel Houghton,,,,,,happy,positive
ML1622,MoodyLyrics,Feel Like Makin' Love,Kid Rock,,,,,,happy,positive
ML1623,MoodyLyrics,Just For What I Am,Connie Smith,,,,,,happy,positive
ML1624,MoodyLyrics,Doing Nothing,Of Montreal,,,,,,sad,negative
ML1625,MoodyLyrics,The Cruel One,Gold Motel,,,,,,sad,negative
ML1626,MoodyLyrics,Scared,Rotten Sound,,,,,,angry,negative
ML1627,MoodyLyrics,I'll Believe In Anything,Wolf Parade,,,,,,angry,negative
ML1628,MoodyLyrics,House Of Jealous Lovers,The Rapture,,,,,,relaxed,positive
ML1629,MoodyLyrics,Happy,Best Coast,,,,,,happy,positive
ML1630,MoodyLyrics,Poison City,OFF!,,,,,,angry,negative
ML1631,MoodyLyrics,Nymphetamine,Cradle Of Filth,,,,,,sad,negative
ML1632,MoodyLyrics,Lament,Mount Moriah,,,,,,angry,negative
ML1633,MoodyLyrics,Just Stand Back,Low,,,,,,sad,negative
ML1634,MoodyLyrics,Devil Town,Bright Eyes,,,,,,angry,negative
ML1635,MoodyLyrics,Something About Us,Daft Punk,,,,,,happy,positive
ML1636,MoodyLyrics,Too Much Love,LCD Soundsystem,,,,,,happy,positive
ML1637,MoodyLyrics,Contender,Fenech-Soler,,,,,,angry,negative
ML1638,MoodyLyrics,Abrazar La Vida,Luis Fonsi,,,,,,sad,negative
ML1639,MoodyLyrics,Joy To The World,Faith Hill,,,,,,happy,positive
ML1640,MoodyLyrics,Where Are You Christmas?,Faith Hill,,,,,,happy,positive
ML1641,MoodyLyrics,Love,John Lennon,,,,,,happy,positive
ML1642,MoodyLyrics,Cruisin',D'Angelo,,,,,,happy,positive
ML1643,MoodyLyrics,Happy Xmas ,John Lennon,,,,,,happy,positive
ML1644,MoodyLyrics,Lullaby For Mercy Ann,Eric Lindell,,,,,,happy,positive
ML1645,MoodyLyrics,Turncoat,Anti-Flag,,,,,,angry,negative
ML1646,MoodyLyrics,Happy In Jesus,Dottie Peoples,,,,,,happy,positive
ML1647,MoodyLyrics,Away In A Manger,CeCe Winans,,,,,,relaxed,positive
ML1648,MoodyLyrics,Because Of His Love,Brian McKnight,,,,,,happy,positive
ML1649,MoodyLyrics,Have Yourself A Merry Little Christmas,Israel & New Breed,,,,,,happy,positive
ML1650,MoodyLyrics,Home For Christmas,Daryl Hall & John Oates,,,,,,relaxed,positive
ML1651,MoodyLyrics,Blue Christmas,"Harry Connick, Jr.",,,,,,relaxed,positive
ML1652,MoodyLyrics,Joy To The World,Kenny G,,,,,,happy,positive
ML1653,MoodyLyrics,Silent Night,Peter White,,,,,,relaxed,positive
ML1654,MoodyLyrics,Joy To The World ,Vanessa Williams,,,,,,happy,positive
ML1655,MoodyLyrics,Have Yourself A Merry Little Christmas,Frank Sinatra,,,,,,happy,positive
ML1656,MoodyLyrics,Joy To The World,Mariah Carey,,,,,,happy,positive
ML1657,MoodyLyrics,Silent Night,Mariah Carey,,,,,,relaxed,positive
ML1658,MoodyLyrics,I'll Be Home For Christmas,Rascal Flatts,,,,,,relaxed,positive
ML1659,MoodyLyrics,With Bells On,Kenny Rogers & Dolly Parton,,,,,,relaxed,positive
ML1660,MoodyLyrics,Let It Be Christmas,Alan Jackson,,,,,,happy,positive
ML1661,MoodyLyrics,Pretty Paper,Kenny Chesney,,,,,,relaxed,positive
ML1662,MoodyLyrics,Silent Night,Jo Dee Messina,,,,,,relaxed,positive
ML1663,MoodyLyrics,Have Yourself A Merry Little Christmas,The Carpenters,,,,,,happy,positive
ML1664,MoodyLyrics,Silent Night,Casting Crowns,,,,,,relaxed,positive
ML1665,MoodyLyrics,Sending You A Little Christmas,Jim Brickman,,,,,,relaxed,positive
ML1666,MoodyLyrics,Carol Of The Bells,Lanae' Hale,,,,,,happy,positive
ML1667,MoodyLyrics,Have Yourself A Merry Little Christmas,James Taylor,,,,,,happy,positive
ML1668,MoodyLyrics,I Wish You A Merry Christmas,Bing Crosby,,,,,,happy,positive
ML1669,MoodyLyrics,Silent Night,Andy Williams,,,,,,relaxed,positive
ML1670,MoodyLyrics,Silent Night,Josh Groban,,,,,,relaxed,positive
ML1671,MoodyLyrics,We Wish You A Merry Christmas ,"Peter, Paul & Mary",,,,,,happy,positive
ML1672,MoodyLyrics,Have Yourself A Merry Little Christmas,Coldplay,,,,,,happy,positive
ML1673,MoodyLyrics,Silent Night,Amy Grant,,,,,,relaxed,positive
ML1674,MoodyLyrics,Let There Be Peace On Earth,Vince Gill,,,,,,relaxed,positive
ML1675,MoodyLyrics,One Little Christmas Tree,Stevie Wonder,,,,,,relaxed,positive
ML1676,MoodyLyrics,Shadow Of The Reaper,Six Feet Under,,,,,,sad,negative
ML1677,MoodyLyrics,Feliz Navidad,David Crowder Band,,,,,,happy,positive
ML1678,MoodyLyrics,Silent Night,Sanctus Real,,,,,,relaxed,positive
ML1679,MoodyLyrics,O Little Town Of Bethlehem,Out Of Eden,,,,,,relaxed,positive
ML1680,MoodyLyrics,Child Of Love,Sara Groves,,,,,,happy,positive
ML1681,MoodyLyrics,Love Came Down,Stacie Orrico,,,,,,happy,positive
ML1682,MoodyLyrics,I'll Be Home For Christmas,Michael McDonald,,,,,,relaxed,positive
ML1683,MoodyLyrics,Give Love On Christmas Day,The Jackson 5,,,,,,happy,positive
ML1684,MoodyLyrics,Have Yourself A Merry Little Christmas,The Jackson 5,,,,,,happy,positive
ML1685,MoodyLyrics,Silent Night,Frank Sinatra,,,,,,relaxed,positive
ML1686,MoodyLyrics,Happy Holidays ,Bing Crosby,,,,,,happy,positive
ML1687,MoodyLyrics,Christmas Time's A Comin',Sammy Kershaw,,,,,,happy,positive
ML1688,MoodyLyrics,All My Love For Christmas,Lonestar,,,,,,happy,positive
ML1689,MoodyLyrics,Slowly We Rot,Obituary,,,,,,angry,negative
ML1690,MoodyLyrics,Power To The People,Black Eyed Peas,,,,,,happy,positive
ML1691,MoodyLyrics,Real Love,Regina Spektor,,,,,,happy,positive
ML1692,MoodyLyrics,Have Yourself A Merry Little Christmas,Jane Monheit,,,,,,happy,positive
ML1693,MoodyLyrics,Feliz Navidad,Los Lonely Boys,,,,,,happy,positive
ML1694,MoodyLyrics,Beautiful Burnout,Underworld,,,,,,relaxed,positive
ML1695,MoodyLyrics,Alice Practice,Crystal Castles,,,,,,sad,negative
ML1696,MoodyLyrics,Another World,The Chemical Brothers,,,,,,happy,positive
ML1697,MoodyLyrics,White Christmas Makes Me Blue,Randy Travis,,,,,,relaxed,positive
ML1698,MoodyLyrics,Blue Christmas,Lady Antebellum,,,,,,relaxed,positive
ML1699,MoodyLyrics,Sombre Con,Rose,,,,,,sad,negative
ML1700,MoodyLyrics,Blind,Talking Heads,,,,,,sad,negative
ML1701,MoodyLyrics,Thank God It's Christmas,Queen,,,,,,happy,positive
ML1702,MoodyLyrics,Nobody's Fault But My Own,Beck,,,,,,sad,negative
ML1703,MoodyLyrics,Matte Kudasai,King Crimson,,,,,,sad,negative
ML1704,MoodyLyrics,Joy To The World ,Chris Tomlin,,,,,,happy,positive
ML1705,MoodyLyrics,Family Tree,Dave Barnes,,,,,,relaxed,positive
ML1706,MoodyLyrics,Joseph's Lullaby,MERCY ME,,,,,,relaxed,positive
ML1707,MoodyLyrics,Happy Birthday Jesus,Brooklyn Tabernacle Choir,,,,,,happy,positive
ML1708,MoodyLyrics,Empty & Beautiful,Matt Maher,,,,,,angry,negative
ML1709,MoodyLyrics,Give Love On Christmas Day,The Temptations,,,,,,happy,positive
ML1710,MoodyLyrics,Silent Night,Ledisi,,,,,,relaxed,positive
ML1711,MoodyLyrics,Have Yourself A Merry Little Christmas,Ledisi,,,,,,happy,positive
ML1712,MoodyLyrics,Christmas Ain't Christmas ,The O'Jays,,,,,,happy,positive
ML1713,MoodyLyrics,What A Wonderful World,Ledisi,,,,,,relaxed,positive
ML1714,MoodyLyrics,Handbook For The Recently Deceased,The Damned Things,,,,,,angry,negative
ML1715,MoodyLyrics,Feliz Navidad,Jaci Velasquez,,,,,,happy,positive
ML1716,MoodyLyrics,Ayer,Luis Miguel,,,,,,sad,negative
ML1717,MoodyLyrics,Give Love On Christmas Day,Yolanda Adams,,,,,,happy,positive
ML1718,MoodyLyrics,Mad About You,Slaughter,,,,,,angry,negative
ML1719,MoodyLyrics,Merry Christmas ,The Ramones,,,,,,happy,positive
ML1720,MoodyLyrics,Merry Christmas Baby,B.B. King,,,,,,happy,positive
ML1721,MoodyLyrics,This Christmas,"Harry Connick, Jr.",,,,,,happy,positive
ML1722,MoodyLyrics,This Christmas,Gloria Estefan,,,,,,happy,positive
ML1723,MoodyLyrics,Have Yourself A Merry Little Christmas,Diana Krall,,,,,,happy,positive
ML1724,MoodyLyrics,Pretty Little Angel Eyes,Curtis Lee,,,,,,happy,positive
ML1725,MoodyLyrics,Theme From An Imaginary Western,Mountain,,,,,,sad,negative
ML1726,MoodyLyrics,Silent Night,Bing Crosby,,,,,,relaxed,positive
ML1727,MoodyLyrics,Swampblood,Th' Legendary Shack Shakers,,,,,,sad,negative
ML1728,MoodyLyrics,I'm In Love,Aretha Franklin,,,,,,happy,positive
ML1729,MoodyLyrics,Everything Must Change,Karrin Allyson,,,,,,relaxed,positive
ML1730,MoodyLyrics,On Fire,JJ Grey & Mofro,,,,,,angry,negative
ML1732,MoodyLyrics,Crystal River,Mudcrutch,,,,,,relaxed,positive
ML1733,MoodyLyrics,What A Wonderful World,Louis Armstrong,,,,,,relaxed,positive
ML1734,MoodyLyrics,Going Home,The Rolling Stones,,,,,,relaxed,positive
ML1736,MoodyLyrics,Blue Christmas,Brooks & Dunn,,,,,,relaxed,positive
ML1737,MoodyLyrics,Pretty Paper,Randy Travis,,,,,,relaxed,positive
ML1738,MoodyLyrics,Warzone,Slayer,,,,,,angry,negative
ML1739,MoodyLyrics,Hot Patootie-Bless My Soul,Meat Loaf,,,,,,relaxed,positive
ML1740,MoodyLyrics,Girls,The Prodigy,,,,,,happy,positive
ML1741,MoodyLyrics,Silent Night,Susan Boyle,,,,,,relaxed,positive
ML1742,MoodyLyrics,Blue Christmas,Vince Gill,,,,,,relaxed,positive
ML1743,MoodyLyrics,Blue Christmas,Ricky Van Shelton,,,,,,relaxed,positive
ML1744,MoodyLyrics,Blue Christmas,Clay Walker,,,,,,relaxed,positive
ML1745,MoodyLyrics,Ain't That Lovin' You,Mick Hucknall,,,,,,happy,positive
ML1746,MoodyLyrics,Got You Home,Luther Vandross,,,,,,relaxed,positive
ML1747,MoodyLyrics,Favorite Girl,Marques Houston,,,,,,relaxed,positive
ML1748,MoodyLyrics,Love Song ,Boney James,,,,,,happy,positive
ML1749,MoodyLyrics,Love Or Prison,Blonde Redhead,,,,,,happy,positive
ML1750,MoodyLyrics,Little Bird,Goldfrapp,,,,,,relaxed,positive
ML1751,MoodyLyrics,Soma,Smashing Pumpkins,,,,,,angry,negative
ML1752,MoodyLyrics,Nearer,Moby,,,,,,relaxed,positive
ML1753,MoodyLyrics,Auf Wiedersehen,Cheap Trick,,,,,,angry,negative
ML1754,MoodyLyrics,Here Sometimes,Blonde Redhead,,,,,,relaxed,positive
ML1755,MoodyLyrics,Ghost Symbol,Zero 7,,,,,,relaxed,positive
ML1756,MoodyLyrics,Frances Farmer Will Have Her Revenge On Seattle,Nirvana,,,,,,sad,negative
ML1757,MoodyLyrics,Making Plans For Nigel,Nouvelle Vague,,,,,,happy,positive
ML1758,MoodyLyrics,Prayers For Rain,The Cure,,,,,,sad,negative
ML1759,MoodyLyrics,The Funeral,Band Of Horses,,,,,,sad,negative
ML1760,MoodyLyrics,Colors,Barcelona,,,,,,angry,negative
ML1761,MoodyLyrics,Oyeme Chatita,Joan Sebastian,,,,,,sad,negative
ML1762,MoodyLyrics,Si Te Vas No Hay Lio,Vicente Fernandez,,,,,,sad,negative
ML1764,MoodyLyrics,Reign Of Fire,Armored Saint,,,,,,angry,negative
ML1765,MoodyLyrics,Am I Blue?,Billie Holiday,,,,,,sad,negative
ML1766,MoodyLyrics,None Of Us Are Free,Solomon Burke,,,,,,relaxed,positive
ML1767,MoodyLyrics,Night Life,The Little Willies,,,,,,happy,positive
ML1768,MoodyLyrics,Careless Love,Madeleine Peyroux,,,,,,happy,positive
ML1770,MoodyLyrics,How Can I Refuse,Heart,,,,,,angry,negative
ML1771,MoodyLyrics,Sad Lisa,Cat Stevens,,,,,,sad,negative
ML1772,MoodyLyrics,Cold Fire,Rush,,,,,,angry,negative
ML1773,MoodyLyrics,So Sad To Say,The Mighty Mighty Bosstones,,,,,,sad,negative
ML1774,MoodyLyrics,Feeling Called Love,Wire,,,,,,happy,positive
ML1775,MoodyLyrics,My Love,Lykke Li,,,,,,happy,positive
ML1776,MoodyLyrics,Her Majesty,The Beatles,,,,,,relaxed,positive
ML1777,MoodyLyrics,La Copa Rota,Jose Feliciano,,,,,,sad,negative
ML1778,MoodyLyrics,Surfer Girl,The Beach Boys,,,,,,relaxed,positive
ML1779,MoodyLyrics,I Hear Music,Billie Holiday,,,,,,relaxed,positive
ML1780,MoodyLyrics,Baby I Love You,Aretha Franklin,,,,,,happy,positive
ML1781,MoodyLyrics,Victory,Kool & The Gang,,,,,,happy,positive
ML1782,MoodyLyrics,Night Life,Willie Nelson & Wynton Marsalis,,,,,,happy,positive
ML1783,MoodyLyrics,Two Can Win,J Dilla,,,,,,happy,positive
ML1784,MoodyLyrics,You,George Harrison,,,,,,happy,positive
ML1785,MoodyLyrics,When I'm Loving You,Kem,,,,,,relaxed,positive
ML1786,MoodyLyrics,"Crying, My Little One",Natalie Merchant,,,,,,relaxed,positive
ML1787,MoodyLyrics,So Much In Love,All-4-One,,,,,,happy,positive
ML1788,MoodyLyrics,Takin' It Easy,Lacy J. Dalton,,,,,,relaxed,positive
ML1789,MoodyLyrics,Gila,Beach House,,,,,,sad,negative
ML1790,MoodyLyrics,While Men Are Dreaming,Jenny And Johnny,,,,,,relaxed,positive
ML1791,MoodyLyrics,It's What I Want,Royksopp,,,,,,relaxed,positive
ML1792,MoodyLyrics,All Is Not Lost,OK Go,,,,,,angry,negative
ML1793,MoodyLyrics,Endless Shovel,Rogue Wave,,,,,,sad,negative
ML1794,MoodyLyrics,Steam Machine,Daft Punk,,,,,,sad,negative
ML1795,MoodyLyrics,Is This Love?,Clap Your Hands Say Yeah,,,,,,happy,positive
ML1796,MoodyLyrics,Hate And War,The Clash,,,,,,angry,negative
ML1797,MoodyLyrics,The Passion Of Lovers,Bauhaus,,,,,,angry,negative
ML1798,MoodyLyrics,Respect Yourself,Huey Lewis And The News,,,,,,relaxed,positive
ML1799,MoodyLyrics,Army Bound,Ted Leo & The Pharmacists,,,,,,sad,negative
ML1800,MoodyLyrics,He War,Cat Power,,,,,,angry,negative
ML1801,MoodyLyrics,Love Boat Theme,Jack Jones,,,,,,happy,positive
ML1802,MoodyLyrics,Set Me Free,The Kinks,,,,,,relaxed,positive
ML1803,MoodyLyrics,Shake That Devil,Antony & The Johnsons,,,,,,relaxed,positive
ML1804,MoodyLyrics,Unstoppable,Foxy Shazam,,,,,,sad,negative
ML1805,MoodyLyrics,La La Love You,The Pixies,,,,,,happy,positive
ML1806,MoodyLyrics,Do You Love Me Now?,The Breeders,,,,,,happy,positive
ML1807,MoodyLyrics,Just ,Mark Ronson,,,,,,sad,negative
ML1808,MoodyLyrics,A Pretty Good Guy,Chris Knight,,,,,,happy,positive
ML1809,MoodyLyrics,Revolution 909,Daft Punk,,,,,,relaxed,positive
ML1810,MoodyLyrics,Tender Buttons,Broadcast,,,,,,sad,negative
ML1811,MoodyLyrics,The Ballad Of The Sin Father,Ted Leo & The Pharmacists,,,,,,angry,negative
ML1812,MoodyLyrics,Nothing But Love ,Axwell,,,,,,happy,positive
ML1813,MoodyLyrics,Burn In Hell,Twisted Sister,,,,,,angry,negative
ML1814,MoodyLyrics,The Toxic Waltz,Exodus,,,,,,angry,negative
ML1815,MoodyLyrics,Fire,The Red Hot Chili Peppers,,,,,,angry,negative
ML1816,MoodyLyrics,I Will Be,Dum Dum Girls,,,,,,relaxed,positive
ML1817,MoodyLyrics,House Of Diamonds,Bowerbirds,,,,,,relaxed,positive
ML1818,MoodyLyrics,Alone,Bullet For My Valentine,,,,,,sad,negative
ML1819,MoodyLyrics,Louder Than Love,TKA,,,,,,happy,positive
ML1820,MoodyLyrics,Without Love ,Tom Jones,,,,,,happy,positive
ML1821,MoodyLyrics,La Rueda,Frankie Ruiz,,,,,,sad,negative
ML1823,MoodyLyrics,Race Of Doom,Devo,,,,,,angry,negative
ML1824,MoodyLyrics,Fight Like A Brave,The Red Hot Chili Peppers,,,,,,angry,negative
ML1825,MoodyLyrics,Glamour Boys,Living Colour,,,,,,relaxed,positive
ML1827,MoodyLyrics,Looking For A Love,The J. Geils Band,,,,,,happy,positive
ML1828,MoodyLyrics,Set Fire To The Face On Fire,Blood Brothers,,,,,,angry,negative
ML1829,MoodyLyrics,Fight For Life,Times Of Grace,,,,,,angry,negative
ML1830,MoodyLyrics,Floods,Pantera,,,,,,angry,negative
ML1832,MoodyLyrics,Little Girl Blue,Sarah Vaughan,,,,,,relaxed,positive
ML1833,MoodyLyrics,Love Gotcha,Coco Montoya,,,,,,happy,positive
ML1835,MoodyLyrics,The Limit To Your Love,Feist,,,,,,happy,positive
ML1836,MoodyLyrics,Into You,Kem,,,,,,relaxed,positive
ML1837,MoodyLyrics,Beso En La Boca,Axe Bahia,,,,,,sad,negative
ML1838,MoodyLyrics,Molly's Lips,The Vaselines,,,,,,happy,positive
ML1839,MoodyLyrics,Blue Skies,Dinah Washington,,,,,,relaxed,positive
ML1840,MoodyLyrics,Bedda At Home,Jill Scott,,,,,,relaxed,positive
ML1841,MoodyLyrics,Sharing You,Mitty Collier,,,,,,happy,positive
ML1842,MoodyLyrics,Armoured Assault,Evile,,,,,,angry,negative
ML1843,MoodyLyrics,Sailor,The Brian Jonestown Massacre,,,,,,sad,negative
ML1844,MoodyLyrics,Sun,Caribou,,,,,,relaxed,positive
ML1845,MoodyLyrics,Send Me The Pillow You Dream On,Dean Martin,,,,,,relaxed,positive
ML1846,MoodyLyrics,The Descent,Abysmal Dawn,,,,,,sad,negative
ML1847,MoodyLyrics,Close Your Eyes,The Five Keys,,,,,,happy,positive
ML1848,MoodyLyrics,Rocks In My Bed,Ella Fitzgerald,,,,,,relaxed,positive
ML1849,MoodyLyrics,The End of The World,The Cure,,,,,,happy,positive
ML1850,MoodyLyrics,Surfin' Bird,The Ramones,,,,,,relaxed,positive
ML1851,MoodyLyrics,Banquet,Bloc Party,,,,,,angry,negative
ML1852,MoodyLyrics,If Only,The Kooks,,,,,,angry,negative
ML1853,MoodyLyrics,Candle ,The White Tie Affair,,,,,,sad,negative
ML1854,MoodyLyrics,This Is The Last Time,Keane,,,,,,sad,negative
ML1855,MoodyLyrics,I Am One,Smashing Pumpkins,,,,,,angry,negative
ML1856,MoodyLyrics,Lucky,Bif Naked,,,,,,happy,positive
ML1857,MoodyLyrics,Twist Of Fate,Visions Of Atlantis,,,,,,angry,negative
ML1858,MoodyLyrics,War On War,Wilco,,,,,,angry,negative
ML1859,MoodyLyrics,Pretty Bird,Jenny Lewis,,,,,,relaxed,positive
ML1860,MoodyLyrics,Conquest Of Others,Visions Of Atlantis,,,,,,angry,negative
ML1861,MoodyLyrics,Firecracker,Steel Train,,,,,,sad,negative
ML1862,MoodyLyrics,Blunt Force Trauma,Cavalera Conspiracy,,,,,,angry,negative
ML1863,MoodyLyrics,Iron Tusk,Mastodon,,,,,,angry,negative
ML1864,MoodyLyrics,San Juan Sin Ti,Luis Enrique,,,,,,sad,negative
ML1865,MoodyLyrics,Hacer El Amor Con Otro,Alejandra Guzman,,,,,,sad,negative
ML1866,MoodyLyrics,Kentucky Woman,Neil Diamond,,,,,,relaxed,positive
ML1867,MoodyLyrics,Matadjem Yinmixan,Tinariwen,,,,,,angry,negative
ML1868,MoodyLyrics,Heart Of Gold ,Charles Bradley,,,,,,happy,positive
ML1869,MoodyLyrics,Love And Affection,Joan Armatrading,,,,,,happy,positive
ML1870,MoodyLyrics,Love Rhymes With Hideous Car Wreck,Blood Brothers,,,,,,happy,positive
ML1871,MoodyLyrics,Burial,Miike Snow,,,,,,angry,negative
ML1872,MoodyLyrics,Hurry On Now,Alice Russell,,,,,,sad,negative
ML1873,MoodyLyrics,I Can Love You Better,Dixie Chicks,,,,,,happy,positive
ML1874,MoodyLyrics,Family Tree,Darryl Worley,,,,,,relaxed,positive
ML1875,MoodyLyrics,Hooked On An 8 Second Ride,Chris Ledoux,,,,,,angry,negative
ML1876,MoodyLyrics,Wisdom,The Brian Jonestown Massacre,,,,,,happy,positive
ML1877,MoodyLyrics,We'll Burn That Bridge,Brooks & Dunn,,,,,,angry,negative
ML1878,MoodyLyrics,That's Not My Name,The Ting Tings,,,,,,sad,negative
ML1879,MoodyLyrics,Baby It's Your Life,John Gold,,,,,,happy,positive
ML1880,MoodyLyrics,Here Comes The Sun,Richie Havens,,,,,,relaxed,positive
ML1881,MoodyLyrics,I'm On Fire,Sophie Milman,,,,,,angry,negative
ML1882,MoodyLyrics,Seek &#x26; Destroy,Metallica,,,,,,angry,negative
ML1883,MoodyLyrics,Nude,Radiohead,,,,,,sad,negative
ML1884,MoodyLyrics,All My Hate And My Hexes Are For You,Crocodiles,,,,,,angry,negative
ML1886,MoodyLyrics,Love Is The Law,The Suburbs,,,,,,happy,positive
ML1887,MoodyLyrics,Everybody's Gonna Be Happy,The Kinks,,,,,,happy,positive
ML1888,MoodyLyrics,Love In My Pocket,VHS Or Beta,,,,,,happy,positive
ML1889,MoodyLyrics,Sagittarius Silver Announcement,The Flaming Lips,,,,,,relaxed,positive
ML1890,MoodyLyrics,Long Lonely Nights,Lee Andrews & The Hearts,,,,,,sad,negative
ML1891,MoodyLyrics,Neon Lights,Kraftwerk,,,,,,sad,negative
ML1892,MoodyLyrics,Till The Morning Comes,The Grateful Dead,,,,,,relaxed,positive
ML1894,MoodyLyrics,Hurt,Timi Yuro,,,,,,angry,negative
ML1895,MoodyLyrics,Hurricane,Eric Benet,,,,,,angry,negative
ML1896,MoodyLyrics,Metal Will Never Die ,David Rock Feinstein,,,,,,sad,negative
ML1897,MoodyLyrics,Glory To Your Name,Byron Cage,,,,,,happy,positive
ML1898,MoodyLyrics,I'm Ready For Love,Martha & The Vandellas,,,,,,happy,positive
ML1899,MoodyLyrics,Things I Did When I Was Dead,No Age,,,,,,angry,negative
ML1900,MoodyLyrics,Evil Seeds,The Raveonettes,,,,,,angry,negative
ML1901,MoodyLyrics,Lonely,Atreyu,,,,,,sad,negative
ML1902,MoodyLyrics,Stay In Shadow,Finger Eleven,,,,,,sad,negative
ML1903,MoodyLyrics,I Won't Tell You,Lacuna Coil,,,,,,angry,negative
ML1904,MoodyLyrics,Sky Is Over,Serj Tankian,,,,,,relaxed,positive
ML1905,MoodyLyrics,Broken Glass,Buckcherry,,,,,,sad,negative
ML1906,MoodyLyrics,Bruised But Not Broken,Joss Stone,,,,,,angry,negative
ML1907,MoodyLyrics,Because Of Love,Janet Jackson,,,,,,happy,positive
ML1908,MoodyLyrics,You Stupid Girl,Framing Hanley,,,,,,sad,negative
ML1909,MoodyLyrics,Se Me Antoja Tu Piel,Los Primos De Durango,,,,,,sad,negative
ML1910,MoodyLyrics,Innocent,Alexander O'Neal,,,,,,relaxed,positive
ML1911,MoodyLyrics,Nobody Wins A War ,Raheem DeVaughn,,,,,,angry,negative
ML1912,MoodyLyrics,Sexy Dancer,Prince,,,,,,happy,positive
ML1913,MoodyLyrics,Love Never Changes,Ledisi,,,,,,happy,positive
ML1914,MoodyLyrics,Save Me,Unwritten Law,,,,,,sad,negative
ML1915,MoodyLyrics,A Gathering Of Ghouls,Gwar,,,,,,angry,negative
ML1916,MoodyLyrics,Stay With Me,BarlowGirl,,,,,,angry,negative
ML1917,MoodyLyrics,Oh Larsen B,British Sea Power,,,,,,sad,negative
ML1918,MoodyLyrics,Angry World,Neil Young,,,,,,angry,negative
ML1919,MoodyLyrics,Bloodsport,Sneaker Pimps,,,,,,happy,positive
ML1920,MoodyLyrics,Dull Life,Yeah Yeah Yeahs,,,,,,angry,negative
ML1921,MoodyLyrics,Corazoncito Tirano,Chalino Sanchez,,,,,,sad,negative
ML1922,MoodyLyrics,U-Love,J Dilla,,,,,,happy,positive
ML1923,MoodyLyrics,Super Soaker,Wavves,,,,,,sad,negative
ML1924,MoodyLyrics,Sunny Day,Film School,,,,,,happy,positive
ML1925,MoodyLyrics,The Ghost Of Rockschool,Belle & Sebastian,,,,,,relaxed,positive
ML1926,MoodyLyrics,Blake's View,M. Ward,,,,,,sad,negative
ML1927,MoodyLyrics,Gonna Get This ,Hannah Montana,,,,,,relaxed,positive
ML1928,MoodyLyrics,All And All,Joyce Sims,,,,,,relaxed,positive
ML1929,MoodyLyrics,Live Free Or Let Me Die,Skillet,,,,,,angry,negative
ML1930,MoodyLyrics,Too Much Passion,The Smithereens,,,,,,happy,positive
ML1931,MoodyLyrics,Lookin' For A Love,Bobby Womack,,,,,,happy,positive
ML1932,MoodyLyrics,Lazy Afternoon,Vanessa Williams,,,,,,sad,negative
ML1933,MoodyLyrics,Just Kiss Me,"Harry Connick, Jr.",,,,,,happy,positive
ML1934,MoodyLyrics,How Great Is Our God ,Jonathan Nelson,,,,,,happy,positive
ML1935,MoodyLyrics,I Smell Trouble,Buddy Guy,,,,,,angry,negative
ML1936,MoodyLyrics,One Love,The Prodigy,,,,,,happy,positive
ML1937,MoodyLyrics,You Think You're A Man,The Vaselines,,,,,,relaxed,positive
ML1938,MoodyLyrics,Above The Bones,Mishka,,,,,,relaxed,positive
ML1939,MoodyLyrics,The Drinks We Drank Last Night,Azure Ray,,,,,,sad,negative
ML1940,MoodyLyrics,The Sparrow Looks Up At The Machine,The Flaming Lips,,,,,,sad,negative
ML1942,MoodyLyrics,We Have All The Time In The World,Louis Armstrong,,,,,,happy,positive
ML1943,MoodyLyrics,Time To Waste,Alkaline Trio,,,,,,sad,negative
ML1944,MoodyLyrics,Hasta Que Vuelvas Conmigo ,Marc Anthony,,,,,,sad,negative
ML1945,MoodyLyrics,Ticket To Ride,The Carpenters,,,,,,sad,negative
ML1946,MoodyLyrics,After The Hurricane,Jazmine Sullivan,,,,,,angry,negative
ML1947,MoodyLyrics,Try If You Want,Beres Hammond,,,,,,angry,negative
ML1948,MoodyLyrics,Heavenly,Alaine,,,,,,happy,positive
ML1949,MoodyLyrics,Happy Talk,John Pizzarelli,,,,,,relaxed,positive
ML1950,MoodyLyrics,Somewhere Over The Rainbow ,Ray Charles,,,,,,relaxed,positive
ML1953,MoodyLyrics,I Can't Stay Mad At You,Skeeter Davis,,,,,,angry,negative
ML1954,MoodyLyrics,Miracle,Cascada,,,,,,happy,positive
ML1955,MoodyLyrics,"Easy, Easy, Got To Take It Easy",Teddy Pendergrass,,,,,,relaxed,positive
ML1956,MoodyLyrics,In And Out Of Love,Armin Van Buuren,,,,,,happy,positive
ML1957,MoodyLyrics,Dream Baby ,Glen Campbell,,,,,,relaxed,positive
ML1958,MoodyLyrics,Believe,Disturbed,,,,,,angry,negative
ML1959,MoodyLyrics,Anoche Estuve Llorando,Los Traileros Del Norte,,,,,,sad,negative
ML1960,MoodyLyrics,Weekend Love,Queen Latifah,,,,,,happy,positive
ML1961,MoodyLyrics,I'm Happy Just To Dance With You,The Beatles,,,,,,happy,positive
ML1962,MoodyLyrics,Head Home,Midlake,,,,,,relaxed,positive
ML1963,MoodyLyrics,Amor Limosnero,Joan Sebastian,,,,,,sad,negative
ML1964,MoodyLyrics,Getting Down,The Kills,,,,,,angry,negative
ML1965,MoodyLyrics,Necrophobic,Slayer,,,,,,sad,negative
ML1966,MoodyLyrics,The Bold Arrow Of Time,Tame Impala,,,,,,sad,negative
ML1967,MoodyLyrics,Naked Cities,Buke And Gass,,,,,,sad,negative
ML1968,MoodyLyrics,Pittsburgh,We Are Scientists,,,,,,relaxed,positive
ML1969,MoodyLyrics,Falling And Laughing,Orange Juice,,,,,,angry,negative
ML1970,MoodyLyrics,Undercover Martyn,Two Door Cinema Club,,,,,,sad,negative
ML1971,MoodyLyrics,My Shirt Looks Good On You,Catie Curtis,,,,,,happy,positive
ML1972,MoodyLyrics,You're Only Lonely,Raul Malo,,,,,,sad,negative
ML1973,MoodyLyrics,Beautiful Tragedy,In This Moment,,,,,,angry,negative
ML1974,MoodyLyrics,Fire Eye'd Boy,Broken Social Scene,,,,,,angry,negative
ML1975,MoodyLyrics,Crash Into Me,Dave Matthews & Tim Reynolds,,,,,,angry,negative
ML1976,MoodyLyrics,Butterfly,Andy Williams,,,,,,relaxed,positive
ML1977,MoodyLyrics,Cruz De Olvido,Luis Miguel,,,,,,sad,negative
ML1978,MoodyLyrics,Meat Is Murder,The Smiths,,,,,,sad,negative
ML1979,MoodyLyrics,Your Biggest Mistake,Ellie Goulding,,,,,,sad,negative
ML1980,MoodyLyrics,Cold Dust Girl,Hey Champ,,,,,,sad,negative
ML1981,MoodyLyrics,Been Here Before,La Sera,,,,,,happy,positive
ML1982,MoodyLyrics,Sad,Eisley,,,,,,sad,negative
ML1983,MoodyLyrics,Hard Livin',Railroad Earth,,,,,,sad,negative
ML1984,MoodyLyrics,Fight,Ben Kweller,,,,,,angry,negative
ML1985,MoodyLyrics,Sea Of Love,Cat Power,,,,,,happy,positive
ML1986,MoodyLyrics,Total War,Warbringer,,,,,,angry,negative
ML1987,MoodyLyrics,Legs Of Bees,Fruit Bats,,,,,,sad,negative
ML1988,MoodyLyrics,Johnny Cash,Sons And Daughters,,,,,,relaxed,positive
ML1989,MoodyLyrics,Deeper And Deeper ,The Fixx,,,,,,sad,negative
ML1990,MoodyLyrics,Beautiful World,Devo,,,,,,happy,positive
ML1991,MoodyLyrics,Millions,Starfucker,,,,,,angry,negative
ML1992,MoodyLyrics,Chapter 24,Pink Floyd,,,,,,relaxed,positive
ML1993,MoodyLyrics,Search For Delicious,Panda Bear,,,,,,angry,negative
ML1994,MoodyLyrics,Ain't No Easy Way,Black Rebel Motorcycle Club,,,,,,relaxed,positive
ML1995,MoodyLyrics,Only Love Can Break Your Heart,Neil Young,,,,,,happy,positive
ML1996,MoodyLyrics,Poison Arrow,ABC,,,,,,angry,negative
ML1997,MoodyLyrics,Sleigh Ride,TLC,,,,,,happy,positive
ML1998,MoodyLyrics,Anchor,Alejandro Escovedo,,,,,,happy,positive
ML1999,MoodyLyrics,Happy Holiday,Peggy Lee,,,,,,happy,positive
ML2000,MoodyLyrics,Falling Backwards,Bloodsimple,,,,,,angry,negative
ML2001,MoodyLyrics,My Angel Baby,Toby Beau,,,,,,relaxed,positive
ML2002,MoodyLyrics,Feliz Navidad,Jon Secada,,,,,,happy,positive
ML2003,MoodyLyrics,Don't You Get So Mad,Jeffrey Osborne,,,,,,angry,negative
ML2004,MoodyLyrics,Christmas In Heaven,James Brown,,,,,,happy,positive
ML2005,MoodyLyrics,Blue Christmas,Ann & Nancy Wilson,,,,,,relaxed,positive
ML2006,MoodyLyrics,Feliz Navidad,Julianne Hough,,,,,,happy,positive
ML2007,MoodyLyrics,Arrested For Driving While Blind,ZZ Top,,,,,,sad,negative
ML2008,MoodyLyrics,Self Bias Resistor,Fear Factory,,,,,,angry,negative
ML2009,MoodyLyrics,Soulful Christmas,James Brown,,,,,,happy,positive
ML2010,MoodyLyrics,The Fame,Lady Gaga,,,,,,happy,positive
ML2011,MoodyLyrics,Amazing,Inna,,,,,,angry,negative
ML2012,MoodyLyrics,Fire In Your New Shoes ,Kaskade,,,,,,angry,negative
ML2013,MoodyLyrics,One Gift,Michael McDonald,,,,,,happy,positive
ML2014,MoodyLyrics,Reflections,Jeff Lorber,,,,,,relaxed,positive
ML2015,MoodyLyrics,Have Yourself A Merry Little Christmas,Whitney Houston,,,,,,happy,positive
ML2016,MoodyLyrics,Christmas Without You,Kenny Rogers & Dolly Parton,,,,,,happy,positive
ML2017,MoodyLyrics,El Amor,Jose Luis Perales,,,,,,sad,negative
ML2018,MoodyLyrics,Comin' Under Fire,Def Leppard,,,,,,angry,negative
ML2019,MoodyLyrics,That's How Strong My Love Is,Alicia Keys,,,,,,happy,positive
ML2020,MoodyLyrics,Hey! Baby,Bruce Channel,,,,,,relaxed,positive
ML2021,MoodyLyrics,Winter Song,Sara Bareilles & Ingrid Michaelson,,,,,,happy,positive
ML2022,MoodyLyrics,Give Love On Christmas Day,Ledisi,,,,,,happy,positive
ML2023,MoodyLyrics,God Bless Us,Echoing Angels,,,,,,relaxed,positive
ML2024,MoodyLyrics,White Christmas,Al Jarreau,,,,,,relaxed,positive
ML2025,MoodyLyrics,Christmas Everyday,The Temptations,,,,,,happy,positive
ML2026,MoodyLyrics,My Christmas Tree,The Supremes,,,,,,relaxed,positive
ML2027,MoodyLyrics,Cinco Locos,Bronco,,,,,,sad,negative
ML2028,MoodyLyrics,Burn The Earth,Dethklok,,,,,,angry,negative
ML2030,MoodyLyrics,Can't Buy Me Love,Wayne Brady,,,,,,happy,positive
ML2031,MoodyLyrics,A Kiss For Christmas,Luther Vandross,,,,,,happy,positive
ML2032,MoodyLyrics,What You Won't Do For Love,Boyz II Men,,,,,,happy,positive
ML2033,MoodyLyrics,With A Christmas Heart,Luther Vandross,,,,,,happy,positive
ML2034,MoodyLyrics,Silent Night,Wilson Phillips,,,,,,relaxed,positive
ML2035,MoodyLyrics,All I Want For Christmas,LeAnn Rimes,,,,,,relaxed,positive
ML2036,MoodyLyrics,The Happy Elf,"Harry Connick, Jr.",,,,,,happy,positive
ML2037,MoodyLyrics,Silent Night,Jackie Evancho,,,,,,relaxed,positive
ML2038,MoodyLyrics,Our Love Is Loud,David Crowder Band,,,,,,happy,positive
ML2039,MoodyLyrics,Joy To The World,Point Of Grace,,,,,,happy,positive
ML2040,MoodyLyrics,This Christmas Day,Trans-Siberian Orchestra,,,,,,relaxed,positive
ML2041,MoodyLyrics,Christmas Jam,Trans-Siberian Orchestra,,,,,,happy,positive
ML2042,MoodyLyrics,Don't Save It All For Christmas Day,Celine Dion,,,,,,happy,positive
ML2043,MoodyLyrics,We Wish You A Merry Christmas,John Denver & The Muppets,,,,,,happy,positive
ML2044,MoodyLyrics,Do You Hear What I Hear,Vince Gill,,,,,,relaxed,positive
ML2045,MoodyLyrics,Silent Night,"Harry Connick, Jr.",,,,,,relaxed,positive
ML2046,MoodyLyrics,You Send Me,Rachelle Ferrell,,,,,,happy,positive
ML2047,MoodyLyrics,Take Love Easy ,Ella Fitzgerald,,,,,,relaxed,positive
ML2048,MoodyLyrics,Taking You Home,Don Henley,,,,,,relaxed,positive
ML2049,MoodyLyrics,Silent Night,Gloriana,,,,,,relaxed,positive
ML2050,MoodyLyrics,Silent Night,Dean Martin,,,,,,relaxed,positive
ML2051,MoodyLyrics,"Another Place, Another Time",Jerry Lee Lewis,,,,,,sad,negative
ML2052,MoodyLyrics,For The Heart,Elvis Presley,,,,,,happy,positive
ML2053,MoodyLyrics,Blue Christmas,Johnny Cash,,,,,,relaxed,positive
ML2054,MoodyLyrics,The Gifts They Gave,Johnny Cash,,,,,,relaxed,positive
ML2056,MoodyLyrics,Vindicated,Dashboard Confessional,,,,,,sad,negative
ML2057,MoodyLyrics,Home Sweet Home,Carrie Underwood,,,,,,relaxed,positive
ML2058,MoodyLyrics,How You Love Me Now,Hey Monday,,,,,,relaxed,positive
ML2059,MoodyLyrics,Cold War,Janelle Monae,,,,,,angry,negative
ML2060,MoodyLyrics,53rd & 3rd,The Ramones,,,,,,sad,negative
ML2062,MoodyLyrics,Crusher Destroyer,Mastodon,,,,,,angry,negative
ML2063,MoodyLyrics,Serpent's Kiss,Symphony X,,,,,,angry,negative
ML2064,MoodyLyrics,The Power Of Your Love,Geoff Bullock,,,,,,happy,positive
ML2065,MoodyLyrics,The Door,Keb' Mo',,,,,,sad,negative
ML2066,MoodyLyrics,Go Insane,Lindsey Buckingham,,,,,,angry,negative
ML2067,MoodyLyrics,Love Lost,The Temper Trap,,,,,,angry,negative
ML2068,MoodyLyrics,All Is Love,Karen O And The Kids,,,,,,happy,positive
ML2069,MoodyLyrics,Rolling Blackouts,The Go! Team,,,,,,sad,negative
ML2070,MoodyLyrics,Oh My God,Kaiser Chiefs,,,,,,relaxed,positive
ML2071,MoodyLyrics,No Sound But The Wind,Editors,,,,,,angry,negative
ML2072,MoodyLyrics,Lullaby Of Broadway ,Tony Bennett,,,,,,relaxed,positive
ML2073,MoodyLyrics,Love Is Still A Worthy Cause,Sara Groves,,,,,,happy,positive
ML2074,MoodyLyrics,Bleed,Animal Collective,,,,,,angry,negative
ML2075,MoodyLyrics,Hamburg Hotel,Underworld,,,,,,sad,negative
ML2076,MoodyLyrics,Found Out,Caribou,,,,,,sad,negative
ML2077,MoodyLyrics,Gimme Danger,Iggy & The Stooges,,,,,,angry,negative
ML2078,MoodyLyrics,Extensions,Rachelle Ferrell,,,,,,happy,positive
ML2079,MoodyLyrics,Black Orpheus,Cassandra Wilson,,,,,,sad,negative
ML2080,MoodyLyrics,My Love is Your Love,Gregg Allman,,,,,,happy,positive
ML2081,MoodyLyrics,Lullaby,JJ Grey & Mofro,,,,,,relaxed,positive
ML2082,MoodyLyrics,Joy,Bettye Lavette,,,,,,happy,positive
ML2083,MoodyLyrics,Flirted With You All My Life,Cowboy Junkies,,,,,,sad,negative
ML2084,MoodyLyrics,Join In The Chant,Nitzer Ebb,,,,,,angry,negative
ML2086,MoodyLyrics,The Death And Resurrection Show,Killing Joke,,,,,,angry,negative
ML2087,MoodyLyrics,Starships,Eskmo,,,,,,happy,positive
ML2088,MoodyLyrics,Two Kinds,Film School,,,,,,happy,positive
ML2089,MoodyLyrics,Black Hearts ,Jet,,,,,,angry,negative
ML2090,MoodyLyrics,Broken Bones,Rev Theory,,,,,,angry,negative
ML2091,MoodyLyrics,Suffocate,Cold,,,,,,angry,negative
ML2092,MoodyLyrics,Without Love,Nick Lowe,,,,,,happy,positive
ML2093,MoodyLyrics,Evil Has No Boundaries,Slayer,,,,,,angry,negative
ML2094,MoodyLyrics,No Es El Fin Del Mundo ,Emilio Navaira,,,,,,sad,negative
ML2095,MoodyLyrics,Play The Game,Queen,,,,,,happy,positive
ML2096,MoodyLyrics,Las Persianas,Cafe Tacuba,,,,,,sad,negative
ML2097,MoodyLyrics,End Times,Weekend,,,,,,sad,negative
ML2098,MoodyLyrics,Beyond You,Exene Cervenka,,,,,,happy,positive
ML2099,MoodyLyrics,Step Easy,The Autumn Defense,,,,,,relaxed,positive
ML2100,MoodyLyrics,Free As A Bird,The Beatles,,,,,,relaxed,positive
ML2101,MoodyLyrics,Same Old Blues,Irma Thomas,,,,,,sad,negative
ML2102,MoodyLyrics,Who Knows,Jimi Hendrix,,,,,,relaxed,positive
ML2103,MoodyLyrics,Old Street,Cloud Nothings,,,,,,relaxed,positive
ML2104,MoodyLyrics,All The Time,Vivian Girls,,,,,,sad,negative
ML2105,MoodyLyrics,Flight Tonight,The Avalanches,,,,,,angry,negative
ML2106,MoodyLyrics,Love Me Like A River Does,Melody Gardot,,,,,,happy,positive
ML2107,MoodyLyrics,Fire ,Bruce Springsteen & The E Street Band,,,,,,angry,negative
ML2108,MoodyLyrics,El Padre Antonio Y El Monaguillo Andres,Ruben Blades,,,,,,sad,negative
ML2109,MoodyLyrics,Trial Of Champions,3 Inches Of Blood,,,,,,angry,negative
ML2110,MoodyLyrics,Forsaken at the Gates,Forbidden,,,,,,sad,negative
ML2111,MoodyLyrics,Everybody,Ingrid Michaelson,,,,,,happy,positive
ML2112,MoodyLyrics,Little Bit Of Red,Serena Ryder,,,,,,relaxed,positive
ML2113,MoodyLyrics,You'll Remember,Patty Griffin,,,,,,sad,negative
ML2114,MoodyLyrics,Blue Skies,Bobby Darin,,,,,,relaxed,positive
ML2115,MoodyLyrics,Inside ,Kirk Whalum,,,,,,relaxed,positive
ML2116,MoodyLyrics,Replica,Fear Factory,,,,,,angry,negative
ML2117,MoodyLyrics,It's Sure Gonna Hurt ,Dolly Parton,,,,,,angry,negative
ML2118,MoodyLyrics,I Will Live Again,Arch Enemy,,,,,,angry,negative
ML2119,MoodyLyrics,Jesus Is A Love Song,The Clark Sisters,,,,,,happy,positive
ML2120,MoodyLyrics,Canaan,Black Dub,,,,,,happy,positive
ML2121,MoodyLyrics,A Woman In Love,Joan Armatrading,,,,,,happy,positive
ML2122,MoodyLyrics,Gentle The Rain At Home,The Innocence Mission,,,,,,relaxed,positive
ML2123,MoodyLyrics,Motherless Child,John Scofield,,,,,,relaxed,positive
ML2124,MoodyLyrics,Lloraremos Los Dos,Javier Solis,,,,,,sad,negative
ML2125,MoodyLyrics,The Evil That Men Do,Iron Maiden,,,,,,angry,negative
ML2126,MoodyLyrics,White Trash Circus,Motley Crue,,,,,,sad,negative
ML2127,MoodyLyrics,Get A Grip,Aerosmith,,,,,,sad,negative
ML2128,MoodyLyrics,Fever,Aerosmith,,,,,,sad,negative
ML2129,MoodyLyrics,You Don't Love Me,The Allman Brothers Band,,,,,,happy,positive
ML2130,MoodyLyrics,Crash,Decyfer Down,,,,,,angry,negative
ML2131,MoodyLyrics,Kind Woman,Buffalo Springfield,,,,,,relaxed,positive
ML2132,MoodyLyrics,Freedom ,Paul McCartney,,,,,,happy,positive
ML2133,MoodyLyrics,Vagabundo,Robi Draco Rosa,,,,,,sad,negative
ML2134,MoodyLyrics,Reptilectric,Zoe,,,,,,sad,negative
ML2135,MoodyLyrics,No Puedo Olvidarme De Ti ,MDO,,,,,,sad,negative
ML2136,MoodyLyrics,All Your Love ,The Peter Malick Group,,,,,,happy,positive
ML2137,MoodyLyrics,Counter Attack ,Braille,,,,,,angry,negative
ML2138,MoodyLyrics,Shroud Of Turin,Echo & The Bunnymen,,,,,,happy,positive
ML2139,MoodyLyrics,This Girl's In Love With You,Dionne Warwick,,,,,,happy,positive
ML2140,MoodyLyrics,This Girl Is A Woman Now,Gary Puckett & The Union Gap,,,,,,relaxed,positive
ML2141,MoodyLyrics,A Day In The Life Of A Fool,Cassandra Wilson,,,,,,sad,negative
ML2142,MoodyLyrics,Do I Love You,The Ronettes,,,,,,happy,positive
ML2143,MoodyLyrics,Dirty Black Summer,Danzig,,,,,,sad,negative
ML2144,MoodyLyrics,Home,She & Him,,,,,,relaxed,positive
ML2145,MoodyLyrics,Fire In Freetown,K'Naan,,,,,,angry,negative
ML2146,MoodyLyrics,Run From The Gun,Dead Confederate,,,,,,angry,negative
ML2147,MoodyLyrics,Bigger Bolder,Love Is All,,,,,,angry,negative
ML2148,MoodyLyrics,Heart Of Stone,The Raveonettes,,,,,,angry,negative
ML2149,MoodyLyrics,London,The Smiths,,,,,,sad,negative
ML2150,MoodyLyrics,D. Original,Jeru The Damaja,,,,,,sad,negative
ML2151,MoodyLyrics,"Loving You, Losing You",Phyllis Hyman,,,,,,angry,negative
ML2152,MoodyLyrics,Lady Pilot,Neko Case,,,,,,angry,negative
ML2153,MoodyLyrics,I Was The One She Came For,Jonathan Richman,,,,,,angry,negative
ML2154,MoodyLyrics,Love To Hate You,Erasure,,,,,,angry,negative
ML2155,MoodyLyrics,Can't You See,Tab Benoit,,,,,,sad,negative
ML2156,MoodyLyrics,Soldier Of Love,Arthur Alexander,,,,,,happy,positive
ML2157,MoodyLyrics,Happy Ending,Mika,,,,,,happy,positive
ML2158,MoodyLyrics,More Than I Can Say,Leo Sayer,,,,,,happy,positive
ML2159,MoodyLyrics,Trouble Blues,Charles Brown,,,,,,angry,negative
ML2160,MoodyLyrics,I Luv Ur Sneakers,Poly Styrene,,,,,,happy,positive
ML2161,MoodyLyrics,Very Ape,Nirvana,,,,,,relaxed,positive
ML2162,MoodyLyrics,Dancing At A Funeral,Brett Dennen,,,,,,sad,negative
ML2163,MoodyLyrics,You Might Win,Kem,,,,,,happy,positive
ML2164,MoodyLyrics,Down,Motograter,,,,,,sad,negative
ML2165,MoodyLyrics,Ahora Que No Estas,Los Horoscopos De Durango,,,,,,sad,negative
ML2166,MoodyLyrics,Bless You Real Good,Twinkie Clark,,,,,,relaxed,positive
ML2167,MoodyLyrics,Killing Each Other,Anders Osborne,,,,,,angry,negative
ML2168,MoodyLyrics,Sweet Home Chicago,Steve Miller Band,,,,,,relaxed,positive
ML2169,MoodyLyrics,Will You Love Me?,Chaka Khan,,,,,,happy,positive
ML2170,MoodyLyrics,I Don't Want To Lose You,Phyllis Hyman,,,,,,happy,positive
ML2171,MoodyLyrics,"Hay De Mi, Hay De Ti",Antony Santos,,,,,,sad,negative
ML2172,MoodyLyrics,Earthquake Weather,Beck,,,,,,sad,negative
ML2173,MoodyLyrics,Sad Fuzz,Ty Segall,,,,,,sad,negative
ML2174,MoodyLyrics,Maggie Mae,The Beatles,,,,,,sad,negative
ML2175,MoodyLyrics,Honey Don't,The Beatles,,,,,,relaxed,positive
ML2176,MoodyLyrics,Two Tribes,Frankie Goes To Hollywood,,,,,,angry,negative
ML2177,MoodyLyrics,Pride ,Dierks Bentley,,,,,,happy,positive
ML2178,MoodyLyrics,Murder Weapon,Tricky,,,,,,angry,negative
ML2179,MoodyLyrics,To Love Somebody,Nina Simone,,,,,,happy,positive
ML2180,MoodyLyrics,Christmas In My Heart,Ray Charles,,,,,,happy,positive
ML2181,MoodyLyrics,Fear & Love,Morcheeba,,,,,,angry,negative
ML2182,MoodyLyrics,Gabriel,Lamb,,,,,,relaxed,positive
ML2183,MoodyLyrics,This Is Not A Love Song,Nouvelle Vague,,,,,,happy,positive
ML2184,MoodyLyrics,Santa Claus Is Coming To Town,Peggy Lee,,,,,,sad,negative
ML2185,MoodyLyrics,God Rest Ye Merry Gentlemen,Bing Crosby,,,,,,relaxed,positive
ML2186,MoodyLyrics,Let Them Eat War,Bad Religion,,,,,,angry,negative
ML2187,MoodyLyrics,Have Yourself A Merry Little Christmas,Chris Isaak,,,,,,happy,positive
ML2188,MoodyLyrics,Blue Christmas,Chris Isaak,,,,,,relaxed,positive
ML2189,MoodyLyrics,The Silent Nutcracker ,Trans-Siberian Orchestra,,,,,,relaxed,positive
ML2190,MoodyLyrics,"Merry Christmas, Merry Christmas",John Williams,,,,,,happy,positive
ML2191,MoodyLyrics,It's My Birthday,Ultimate,,,,,,happy,positive
ML2192,MoodyLyrics,Blue Christmas,Sheryl Crow,,,,,,relaxed,positive
ML2193,MoodyLyrics,Pretty Paper,Roy Orbison,,,,,,relaxed,positive
ML2194,MoodyLyrics,Silent Night,Garth Brooks,,,,,,relaxed,positive
ML2195,MoodyLyrics,That's What I Want For Christmas,Shedaisy,,,,,,happy,positive
ML2196,MoodyLyrics,"Merry Christmas, Baby",The Beach Boys,,,,,,happy,positive
ML2197,MoodyLyrics,Give Love On Christmas Day,Johnny Gill,,,,,,happy,positive
ML2198,MoodyLyrics,Have Yourself A Merry Little Christmas,The O'Jays,,,,,,happy,positive
ML2199,MoodyLyrics,Blue Christmas,Girl In A Coma,,,,,,relaxed,positive
ML2200,MoodyLyrics,Christmakwanzakah,The Dan Band,,,,,,happy,positive
ML2202,MoodyLyrics,Christmas In America,Melissa Etheridge,,,,,,relaxed,positive
ML2203,MoodyLyrics,Just Like Christmas,Low,,,,,,happy,positive
ML2204,MoodyLyrics,What This World Needs,Casting Crowns,,,,,,happy,positive
ML2205,MoodyLyrics,Wasting Away,Nailbomb,,,,,,sad,negative
ML2206,MoodyLyrics,Everything Must Change,James Ingram,,,,,,relaxed,positive
ML2207,MoodyLyrics,Set Me Free,The Heavy,,,,,,relaxed,positive
ML2208,MoodyLyrics,It's Love,Jill Scott,,,,,,happy,positive
ML2209,MoodyLyrics,I Saw Three Ships,Take 6,,,,,,happy,positive
ML2210,MoodyLyrics,Blue Christmas,Celine Dion,,,,,,relaxed,positive
ML2211,MoodyLyrics,Christmas Love,Billy Idol,,,,,,happy,positive
ML2212,MoodyLyrics,Silent Night,Brian Wilson,,,,,,relaxed,positive
ML2213,MoodyLyrics,Holy Flames Of The Fire Spitter,High On Fire,,,,,,angry,negative
ML2214,MoodyLyrics,Oh My God ,Mark Ronson,,,,,,relaxed,positive
ML2215,MoodyLyrics,Peligro,Gotan Project,,,,,,sad,negative
ML2216,MoodyLyrics,To Love Somebody,The Bee Gees,,,,,,happy,positive
ML2217,MoodyLyrics,The Warmth Of The Sun,The Beach Boys,,,,,,relaxed,positive
ML2218,MoodyLyrics,I've Been Lonely Too Long,The Young Rascals,,,,,,sad,negative
ML2219,MoodyLyrics,Put A Little Love In Your Heart,Jackie DeShannon,,,,,,happy,positive
ML2220,MoodyLyrics,Heavenly Peace,Johnny Mathis,,,,,,relaxed,positive
ML2221,MoodyLyrics,Christmas Song,Dave Matthews & Tim Reynolds,,,,,,happy,positive
ML2222,MoodyLyrics,Blue Christmas,Melissa Etheridge,,,,,,relaxed,positive
ML2223,MoodyLyrics,Blue Christmas,Willie Nelson,,,,,,relaxed,positive
ML2224,MoodyLyrics,The Angel At The Top Of My Tree,Kenny Chesney,,,,,,relaxed,positive
ML2225,MoodyLyrics,Have Yourself A Merry Little Christmas,Michael Bolton,,,,,,happy,positive
ML2226,MoodyLyrics,I'm Feelin' Good,Janiva Magness,,,,,,relaxed,positive
ML2227,MoodyLyrics,Silent Night,Martina McBride,,,,,,relaxed,positive
ML2228,MoodyLyrics,One More Empty Chair,Blood Red Shoes,,,,,,sad,negative
ML2229,MoodyLyrics,Shouldn't Have Loved,Azure Ray,,,,,,happy,positive
ML2230,MoodyLyrics,Taillights Fade,Buffalo Tom,,,,,,sad,negative
ML2232,MoodyLyrics,"Sick, Sick, Sick",Queens Of The Stone Age,,,,,,sad,negative
ML2233,MoodyLyrics,Family Time,Ziggy Marley,,,,,,relaxed,positive
ML2234,MoodyLyrics,No Le Ruegues,Conjunto Primavera,,,,,,sad,negative
ML2236,MoodyLyrics,Become The Catalyst,All That Remains,,,,,,angry,negative
ML2237,MoodyLyrics,Goodnight,The Beatles,,,,,,relaxed,positive
ML2238,MoodyLyrics,Burn It Down,Five Finger Death Punch,,,,,,angry,negative
ML2239,MoodyLyrics,Negative Creep,Nirvana,,,,,,relaxed,positive
ML2240,MoodyLyrics,Sign Of Times,Phobia,,,,,,angry,negative
ML2241,MoodyLyrics,Bucky Done Gun,M.I.A.,,,,,,angry,negative
ML2242,MoodyLyrics,Apocalyptic City ,Testament,,,,,,angry,negative
ML2243,MoodyLyrics,Honey Child What Can I Do?,Isobel Campbell & Mark Lanegan,,,,,,sad,negative
ML2244,MoodyLyrics,This Can't Be Love,John Pizzarelli,,,,,,happy,positive
ML2245,MoodyLyrics,So Good To Be In Love,Deitrick Haddon,,,,,,happy,positive
ML2246,MoodyLyrics,Home,Will Downing,,,,,,relaxed,positive
ML2247,MoodyLyrics,Liar,The Sex Pistols,,,,,,angry,negative
ML2248,MoodyLyrics,I Mind,James Blake,,,,,,relaxed,positive
ML2249,MoodyLyrics,He's A Mighty Good Leader,Beck,,,,,,happy,positive
ML2250,MoodyLyrics,I Get Lonesome,Beck,,,,,,sad,negative
ML2251,MoodyLyrics,Freedom Line,Sleepy Sun,,,,,,relaxed,positive
ML2252,MoodyLyrics,I'm In Love Again,Fats Domino,,,,,,happy,positive
ML2253,MoodyLyrics,Light Black,Toro Y Moi,,,,,,sad,negative
ML2254,MoodyLyrics,Show Me Love,Robyn,,,,,,happy,positive
ML2255,MoodyLyrics,Obra Maestra,Banda Pequenos Musical,,,,,,sad,negative
ML2257,MoodyLyrics,Soil to Seed,Matthew Dear,,,,,,sad,negative
ML2258,MoodyLyrics,I Hear Noises,Tegan And Sara,,,,,,sad,negative
ML2259,MoodyLyrics,Islands On The Coast,Band Of Horses,,,,,,relaxed,positive
ML2260,MoodyLyrics,Endless,Unearth,,,,,,angry,negative
ML2261,MoodyLyrics,Horse Latitudes,The Doors,,,,,,sad,negative
ML2262,MoodyLyrics,Deeper & Deeper,Freda Payne,,,,,,happy,positive
ML2263,MoodyLyrics,Fear Of The Dark,Iron Maiden,,,,,,angry,negative
ML2264,MoodyLyrics,Aqui No Sera,Ozomatli,,,,,,sad,negative
ML2265,MoodyLyrics,Better Wise Up,Kenna,,,,,,relaxed,positive
ML2266,MoodyLyrics,What Do You Say To That,George Strait,,,,,,happy,positive
ML2267,MoodyLyrics,Search And Destroy,30 Seconds To Mars,,,,,,angry,negative
ML2268,MoodyLyrics,Take A Bow,Muse,,,,,,angry,negative
ML2269,MoodyLyrics,I'm Afraid Of Americans,David Bowie,,,,,,angry,negative
ML2270,MoodyLyrics,The Refugee,U2,,,,,,angry,negative
ML2271,MoodyLyrics,Real Love,Lucinda Williams,,,,,,happy,positive
ML2272,MoodyLyrics,The Uptown Train,Joe Jackson,,,,,,sad,negative
ML2273,MoodyLyrics,You Are My King ,"Phillips, Craig & Dean",,,,,,happy,positive
ML2274,MoodyLyrics,Adonai,Hillsong,,,,,,happy,positive
ML2275,MoodyLyrics,Psalm 139,Rebecca St. James,,,,,,happy,positive
ML2276,MoodyLyrics,I.O.U. Me,BeBe & CeCe Winans,,,,,,happy,positive
ML2277,MoodyLyrics,Mi Funeral,Victor Garcia,,,,,,sad,negative
ML2278,MoodyLyrics,"Mind, Drips",Neon Indian,,,,,,sad,negative
ML2279,MoodyLyrics,Your Love Is So Strong,The Thermals,,,,,,happy,positive
ML2280,MoodyLyrics,The Dope ,The Dandy Warhols,,,,,,happy,positive
ML2281,MoodyLyrics,In And Out Of Love,Diana Ross & The Supremes,,,,,,happy,positive
ML2282,MoodyLyrics,To Know Him Is To Love Him,The Teddy Bears,,,,,,happy,positive
ML2283,MoodyLyrics,Evil Power,Lair Of The Minotaur,,,,,,angry,negative
ML2284,MoodyLyrics,On My Word Of Honor,The Platters,,,,,,happy,positive
ML2285,MoodyLyrics,I've Passed This Way Before,Jimmy Ruffin,,,,,,angry,negative
ML2286,MoodyLyrics,I'll Never Smile Again ,Barry Manilow,,,,,,happy,positive
ML2287,MoodyLyrics,With This Ring,The Platters,,,,,,happy,positive
ML2288,MoodyLyrics,Shadow,Grass Widow,,,,,,sad,negative
ML2289,MoodyLyrics,Thumbelina,The Pretenders,,,,,,relaxed,positive
ML2290,MoodyLyrics,Bastard Samurai,High On Fire,,,,,,angry,negative
ML2291,MoodyLyrics,No Horse,The Dead Weather,,,,,,sad,negative
ML2292,MoodyLyrics,Everything Always Goes Wrong,A Place To Bury Strangers,,,,,,happy,positive
ML2293,MoodyLyrics,Bill Murray,Gorillaz,,,,,,angry,negative
ML2294,MoodyLyrics,Free,Sherwood,,,,,,relaxed,positive
ML2295,MoodyLyrics,Where The Light Has Failed,Skeletonwitch,,,,,,angry,negative
ML2296,MoodyLyrics,Dissidents (The Search For Truth Part 1) (2009 Digital Remaster),Thomas Dolby,,,,,,sad,negative
ML2297,MoodyLyrics,Because Of You,Neil Sedaka,,,,,,happy,positive
ML2298,MoodyLyrics,Dangerous Mood,Keb' Mo',,,,,,relaxed,positive
ML2300,MoodyLyrics,Hold On,22-20s,,,,,,angry,negative
ML2301,MoodyLyrics,Midnight Lovers,Wyclef Jean,,,,,,sad,negative
ML2302,MoodyLyrics,my_immortal,evanescence,,,,,,angry,negative
ML2303,MoodyLyrics,Completeness,Minnie Riperton,,,,,,happy,positive
ML2304,MoodyLyrics,Lust for life (recorded during the us tour in 1986),Iggy Pop,,,,,,happy,positive
ML2306,MoodyLyrics,Locked Away,The Gathering,,,,,,angry,negative
ML2307,MoodyLyrics,The Death Of Romance,Zeromancer,,,,,,sad,negative
ML2310,MoodyLyrics,I'll Show You Love,Usher,,,,,,happy,positive
ML2311,MoodyLyrics,Meet Me in the City,Junior Kimbrough,,,,,,relaxed,positive
ML2312,MoodyLyrics,Rescue Me,Bass  Fontella,,,,,,happy,positive
ML2314,MoodyLyrics,Black Lung (Album Version),Rancid,,,,,,sad,negative
ML2318,MoodyLyrics,Master Of The Universe,Sick Puppies,,,,,,sad,negative
ML2319,MoodyLyrics,Summer Shudder,AFI,,,,,,sad,negative
ML2320,MoodyLyrics,Good Night,The Beatles,,,,,,relaxed,positive
ML2322,MoodyLyrics,You'll Need Somebody On Your Bond,Blind Willie Johnson,,,,,,sad,negative
ML2323,MoodyLyrics,The Sun Shines From You,Teenage Fanclub,,,,,,relaxed,positive
ML2324,MoodyLyrics,Happy Together,Turtles,,,,,,happy,positive
ML2325,MoodyLyrics,Lights Are Changing,Lord  Mary Lou,,,,,,sad,negative
ML2326,MoodyLyrics,lovefool,cardigans,,,,,,happy,positive
ML2327,MoodyLyrics,I Will Always Love You,Deborah Allen,,,,,,happy,positive
ML2328,MoodyLyrics,The Haunting,The Misfits,,,,,,sad,negative
ML2329,MoodyLyrics,Consume (LP Version),Sick Of It All,,,,,,sad,negative
ML2330,MoodyLyrics,Close Your Eyes,Atomic Rooster,,,,,,relaxed,positive
ML2331,MoodyLyrics,Caught In The Crossfire,April Wine,,,,,,angry,negative
ML2332,MoodyLyrics,Ur SjÃ¤lslig DÃ¶d,MÃ¥negarm,,,,,,sad,negative
ML2333,MoodyLyrics,Hold Me While I Cry,Irma Thomas,,,,,,relaxed,positive
ML2334,MoodyLyrics,That's How Strong My Love Is,Doyle Bramhall,,,,,,happy,positive
ML2335,MoodyLyrics,You Know What They Do To Guys Like Us In Prison (Album Version),My Chemical Romance,,,,,,angry,negative
ML2336,MoodyLyrics,Send Me The Pillow You Dream On,Hank Locklin,,,,,,relaxed,positive
ML2337,MoodyLyrics,heartbreak_hotel,elvis_presley,,,,,,sad,negative
ML2338,MoodyLyrics,Into Battle,Ensiferum,,,,,,angry,negative
ML2339,MoodyLyrics,Moses,Patty Griffin,,,,,,sad,negative
ML2342,MoodyLyrics,Death Or Jail,Sick Of It All,,,,,,angry,negative
ML2343,MoodyLyrics,Human Guinea Pig,Suicidal Tendencies,,,,,,sad,negative
ML2344,MoodyLyrics,Ninety Miles An Hour,John Berry,,,,,,sad,negative
ML2345,MoodyLyrics,running_scared,roy_orbison,,,,,,angry,negative
ML2346,MoodyLyrics,Posterchild for Tragedy,Sugarbomb,,,,,,angry,negative
ML2349,MoodyLyrics,All The Rage (Clean Album Version),Funeral For A Friend,,,,,,sad,negative
ML2350,MoodyLyrics,Sho' Enough,Tommy Castro,,,,,,happy,positive
ML2351,MoodyLyrics,Baby Love,Ross  Diana & the Supremes,,,,,,happy,positive
ML2352,MoodyLyrics,Wildfire (Album Version),P.O.D.,,,,,,angry,negative
ML2354,MoodyLyrics,Everything I Do,Knack,,,,,,angry,negative
ML2356,MoodyLyrics,Everybody's Gonna Be Happy,Queens Of The Stone Age,,,,,,happy,positive
ML2359,MoodyLyrics,Wild Honey Pie,The Beatles,,,,,,relaxed,positive
ML2361,MoodyLyrics,words_of_love,mamas_and_the_papas,,,,,,happy,positive
ML2362,MoodyLyrics,Gluey Porch Treatments,Melvins,,,,,,sad,negative
ML2363,MoodyLyrics,The Bravest Kids (Acoustic),Rancid,,,,,,angry,negative
ML2364,MoodyLyrics,In My Life,Boyz II Men,,,,,,happy,positive
ML2368,MoodyLyrics,Flat Earth Society (Album Version),Bad Religion,,,,,,angry,negative
ML2369,MoodyLyrics,I'm So Happy Now (Single Version),The Rascals,,,,,,happy,positive
ML2370,MoodyLyrics,We Have All The Time In The World (Live),Fun Lovin' Criminals,,,,,,happy,positive
ML2371,MoodyLyrics,surrounded,chantal_kreviazuk,,,,,,angry,negative
ML2372,MoodyLyrics,Bystander (Album Version),unloco,,,,,,relaxed,positive
ML2374,MoodyLyrics,6 Yrs (Album Version ),Reach 454,,,,,,angry,negative
ML2375,MoodyLyrics,Killing Machine,Aiden,,,,,,angry,negative
ML2376,MoodyLyrics,Killer Barracuda,Kris Kristofferson,,,,,,angry,negative
ML2377,MoodyLyrics,Angry Young Men (LP Version),Randy Stonehill,,,,,,angry,negative
ML2378,MoodyLyrics,Sixteen Candles,Crests  The,,,,,,happy,positive
ML2379,MoodyLyrics,Together Alone,George Jones,,,,,,sad,negative
ML2380,MoodyLyrics,Christina The Astonishing (2010 Digital Remaster),Nick Cave & The Bad Seeds,,,,,,sad,negative
ML2381,MoodyLyrics,Grandbag's Funeral,Happy Mondays,,,,,,relaxed,positive
ML2382,MoodyLyrics,Something Girls,Adam Ant,,,,,,relaxed,positive
ML2383,MoodyLyrics,Candy Girl,New Edition [US],,,,,,relaxed,positive
ML2385,MoodyLyrics,People Never Give Up,Curtis Mayfield,,,,,,angry,negative
ML2386,MoodyLyrics,answering_machine,replacements,,,,,,sad,negative
ML2387,MoodyLyrics,Is It Love,3 of Hearts,,,,,,happy,positive
ML2388,MoodyLyrics,Burning In The Aftermath,The Suicide Machines,,,,,,angry,negative
ML2389,MoodyLyrics,Pretend,Shelby Lynne,,,,,,angry,negative
ML2390,MoodyLyrics,Supermassive Black Hole (Album Version),Muse,,,,,,sad,negative
ML2391,MoodyLyrics,I Should Be So Lucky,Minogue  Kylie,,,,,,happy,positive
ML2392,MoodyLyrics,Morning Bird,Sade,,,,,,relaxed,positive
ML2394,MoodyLyrics,Get It For Free,Motley Crue,,,,,,relaxed,positive
ML2395,MoodyLyrics,Love Ain't No Stranger (2003 Digital Remaster),Whitesnake,,,,,,happy,positive
ML2396,MoodyLyrics,Release,LORE,,,,,,happy,positive
ML2397,MoodyLyrics,Rainbow Country (Red Gold And Green Version),Bob Marley & The Wailers,,,,,,relaxed,positive
ML2398,MoodyLyrics,I Need You Now,Agnes,,,,,,sad,negative
ML2399,MoodyLyrics,The Door,Silverchair,,,,,,sad,negative
ML2400,MoodyLyrics,My Heart's Desire,Kane,,,,,,angry,negative
ML2401,MoodyLyrics,Some Lie For Love,L.A. Guns,,,,,,angry,negative
ML2402,MoodyLyrics,No Ordinary Love (Remastered LP Version),Deftones,,,,,,happy,positive
ML2403,MoodyLyrics,sexy_boy,air,,,,,,happy,positive
ML2404,MoodyLyrics,abc,jackson_5,,,,,,relaxed,positive
ML2406,MoodyLyrics,Killing,The Rapture,,,,,,sad,negative
ML2407,MoodyLyrics,Mile High and Risin',Roger Clyne & The Peacemakers,,,,,,sad,negative
ML2409,MoodyLyrics,Thrill Me,Simply Red,,,,,,happy,positive
ML2414,MoodyLyrics,Destroy Everything (Album Version),Hatebreed,,,,,,angry,negative
ML2415,MoodyLyrics,Still I'm Sad,Rainbow,,,,,,sad,negative
ML2416,MoodyLyrics,The Never-Ending Why,Placebo,,,,,,sad,negative
ML2417,MoodyLyrics,Shelter Your Needs,Juliette & The Licks,,,,,,angry,negative
ML2419,MoodyLyrics,God Only Knows,Beach Boys,,,,,,happy,positive
ML2420,MoodyLyrics,Sky Is Crying,James  Elmore,,,,,,relaxed,positive
ML2421,MoodyLyrics,Make It Funky (Album Version),Information Society,,,,,,happy,positive
ML2422,MoodyLyrics,October,U2,,,,,,sad,negative
ML2423,MoodyLyrics,fallin,alicia_keys,,,,,,happy,positive
ML2426,MoodyLyrics,Rock Me,Santana,,,,,,relaxed,positive
ML2427,MoodyLyrics,2 Late 4 Goodbyes,Jeff Scott Soto,,,,,,sad,negative
ML2428,MoodyLyrics,Happy Birthday,Altered Images,,,,,,happy,positive
ML2429,MoodyLyrics,Long Live The Party,Andrew W.K.,,,,,,happy,positive
ML2430,MoodyLyrics,Out Of The Danger Zone (Degarmo And Key Album Version),DeGarmo & Key,,,,,,angry,negative
ML2431,MoodyLyrics,Price Of The Fire,John Stewart,,,,,,angry,negative
ML2432,MoodyLyrics,Breathless,Lifer,,,,,,sad,negative
ML2433,MoodyLyrics,Never Alone,Walter Hawkins,,,,,,sad,negative
ML2434,MoodyLyrics,Come On-A My House,Clooney  Rosemary,,,,,,relaxed,positive
ML2435,MoodyLyrics,The Suit,Public Image Ltd,,,,,,relaxed,positive
ML2436,MoodyLyrics,maps,yeah_yeah_yeahs,,,,,,happy,positive
ML2437,MoodyLyrics,Love Me,Jars Of Clay,,,,,,happy,positive
ML2438,MoodyLyrics,Four,Midge Ure,,,,,,happy,positive
ML2439,MoodyLyrics,Dead End Street,Foghat,,,,,,sad,negative
ML2440,MoodyLyrics,Look Up At The Stars And You're Gone,Evergreen Terrace,,,,,,angry,negative
ML2441,MoodyLyrics,Privilege of Evil (From the Privilege of Evil EP),Amorphis,,,,,,angry,negative
ML2442,MoodyLyrics,Paralyzed,The Cardigans,,,,,,angry,negative
ML2443,MoodyLyrics,Slow Poke,Pee Wee King,,,,,,sad,negative
ML2444,MoodyLyrics,Bowling Green,Case  Neko & Her Boyfriends,,,,,,relaxed,positive
ML2445,MoodyLyrics,Cicada,Silverchair,,,,,,angry,negative
ML2446,MoodyLyrics,If Ever,Foo Fighters,,,,,,happy,positive
ML2447,MoodyLyrics,Drum Machine Joy,MxPx,,,,,,happy,positive
ML2448,MoodyLyrics,The way to Peace,Uman,,,,,,relaxed,positive
ML2450,MoodyLyrics,Small Axe,Bob Marley,,,,,,sad,negative
ML2451,MoodyLyrics,Abused And Unloved,Malefaction,,,,,,sad,negative
ML2452,MoodyLyrics,Lotion (LP Version),Deftones,,,,,,sad,negative
ML2453,MoodyLyrics,Surfin' Bird,Trashmen,,,,,,relaxed,positive
ML2454,MoodyLyrics,Hey! Baby,Channel  Bruce,,,,,,relaxed,positive
ML2455,MoodyLyrics,Within My Blood,Skeletonwitch,,,,,,angry,negative
ML2456,MoodyLyrics,You (Demo),Radiohead,,,,,,angry,negative
ML2457,MoodyLyrics,Eyes Of A Stranger (Album Version),P.O.D.,,,,,,angry,negative
ML2458,MoodyLyrics,The Earth Isn't Humming,Thrice,,,,,,sad,negative
ML2459,MoodyLyrics,Perfect Peace,Twila Paris,,,,,,relaxed,positive
ML2460,MoodyLyrics,I Love You More Than You'll Ever Know (LP Version),Donny Hathaway,,,,,,happy,positive
ML2461,MoodyLyrics,longview,green_day,,,,,,sad,negative
ML2462,MoodyLyrics,Good Girl Gone Bad,Rihanna,,,,,,relaxed,positive
ML2463,MoodyLyrics,I've Been Loving You Too Long (LP Version),Dionne Warwick,,,,,,happy,positive
ML2464,MoodyLyrics,I'm Ready,Royal Trux,,,,,,sad,negative
ML2465,MoodyLyrics,Party In The Sky,Inspiral Carpets,,,,,,sad,negative
ML2467,MoodyLyrics,Silly Love Songs,McCartney  Paul/Wings,,,,,,happy,positive
ML2469,MoodyLyrics,he_war,cat_power,,,,,,angry,negative
ML2471,MoodyLyrics,Can't Get Enough,Bad Company [1],,,,,,happy,positive
ML2472,MoodyLyrics,Trash (live Paris),New York Dolls,,,,,,sad,negative
ML2473,MoodyLyrics,somebody_to_love,jefferson_airplane,,,,,,happy,positive
ML2474,MoodyLyrics,Once,Harry Connick_ Jr.,,,,,,happy,positive
ML2475,MoodyLyrics,Feel Like Makin' Love,Bad Company [1],,,,,,happy,positive
ML2477,MoodyLyrics,We Have All The Time In The World,Fun Lovin' Criminals,,,,,,happy,positive
ML2478,MoodyLyrics,Searching For Home,Skrape,,,,,,relaxed,positive
ML2479,MoodyLyrics,hate_my_way,throwing_muses,,,,,,angry,negative
ML2481,MoodyLyrics,Candy Man,Hot Tuna,,,,,,relaxed,positive
ML2482,MoodyLyrics,cancer_for_the_cure,eels,,,,,,angry,negative
ML2483,MoodyLyrics,Heaven Stood Still,Mink DeVille,,,,,,relaxed,positive
ML2484,MoodyLyrics,Sally Was a Good Old Girl,Owens  Buck,,,,,,relaxed,positive
ML2485,MoodyLyrics,God Don't Never Change,Blind Willie Johnson,,,,,,happy,positive
ML2486,MoodyLyrics,Until You Love Someone,Dean Martin,,,,,,happy,positive
ML2488,MoodyLyrics,Death Don't Have No Mercy,Hot Tuna,,,,,,sad,negative
ML2489,MoodyLyrics,Lust for Life,Pop  Iggy,,,,,,happy,positive
ML2490,MoodyLyrics,Let Me Go Home Whiskey,Asleep At The Wheel,,,,,,relaxed,positive
ML2492,MoodyLyrics,A White Demon Love Song (Soundtrack Album Version),The Killers,,,,,,angry,negative
ML2493,MoodyLyrics,Northern Downpour (Album Version),Panic At The Disco,,,,,,sad,negative
ML2494,MoodyLyrics,The Lie,Bad Religion,,,,,,angry,negative
ML2495,MoodyLyrics,Here I Am,Phantom Planet,,,,,,relaxed,positive
ML2497,MoodyLyrics,The World In My Hands (We Are One),SNAP!,,,,,,relaxed,positive
ML2499,MoodyLyrics,Ex's And Oh's (Instrumental Version),Atreyu,,,,,,sad,negative
ML2500,MoodyLyrics,We Can Do It,Steel Pulse,,,,,,angry,negative
ML2501,MoodyLyrics,Never My Love,Kathy Troccoli,,,,,,happy,positive
ML2502,MoodyLyrics,Cheer,Descendents,,,,,,happy,positive
ML2504,MoodyLyrics,1941,Nilsson  Harry,,,,,,relaxed,positive
ML2505,MoodyLyrics,I Love U,Chris Brown,,,,,,happy,positive
ML2506,MoodyLyrics,Be Stiff (Live),Devo,,,,,,sad,negative
ML2507,MoodyLyrics,Take Her Out,Alice In Chains,,,,,,sad,negative
ML2508,MoodyLyrics,Seventeen,Sex Pistols,,,,,,sad,negative
ML2509,MoodyLyrics,I Fall to Pieces,Cline  Patsy,,,,,,sad,negative
ML2510,MoodyLyrics,500 Miles Away from Home,Bare  Bobby,,,,,,relaxed,positive
ML2511,MoodyLyrics,Slap U Around,GWAR,,,,,,angry,negative
ML2513,MoodyLyrics,girl_u_want,devo,,,,,,relaxed,positive
ML2514,MoodyLyrics,come_on_home,franz_ferdinand,,,,,,relaxed,positive
ML2515,MoodyLyrics,The Second Summer Of Love,Danny Wilson,,,,,,happy,positive
ML2516,MoodyLyrics,Only You,Nana Mouskouri,,,,,,happy,positive
ML2517,MoodyLyrics,Red Socks Pugie,Foals,,,,,,angry,negative
ML2518,MoodyLyrics,Everybody's Happy Nowadays,Buzzcocks,,,,,,happy,positive
ML2519,MoodyLyrics,Evil Woman,Spooky Tooth,,,,,,angry,negative
ML2520,MoodyLyrics,poison_arrow,abc,,,,,,angry,negative
ML2522,MoodyLyrics,There It Go (The Whistle Song),Juelz Santana,,,,,,relaxed,positive
ML2523,MoodyLyrics,This Is Not A Love Song,Public Image Ltd,,,,,,happy,positive
ML2524,MoodyLyrics,Something For The Pain,Robben Ford,,,,,,angry,negative
ML2525,MoodyLyrics,Afraid,Motley Crue,,,,,,angry,negative
ML2528,MoodyLyrics,New Love,Ziggy Marley And The Melody Makers,,,,,,happy,positive
ML2529,MoodyLyrics,Now It's My Turn (Aqualite Mix),Berlin,,,,,,angry,negative
ML2530,MoodyLyrics,I Don't Love You Anymore,George Jones,,,,,,happy,positive
ML2531,MoodyLyrics,Can We Still Be Friends?,Rundgren  Todd,,,,,,sad,negative
ML2532,MoodyLyrics,Whiskey on the Fire,Aaron Watson,,,,,,angry,negative
ML2533,MoodyLyrics,Fight the Power  Pt. 1,Isley Brothers,,,,,,angry,negative
ML2534,MoodyLyrics,sweet_home_chicago,robert_johnson,,,,,,relaxed,positive
ML2535,MoodyLyrics,Psalm 27,Donnie McClurkin,,,,,,happy,positive
ML2536,MoodyLyrics,The Fundamental Alienation,Dimmu Borgir,,,,,,angry,negative
ML2538,MoodyLyrics,Another Place  Another Time,Lewis  Jerry Lee,,,,,,sad,negative
ML2540,MoodyLyrics,Destined To Win,DeGarmo & Key,,,,,,happy,positive
ML2541,MoodyLyrics,Shake Your Love,Gibson  Debbie,,,,,,happy,positive
ML2542,MoodyLyrics,Paper Aeroplane (Live From 'Drastic Fantastic' Tour),KT Tunstall,,,,,,sad,negative
ML2544,MoodyLyrics,Were You There (When They Crucified My Lord),Johnny Cash,,,,,,sad,negative
ML2545,MoodyLyrics,This Love,Bryan Ferry,,,,,,happy,positive
ML2546,MoodyLyrics,Happy,Michael Jackson,,,,,,happy,positive
ML2547,MoodyLyrics,Joy,Marvin Gaye,,,,,,happy,positive
ML2549,MoodyLyrics,So Lonely,The Everly Brothers,,,,,,sad,negative
ML2550,MoodyLyrics,Now Is Here,Clannad,,,,,,relaxed,positive
ML2551,MoodyLyrics,Mark's Song,Eastmountainsouth,,,,,,relaxed,positive
ML2552,MoodyLyrics,Without Love (There Is Nothing),Tom Jones,,,,,,happy,positive
ML2553,MoodyLyrics,Sad Lisa,Marianne Faithfull,,,,,,sad,negative
ML2557,MoodyLyrics,Lonely Street,The Everly Brothers,,,,,,sad,negative
ML2558,MoodyLyrics,Happy Xmas (War Is Over),John Lennon,,,,,,happy,positive
ML2559,MoodyLyrics,Lullaby,Joe Jackson,,,,,,sad,negative
ML2561,MoodyLyrics,What a Wonderful World,Willie Nelson,,,,,,relaxed,positive
ML2562,MoodyLyrics,Sick and Tired,Black Sabbath,,,,,,sad,negative
ML2563,MoodyLyrics,Outside My Window,Stevie Wonder,,,,,,relaxed,positive
ML2564,MoodyLyrics,Come Back as a Flower,Stevie Wonder,,,,,,relaxed,positive
ML2566,MoodyLyrics,Night Fever,Bee Gees,,,,,,sad,negative
ML2567,MoodyLyrics,Dear Father,Neil Diamond,,,,,,relaxed,positive
ML2569,MoodyLyrics,Can't Even Get the Blues No More,Reba McEntire,,,,,,sad,negative
ML2570,MoodyLyrics,California Sunset,Neil Young,,,,,,relaxed,positive
ML2574,MoodyLyrics,Drive My Car,Bobby McFerrin,,,,,,happy,positive
ML2577,MoodyLyrics,You Are So Beautiful,Al Green,,,,,,happy,positive
ML2580,MoodyLyrics,L-O-V-E,Natalie Cole,,,,,,happy,positive
ML2584,MoodyLyrics,Be-Bop-A-Lula,Gene Vincent,,,,,,relaxed,positive
ML2589,MoodyLyrics,My Love,Paul McCartney,,,,,,happy,positive
ML2595,MoodyLyrics,Sweet Leilani,Bing Crosby,,,,,,relaxed,positive
ML1,MoodyLyrics4Q,I Want Your Sex,George Michael,,,,,,happy,positive
ML2,MoodyLyrics4Q,Pussy Liquor,Rob Zombie,,,,,,angry,negative
ML3,MoodyLyrics4Q,12,Katatonia,,,,,,sad,negative
ML4,MoodyLyrics4Q,Swinging On A Star,Bing Crosby,,,,,,happy,positive
ML5,MoodyLyrics4Q,Get Back,Ludacris,,,,,,angry,negative
ML6,MoodyLyrics4Q,Violet,Hole,,,,,,angry,negative
ML7,MoodyLyrics4Q,Ifwhiteamericatoldthetruthforonedayit'sworldwouldfallapart,Manic Street Preachers,,,,,,angry,negative
ML8,MoodyLyrics4Q,If You're Gonna Leave,Emerson Hart,,,,,,sad,negative
ML9,MoodyLyrics4Q,Architecture of Aggression,Megadeth,,,,,,angry,negative
ML10,MoodyLyrics4Q,Heart of Glass,Blondie,,,,,,happy,positive
ML11,MoodyLyrics4Q,Impossible,The Clientele,,,,,,relaxed,positive
ML12,MoodyLyrics4Q,Love Is All,The Tallest Man on Earth,,,,,,sad,negative
ML13,MoodyLyrics4Q,Silence Is Golden,Garbage,,,,,,angry,negative
ML14,MoodyLyrics4Q,And It Stoned Me,Van Morrison,,,,,,relaxed,positive
ML15,MoodyLyrics4Q,I'm On My Way,The Proclaimers,,,,,,happy,positive
ML16,MoodyLyrics4Q,My Gun Go Off,50 Cent,,,,,,angry,negative
ML17,MoodyLyrics4Q,Mamacita,Collie Buddz,,,,,,happy,positive
ML18,MoodyLyrics4Q,Coming Home,Avenged Sevenfold,,,,,,angry,negative
ML19,MoodyLyrics4Q,How Does It Feel,Avril Lavigne,,,,,,sad,negative
ML20,MoodyLyrics4Q,Never Went to Church,The Streets,,,,,,sad,negative
ML21,MoodyLyrics4Q,Chuckie,Geto Boys,,,,,,angry,negative
ML22,MoodyLyrics4Q,September,David Sylvian,,,,,,relaxed,positive
ML23,MoodyLyrics4Q,The Tide Began To Rise,Demon Hunter,,,,,,sad,negative
ML24,MoodyLyrics4Q,Better Left Unsaid,Lily Holbrook,,,,,,sad,negative
ML25,MoodyLyrics4Q,Illusion,Creed,,,,,,angry,negative
ML26,MoodyLyrics4Q,Matkustaja,Egotrippi,,,,,,sad,negative
ML27,MoodyLyrics4Q,Don't Give Up,The Whitest Boy Alive,,,,,,relaxed,positive
ML28,MoodyLyrics4Q,By the Pain I See in Others,Opeth,,,,,,sad,negative
ML29,MoodyLyrics4Q,Better Than This,Salt The Wound,,,,,,angry,negative
ML30,MoodyLyrics4Q,Aces High,Iron Maiden,,,,,,angry,negative
ML31,MoodyLyrics4Q,The Prettiest Thing,Norah Jones,,,,,,relaxed,positive
ML32,MoodyLyrics4Q,Written,Lamb,,,,,,relaxed,positive
ML33,MoodyLyrics4Q,Rockstar,Nickleback,,,,,,angry,negative
ML34,MoodyLyrics4Q,Megalodon,Mastodon,,,,,,angry,negative
ML35,MoodyLyrics4Q,No One Else,Natalie Walker,,,,,,relaxed,positive
ML36,MoodyLyrics4Q,Country Love Song,Stephen Lynch,,,,,,happy,positive
ML37,MoodyLyrics4Q,Bright Red Star,Stereophonics,,,,,,sad,negative
ML38,MoodyLyrics4Q,Can Can,Bad Manners,,,,,,happy,positive
ML39,MoodyLyrics4Q,Young,Hollywood Undead,,,,,,angry,negative
ML40,MoodyLyrics4Q,The Magnificent Tree,Hooverphonic,,,,,,relaxed,positive
ML41,MoodyLyrics4Q,Quiet Place,Working for a Nuclear Free City,,,,,,relaxed,positive
ML42,MoodyLyrics4Q,Atlantic City,Bruce Springsteen,,,,,,sad,negative
ML43,MoodyLyrics4Q,Invisible,Alison Moyet,,,,,,sad,negative
ML44,MoodyLyrics4Q,We Made You,Eminem,,,,,,happy,positive
ML45,MoodyLyrics4Q,I Hate The Way,Polly Scattergood,,,,,,sad,negative
ML46,MoodyLyrics4Q,Wherever You Are,Ulrich Schnauss,,,,,,relaxed,positive
ML47,MoodyLyrics4Q,We Will All Go Together When We Go,Tom Lehrer,,,,,,happy,positive
ML48,MoodyLyrics4Q,Poor Thing,Helena Bonham Carter & Johnny Depp,,,,,,sad,negative
ML49,MoodyLyrics4Q,The World Needs a Hero,Megadeth,,,,,,angry,negative
ML50,MoodyLyrics4Q,Life Is A Pigsty,Morrissey,,,,,,sad,negative
ML51,MoodyLyrics4Q,Agitated,Muse,,,,,,angry,negative
ML52,MoodyLyrics4Q,Fields Of Gold,Fourplay,,,,,,relaxed,positive
ML53,MoodyLyrics4Q,Summer Nights,Rascal Flatts,,,,,,happy,positive
ML54,MoodyLyrics4Q,Adios Ayer,José Padilla,,,,,,relaxed,positive
ML55,MoodyLyrics4Q,Jungle Drums,Emiliana Torrini,,,,,,happy,positive
ML56,MoodyLyrics4Q,The Breeze,Dr. Dog,,,,,,relaxed,positive
ML57,MoodyLyrics4Q,Bees & butterflies,Girls In Hawaii,,,,,,relaxed,positive
ML58,MoodyLyrics4Q,Dirge Inferno,Cradle of Filth,,,,,,angry,negative
ML59,MoodyLyrics4Q,Big Big Love (Fig. 2),Foals,,,,,,relaxed,positive
ML60,MoodyLyrics4Q,Welcome Home (Sanitarium),Metallica,,,,,,sad,negative
ML61,MoodyLyrics4Q,Little Bird,Imogen Heap,,,,,,relaxed,positive
ML62,MoodyLyrics4Q,Do You Know How It Feels,The Flying Burrito Brothers,,,,,,sad,negative
ML63,MoodyLyrics4Q,Easier,Grizzly Bear,,,,,,relaxed,positive
ML64,MoodyLyrics4Q,Sinners Like Me,Eric Church,,,,,,relaxed,positive
ML65,MoodyLyrics4Q,Roll On Down The Highway,Bachman-Turner Overdrive,,,,,,happy,positive
ML66,MoodyLyrics4Q,Gimme All Your Lovin',ZZ Top,,,,,,happy,positive
ML67,MoodyLyrics4Q,War?,System of a Down,,,,,,angry,negative
ML68,MoodyLyrics4Q,Feuer Frei!,Nachtmahr,,,,,,angry,negative
ML69,MoodyLyrics4Q,Bali Ha'i,Stacey Kent,,,,,,relaxed,positive
ML70,MoodyLyrics4Q,You Belong With Me,Taylor Swift,,,,,,happy,positive
ML71,MoodyLyrics4Q,Only Anarchists Are Pretty,The World/Inferno Friendship Society,,,,,,happy,positive
ML72,MoodyLyrics4Q,Like my very own blood,Tiger Lou,,,,,,sad,negative
ML73,MoodyLyrics4Q,Spiritual Law,Slayer,,,,,,angry,negative
ML74,MoodyLyrics4Q,Stupid Girl,COLD,,,,,,angry,negative
ML75,MoodyLyrics4Q,Torn Blue Foam Couch,Grand Archives,,,,,,relaxed,positive
ML76,MoodyLyrics4Q,Turu Tu Tu...,Ania,,,,,,sad,negative
ML77,MoodyLyrics4Q,"New York, New York",Reel Big Fish,,,,,,happy,positive
ML78,MoodyLyrics4Q,Hot Girls In Love,Loverboy,,,,,,happy,positive
ML79,MoodyLyrics4Q,Bullet Train,Judas Priest,,,,,,angry,negative
ML80,MoodyLyrics4Q,The Wandering,The Foreshadowing,,,,,,sad,negative
ML81,MoodyLyrics4Q,Hurtful,Erik Hassle,,,,,,sad,negative
ML82,MoodyLyrics4Q,Girls & Boys,Good Charlotte,,,,,,happy,positive
ML83,MoodyLyrics4Q,Before,Riverside,,,,,,sad,negative
ML84,MoodyLyrics4Q,The One For You,Saybia,,,,,,sad,negative
ML85,MoodyLyrics4Q,Bricks And Mortar,The Jam,,,,,,angry,negative
ML86,MoodyLyrics4Q,The Divine Wings Of Tragedy,Symphony X,,,,,,sad,negative
ML87,MoodyLyrics4Q,Scentless Apprentice,Nirvana,,,,,,angry,negative
ML88,MoodyLyrics4Q,End Of The Run,Deborah Harry,,,,,,sad,negative
ML89,MoodyLyrics4Q,Man! I Feel Like A Woman!,Shania Twain,,,,,,happy,positive
ML90,MoodyLyrics4Q,Mamma,Björn Rosenström,,,,,,happy,positive
ML91,MoodyLyrics4Q,The Boys Of Summer,The Ataris,,,,,,happy,positive
ML92,MoodyLyrics4Q,U-Haul,Angie Stone,,,,,,relaxed,positive
ML93,MoodyLyrics4Q,Dirty Mind,The Pipettes,,,,,,happy,positive
ML94,MoodyLyrics4Q,If The Lights Go Out,Katie Melua,,,,,,relaxed,positive
ML95,MoodyLyrics4Q,My Old Man,Steve Goodman,,,,,,sad,negative
ML96,MoodyLyrics4Q,Deutschland (Has Gotta Die!),Atari Teenage Riot,,,,,,angry,negative
ML97,MoodyLyrics4Q,Sunday Bloody Sunday,U2,,,,,,angry,negative
ML98,MoodyLyrics4Q,Lethal,Longing for Dawn,,,,,,sad,negative
ML99,MoodyLyrics4Q,Metal Militia,Metallica,,,,,,sad,negative
ML100,MoodyLyrics4Q,Crazy Little Thing Called Love,Queen,,,,,,happy,positive
ML101,MoodyLyrics4Q,Psycho Killer,Talking Heads,,,,,,angry,negative
ML102,MoodyLyrics4Q,Lilacs,Matt Costa,,,,,,relaxed,positive
ML103,MoodyLyrics4Q,I Like to Move It,Reel 2 Real,,,,,,happy,positive
ML104,MoodyLyrics4Q,Already Gone,Kelly Clarkson,,,,,,sad,negative
ML105,MoodyLyrics4Q,You're My Thrill,Diana Krall,,,,,,relaxed,positive
ML106,MoodyLyrics4Q,We Don't Care,Kanye West,,,,,,happy,positive
ML107,MoodyLyrics4Q,Tennessee Train Tracks,Rocky Votolato,,,,,,relaxed,positive
ML108,MoodyLyrics4Q,A Conversation With God,Darren Hayes,,,,,,sad,negative
ML109,MoodyLyrics4Q,"So Come Back, I Am Waiting",Okkervil River,,,,,,sad,negative
ML110,MoodyLyrics4Q,The Bad Touch,Bloodhound Gang,,,,,,happy,positive
ML111,MoodyLyrics4Q,Dig,Mudvayne,,,,,,angry,negative
ML112,MoodyLyrics4Q,Recipe for Hate...Warhorse,Megadeth,,,,,,angry,negative
ML113,MoodyLyrics4Q,Unchained Melody,Peter Sellers,,,,,,happy,positive
ML114,MoodyLyrics4Q,Can't Hardly Wait,The Replacements,,,,,,sad,negative
ML115,MoodyLyrics4Q,Coming Down Again,The Rolling Stones,,,,,,sad,negative
ML116,MoodyLyrics4Q,Swing hum e meio,Móveis Coloniais de Acaju,,,,,,happy,positive
ML117,MoodyLyrics4Q,The Enemy Inside,Dream Theater,,,,,,angry,negative
ML118,MoodyLyrics4Q,Old Dirt Hill (Bring That Beat Back),Dave Matthews Band,,,,,,relaxed,positive
ML119,MoodyLyrics4Q,All My Heart Can Hold,Maggie Reilly,,,,,,sad,negative
ML120,MoodyLyrics4Q,Better People,Xavier Rudd,,,,,,relaxed,positive
ML121,MoodyLyrics4Q,He Stopped Loving Her Today,George Jones,,,,,,sad,negative
ML122,MoodyLyrics4Q,Las Flores,Café Tacuba,,,,,,happy,positive
ML123,MoodyLyrics4Q,"They Do, They Don't",Jack Johnson,,,,,,relaxed,positive
ML124,MoodyLyrics4Q,Crazy Mary,Pearl Jam,,,,,,sad,negative
ML125,MoodyLyrics4Q,Lady Sings The Blues,Billie Holiday,,,,,,sad,negative
ML126,MoodyLyrics4Q,Fall,The Saturdays,,,,,,sad,negative
ML127,MoodyLyrics4Q,My Dearest Darling,Etta James,,,,,,happy,positive
ML128,MoodyLyrics4Q,Don't Stop Now,Guided by Voices,,,,,,sad,negative
ML129,MoodyLyrics4Q,Chinese Takeaway,The Adicts,,,,,,happy,positive
ML130,MoodyLyrics4Q,Chega De Saudade,João Gilberto,,,,,,relaxed,positive
ML131,MoodyLyrics4Q,The Boys Of Summer,DJ Sammy,,,,,,happy,positive
ML132,MoodyLyrics4Q,For The Ladies,Stephen Lynch,,,,,,happy,positive
ML133,MoodyLyrics4Q,Things Can Only Get Better,Howard Jones,,,,,,happy,positive
ML134,MoodyLyrics4Q,Crystal,New Order,,,,,,happy,positive
ML135,MoodyLyrics4Q,We in Here,DMX,,,,,,angry,negative
ML136,MoodyLyrics4Q,Ještě mi scházíš,Jaromír Nohavica,,,,,,sad,negative
ML137,MoodyLyrics4Q,Two Of Those Too (Album Version),Maria Taylor,,,,,,relaxed,positive
ML138,MoodyLyrics4Q,River Card,Atlas Sound,,,,,,relaxed,positive
ML139,MoodyLyrics4Q,The Wake/Hooray Hooray,Tiger Lou,,,,,,relaxed,positive
ML140,MoodyLyrics4Q,Think Twice,Donald Byrd,,,,,,relaxed,positive
ML141,MoodyLyrics4Q,Touched Something's Hollow,of Montreal,,,,,,sad,negative
ML142,MoodyLyrics4Q,Show A Little Faith,Charlotte Church,,,,,,relaxed,positive
ML143,MoodyLyrics4Q,One Of Us Must Know (Sooner Or Later),Bob Dylan,,,,,,sad,negative
ML144,MoodyLyrics4Q,Love Is Strange,Mickey & Sylvia,,,,,,happy,positive
ML145,MoodyLyrics4Q,The Woman By The Well,Sarah Blasko,,,,,,relaxed,positive
ML146,MoodyLyrics4Q,Not Fair,Lily Allen,,,,,,happy,positive
ML147,MoodyLyrics4Q,Cherish The Day,Sade,,,,,,relaxed,positive
ML148,MoodyLyrics4Q,It's A Pity,Tanya Stephens,,,,,,happy,positive
ML149,MoodyLyrics4Q,Sabbath Bloody Sabbath,Black Sabbath,,,,,,angry,negative
ML150,MoodyLyrics4Q,Flick of the Switch,AC/DC,,,,,,angry,negative
ML151,MoodyLyrics4Q,It's Gonna Rain,Violent Femmes,,,,,,happy,positive
ML152,MoodyLyrics4Q,Territory,Sepultura,,,,,,angry,negative
ML153,MoodyLyrics4Q,That's My Job,Conway Twitty,,,,,,sad,negative
ML154,MoodyLyrics4Q,Police Story,Black Flag,,,,,,angry,negative
ML155,MoodyLyrics4Q,Every Day Is Exactly The Same,Nine Inch Nails,,,,,,sad,negative
ML156,MoodyLyrics4Q,Sometimes,Daniel Lanois,,,,,,relaxed,positive
ML157,MoodyLyrics4Q,Love Is Like An Itching In My Heart,The Supremes,,,,,,happy,positive
ML158,MoodyLyrics4Q,Killamangiro,Babyshambles,,,,,,happy,positive
ML159,MoodyLyrics4Q,Drowning,Stabbing Westward,,,,,,sad,negative
ML160,MoodyLyrics4Q,Save Your Scissors,City and Colour,,,,,,relaxed,positive
ML161,MoodyLyrics4Q,Among the Living,Anthrax,,,,,,angry,negative
ML162,MoodyLyrics4Q,War Zone,Slayer,,,,,,angry,negative
ML163,MoodyLyrics4Q,If Loving You Is Wrong,Cassandra Wilson,,,,,,relaxed,positive
ML164,MoodyLyrics4Q,An Ocean Between Us,As I Lay Dying,,,,,,angry,negative
ML165,MoodyLyrics4Q,Nightmare,Avenged Sevenfold,,,,,,angry,negative
ML166,MoodyLyrics4Q,I Don't Like The Vibe In The VIP,ElectroVamp,,,,,,happy,positive
ML167,MoodyLyrics4Q,Sludge Factory,Alice in Chains,,,,,,sad,negative
ML168,MoodyLyrics4Q,Psychotron,Megadeth,,,,,,angry,negative
ML169,MoodyLyrics4Q,Un Poco De Amor,Shakira,,,,,,happy,positive
ML170,MoodyLyrics4Q,Oh My Lord,Nick Cave and the Bad Seeds,,,,,,sad,negative
ML171,MoodyLyrics4Q,Just Can't Last,Natalie Merchant,,,,,,relaxed,positive
ML172,MoodyLyrics4Q,Booksmart Devil,Silversun Pickups,,,,,,relaxed,positive
ML173,MoodyLyrics4Q,No Children,The Mountain Goats,,,,,,sad,negative
ML174,MoodyLyrics4Q,If U Seek Amy,Britney Spears,,,,,,happy,positive
ML175,MoodyLyrics4Q,Dragostea Din Tei,O-Zone,,,,,,happy,positive
ML176,MoodyLyrics4Q,Suicide Solution,Ozzy Osbourne,,,,,,angry,negative
ML177,MoodyLyrics4Q,The Purple People Eater,Sheb Wooley,,,,,,happy,positive
ML178,MoodyLyrics4Q,Ho Visto Un Re,Enzo Jannacci,,,,,,happy,positive
ML179,MoodyLyrics4Q,Dread and the Fugitive Mind,Megadeth,,,,,,angry,negative
ML180,MoodyLyrics4Q,Hope,Jack Johnson,,,,,,relaxed,positive
ML181,MoodyLyrics4Q,More Than You Know,Jane Monheit,,,,,,relaxed,positive
ML182,MoodyLyrics4Q,How I Could Just Kill A Man,Rage Against the Machine,,,,,,angry,negative
ML183,MoodyLyrics4Q,Fire,Jimi Hendrix Experience,,,,,,angry,negative
ML184,MoodyLyrics4Q,I Wanna Be Loved By You,Marilyn Monroe,,,,,,happy,positive
ML185,MoodyLyrics4Q,Distant Lights,Burial,,,,,,sad,negative
ML186,MoodyLyrics4Q,Sadness Is a Blessing,Lykke Li,,,,,,sad,negative
ML187,MoodyLyrics4Q,I Told You So,Carrie Underwood,,,,,,sad,negative
ML188,MoodyLyrics4Q,Lights,Scissor Sisters,,,,,,happy,positive
ML189,MoodyLyrics4Q,Will You Marry Me,Lenny Kravitz,,,,,,happy,positive
ML190,MoodyLyrics4Q,The Needle Lies,Queensryche,,,,,,angry,negative
ML191,MoodyLyrics4Q,The Cry of Mankind,My Dying Bride,,,,,,sad,negative
ML192,MoodyLyrics4Q,7 Things,Miley Cyrus,,,,,,happy,positive
ML193,MoodyLyrics4Q,Vaca que cambia de querencia,Juana Molina,,,,,,relaxed,positive
ML194,MoodyLyrics4Q,If You're Not Scared,K's Choice,,,,,,sad,negative
ML195,MoodyLyrics4Q,Sunworshipper,Mylo,,,,,,relaxed,positive
ML196,MoodyLyrics4Q,Singin' In The Rain,Jamie Cullum,,,,,,relaxed,positive
ML197,MoodyLyrics4Q,I Am the Fly,Wire,,,,,,sad,negative
ML198,MoodyLyrics4Q,Livin' La Vida Loca,Ricky Martin,,,,,,happy,positive
ML199,MoodyLyrics4Q,Limo Wreck,Soundgarden,,,,,,sad,negative
ML200,MoodyLyrics4Q,Bitter Sweet,Sopor Aeternus & The Ensemble Of Shadows,,,,,,sad,negative
ML201,MoodyLyrics4Q,Nosferatu,Blue Öyster Cult,,,,,,angry,negative
ML202,MoodyLyrics4Q,My Evil Plan To Save The World,Five Iron Frenzy,,,,,,happy,positive
ML203,MoodyLyrics4Q,I Know It's True but I'm Sorry to Say,Violent Femmes,,,,,,sad,negative
ML204,MoodyLyrics4Q,Kielbasa,Tenacious D,,,,,,happy,positive
ML205,MoodyLyrics4Q,Sleepers,Saosin,,,,,,angry,negative
ML206,MoodyLyrics4Q,Potters Field,Anthrax,,,,,,angry,negative
ML207,MoodyLyrics4Q,Little Bombs,Aimee Mann,,,,,,sad,negative
ML208,MoodyLyrics4Q,The Red,Chevelle,,,,,,angry,negative
ML209,MoodyLyrics4Q,Blue Sky,Jason Collett,,,,,,relaxed,positive
ML210,MoodyLyrics4Q,All My Friends (John Cale's Version),LCD Soundsystem,,,,,,sad,negative
ML211,MoodyLyrics4Q,Bushes And Briars,Sandy Denny,,,,,,sad,negative
ML212,MoodyLyrics4Q,Punk Rock Superstar,Marcy Playground,,,,,,happy,positive
ML213,MoodyLyrics4Q,Le Vieil Amant,Emilie Simon,,,,,,relaxed,positive
ML214,MoodyLyrics4Q,Your Master Is Calling,Pink Turns Blue,,,,,,sad,negative
ML215,MoodyLyrics4Q,Clear My Head,IVY,,,,,,relaxed,positive
ML216,MoodyLyrics4Q,American Girl,Tom Petty And The Heartbreakers,,,,,,happy,positive
ML217,MoodyLyrics4Q,A Sunday Kind Of Love,Etta James,,,,,,relaxed,positive
ML218,MoodyLyrics4Q,Lonely This Christmas,Mud,,,,,,sad,negative
ML219,MoodyLyrics4Q,Everybody Knows That You Are Insane,Queens Of The Stone Age,,,,,,angry,negative
ML220,MoodyLyrics4Q,These Good People,The Gathering,,,,,,sad,negative
ML221,MoodyLyrics4Q,Cuntry Boys & City Girls,The Fratellis,,,,,,happy,positive
ML222,MoodyLyrics4Q,Puto,Molotov,,,,,,happy,positive
ML223,MoodyLyrics4Q,I Wish,Victoria Beckham,,,,,,happy,positive
ML224,MoodyLyrics4Q,Dizzy,Ours,,,,,,sad,negative
ML225,MoodyLyrics4Q,Walking In Rhythm,The Blackbyrds,,,,,,happy,positive
ML226,MoodyLyrics4Q,Velvet Revolution,Tori Amos,,,,,,sad,negative
ML227,MoodyLyrics4Q,Break on Through (To the Other Side),Doors,,,,,,angry,negative
ML228,MoodyLyrics4Q,FFF,Megadeth,,,,,,angry,negative
ML229,MoodyLyrics4Q,Good Guys & Bad Guys,Camper Van Beethoven,,,,,,happy,positive
ML230,MoodyLyrics4Q,Spirit in Black,Slayer,,,,,,angry,negative
ML231,MoodyLyrics4Q,Keep In Touch,theaudience,,,,,,relaxed,positive
ML232,MoodyLyrics4Q,Roy Walker,Belle and Sebastian,,,,,,happy,positive
ML233,MoodyLyrics4Q,As the Palaces Burn,Lamb of God,,,,,,angry,negative
ML234,MoodyLyrics4Q,Personality Crisis,New York Dolls,,,,,,angry,negative
ML235,MoodyLyrics4Q,Unanswered,Suicide Silence,,,,,,angry,negative
ML236,MoodyLyrics4Q,It's That Time Again,The Dodos,,,,,,sad,negative
ML237,MoodyLyrics4Q,Deliver Me From Mine Enemies,Diamanda Galás,,,,,,angry,negative
ML238,MoodyLyrics4Q,We're Going Wrong,Cream,,,,,,sad,negative
ML239,MoodyLyrics4Q,Edge of the Ocean,IVY,,,,,,relaxed,positive
ML240,MoodyLyrics4Q,Your Pretty Face Is Going to Hell,The Stooges,,,,,,angry,negative
ML241,MoodyLyrics4Q,Worried Eyes,Eagle-Eye Cherry,,,,,,relaxed,positive
ML242,MoodyLyrics4Q,It's Over,Bic Runga,,,,,,sad,negative
ML243,MoodyLyrics4Q,Poetically Pathetic (Acoustic),Amber Pacific,,,,,,sad,negative
ML244,MoodyLyrics4Q,Lovely 2 C U,Goldfrapp,,,,,,happy,positive
ML245,MoodyLyrics4Q,The Night Santa Went Crazy,"""Weird Al"" Yankovic",,,,,,happy,positive
ML246,MoodyLyrics4Q,Are We Still Married?,His Name Is Alive,,,,,,sad,negative
ML247,MoodyLyrics4Q,Simarik,Tarkan,,,,,,happy,positive
ML248,MoodyLyrics4Q,Nada Valgo Sin Tu Amor,Juanes,,,,,,happy,positive
ML249,MoodyLyrics4Q,"Kick, Push",Lupe Fiasco,,,,,,relaxed,positive
ML250,MoodyLyrics4Q,Thank You Very Much,Kaiser Chiefs,,,,,,happy,positive
ML251,MoodyLyrics4Q,Counting Backwards,Throwing Muses,,,,,,angry,negative
ML252,MoodyLyrics4Q,Future Breed Machine,Meshuggah,,,,,,angry,negative
ML253,MoodyLyrics4Q,I Luv It,Young Jeezy,,,,,,angry,negative
ML254,MoodyLyrics4Q,Burn,Three Days Grace,,,,,,angry,negative
ML255,MoodyLyrics4Q,Bring the Noise,Public Enemy,,,,,,angry,negative
ML256,MoodyLyrics4Q,Monday Morning,Maria Mena,,,,,,relaxed,positive
ML257,MoodyLyrics4Q,The Wrong Nigga to Fuck Wit,Ice Cube,,,,,,angry,negative
ML258,MoodyLyrics4Q,Am I Inside,Alice in Chains,,,,,,sad,negative
ML259,MoodyLyrics4Q,Sandy the River Demon,Monkey,,,,,,relaxed,positive
ML260,MoodyLyrics4Q,Ghostbusters,Ray Parker Jr.,,,,,,happy,positive
ML261,MoodyLyrics4Q,Hate Me!,Children of Bodom,,,,,,angry,negative
ML262,MoodyLyrics4Q,Olhos Certos,Detonautas Roque Clube,,,,,,sad,negative
ML263,MoodyLyrics4Q,Gigantic,Pixies,,,,,,happy,positive
ML264,MoodyLyrics4Q,Day,Katatonia,,,,,,sad,negative
ML265,MoodyLyrics4Q,Painter in Your Pocket,Destroyer,,,,,,relaxed,positive
ML266,MoodyLyrics4Q,Belle de Jour,De-Phazz,,,,,,relaxed,positive
ML267,MoodyLyrics4Q,Never Be the Sun,Dolores Keane,,,,,,relaxed,positive
ML268,MoodyLyrics4Q,Bring the Pain,Method Man,,,,,,angry,negative
ML269,MoodyLyrics4Q,Those Three Days,Lucinda Williams,,,,,,sad,negative
ML270,MoodyLyrics4Q,Moto Psycho,Megadeth,,,,,,angry,negative
ML271,MoodyLyrics4Q,Touch Down,Delays,,,,,,relaxed,positive
ML272,MoodyLyrics4Q,Laura,Scissor Sisters,,,,,,happy,positive
ML273,MoodyLyrics4Q,I Like You So Much Better When You're Naked,Ida Maria,,,,,,happy,positive
ML274,MoodyLyrics4Q,Lovesongs (They Kill Me),Cinema Bizarre,,,,,,sad,negative
ML275,MoodyLyrics4Q,Leave My Mind,Lene Marlin,,,,,,relaxed,positive
ML276,MoodyLyrics4Q,You Got By,Sara Gazarek,,,,,,relaxed,positive
ML277,MoodyLyrics4Q,Walk Believer Walk,The Black Crowes,,,,,,happy,positive
ML278,MoodyLyrics4Q,Thank You (Falettinme Be Mice Elf Agin),Sly & The Family Stone,,,,,,happy,positive
ML279,MoodyLyrics4Q,The Lonely,British Sea Power,,,,,,sad,negative
ML280,MoodyLyrics4Q,Autumn Tactics,Chicane,,,,,,relaxed,positive
ML281,MoodyLyrics4Q,Under the Gun,The Sisters Of Mercy,,,,,,sad,negative
ML282,MoodyLyrics4Q,Get Myself on Track,Audio Bullys,,,,,,sad,negative
ML283,MoodyLyrics4Q,The Sleep of No Dreaming,Porcupine Tree,,,,,,sad,negative
ML284,MoodyLyrics4Q,Lazy Girls,Jill Cunniff,,,,,,happy,positive
ML285,MoodyLyrics4Q,Newgrange,Clannad,,,,,,relaxed,positive
ML286,MoodyLyrics4Q,Jackie Jackson,Franz Ferdinand,,,,,,happy,positive
ML287,MoodyLyrics4Q,The Corps Under My Bed,Combichrist,,,,,,sad,negative
ML288,MoodyLyrics4Q,Should've Known Better,Richard Marx,,,,,,sad,negative
ML289,MoodyLyrics4Q,Want,The Cure,,,,,,sad,negative
ML290,MoodyLyrics4Q,I'm on a Boat (feat. T-Pain),The Lonely Island,,,,,,happy,positive
ML291,MoodyLyrics4Q,Faithful ,Common,,,,,,relaxed,positive
ML292,MoodyLyrics4Q,This Place Hotel,The Jacksons,,,,,,sad,negative
ML293,MoodyLyrics4Q,Dirge for November,Opeth,,,,,,sad,negative
ML294,MoodyLyrics4Q,It's A Long Way There,Little River Band,,,,,,relaxed,positive
ML295,MoodyLyrics4Q,11:11,Rufus Wainwright,,,,,,relaxed,positive
ML296,MoodyLyrics4Q,Break The Ice,Britney Spears,,,,,,happy,positive
ML297,MoodyLyrics4Q,Midnight Blue,Electric Light Orchestra,,,,,,relaxed,positive
ML298,MoodyLyrics4Q,We're Not Deep,The Housemartins,,,,,,happy,positive
ML299,MoodyLyrics4Q,Blue Ridge Mountains,Haley Bonar,,,,,,relaxed,positive
ML300,MoodyLyrics4Q,Disguise,Lene Marlin,,,,,,relaxed,positive
ML301,MoodyLyrics4Q,One Step Too Far,Faithless,,,,,,relaxed,positive
ML302,MoodyLyrics4Q,Day One: Vigil,Ayreon,,,,,,sad,negative
ML303,MoodyLyrics4Q,Catch The Rainbow,Rainbow,,,,,,sad,negative
ML304,MoodyLyrics4Q,Greenville,Lucinda Williams,,,,,,sad,negative
ML305,MoodyLyrics4Q,Heart And Shoulder,Heather Nova,,,,,,relaxed,positive
ML306,MoodyLyrics4Q,Long Stick Goes Boom,Krokus,,,,,,angry,negative
ML307,MoodyLyrics4Q,"Mahna, Mahna",Cake,,,,,,happy,positive
ML308,MoodyLyrics4Q,Sweet Darlin',She & Him,,,,,,happy,positive
ML309,MoodyLyrics4Q,Vietnow,Rage Against the Machine,,,,,,angry,negative
ML310,MoodyLyrics4Q,Action,Powerman 5000,,,,,,angry,negative
ML311,MoodyLyrics4Q,All For Swinging You Around,The New Pornographers,,,,,,happy,positive
ML312,MoodyLyrics4Q,Sleep Now In The Fire,Rage Against the Machine,,,,,,angry,negative
ML313,MoodyLyrics4Q,And I'm Evil,Beatallica,,,,,,happy,positive
ML314,MoodyLyrics4Q,Chi,Korn,,,,,,angry,negative
ML315,MoodyLyrics4Q,Neon Moon,Brooks & Dunn,,,,,,sad,negative
ML316,MoodyLyrics4Q,A Dream About You,Keri Noble,,,,,,relaxed,positive
ML317,MoodyLyrics4Q,Around The World,Aqua,,,,,,happy,positive
ML318,MoodyLyrics4Q,Evil Urges,My Morning Jacket,,,,,,happy,positive
ML319,MoodyLyrics4Q,Nothing Much to Lose,My Bloody Valentine,,,,,,sad,negative
ML320,MoodyLyrics4Q,Wake Up,Rage Against the Machine,,,,,,angry,negative
ML321,MoodyLyrics4Q,Chop Suey!,System of a Down,,,,,,angry,negative
ML322,MoodyLyrics4Q,The Freak Show,Antimatter,,,,,,sad,negative
ML323,MoodyLyrics4Q,Omen Sore,ERA,,,,,,relaxed,positive
ML324,MoodyLyrics4Q,When I Get Where I'm Going,Brad Paisley,,,,,,sad,negative
ML325,MoodyLyrics4Q,Victory,Megadeth,,,,,,angry,negative
ML326,MoodyLyrics4Q,The Not Knowing,Tindersticks,,,,,,sad,negative
ML327,MoodyLyrics4Q,My Baby Does Me,Queen,,,,,,happy,positive
ML328,MoodyLyrics4Q,Morning Glory,Tim Buckley,,,,,,sad,negative
ML329,MoodyLyrics4Q,Black Light District,The Gathering,,,,,,sad,negative
ML330,MoodyLyrics4Q,Can You Hear The Music,The Rolling Stones,,,,,,sad,negative
ML331,MoodyLyrics4Q,Reminiscing,Little River Band,,,,,,relaxed,positive
ML332,MoodyLyrics4Q,Dead and Buried,Alien Sex Fiend,,,,,,angry,negative
ML333,MoodyLyrics4Q,Sway,Voxtrot,,,,,,sad,negative
ML334,MoodyLyrics4Q,Homebird,Foy Vance,,,,,,relaxed,positive
ML335,MoodyLyrics4Q,Rain Song,COLD,,,,,,sad,negative
ML336,MoodyLyrics4Q,Cruel Summer,Bananarama,,,,,,happy,positive
ML337,MoodyLyrics4Q,Still in Love,Nick Cave and the Bad Seeds,,,,,,sad,negative
ML338,MoodyLyrics4Q,Papi,Jennifer Lopez,,,,,,happy,positive
ML339,MoodyLyrics4Q,Anorak Christmas,Sally Shapiro,,,,,,relaxed,positive
ML340,MoodyLyrics4Q,Fun Fun Fun,Busted,,,,,,happy,positive
ML341,MoodyLyrics4Q,Sex. Murder. Art.,Slayer,,,,,,angry,negative
ML342,MoodyLyrics4Q,4 Words (To Choke Upon),Bullet For My Valentine,,,,,,angry,negative
ML343,MoodyLyrics4Q,Lovestain,José González,,,,,,relaxed,positive
ML344,MoodyLyrics4Q,I Would Like To Call It Beauty,Corinne Bailey Rae,,,,,,relaxed,positive
ML345,MoodyLyrics4Q,Meadow,Espers,,,,,,relaxed,positive
ML346,MoodyLyrics4Q,London Calling,The Clash,,,,,,angry,negative
ML347,MoodyLyrics4Q,Orgasmatron,Motörhead,,,,,,angry,negative
ML348,MoodyLyrics4Q,Back To Manhattan,Norah Jones,,,,,,sad,negative
ML349,MoodyLyrics4Q,If You Know Love,Molly Johnson,,,,,,relaxed,positive
ML350,MoodyLyrics4Q,Ophelia,The Tear Garden,,,,,,sad,negative
ML351,MoodyLyrics4Q,Letter To God,Hole,,,,,,sad,negative
ML352,MoodyLyrics4Q,Washington Is Next!,Megadeth,,,,,,angry,negative
ML353,MoodyLyrics4Q,Flora's Secret,Enya,,,,,,relaxed,positive
ML354,MoodyLyrics4Q,Sex Dwarf,Soft Cell,,,,,,happy,positive
ML355,MoodyLyrics4Q,I Only Want To Be With You,Dusty Springfield,,,,,,happy,positive
ML356,MoodyLyrics4Q,Mea Culpa,Enigma,,,,,,relaxed,positive
ML357,MoodyLyrics4Q,Sun (acoustic),Mae,,,,,,relaxed,positive
ML358,MoodyLyrics4Q,Highway to Hell,AC/DC,,,,,,angry,negative
ML359,MoodyLyrics4Q,I Still Get Jealous,Louis Armstrong,,,,,,relaxed,positive
ML360,MoodyLyrics4Q,Beauty And The Beast,Jump5,,,,,,happy,positive
ML361,MoodyLyrics4Q,Flowery Noontide,Espers,,,,,,relaxed,positive
ML362,MoodyLyrics4Q,Your Touch,The Black Keys,,,,,,happy,positive
ML363,MoodyLyrics4Q,Elvis Presley and America,U2,,,,,,sad,negative
ML364,MoodyLyrics4Q,Without You,Dixie Chicks,,,,,,sad,negative
ML365,MoodyLyrics4Q,Take Your Mama,Scissor Sisters,,,,,,happy,positive
ML366,MoodyLyrics4Q,7 Minutes,Noir Désir,,,,,,angry,negative
ML367,MoodyLyrics4Q,Fitter Happier,Radiohead,,,,,,sad,negative
ML368,MoodyLyrics4Q,Fields Of Gray,Bruce Hornsby,,,,,,relaxed,positive
ML369,MoodyLyrics4Q,St. Robinson In His Cadillac Dream,Counting Crows,,,,,,relaxed,positive
ML370,MoodyLyrics4Q,Verne,Novembre,,,,,,sad,negative
ML371,MoodyLyrics4Q,Love and Destroy,Franz Ferdinand,,,,,,happy,positive
ML372,MoodyLyrics4Q,Rinse,Vanessa Carlton,,,,,,sad,negative
ML373,MoodyLyrics4Q,I Don't Wanna Die Anymore,New Radicals,,,,,,sad,negative
ML374,MoodyLyrics4Q,This Town,Hot Hot Heat,,,,,,happy,positive
ML375,MoodyLyrics4Q,Back Into Your System,Saliva,,,,,,relaxed,positive
ML376,MoodyLyrics4Q,End,Secondhand Serenade,,,,,,sad,negative
ML377,MoodyLyrics4Q,In The Mood,Robert Plant,,,,,,relaxed,positive
ML378,MoodyLyrics4Q,Man Must Dance,Johnossi,,,,,,happy,positive
ML379,MoodyLyrics4Q,Reptile,Eric Clapton,,,,,,relaxed,positive
ML380,MoodyLyrics4Q,Cish Cash ,Basement Jaxx,,,,,,happy,positive
ML381,MoodyLyrics4Q,Don't Turn Around,Ace of Base,,,,,,happy,positive
ML382,MoodyLyrics4Q,High School,Nerf Herder,,,,,,happy,positive
ML383,MoodyLyrics4Q,Steamy Windows,Tina Turner,,,,,,happy,positive
ML384,MoodyLyrics4Q,Slowboat,Sparks,,,,,,sad,negative
ML385,MoodyLyrics4Q,A Modern Way Of Letting Go,Idlewild,,,,,,angry,negative
ML386,MoodyLyrics4Q,My Funny Valentine,Anita Baker,,,,,,relaxed,positive
ML387,MoodyLyrics4Q,Des Illusions,Dark Sanctuary,,,,,,sad,negative
ML388,MoodyLyrics4Q,Lightning,Eric Church,,,,,,sad,negative
ML389,MoodyLyrics4Q,Less Than a Pearl,Enya,,,,,,relaxed,positive
ML390,MoodyLyrics4Q,Take Up Thy Stethoscope and Walk,Pink Floyd,,,,,,angry,negative
ML391,MoodyLyrics4Q,Dolphins,Tim Buckley,,,,,,sad,negative
ML392,MoodyLyrics4Q,Paranoiattack,The Faint,,,,,,happy,positive
ML393,MoodyLyrics4Q,Countdown to Extinction,Megadeth,,,,,,angry,negative
ML394,MoodyLyrics4Q,Keeping You,Tanya Donelly,,,,,,relaxed,positive
ML395,MoodyLyrics4Q,The Figurehead,The Cure,,,,,,sad,negative
ML396,MoodyLyrics4Q,Mickey,Toni Basil,,,,,,happy,positive
ML397,MoodyLyrics4Q,"Cheer Up, Boys (Your Make Up Is Running)",Foo Fighters,,,,,,happy,positive
ML398,MoodyLyrics4Q,Ghetto Vet,Ice Cube,,,,,,angry,negative
ML399,MoodyLyrics4Q,Necrophiliac,Slayer,,,,,,angry,negative
ML400,MoodyLyrics4Q,Sleepsong,Secret Garden,,,,,,relaxed,positive
ML401,MoodyLyrics4Q,Prisoners of Today,Billy Talent,,,,,,angry,negative
ML402,MoodyLyrics4Q,Brand New Day,Sting,,,,,,happy,positive
ML403,MoodyLyrics4Q,Psychopathy Red,Slayer,,,,,,angry,negative
ML404,MoodyLyrics4Q,You Belong To Me,Anita Baker,,,,,,relaxed,positive
ML405,MoodyLyrics4Q,Pocket,Sam Sparro,,,,,,happy,positive
ML406,MoodyLyrics4Q,Le Ciel Dans Une Chambre,Carla Bruni,,,,,,relaxed,positive
ML407,MoodyLyrics4Q,Tone Poem,Fischerspooner,,,,,,relaxed,positive
ML408,MoodyLyrics4Q,Foxtrot Uniform Charlie Kilo,Bloodhound Gang,,,,,,happy,positive
ML409,MoodyLyrics4Q,One Hundred Years,The Cure,,,,,,sad,negative
ML410,MoodyLyrics4Q,Gone With The Day,Faunts,,,,,,relaxed,positive
ML411,MoodyLyrics4Q,Celebration,Kool & The Gang,,,,,,happy,positive
ML412,MoodyLyrics4Q,Super-Charger Heaven,White Zombie,,,,,,angry,negative
ML413,MoodyLyrics4Q,Thank You For The Music,Abba,,,,,,happy,positive
ML414,MoodyLyrics4Q,Durch die Nacht,Silbermond,,,,,,sad,negative
ML415,MoodyLyrics4Q,The Visit (She Was Here),The Cyrkle,,,,,,relaxed,positive
ML416,MoodyLyrics4Q,Fury,Prince,,,,,,angry,negative
ML417,MoodyLyrics4Q,Baby Be Brave (album version),The Corrs,,,,,,relaxed,positive
ML418,MoodyLyrics4Q,Overjoyed,Magnet,,,,,,relaxed,positive
ML419,MoodyLyrics4Q,A Place In The Dirt,Marilyn Manson,,,,,,sad,negative
ML420,MoodyLyrics4Q,Skies So Blue,The Rocket Summer,,,,,,happy,positive
ML421,MoodyLyrics4Q,The Fear,Pulp,,,,,,sad,negative
ML422,MoodyLyrics4Q,Goodbye Suicide,Nicky Wire,,,,,,sad,negative
ML423,MoodyLyrics4Q,Gather Me Up Forever,My Dying Bride,,,,,,sad,negative
ML424,MoodyLyrics4Q,Let's Get Known,The Unicorns,,,,,,happy,positive
ML425,MoodyLyrics4Q,Take Me For A Little While,Coverdale/Page,,,,,,sad,negative
ML426,MoodyLyrics4Q,It's Not The Fall That Hurts,Caesars,,,,,,happy,positive
ML427,MoodyLyrics4Q,Something Beautiful,Newsboys,,,,,,happy,positive
ML428,MoodyLyrics4Q,Pi,Hard 'n Phirm,,,,,,happy,positive
ML429,MoodyLyrics4Q,Bulls on Parade,Rage Against the Machine,,,,,,angry,negative
ML430,MoodyLyrics4Q,A Doomed Lover,My Dying Bride,,,,,,sad,negative
ML431,MoodyLyrics4Q,Marie Cherie,Annie,,,,,,sad,negative
ML432,MoodyLyrics4Q,Sex im Hotel,Rosenstolz,,,,,,happy,positive
ML433,MoodyLyrics4Q,What Do You Want From Me?,Cascada,,,,,,happy,positive
ML434,MoodyLyrics4Q,Let Love,Res,,,,,,relaxed,positive
ML435,MoodyLyrics4Q,The Invisible Man,Marillion,,,,,,sad,negative
ML436,MoodyLyrics4Q,66,Afghan Whigs,,,,,,happy,positive
ML437,MoodyLyrics4Q,Shell,Susie Suh,,,,,,relaxed,positive
ML438,MoodyLyrics4Q,Not the Same,Dinosaur Jr.,,,,,,sad,negative
ML439,MoodyLyrics4Q,I'm Gonna Getcha Good!,Shania Twain,,,,,,happy,positive
ML440,MoodyLyrics4Q,Part-Time Lover,Stevie Wonder,,,,,,happy,positive
ML441,MoodyLyrics4Q,Tahroja paperilla,Eppu Normaali,,,,,,sad,negative
ML442,MoodyLyrics4Q,Battery,Metallica,,,,,,angry,negative
ML443,MoodyLyrics4Q,Son,Juana Molina,,,,,,relaxed,positive
ML444,MoodyLyrics4Q,Your Only Doll (Dora),Laura Marling,,,,,,relaxed,positive
ML445,MoodyLyrics4Q,Joy To The World,Three Dog Night,,,,,,happy,positive
ML446,MoodyLyrics4Q,I Just Wanna Love U (Give It 2 Me),JAY-Z,,,,,,happy,positive
ML447,MoodyLyrics4Q,To The Music,Colder,,,,,,happy,positive
ML448,MoodyLyrics4Q,English Girl,Eagles of Death Metal,,,,,,happy,positive
ML449,MoodyLyrics4Q,Jump,Kris Kross,,,,,,happy,positive
ML450,MoodyLyrics4Q,Teen Angel,Mark Dinning,,,,,,sad,negative
ML451,MoodyLyrics4Q,Girls Just Want To Have Fun,Starfucker,,,,,,happy,positive
ML452,MoodyLyrics4Q,Christmas At Ground Zero,"""Weird Al"" Yankovic",,,,,,happy,positive
ML453,MoodyLyrics4Q,Johnny W.,Marius Müller-Westernhagen,,,,,,sad,negative
ML454,MoodyLyrics4Q,Demolishor,The Acacia Strain,,,,,,angry,negative
ML455,MoodyLyrics4Q,Assimilate,Skinny Puppy,,,,,,angry,negative
ML456,MoodyLyrics4Q,Me Ves Y Sufres,Hope of the States,,,,,,sad,negative
ML457,MoodyLyrics4Q,Nebel,Rammstein,,,,,,sad,negative
ML458,MoodyLyrics4Q,My Doorbell,The White Stripes,,,,,,happy,positive
ML459,MoodyLyrics4Q,Down Payment Blues,AC/DC,,,,,,angry,negative
ML460,MoodyLyrics4Q,Utopia,Goldfrapp,,,,,,relaxed,positive
ML461,MoodyLyrics4Q,Your Emotions,Dead Kennedys,,,,,,angry,negative
ML462,MoodyLyrics4Q,Angel Eyes,Jim Brickman,,,,,,relaxed,positive
ML463,MoodyLyrics4Q,For You,Sarah Blasko,,,,,,relaxed,positive
ML464,MoodyLyrics4Q,Je Veux Te Voir (Club-Club Version),Yelle,,,,,,happy,positive
ML465,MoodyLyrics4Q,Rip The Heart Out Of Me,Adema,,,,,,angry,negative
ML466,MoodyLyrics4Q,When I Look In Your Eyes,The Romantics,,,,,,happy,positive
ML467,MoodyLyrics4Q,Dead in Hollywood,Murderdolls,,,,,,angry,negative
ML468,MoodyLyrics4Q,(I Can't Get No) Satisfaction,Devo,,,,,,angry,negative
ML469,MoodyLyrics4Q,Exploited Barmy Army,Exploited,,,,,,angry,negative
ML470,MoodyLyrics4Q,Somebody,Midge Ure,,,,,,sad,negative
ML471,MoodyLyrics4Q,Remember Me,Qntal,,,,,,sad,negative
ML472,MoodyLyrics4Q,Gotta Serve Somebody,Bob Dylan,,,,,,relaxed,positive
ML473,MoodyLyrics4Q,Nothing Going On,Clawfinger,,,,,,angry,negative
ML474,MoodyLyrics4Q,Sweeter Love,Blue Six,,,,,,relaxed,positive
ML475,MoodyLyrics4Q,Let It Flow,Spiritualized,,,,,,relaxed,positive
ML476,MoodyLyrics4Q,You Burn First,Alexisonfire,,,,,,angry,negative
ML477,MoodyLyrics4Q,Dirty Mack,Ice Cube,,,,,,sad,negative
ML478,MoodyLyrics4Q,Time for Livin',Beastie Boys,,,,,,angry,negative
ML479,MoodyLyrics4Q,Sinister in a State of Hope,"Loney, dear",,,,,,relaxed,positive
ML480,MoodyLyrics4Q,Squeeze Me,Kraak & Smaak,,,,,,happy,positive
ML481,MoodyLyrics4Q,Kiss Off,Violent Femmes,,,,,,angry,negative
ML482,MoodyLyrics4Q,Shelter For My Soul,Bernard Fanning,,,,,,sad,negative
ML483,MoodyLyrics4Q,Morph The Cat,Donald Fagen,,,,,,relaxed,positive
ML484,MoodyLyrics4Q,Depression,Black Flag,,,,,,angry,negative
ML485,MoodyLyrics4Q,Sweet Talkin' Woman,Electric Light Orchestra,,,,,,happy,positive
ML486,MoodyLyrics4Q,Nasty Girl,Vanity 6,,,,,,happy,positive
ML487,MoodyLyrics4Q,Swim,In Flames,,,,,,happy,positive
ML488,MoodyLyrics4Q,I Wanna Go Back To Dixie,Tom Lehrer,,,,,,happy,positive
ML489,MoodyLyrics4Q,Constellations,Jack Johnson,,,,,,relaxed,positive
ML490,MoodyLyrics4Q,Bright,Low,,,,,,sad,negative
ML491,MoodyLyrics4Q,Baby,Stephen Lynch,,,,,,happy,positive
ML492,MoodyLyrics4Q,Hey Dude,Beatallica,,,,,,happy,positive
ML493,MoodyLyrics4Q,Palestina,Ministry,,,,,,angry,negative
ML494,MoodyLyrics4Q,You'd Be Surprised,Marilyn Monroe,,,,,,happy,positive
ML495,MoodyLyrics4Q,"No Mirror, No Shadow",New Model Army,,,,,,sad,negative
ML496,MoodyLyrics4Q,Sly,The Cat Empire,,,,,,happy,positive
ML497,MoodyLyrics4Q,The Living Sea,Monkey,,,,,,relaxed,positive
ML498,MoodyLyrics4Q,Sigma,Secret Garden,,,,,,relaxed,positive
ML499,MoodyLyrics4Q,I'd Rather,Luther Vandross,,,,,,relaxed,positive
ML500,MoodyLyrics4Q,O Pomar Das Laranjeiras,Madredeus,,,,,,sad,negative
ML501,MoodyLyrics4Q,Gift,Rocco DeLuca & The Burden,,,,,,sad,negative
ML502,MoodyLyrics4Q,Piss Angel,Pig Destroyer,,,,,,angry,negative
ML503,MoodyLyrics4Q,Don't Let Me Be Misunderstood,Eric Burdon,,,,,,angry,negative
ML504,MoodyLyrics4Q,In The House Of Stone And Light,Martin Page,,,,,,relaxed,positive
ML505,MoodyLyrics4Q,On Repeat,LCD Soundsystem,,,,,,happy,positive
ML506,MoodyLyrics4Q,Katharina,Fotos,,,,,,sad,negative
ML507,MoodyLyrics4Q,Drowning In Your Eyes,Ephraim Lewis,,,,,,relaxed,positive
ML508,MoodyLyrics4Q,Losing Sight,As I Lay Dying,,,,,,angry,negative
ML509,MoodyLyrics4Q,Devil Gate Drive,Suzi Quatro,,,,,,happy,positive
ML510,MoodyLyrics4Q,Feuer und Wasser,Rammstein,,,,,,sad,negative
ML511,MoodyLyrics4Q,On The Radio,The Concretes,,,,,,happy,positive
ML512,MoodyLyrics4Q,Ashes In The Fall,Rage Against the Machine,,,,,,angry,negative
ML513,MoodyLyrics4Q,Pool Party,The Aquabats,,,,,,happy,positive
ML514,MoodyLyrics4Q,"Honey Please, Can't Ya See",Barry White,,,,,,happy,positive
ML515,MoodyLyrics4Q,Use the Man,Megadeth,,,,,,angry,negative
ML516,MoodyLyrics4Q,Half In Love With Elizabeth,Mystery Jets,,,,,,happy,positive
ML517,MoodyLyrics4Q,Gutless,Hole,,,,,,angry,negative
ML518,MoodyLyrics4Q,Silver Shadow,Atlantic Starr,,,,,,relaxed,positive
ML519,MoodyLyrics4Q,I Just Want To Celebrate,Rare Earth,,,,,,happy,positive
ML520,MoodyLyrics4Q,He Is Sailing,Jon & Vangelis,,,,,,relaxed,positive
ML521,MoodyLyrics4Q,For the Damaged,Blonde Redhead,,,,,,angry,negative
ML522,MoodyLyrics4Q,This Is Not an Exit,Anthrax,,,,,,angry,negative
ML523,MoodyLyrics4Q,Peace Beneath the City,Iron & Wine,,,,,,relaxed,positive
ML524,MoodyLyrics4Q,The Invitation,The Black Heart Procession,,,,,,sad,negative
ML525,MoodyLyrics4Q,Ether,Nas,,,,,,angry,negative
ML527,MoodyLyrics4Q,The Ice Hotel,Stacey Kent,,,,,,relaxed,positive
ML528,MoodyLyrics4Q,That's Good,Devo,,,,,,happy,positive
ML529,MoodyLyrics4Q,Can We Find A Reason?,Lenny Kravitz,,,,,,sad,negative
ML530,MoodyLyrics4Q,Mighty Healthy,Ghostface Killah,,,,,,angry,negative
ML531,MoodyLyrics4Q,We Suck Young Blood,Radiohead,,,,,,sad,negative
ML532,MoodyLyrics4Q,Tequila Makes Her Clothes Fall Off,Joe Nichols,,,,,,happy,positive
ML533,MoodyLyrics4Q,Thick As Thieves (2005 Version),Natalie Merchant,,,,,,sad,negative
ML534,MoodyLyrics4Q,House on the Hill,Beach House,,,,,,relaxed,positive
ML535,MoodyLyrics4Q,You're Pretty When I'm Drunk,Bloodhound Gang,,,,,,happy,positive
ML536,MoodyLyrics4Q,Bittersweet,Apocalyptica,,,,,,sad,negative
ML537,MoodyLyrics4Q,Friend Like Me,Robin Williams,,,,,,happy,positive
ML538,MoodyLyrics4Q,Just Another High,Roxy Music,,,,,,sad,negative
ML539,MoodyLyrics4Q,Senses Working Overtime,XTC,,,,,,angry,negative
ML540,MoodyLyrics4Q,Ebony Tears,Cathedral,,,,,,sad,negative
ML541,MoodyLyrics4Q,"Cecille, My Love",J. Tillman,,,,,,relaxed,positive
ML542,MoodyLyrics4Q,Round And Round,Jagged Edge,,,,,,relaxed,positive
ML543,MoodyLyrics4Q,Dizzy,Jimmy Eat World,,,,,,sad,negative
ML544,MoodyLyrics4Q,Angels Fall First,Nightwish,,,,,,sad,negative
ML545,MoodyLyrics4Q,Wound In My Heart,Propaganda,,,,,,relaxed,positive
ML546,MoodyLyrics4Q,Seems To Be on My Mind,Suburban Kids With Biblical Names,,,,,,happy,positive
ML547,MoodyLyrics4Q,The Wexford Carol,Celtic Woman,,,,,,relaxed,positive
ML548,MoodyLyrics4Q,Everybody's Got A Ticket To Ride Except For Me And My Lightning,Beatallica,,,,,,happy,positive
ML549,MoodyLyrics4Q,Babyfather,Sade,,,,,,relaxed,positive
ML550,MoodyLyrics4Q,Flagpole Sitta,Harvey Danger,,,,,,happy,positive
ML551,MoodyLyrics4Q,If It's The Beaches,The Avett Brothers,,,,,,sad,negative
ML552,MoodyLyrics4Q,Penses-Donc (Tu Es Seule),Julie Doiron,,,,,,sad,negative
ML553,MoodyLyrics4Q,The Company Dime,The Get Up Kids,,,,,,happy,positive
ML554,MoodyLyrics4Q,The Predator,Ice Cube,,,,,,angry,negative
ML555,MoodyLyrics4Q,Evil in a Closet,In Flames,,,,,,sad,negative
ML556,MoodyLyrics4Q,More Than This,Vanessa Carlton,,,,,,relaxed,positive
ML557,MoodyLyrics4Q,I Turned You Down,Riverside,,,,,,sad,negative
ML558,MoodyLyrics4Q,Where've You Been,Kathy Mattea,,,,,,sad,negative
ML559,MoodyLyrics4Q,Water Shows the Hidden Heart,Enya,,,,,,relaxed,positive
ML560,MoodyLyrics4Q,Sailor,Hem,,,,,,relaxed,positive
ML561,MoodyLyrics4Q,It Keeps You Runnin',The Doobie Brothers,,,,,,relaxed,positive
ML562,MoodyLyrics4Q,Everything Sucks,Dope,,,,,,angry,negative
ML563,MoodyLyrics4Q,Irresponsible Hate Anthem,Marilyn Manson,,,,,,angry,negative
ML564,MoodyLyrics4Q,Soho Nights,The Puppini Sisters,,,,,,happy,positive
ML565,MoodyLyrics4Q,Echodyne Harmonic,Sparta,,,,,,relaxed,positive
ML566,MoodyLyrics4Q,Tequila,The Champs,,,,,,happy,positive
ML567,MoodyLyrics4Q,Ace of Spades,Motorhead,,,,,,angry,negative
ML568,MoodyLyrics4Q,Lay It Down,Cowboy Junkies,,,,,,relaxed,positive
ML569,MoodyLyrics4Q,Bad Girl ,Black Buddafly,,,,,,happy,positive
ML570,MoodyLyrics4Q,Something About You,Level 42,,,,,,happy,positive
ML571,MoodyLyrics4Q,You Really Got Me,Kinks,,,,,,angry,negative
ML572,MoodyLyrics4Q,Oops!...I Did It Again,Britney Spears,,,,,,happy,positive
ML573,MoodyLyrics4Q,The Promise,The Cure,,,,,,angry,negative
ML574,MoodyLyrics4Q,Tears of Laughter,Diary of Dreams,,,,,,sad,negative
ML575,MoodyLyrics4Q,Not Fair,Kate Havnevik,,,,,,relaxed,positive
ML576,MoodyLyrics4Q,Hollaback Girl,Gwen Stefani,,,,,,happy,positive
ML577,MoodyLyrics4Q,The Everlasting,Manic Street Preachers,,,,,,sad,negative
ML578,MoodyLyrics4Q,Downtown,Peaches,,,,,,happy,positive
ML579,MoodyLyrics4Q,Middle of the Day,The Polyphonic Spree,,,,,,sad,negative
ML580,MoodyLyrics4Q,Sacrifice,London After Midnight,,,,,,sad,negative
ML581,MoodyLyrics4Q,A Place In The Sun,Stevie Wonder,,,,,,relaxed,positive
ML582,MoodyLyrics4Q,The Wine Song,The Cat Empire,,,,,,happy,positive
ML583,MoodyLyrics4Q,Butterfly,Donavon Frankenreiter,,,,,,relaxed,positive
ML584,MoodyLyrics4Q,The Dark Of the Sun,Tom Petty And The Heartbreakers,,,,,,relaxed,positive
ML585,MoodyLyrics4Q,War Pigs,Ozzy Osbourne,,,,,,angry,negative
ML586,MoodyLyrics4Q,Childhood,Beach House,,,,,,relaxed,positive
ML587,MoodyLyrics4Q,The Shadow Proves The Sunshine,Switchfoot,,,,,,relaxed,positive
ML588,MoodyLyrics4Q,Cigarette,Ben Folds Five,,,,,,sad,negative
ML589,MoodyLyrics4Q,I Wanna Be Me,The Sex Pistols,,,,,,angry,negative
ML590,MoodyLyrics4Q,The Twist,Chubby Checker,,,,,,happy,positive
ML591,MoodyLyrics4Q,Everybody Loves The Sunshine,Incognito,,,,,,relaxed,positive
ML592,MoodyLyrics4Q,Shake Yer Dix,Peaches,,,,,,happy,positive
ML593,MoodyLyrics4Q,Soul in Isolation,The Chameleons,,,,,,sad,negative
ML594,MoodyLyrics4Q,What the Snowman Learned About Love,Stars,,,,,,relaxed,positive
ML595,MoodyLyrics4Q,So What,The Anti-Nowhere League,,,,,,angry,negative
ML596,MoodyLyrics4Q,Suck and Let Go,Peaches,,,,,,happy,positive
ML597,MoodyLyrics4Q,Illegal i Song,Velvet Revolver,,,,,,angry,negative
ML598,MoodyLyrics4Q,Chain Hang Low,Jibbs,,,,,,happy,positive
ML599,MoodyLyrics4Q,I Run Away,Britney Spears,,,,,,sad,negative
ML600,MoodyLyrics4Q,Swan Matches,Grand Archives,,,,,,relaxed,positive
ML601,MoodyLyrics4Q,Pluto,Björk,,,,,,angry,negative
ML602,MoodyLyrics4Q,Revelation,Brain Drill,,,,,,angry,negative
ML603,MoodyLyrics4Q,I Tried,Anthony Hamilton,,,,,,relaxed,positive
ML604,MoodyLyrics4Q,Pull Up To The Bumper,Grace Jones,,,,,,happy,positive
ML605,MoodyLyrics4Q,Wind It Up,Gwen Stefani,,,,,,happy,positive
ML606,MoodyLyrics4Q,Insomnia (Revised Album Version),Tyler Hilton,,,,,,relaxed,positive
ML607,MoodyLyrics4Q,Ban The Tube Top,Reel Big Fish,,,,,,happy,positive
ML608,MoodyLyrics4Q,Rough Around The Edges,Teitur,,,,,,relaxed,positive
ML609,MoodyLyrics4Q,Demon Days,Gorillaz,,,,,,relaxed,positive
ML610,MoodyLyrics4Q,China Roses,Enya,,,,,,relaxed,positive
ML611,MoodyLyrics4Q,Cemetery Gates,Pantera,,,,,,angry,negative
ML612,MoodyLyrics4Q,Loose Heart,Riverside,,,,,,sad,negative
ML613,MoodyLyrics4Q,Look What You're Doin' To Me ,Jazzanova,,,,,,relaxed,positive
ML614,MoodyLyrics4Q,Brecon Beacons,Supergrass,,,,,,happy,positive
ML615,MoodyLyrics4Q,Bleak,Opeth,,,,,,sad,negative
ML616,MoodyLyrics4Q,White Cluster,Opeth,,,,,,sad,negative
ML617,MoodyLyrics4Q,Of Walking Abortion,Manic Street Preachers,,,,,,angry,negative
ML618,MoodyLyrics4Q,Flexin',Shop Boyz,,,,,,happy,positive
ML619,MoodyLyrics4Q,Sweet Child O' Mine,Guns N' Roses,,,,,,happy,positive
ML620,MoodyLyrics4Q,Gimmie Gimmie Gimmie,Black Flag,,,,,,angry,negative
ML621,MoodyLyrics4Q,Pictures,Timo Maas,,,,,,happy,positive
ML622,MoodyLyrics4Q,Zero-Sum,Nine Inch Nails,,,,,,sad,negative
ML623,MoodyLyrics4Q,The Girl From Ipanema,Astrud Gilberto,,,,,,relaxed,positive
ML624,MoodyLyrics4Q,What You Waiting For?,Franz Ferdinand,,,,,,happy,positive
ML625,MoodyLyrics4Q,Kiss N Tell,Ke$ha,,,,,,happy,positive
ML626,MoodyLyrics4Q,Lyin' Ass Bitch,Fishbone,,,,,,happy,positive
ML627,MoodyLyrics4Q,Would You...?,Touch and Go,,,,,,happy,positive
ML628,MoodyLyrics4Q,Anticipating,Britney Spears,,,,,,happy,positive
ML629,MoodyLyrics4Q,Killing In The Name,Rage Against the Machine,,,,,,angry,negative
ML630,MoodyLyrics4Q,Waiting For You,Cult of Luna,,,,,,sad,negative
ML631,MoodyLyrics4Q,Sea Breeze,Tyrone Wells,,,,,,relaxed,positive
ML632,MoodyLyrics4Q,Captive Honour,Megadeth,,,,,,angry,negative
ML633,MoodyLyrics4Q,Heaven's Gonna Burn Your Eyes,Thievery Corporation,,,,,,relaxed,positive
ML634,MoodyLyrics4Q,Right Side Of My Brain,The-Dream,,,,,,sad,negative
ML635,MoodyLyrics4Q,Walking,Tindersticks,,,,,,sad,negative
ML636,MoodyLyrics4Q,Milk Lizard,The Dillinger Escape Plan,,,,,,angry,negative
ML637,MoodyLyrics4Q,Smokestack Lightning,Howlin' Wolf,,,,,,angry,negative
ML638,MoodyLyrics4Q,Sneakernight,Vanessa Hudgens,,,,,,happy,positive
ML639,MoodyLyrics4Q,Tie You Up (The Pain of Love),The Rolling Stones,,,,,,angry,negative
ML640,MoodyLyrics4Q,The Earth is Broken,Tim Buckley,,,,,,sad,negative
ML641,MoodyLyrics4Q,Cops and Robbers,The Hoosiers,,,,,,happy,positive
ML642,MoodyLyrics4Q,Detour Ahead,Jane Monheit,,,,,,relaxed,positive
ML643,MoodyLyrics4Q,Window Seat,Erykah Badu,,,,,,relaxed,positive
ML644,MoodyLyrics4Q,Survival of the Fittest,Mobb Deep,,,,,,angry,negative
ML645,MoodyLyrics4Q,Dead to the World,Röyksopp,,,,,,relaxed,positive
ML646,MoodyLyrics4Q,Getcha Groove On,Limp Bizkit,,,,,,angry,negative
ML647,MoodyLyrics4Q,He Said She Said,Ashley Tisdale,,,,,,happy,positive
ML648,MoodyLyrics4Q,9 To 5,Dolly Parton,,,,,,happy,positive
ML649,MoodyLyrics4Q,Just One Fix,Ministry,,,,,,angry,negative
ML650,MoodyLyrics4Q,A Time For Love,Shirley Horn,,,,,,relaxed,positive
ML651,MoodyLyrics4Q,Breakin' Dishes,Rihanna,,,,,,angry,negative
ML652,MoodyLyrics4Q,The Sailor Song,Toy-Box,,,,,,happy,positive
ML653,MoodyLyrics4Q,Wild Child,Enya,,,,,,relaxed,positive
ML654,MoodyLyrics4Q,Blood of Heroes,Megadeth,,,,,,angry,negative
ML655,MoodyLyrics4Q,Mosh,Eminem,,,,,,angry,negative
ML656,MoodyLyrics4Q,Pumpkin Soup,Kate Nash,,,,,,happy,positive
ML657,MoodyLyrics4Q,My Violent Heart,Nine Inch Nails,,,,,,angry,negative
ML658,MoodyLyrics4Q,The Conversation,Spahn Ranch,,,,,,sad,negative
ML660,MoodyLyrics4Q,Jonz In My Bonz,D'Angelo,,,,,,relaxed,positive
ML661,MoodyLyrics4Q,She's Got A Reason,The Coral,,,,,,relaxed,positive
ML662,MoodyLyrics4Q,Mystery Repeats,Pete Philly & Perquisite,,,,,,happy,positive
ML663,MoodyLyrics4Q,Masterfade,Andrew Bird,,,,,,relaxed,positive
ML664,MoodyLyrics4Q,Redneck,Lamb of God,,,,,,angry,negative
ML665,MoodyLyrics4Q,99,The Haunted,,,,,,angry,negative
ML666,MoodyLyrics4Q,Dunkelheit,Burzum,,,,,,sad,negative
ML667,MoodyLyrics4Q,Microphones in the Trees,A Silver Mt. Zion,,,,,,sad,negative
ML668,MoodyLyrics4Q,Eyes Open,Gossip,,,,,,angry,negative
ML669,MoodyLyrics4Q,In My Tears,Emigrate,,,,,,sad,negative
ML670,MoodyLyrics4Q,Sonic Reducer,Dead Boys,,,,,,sad,negative
ML671,MoodyLyrics4Q,Something About You,Anthony David,,,,,,relaxed,positive
ML672,MoodyLyrics4Q,Wishing Heart,Lisa Loeb,,,,,,happy,positive
ML673,MoodyLyrics4Q,Bottle Up And Explode!,Elliott Smith,,,,,,relaxed,positive
ML674,MoodyLyrics4Q,The Tide,Neurosis,,,,,,sad,negative
ML675,MoodyLyrics4Q,Wonderful Night,Fatboy Slim,,,,,,happy,positive
ML676,MoodyLyrics4Q,Like I Love You,Justin Timberlake,,,,,,happy,positive
ML677,MoodyLyrics4Q,Weather,Amel Larrieux,,,,,,relaxed,positive
ML678,MoodyLyrics4Q,Listen To Your Body Tonight,Black Kids,,,,,,happy,positive
ML679,MoodyLyrics4Q,Make Out Fall Out Make Up,Love Is All,,,,,,sad,negative
ML680,MoodyLyrics4Q,Hickory Wind,The Byrds,,,,,,sad,negative
ML681,MoodyLyrics4Q,Elysian Fields,Megadeth,,,,,,angry,negative
ML682,MoodyLyrics4Q,Praise of Death,Slayer,,,,,,angry,negative
ML683,MoodyLyrics4Q,Crazy In Love,Snow Patrol,,,,,,happy,positive
ML684,MoodyLyrics4Q,She's Got That Vibe,R. Kelly & Public Announcement,,,,,,happy,positive
ML685,MoodyLyrics4Q,Run for Your Life,The Beatles,,,,,,angry,negative
ML686,MoodyLyrics4Q,Lilywhite,Cat Stevens,,,,,,relaxed,positive
ML687,MoodyLyrics4Q,Bring the Noise,Anthrax,,,,,,angry,negative
ML688,MoodyLyrics4Q,Ooh Ooh Baby,Britney Spears,,,,,,happy,positive
ML689,MoodyLyrics4Q,Piece by Piece,Slayer,,,,,,angry,negative
ML690,MoodyLyrics4Q,In the Navy,Village People,,,,,,happy,positive
ML691,MoodyLyrics4Q,Flashdance,Deep Dish,,,,,,happy,positive
ML692,MoodyLyrics4Q,Brave New Girl,Britney Spears,,,,,,happy,positive
ML693,MoodyLyrics4Q,Summertime,Janis Joplin,,,,,,sad,negative
ML694,MoodyLyrics4Q,Time to Start,Blue Man Group,,,,,,happy,positive
ML695,MoodyLyrics4Q,Ride For Vengeance,Amon Amarth,,,,,,angry,negative
ML696,MoodyLyrics4Q,Piano Song,Tindersticks,,,,,,sad,negative
ML697,MoodyLyrics4Q,Great Big White World,Marilyn Manson,,,,,,sad,negative
ML698,MoodyLyrics4Q,Black Mirror,Arcade Fire,,,,,,sad,negative
ML699,MoodyLyrics4Q,Voodoo People,The Prodigy,,,,,,angry,negative
ML700,MoodyLyrics4Q,Baby Don't You Cry No More,Frida,,,,,,relaxed,positive
ML701,MoodyLyrics4Q,Mariella,Kate Nash,,,,,,happy,positive
ML702,MoodyLyrics4Q,Under A Killing Moon,Thrice,,,,,,angry,negative
ML703,MoodyLyrics4Q,Blue Ridge Mountains,Fleet Foxes,,,,,,relaxed,positive
ML704,MoodyLyrics4Q,(Lack of) Love Will Tear Us Apart,The Honeydrips,,,,,,relaxed,positive
ML705,MoodyLyrics4Q,Gazebo Tree,Kristin Hersh,,,,,,sad,negative
ML706,MoodyLyrics4Q,Haunted By the Thought of You,Jill Tracy,,,,,,sad,negative
ML707,MoodyLyrics4Q,Bring It All Back,S Club 7,,,,,,happy,positive
ML708,MoodyLyrics4Q,Coldest Winter,Kanye West,,,,,,sad,negative
ML709,MoodyLyrics4Q,Left Right,The Chemical Brothers,,,,,,angry,negative
ML710,MoodyLyrics4Q,Ghosts,Antimatter,,,,,,sad,negative
ML711,MoodyLyrics4Q,Voice Inside My Head,Dixie Chicks,,,,,,sad,negative
ML712,MoodyLyrics4Q,"Broken, Beat & Scarred",Metallica,,,,,,angry,negative
ML713,MoodyLyrics4Q,PhotoSynthesis,Carbon Based Lifeforms,,,,,,relaxed,positive
ML714,MoodyLyrics4Q,This Is Pop?,XTC,,,,,,angry,negative
ML715,MoodyLyrics4Q,The Darker Days Of Me & Him,PJ Harvey,,,,,,sad,negative
ML716,MoodyLyrics4Q,In Your Back,Keren Ann,,,,,,relaxed,positive
ML717,MoodyLyrics4Q,Bitter,Nine Days,,,,,,sad,negative
ML718,MoodyLyrics4Q,Modern Art,Art Brut,,,,,,happy,positive
ML719,MoodyLyrics4Q,Shine,Laura Marling,,,,,,sad,negative
ML720,MoodyLyrics4Q,Living Next Door To Alice ,Smokie,,,,,,relaxed,positive
ML721,MoodyLyrics4Q,Blood and Thunder,Mastodon,,,,,,angry,negative
ML722,MoodyLyrics4Q,Watch T.V.,Rasputina,,,,,,sad,negative
ML723,MoodyLyrics4Q,My Name Is,Eminem,,,,,,happy,positive
ML724,MoodyLyrics4Q,Cast Anchor,Hanne Hukkelberg,,,,,,relaxed,positive
ML725,MoodyLyrics4Q,Here You Come Again,Dolly Parton,,,,,,happy,positive
ML726,MoodyLyrics4Q,Some Voices,Pinback,,,,,,relaxed,positive
ML727,MoodyLyrics4Q,Me Against the World,2Pac,,,,,,angry,negative
ML728,MoodyLyrics4Q,The Look Of Love,Chris Botti,,,,,,relaxed,positive
ML729,MoodyLyrics4Q,In the Sun,Mortal Love,,,,,,sad,negative
ML730,MoodyLyrics4Q,Holiday in Cambodia,Dead Kennedys,,,,,,angry,negative
ML731,MoodyLyrics4Q,In Too Far,Acceptance,,,,,,relaxed,positive
ML732,MoodyLyrics4Q,Neverending Math Equation,Sun Kil Moon,,,,,,relaxed,positive
ML733,MoodyLyrics4Q,I Do Not Want This,Nine Inch Nails,,,,,,angry,negative
ML734,MoodyLyrics4Q,Technologic,Daft Punk,,,,,,happy,positive
ML735,MoodyLyrics4Q,Valentine,Martina McBride,,,,,,relaxed,positive
ML736,MoodyLyrics4Q,Something New,The Airborne Toxic Event,,,,,,sad,negative
ML737,MoodyLyrics4Q,Lie Detector,Sleeper,,,,,,happy,positive
ML738,MoodyLyrics4Q,Deora Ar Mo Chroí,Enya,,,,,,relaxed,positive
ML739,MoodyLyrics4Q,Daydreaming,Massive Attack,,,,,,relaxed,positive
ML740,MoodyLyrics4Q,Lie To Me,Silverchair,,,,,,angry,negative
ML741,MoodyLyrics4Q,Spiderwebs,No Doubt,,,,,,happy,positive
ML742,MoodyLyrics4Q,Mr. Brownstone,Guns N Roses,,,,,,angry,negative
ML743,MoodyLyrics4Q,The Blob,The Five Blobs,,,,,,happy,positive
ML744,MoodyLyrics4Q,4st 7lb,Manic Street Preachers,,,,,,angry,negative
ML745,MoodyLyrics4Q,Guardian Angel,Saybia,,,,,,sad,negative
ML746,MoodyLyrics4Q,Crystal Skull,Mastodon,,,,,,angry,negative
ML747,MoodyLyrics4Q,IMN,Mudvayne,,,,,,angry,negative
ML748,MoodyLyrics4Q,Waltz for Koop,Koop,,,,,,relaxed,positive
ML749,MoodyLyrics4Q,Total Eclipse of the Moon,Enigma,,,,,,relaxed,positive
ML750,MoodyLyrics4Q,1nce Again,A Tribe Called Quest,,,,,,relaxed,positive
ML751,MoodyLyrics4Q,Ribbon In The Sky,Stevie Wonder,,,,,,relaxed,positive
ML752,MoodyLyrics4Q,You're Going Down,Sick Puppies,,,,,,angry,negative
ML753,MoodyLyrics4Q,Vince The Loveable Stoner,The Fratellis,,,,,,happy,positive
ML754,MoodyLyrics4Q,Lovesong For A Dead Child,Flowing Tears,,,,,,sad,negative
ML755,MoodyLyrics4Q,Pull Out,Death From Above 1979,,,,,,happy,positive
ML756,MoodyLyrics4Q,Claire,Jimmy Eat World,,,,,,relaxed,positive
ML757,MoodyLyrics4Q,Hot Hot Hot,Buster Poindexter,,,,,,happy,positive
ML758,MoodyLyrics4Q,Like Statues In The Garden Of Dreaming,Arcana,,,,,,sad,negative
ML759,MoodyLyrics4Q,Just Like You,Keb' Mo',,,,,,relaxed,positive
ML760,MoodyLyrics4Q,Time,Susanna and the Magical Orchestra,,,,,,relaxed,positive
ML761,MoodyLyrics4Q,The Night They Drove Old Dixie Down,Joan Baez,,,,,,sad,negative
ML762,MoodyLyrics4Q,Carolyna,Melanie C,,,,,,sad,negative
ML763,MoodyLyrics4Q,O Sonho,Madredeus,,,,,,relaxed,positive
ML764,MoodyLyrics4Q,Miasma,The Black Dahlia Murder,,,,,,angry,negative
ML765,MoodyLyrics4Q,Children's Crusade,Sting,,,,,,sad,negative
ML766,MoodyLyrics4Q,That Lonesome Road,James Taylor,,,,,,sad,negative
ML767,MoodyLyrics4Q,U Not Like Me,50 Cent,,,,,,angry,negative
ML768,MoodyLyrics4Q,Louie Louie,The Kingsmen,,,,,,happy,positive
ML769,MoodyLyrics4Q,Stoned Is the Way of the Walk,Cypress Hill,,,,,,angry,negative
ML770,MoodyLyrics4Q,God Is Real,India.Arie,,,,,,relaxed,positive
ML771,MoodyLyrics4Q,The Nigga Ya Love to Hate,Ice Cube,,,,,,angry,negative
ML772,MoodyLyrics4Q,Grease,Frankie Valli,,,,,,happy,positive
ML773,MoodyLyrics4Q,I Want a New Drug,Huey Lewis & The News,,,,,,happy,positive
ML774,MoodyLyrics4Q,Rock of Ages,Grant Lee Buffalo,,,,,,sad,negative
ML775,MoodyLyrics4Q,Caught Out There,Kelis,,,,,,angry,negative
ML776,MoodyLyrics4Q,She's My Man,Scissor Sisters,,,,,,happy,positive
ML777,MoodyLyrics4Q,Lake Shore Drive,The Innocence Mission,,,,,,relaxed,positive
ML778,MoodyLyrics4Q,Like The Last Time,Matt Wertz,,,,,,relaxed,positive
ML779,MoodyLyrics4Q,Solitude ,Ella Fitzgerald,,,,,,relaxed,positive
ML780,MoodyLyrics4Q,Thirteen,Ben Kweller,,,,,,sad,negative
ML781,MoodyLyrics4Q,Running Out of Time,Ozzy Osbourne,,,,,,angry,negative
ML782,MoodyLyrics4Q,Travelling Light,Tindersticks,,,,,,sad,negative
ML783,MoodyLyrics4Q,Girl Boy,Blonde Redhead,,,,,,relaxed,positive
ML784,MoodyLyrics4Q,London's Burning,The Clash,,,,,,angry,negative
ML785,MoodyLyrics4Q,Bad Boy Boogie,Mark Kozelek,,,,,,sad,negative
ML786,MoodyLyrics4Q,The Long Day Is Over,Norah Jones,,,,,,relaxed,positive
ML787,MoodyLyrics4Q,Sugar Baby Love,The Rubettes,,,,,,happy,positive
ML788,MoodyLyrics4Q,Green Island Serenade,Vienna Teng,,,,,,relaxed,positive
ML789,MoodyLyrics4Q,Ailleurs,Keren Ann,,,,,,relaxed,positive
ML790,MoodyLyrics4Q,Queremos paz,Gotan Project,,,,,,relaxed,positive
ML791,MoodyLyrics4Q,There Is Nothing I Can Do,The Organ,,,,,,sad,negative
ML792,MoodyLyrics4Q,Wolf in the Breast,Cocteau Twins,,,,,,relaxed,positive
ML793,MoodyLyrics4Q,People Are People,A Perfect Circle,,,,,,relaxed,positive
ML794,MoodyLyrics4Q,At the Left Hand Ov God,Behemoth,,,,,,angry,negative
ML795,MoodyLyrics4Q,Blah Blah Blah ,Ke$ha,,,,,,happy,positive
ML796,MoodyLyrics4Q,The Sounds Of Science,Beastie Boys,,,,,,happy,positive
ML797,MoodyLyrics4Q,Glory,Essie Jain,,,,,,relaxed,positive
ML798,MoodyLyrics4Q,Baby Boy,Beyoncé,,,,,,happy,positive
ML799,MoodyLyrics4Q,Mi Le M' Uilinn,Karen Matheson,,,,,,relaxed,positive
ML800,MoodyLyrics4Q,Stacy's Mom,Fountains Of Wayne,,,,,,happy,positive
ML801,MoodyLyrics4Q,Declaration Of Love,Céline Dion,,,,,,happy,positive
ML802,MoodyLyrics4Q,Welcome to the Terrordome,Public Enemy,,,,,,angry,negative
ML803,MoodyLyrics4Q,No Vaseline,Ice Cube,,,,,,angry,negative
ML804,MoodyLyrics4Q,Welcome to the Slaughterhouse,Lily Holbrook,,,,,,sad,negative
ML805,MoodyLyrics4Q,Miss You Love,Silverchair,,,,,,sad,negative
ML806,MoodyLyrics4Q,Vortex,Megadeth,,,,,,angry,negative
ML807,MoodyLyrics4Q,Sometimes,Ours,,,,,,sad,negative
ML808,MoodyLyrics4Q,The Pirates Who Don't Do Anything,Relient K,,,,,,happy,positive
ML809,MoodyLyrics4Q,Call Your Name,Daughtry,,,,,,sad,negative
ML810,MoodyLyrics4Q,New Deep,John Mayer,,,,,,relaxed,positive
ML811,MoodyLyrics4Q,Awake,Moonspell,,,,,,sad,negative
ML812,MoodyLyrics4Q,Who Knows Who Cares,Local Natives,,,,,,sad,negative
ML813,MoodyLyrics4Q,Damage Inc.,Metallica,,,,,,angry,negative
ML814,MoodyLyrics4Q,Let Your Love Be Strong,Switchfoot,,,,,,sad,negative
ML815,MoodyLyrics4Q,Sister Of Night,Depeche Mode,,,,,,sad,negative
ML816,MoodyLyrics4Q,Take my Scars,Machine Head,,,,,,angry,negative
ML818,MoodyLyrics4Q,Darf Ich Das Behalten,Wir sind Helden,,,,,,sad,negative
ML819,MoodyLyrics4Q,Alpha Centauri,At The Drive-In,,,,,,angry,negative
ML820,MoodyLyrics4Q,Thoughtless,Korn,,,,,,angry,negative
ML821,MoodyLyrics4Q,Satellite,Dave Matthews Band,,,,,,relaxed,positive
ML822,MoodyLyrics4Q,Over The Rainbow,Celtic Woman,,,,,,relaxed,positive
ML823,MoodyLyrics4Q,El Paso,Marty Robbins,,,,,,relaxed,positive
ML824,MoodyLyrics4Q,Stupid In Love,Rihanna,,,,,,sad,negative
ML825,MoodyLyrics4Q,If I Fall,Amber Pacific,,,,,,sad,negative
ML826,MoodyLyrics4Q,Time To Let Go,Sally Shapiro,,,,,,sad,negative
ML827,MoodyLyrics4Q,Supremist,Slayer,,,,,,angry,negative
ML828,MoodyLyrics4Q,"The Blood, the Sweat, the Tears",Machine Head,,,,,,angry,negative
ML829,MoodyLyrics4Q,Louie,Ida Maria,,,,,,happy,positive
ML830,MoodyLyrics4Q,Never Ever,Shout Out Louds,,,,,,happy,positive
ML831,MoodyLyrics4Q,Hold It Up,The Rocket Summer,,,,,,happy,positive
ML832,MoodyLyrics4Q,Little Wing,Sting,,,,,,relaxed,positive
ML833,MoodyLyrics4Q,Shadows Fall,The Coral,,,,,,happy,positive
ML834,MoodyLyrics4Q,"Keep It Loose, Keep It Tight",Amos Lee,,,,,,relaxed,positive
ML835,MoodyLyrics4Q,Say Just Words,Paradise Lost,,,,,,sad,negative
ML836,MoodyLyrics4Q,Soldier Side,System of a Down,,,,,,angry,negative
ML837,MoodyLyrics4Q,These Eyes,India.Arie,,,,,,relaxed,positive
ML838,MoodyLyrics4Q,So Desperate,The Mountain Goats,,,,,,sad,negative
ML839,MoodyLyrics4Q,Continental Drift (Flight Of The Bootymademoiselle),Ozma,,,,,,sad,negative
ML840,MoodyLyrics4Q,Love Grows (Where My Rosemary Goes),Edison Lighthouse,,,,,,happy,positive
ML841,MoodyLyrics4Q,Voice of the Voiceless,Rage Against the Machine,,,,,,angry,negative
ML842,MoodyLyrics4Q,Indians,Anthrax,,,,,,angry,negative
ML843,MoodyLyrics4Q,Favorite Disease,Thousand Foot Krutch,,,,,,sad,negative
ML844,MoodyLyrics4Q,Meet Me in the Morning,Everything But The Girl,,,,,,relaxed,positive
ML845,MoodyLyrics4Q,Little Horn,Marilyn Manson,,,,,,angry,negative
ML846,MoodyLyrics4Q,Get It And Go,Razorlight,,,,,,happy,positive
ML847,MoodyLyrics4Q,Rabiosa,Shakira,,,,,,happy,positive
ML848,MoodyLyrics4Q,Times May Change You,Goldfish,,,,,,relaxed,positive
ML849,MoodyLyrics4Q,Autobahn,Kraftwerk,,,,,,relaxed,positive
ML850,MoodyLyrics4Q,Siberian Divide,Mastodon,,,,,,angry,negative
ML851,MoodyLyrics4Q,Unforgivable Sinner,Lene Marlin,,,,,,sad,negative
ML852,MoodyLyrics4Q,Vagabond,Wolfmother,,,,,,happy,positive
ML853,MoodyLyrics4Q,White Light/White Heat,Velvet Underground,,,,,,angry,negative
ML854,MoodyLyrics4Q,Whistle And Steam,Thea Gilmore,,,,,,relaxed,positive
ML855,MoodyLyrics4Q,CONCEIVED SORROW,DIR EN GREY,,,,,,sad,negative
ML856,MoodyLyrics4Q,I Found Out,John Lennon,,,,,,angry,negative
ML857,MoodyLyrics4Q,Girl Anachronism,The Dresden Dolls,,,,,,angry,negative
ML858,MoodyLyrics4Q,Bullet with your name,Scars of life,,,,,,angry,negative
ML859,MoodyLyrics4Q,Altar of Sacrifice,Slayer,,,,,,angry,negative
ML860,MoodyLyrics4Q,Gave Up,Nine Inch Nails,,,,,,angry,negative
ML861,MoodyLyrics4Q,Evil Walks,AC/DC,,,,,,angry,negative
ML862,MoodyLyrics4Q,Love Light In Flight,Stevie Wonder,,,,,,happy,positive
ML863,MoodyLyrics4Q,Revolver,Rage Against the Machine,,,,,,angry,negative
ML864,MoodyLyrics4Q,Snow Angel,Ron Sexsmith,,,,,,relaxed,positive
ML865,MoodyLyrics4Q,Fight Till Death,Slayer,,,,,,angry,negative
ML866,MoodyLyrics4Q,Youth,Soft Cell,,,,,,sad,negative
ML867,MoodyLyrics4Q,Boy in a Rock and Roll Band,The Pierces,,,,,,happy,positive
ML868,MoodyLyrics4Q,War,Bruce Springsteen,,,,,,angry,negative
ML869,MoodyLyrics4Q,Kiss Me Where It Smells Funny,Bloodhound Gang,,,,,,happy,positive
ML870,MoodyLyrics4Q,Together,The Intruders,,,,,,relaxed,positive
ML871,MoodyLyrics4Q,Spoon,Cut Chemist,,,,,,relaxed,positive
ML872,MoodyLyrics4Q,Jump,Girls Aloud,,,,,,happy,positive
ML873,MoodyLyrics4Q,Little Girl Blue,Diana Krall,,,,,,relaxed,positive
ML874,MoodyLyrics4Q,Miracles,Jefferson Starship,,,,,,relaxed,positive
ML875,MoodyLyrics4Q,Rockupation,Mad Caddies,,,,,,happy,positive
ML876,MoodyLyrics4Q,Melt Away,Mariah Carey,,,,,,relaxed,positive
ML877,MoodyLyrics4Q,Da Mystery of Chessboxin',Wu-Tang Clan,,,,,,angry,negative
ML878,MoodyLyrics4Q,Last Resort,Papa Roach,,,,,,angry,negative
ML879,MoodyLyrics4Q,Falling Out Of Reach,Guillemots,,,,,,relaxed,positive
ML880,MoodyLyrics4Q,LoveStoned/I Think She Knows Interlude,Justin Timberlake,,,,,,happy,positive
ML881,MoodyLyrics4Q,Needle and Thread,Psapp,,,,,,relaxed,positive
ML882,MoodyLyrics4Q,Lovesick for Mina,Cradle of Filth,,,,,,angry,negative
ML883,MoodyLyrics4Q,Friday Night,Lily Allen,,,,,,happy,positive
ML884,MoodyLyrics4Q,What If I'm Right,Sandi Thom,,,,,,happy,positive
ML885,MoodyLyrics4Q,How Do,Sneaker Pimps,,,,,,relaxed,positive
ML886,MoodyLyrics4Q,Pain,Jimmy Eat World,,,,,,angry,negative
ML887,MoodyLyrics4Q,Wicked,Ice Cube,,,,,,angry,negative
ML888,MoodyLyrics4Q,Fragile,Delta Goodrem,,,,,,sad,negative
ML889,MoodyLyrics4Q,More and More,Captain Hollywood Project,,,,,,happy,positive
ML890,MoodyLyrics4Q,The Latest Plague,From First To Last,,,,,,angry,negative
ML891,MoodyLyrics4Q,Gods To The Godless,Primordial,,,,,,sad,negative
ML892,MoodyLyrics4Q,Mic Check,Rage Against the Machine,,,,,,angry,negative
ML893,MoodyLyrics4Q,Red Sam,Flyleaf,,,,,,angry,negative
ML895,MoodyLyrics4Q,Set You Free,N-Trance,,,,,,happy,positive
ML896,MoodyLyrics4Q,Before I Sleep,Mazzy Star,,,,,,relaxed,positive
ML897,MoodyLyrics4Q,Feathers,Man Man,,,,,,sad,negative
ML898,MoodyLyrics4Q,Words Of Love,The Mamas & The Papas,,,,,,relaxed,positive
ML899,MoodyLyrics4Q,Blow Your Mind,Redman,,,,,,angry,negative
ML900,MoodyLyrics4Q,If You Go Away,Scott Walker,,,,,,sad,negative
ML901,MoodyLyrics4Q,Hello Alone,Anberlin,,,,,,angry,negative
ML902,MoodyLyrics4Q,A Man And A Woman,U2,,,,,,happy,positive
ML903,MoodyLyrics4Q,Captain Wedderburn,Great Big Sea,,,,,,relaxed,positive
ML904,MoodyLyrics4Q,Rubber Biscuit,The Blues Brothers,,,,,,happy,positive
ML905,MoodyLyrics4Q,Tell Me What You Want,The Pipettes,,,,,,happy,positive
ML906,MoodyLyrics4Q,Citadel,The Rolling Stones,,,,,,angry,negative
ML907,MoodyLyrics4Q,Monique the Freak,Ween,,,,,,happy,positive
ML908,MoodyLyrics4Q,Gary Gilmore's Eyes,Adverts,,,,,,angry,negative
ML909,MoodyLyrics4Q,Nancy (With The Laughing Face),Frank Sinatra,,,,,,relaxed,positive
ML910,MoodyLyrics4Q,So Nice (Summer Samba),Bebel Gilberto,,,,,,relaxed,positive
ML911,MoodyLyrics4Q,Nadine,New London Fire,,,,,,sad,negative
ML912,MoodyLyrics4Q,Anniemal,Annie,,,,,,happy,positive
ML913,MoodyLyrics4Q,Loch Raven,Animal Collective,,,,,,relaxed,positive
ML914,MoodyLyrics4Q,Classic Cars,Bright Eyes,,,,,,relaxed,positive
ML915,MoodyLyrics4Q,Hey Mann,Lizz Wright,,,,,,relaxed,positive
ML916,MoodyLyrics4Q,Limp,Fiona Apple,,,,,,angry,negative
ML917,MoodyLyrics4Q,ABC,The Jackson 5,,,,,,happy,positive
ML918,MoodyLyrics4Q,One More Day (No Word),Todd Rundgren,,,,,,relaxed,positive
ML919,MoodyLyrics4Q,Wind Below,Rage Against the Machine,,,,,,angry,negative
ML920,MoodyLyrics4Q,Let's Get Married,Al Green,,,,,,relaxed,positive
ML921,MoodyLyrics4Q,I'M The Guy Who Found The Lost Chord,Jimmy Durante,,,,,,happy,positive
ML922,MoodyLyrics4Q,Too Long,Yael Naïm,,,,,,relaxed,positive
ML923,MoodyLyrics4Q,Ceiling Wax,Chairlift,,,,,,relaxed,positive
ML924,MoodyLyrics4Q,Nature,India.Arie,,,,,,relaxed,positive
ML925,MoodyLyrics4Q,High (live in Ireland),James Blunt,,,,,,relaxed,positive
ML926,MoodyLyrics4Q,Broken Butterflies,Lucinda Williams,,,,,,sad,negative
ML927,MoodyLyrics4Q,Hard Time Killin' Floor Blues,Skip James,,,,,,sad,negative
ML928,MoodyLyrics4Q,My Wine in Silence,My Dying Bride,,,,,,sad,negative
ML929,MoodyLyrics4Q,Toubabo Koomi,Acid Bath,,,,,,angry,negative
ML930,MoodyLyrics4Q,I Won't Be Crying,Infernal,,,,,,happy,positive
ML931,MoodyLyrics4Q,Your Picture,Camera Obscura,,,,,,sad,negative
ML932,MoodyLyrics4Q,Blinding,Florence + The Machine,,,,,,sad,negative
ML933,MoodyLyrics4Q,Love Is an Arrow,Aberfeldy,,,,,,sad,negative
ML934,MoodyLyrics4Q,The Lake,Antony and the Johnsons,,,,,,sad,negative
ML935,MoodyLyrics4Q,Chapter I,Estatic Fear,,,,,,sad,negative
ML936,MoodyLyrics4Q,The Last Time I Saw Richard,Joni Mitchell,,,,,,sad,negative
ML937,MoodyLyrics4Q,This Boy's In Love,The Presets,,,,,,happy,positive
ML938,MoodyLyrics4Q,Rip,Gary Numan,,,,,,sad,negative
ML939,MoodyLyrics4Q,Enemies Of Reality,Nevermore,,,,,,angry,negative
ML940,MoodyLyrics4Q,Pretty Pink Ribbon,Cake,,,,,,happy,positive
ML941,MoodyLyrics4Q,Don't Fake This,Chevelle,,,,,,angry,negative
ML942,MoodyLyrics4Q,Bloodletting,Lamb of God,,,,,,angry,negative
ML943,MoodyLyrics4Q,Good Mourning/Black Friday,Megadeth,,,,,,angry,negative
ML944,MoodyLyrics4Q,History Of A Boring Town,Less Than Jake,,,,,,happy,positive
ML945,MoodyLyrics4Q,Soul and Fire,Sebadoh,,,,,,sad,negative
ML946,MoodyLyrics4Q,Moonlapse Vertigo,Opeth,,,,,,sad,negative
ML947,MoodyLyrics4Q,Runaway,Linkin Park,,,,,,angry,negative
ML948,MoodyLyrics4Q,Sacrifice Unto Sebek,Nile,,,,,,angry,negative
ML949,MoodyLyrics4Q,The Party's Crashing Us,of Montreal,,,,,,happy,positive
ML950,MoodyLyrics4Q,Over The Rainbow,Jane Monheit,,,,,,relaxed,positive
ML951,MoodyLyrics4Q,The Great Pagoda Of Funn,Donald Fagen,,,,,,relaxed,positive
ML952,MoodyLyrics4Q,Friday Night at the Drive-In Bingo,Jens Lekman,,,,,,happy,positive
ML953,MoodyLyrics4Q,Not This,Fannypack,,,,,,relaxed,positive
ML954,MoodyLyrics4Q,Now or Never,Mýa,,,,,,happy,positive
ML955,MoodyLyrics4Q,If Your Heart Isn't In It,Atlantic Starr,,,,,,relaxed,positive
ML956,MoodyLyrics4Q,Closer To You,Cassandra Wilson,,,,,,relaxed,positive
ML957,MoodyLyrics4Q,In Other Worlds,Azam Ali,,,,,,sad,negative
ML958,MoodyLyrics4Q,Halloween,Misfits,,,,,,angry,negative
ML959,MoodyLyrics4Q,A Bridge (That Carries Us Over),Clannad,,,,,,relaxed,positive
ML960,MoodyLyrics4Q,A Real Woman,Squarepusher,,,,,,happy,positive
ML961,MoodyLyrics4Q,Spill Your Blood,Mr. Hyde,,,,,,angry,negative
ML962,MoodyLyrics4Q,Carresses,M83,,,,,,relaxed,positive
ML963,MoodyLyrics4Q,Fake Tales of San Francisco,Arctic Monkeys,,,,,,happy,positive
ML964,MoodyLyrics4Q,Just Like Frank,Less Than Jake,,,,,,happy,positive
ML965,MoodyLyrics4Q,Sin,Megadeth,,,,,,angry,negative
ML966,MoodyLyrics4Q,ALONE EN LA VIDA,L'Arc~en~Ciel,,,,,,sad,negative
ML967,MoodyLyrics4Q,Heroin,The Velvet Underground,,,,,,sad,negative
ML968,MoodyLyrics4Q,Must Have Done Something Right,Relient K,,,,,,happy,positive
ML969,MoodyLyrics4Q,The Coffin Ships,Primordial,,,,,,sad,negative
ML970,MoodyLyrics4Q,Sing Sang Sung,Air,,,,,,relaxed,positive
ML971,MoodyLyrics4Q,River,Moya Brennan,,,,,,relaxed,positive
ML972,MoodyLyrics4Q,Where Do I Go Now,Kane,,,,,,sad,negative
ML973,MoodyLyrics4Q,Sea Ghost,The Unicorns,,,,,,happy,positive
ML974,MoodyLyrics4Q,Butterfly,Corinne Bailey Rae,,,,,,relaxed,positive
ML975,MoodyLyrics4Q,Another Rainy Day,Corinne Bailey Rae,,,,,,relaxed,positive
ML976,MoodyLyrics4Q,Love Thing,Spice Girls,,,,,,happy,positive
ML977,MoodyLyrics4Q,My Man's Gone Now,Nina Simone,,,,,,sad,negative
ML978,MoodyLyrics4Q,Benzin,Rammstein,,,,,,angry,negative
ML979,MoodyLyrics4Q,Reunion,Maggie Reilly,,,,,,relaxed,positive
ML980,MoodyLyrics4Q,One Mic,Nas,,,,,,angry,negative
ML981,MoodyLyrics4Q,Primitive,Róisín Murphy,,,,,,happy,positive
ML982,MoodyLyrics4Q,Michael,Franz Ferdinand,,,,,,happy,positive
ML983,MoodyLyrics4Q,Limbo Rock,Chubby Checker,,,,,,happy,positive
ML984,MoodyLyrics4Q,Get Over You,Undertones,,,,,,angry,negative
ML985,MoodyLyrics4Q,Cathar Rhythm,ERA,,,,,,relaxed,positive
ML986,MoodyLyrics4Q,The Propaganda,Limp Bizkit,,,,,,angry,negative
ML987,MoodyLyrics4Q,Kiss Kiss Kiss,Yoko Ono,,,,,,happy,positive
ML988,MoodyLyrics4Q,One More Time,Fractured,,,,,,sad,negative
ML989,MoodyLyrics4Q,Out of Mind,The Cure,,,,,,angry,negative
ML990,MoodyLyrics4Q,Sex Toyz,BrokeNCYDE,,,,,,happy,positive
ML991,MoodyLyrics4Q,Your Love Is Black,Kaskade,,,,,,sad,negative
ML992,MoodyLyrics4Q,Back to This,The Helio Sequence,,,,,,relaxed,positive
ML993,MoodyLyrics4Q,Bad,Michael Jackson,,,,,,happy,positive
ML994,MoodyLyrics4Q,Dulce 3 Nocturno,Pescado Rabioso,,,,,,relaxed,positive
ML995,MoodyLyrics4Q,The Beginning,Lifehouse,,,,,,relaxed,positive
ML996,MoodyLyrics4Q,Monkeyland,The Chameleons,,,,,,sad,negative
ML997,MoodyLyrics4Q,Nervous Breakdown,Black Flag,,,,,,angry,negative
ML998,MoodyLyrics4Q,Slice Of Life,Bauhaus,,,,,,sad,negative
ML999,MoodyLyrics4Q,Sunday Morning Coming Down,Johnny Cash,,,,,,sad,negative
ML1000,MoodyLyrics4Q,Almost,Bowling For Soup,,,,,,happy,positive
ML1001,MoodyLyrics4Q,Glow,Alien Ant Farm,,,,,,happy,positive
ML1002,MoodyLyrics4Q,The Kids,Lou Reed,,,,,,sad,negative
ML1003,MoodyLyrics4Q,Political,Halou,,,,,,relaxed,positive
ML1004,MoodyLyrics4Q,Hold Me Tight,Evan Rachel Wood,,,,,,happy,positive
ML1005,MoodyLyrics4Q,I Will Never See the Sun,Great Lake Swimmers,,,,,,relaxed,positive
ML1006,MoodyLyrics4Q,Superfast Jellyfish,Gorillaz,,,,,,happy,positive
ML1007,MoodyLyrics4Q,Heresy,Nine Inch Nails,,,,,,angry,negative
ML1008,MoodyLyrics4Q,The Cross of Changes,Enigma,,,,,,relaxed,positive
ML1009,MoodyLyrics4Q,Quarantined,At The Drive In,,,,,,angry,negative
ML1010,MoodyLyrics4Q,Jellybones,The Unicorns,,,,,,happy,positive
ML1011,MoodyLyrics4Q,This I Love,Guns N' Roses,,,,,,sad,negative
ML1012,MoodyLyrics4Q,Dad,Venetian Snares,,,,,,sad,negative
ML1013,MoodyLyrics4Q,"Oh, You Are the Roots That Sleep Beneath My Feet and Hold the Earth in Place",Bright Eyes,,,,,,relaxed,positive
ML1014,MoodyLyrics4Q,Noah,Devendra Banhart,,,,,,relaxed,positive
ML1015,MoodyLyrics4Q,All Play Dead,Nevermore,,,,,,angry,negative
ML1016,MoodyLyrics4Q,Holocaust,Big Star,,,,,,sad,negative
ML1017,MoodyLyrics4Q,Let Me,Rihanna,,,,,,happy,positive
ML1018,MoodyLyrics4Q,No Easy Way Out,Ozzy Osbourne,,,,,,angry,negative
ML1019,MoodyLyrics4Q,On A Beach,Richard Ashcroft,,,,,,relaxed,positive
ML1020,MoodyLyrics4Q,Eat It,"""Weird Al"" Yankovic",,,,,,happy,positive
ML1021,MoodyLyrics4Q,Institutionalized,Suicidal Tendencies,,,,,,angry,negative
ML1022,MoodyLyrics4Q,Say Yeah,Acoustic Alchemy,,,,,,relaxed,positive
ML1023,MoodyLyrics4Q,Rental Car,Beck,,,,,,happy,positive
ML1024,MoodyLyrics4Q,Tonight in Flames,Cradle of Filth,,,,,,angry,negative
ML1025,MoodyLyrics4Q,I'm Not Working,Manic Street Preachers,,,,,,sad,negative
ML1026,MoodyLyrics4Q,Winding Road,Bonnie Somerville,,,,,,relaxed,positive
ML1027,MoodyLyrics4Q,VINUSHKA,DIR EN GREY,,,,,,angry,negative
ML1028,MoodyLyrics4Q,In A Dark Place,Gary Numan,,,,,,sad,negative
ML1029,MoodyLyrics4Q,Wild Eyes,Mariee Sioux,,,,,,relaxed,positive
ML1030,MoodyLyrics4Q,Another Year,K's Choice,,,,,,sad,negative
ML1031,MoodyLyrics4Q,Kate Moss,Maximilian Hecker,,,,,,sad,negative
ML1032,MoodyLyrics4Q,Your Woman,White Town,,,,,,happy,positive
ML1033,MoodyLyrics4Q,(This Is) The Dream of Evan and Chan,Dntel,,,,,,relaxed,positive
ML1034,MoodyLyrics4Q,Shake It Out,Manchester Orchestra,,,,,,angry,negative
ML1035,MoodyLyrics4Q,Success,Jay-Z,,,,,,angry,negative
ML1036,MoodyLyrics4Q,What Light,Wilco,,,,,,relaxed,positive
ML1037,MoodyLyrics4Q,Hourglass,Squeeze,,,,,,happy,positive
ML1038,MoodyLyrics4Q,March Of The Pigs,Nine Inch Nails,,,,,,angry,negative
ML1039,MoodyLyrics4Q,The Deadly Rhythm,Refused,,,,,,angry,negative
ML1040,MoodyLyrics4Q,Can't Stand You,Slayer,,,,,,angry,negative
ML1041,MoodyLyrics4Q,No One Can Touch Us (Featuring Alex Gaskarth),Sing It Loud,,,,,,happy,positive
ML1042,MoodyLyrics4Q,The Three Shadows Part 2,Bauhaus,,,,,,sad,negative
ML1043,MoodyLyrics4Q,Man Overboard,Blink-182,,,,,,happy,positive
ML1044,MoodyLyrics4Q,Here In The Real World,Alan Jackson,,,,,,sad,negative
ML1045,MoodyLyrics4Q,Freeek! '04,George Michael,,,,,,happy,positive
ML1046,MoodyLyrics4Q,I'm Real,Jennifer Lopez,,,,,,happy,positive
ML1047,MoodyLyrics4Q,Black Metal,Venom,,,,,,angry,negative
ML1048,MoodyLyrics4Q,Once Upon the Sea of Blissful Awareness,Shpongle,,,,,,relaxed,positive
ML1049,MoodyLyrics4Q,little beast,Elbow,,,,,,sad,negative
ML1050,MoodyLyrics4Q,Back to the Primitive,Soulfly,,,,,,angry,negative
ML1051,MoodyLyrics4Q,Silver And Cold,AFI,,,,,,sad,negative
ML1052,MoodyLyrics4Q,Favola Breve,Emma Shapplin,,,,,,relaxed,positive
ML1053,MoodyLyrics4Q,Rockin' The Suburbs,Ben Folds,,,,,,happy,positive
ML1054,MoodyLyrics4Q,Settle for Nothing,Rage Against the Machine,,,,,,angry,negative
ML1055,MoodyLyrics4Q,The Killing Road,Megadeth,,,,,,angry,negative
ML1057,MoodyLyrics4Q,War,The Fall,,,,,,angry,negative
ML1058,MoodyLyrics4Q,Twist and Shout,The Beatles,,,,,,happy,positive
ML1059,MoodyLyrics4Q,So You Say,Siobhan Donaghy,,,,,,sad,negative
ML1060,MoodyLyrics4Q,The Lion Sleeps Tonight,The Tokens,,,,,,happy,positive
ML1061,MoodyLyrics4Q,Octopus's Garden,The Beatles,,,,,,happy,positive
ML1062,MoodyLyrics4Q,Melt My Heart To Stone,Adele,,,,,,relaxed,positive
ML1063,MoodyLyrics4Q,What's Happening Brother,Marvin Gaye,,,,,,relaxed,positive
ML1064,MoodyLyrics4Q,Wrong Again,Martina McBride,,,,,,sad,negative
ML1065,MoodyLyrics4Q,Beauty Through Order,Slayer,,,,,,angry,negative
ML1066,MoodyLyrics4Q,Everyone Leaves,Mortiis,,,,,,sad,negative
ML1067,MoodyLyrics4Q,The Tigers Have Spoken,Neko Case,,,,,,sad,negative
ML1068,MoodyLyrics4Q,Pigsy In Space,Monkey,,,,,,relaxed,positive
ML1069,MoodyLyrics4Q,Shitlist,L7,,,,,,angry,negative
ML1070,MoodyLyrics4Q,Hungry Heart,Bruce Springsteen,,,,,,happy,positive
ML1071,MoodyLyrics4Q,En Ring Til Aa Herske,Burzum,,,,,,sad,negative
ML1072,MoodyLyrics4Q,Synthetic generation,Deathstars,,,,,,sad,negative
ML1073,MoodyLyrics4Q,Jenna Bush Army,Nerf Herder,,,,,,happy,positive
ML1074,MoodyLyrics4Q,Vienna Calling,Falco,,,,,,happy,positive
ML1075,MoodyLyrics4Q,The Keys to Life vs. 15 Minutes of Fame,Atmosphere,,,,,,angry,negative
ML1076,MoodyLyrics4Q,Forming,Germs,,,,,,angry,negative
ML1077,MoodyLyrics4Q,Waking Up In the City,The Ditty Bops,,,,,,happy,positive
ML1078,MoodyLyrics4Q,Gay,Stephen Lynch,,,,,,happy,positive
ML1079,MoodyLyrics4Q,Criminals,Katatonia,,,,,,sad,negative
ML1080,MoodyLyrics4Q,State Trooper,Bruce Springsteen,,,,,,sad,negative
ML1081,MoodyLyrics4Q,Saturdays,Holly Brook,,,,,,relaxed,positive
ML1082,MoodyLyrics4Q,A Perfect Sonnet,Bright Eyes,,,,,,sad,negative
ML1083,MoodyLyrics4Q,Sweat ,Inner Circle,,,,,,happy,positive
ML1084,MoodyLyrics4Q,Nothing Else Matters,Lucie Silvas,,,,,,sad,negative
ML1085,MoodyLyrics4Q,Odchodząc,Republika,,,,,,sad,negative
ML1086,MoodyLyrics4Q,Remember,Ella Fitzgerald,,,,,,relaxed,positive
ML1087,MoodyLyrics4Q,Search and Destroy,The Stooges,,,,,,angry,negative
ML1088,MoodyLyrics4Q,Aquarius,Boards of Canada,,,,,,relaxed,positive
ML1089,MoodyLyrics4Q,Phantom Lord,Metallica,,,,,,angry,negative
ML1090,MoodyLyrics4Q,I'd Be Better Off (In A Pine Box),Doug Stone,,,,,,sad,negative
ML1091,MoodyLyrics4Q,Handlebars,Flobots,,,,,,angry,negative
ML1092,MoodyLyrics4Q,I Will Be Heard,Hatebreed,,,,,,angry,negative
ML1093,MoodyLyrics4Q,Under The Sea,Samuel E. Wright,,,,,,happy,positive
ML1094,MoodyLyrics4Q,Jolene,Susanna and the Magical Orchestra,,,,,,relaxed,positive
ML1095,MoodyLyrics4Q,The Power of Lard,Lard,,,,,,angry,negative
ML1096,MoodyLyrics4Q,Terra Nova,iLiKETRAiNS,,,,,,sad,negative
ML1097,MoodyLyrics4Q,Birdhouse In Your Soul,They Might Be Giants,,,,,,happy,positive
ML1098,MoodyLyrics4Q,Wu-Tang Clan Ain't Nuthing Ta F' Wit,Wu-Tang Clan,,,,,,angry,negative
ML1099,MoodyLyrics4Q,Lovesick,Friendly Fires,,,,,,happy,positive
ML1100,MoodyLyrics4Q,Jesus' Tod,Burzum,,,,,,angry,negative
ML1101,MoodyLyrics4Q,Know Your Enemy,Rage Against the Machine,,,,,,angry,negative
ML1102,MoodyLyrics4Q,Man in the box,Tunng,,,,,,relaxed,positive
ML1103,MoodyLyrics4Q,Savant,Oceansize,,,,,,sad,negative
ML1104,MoodyLyrics4Q,American High,Machine Head,,,,,,angry,negative
ML1105,MoodyLyrics4Q,T.R.I.C.,Otep,,,,,,angry,negative
ML1106,MoodyLyrics4Q,Her Eyes,Pat Monahan,,,,,,happy,positive
ML1107,MoodyLyrics4Q,Let Me Lie,Hayley Westenra,,,,,,relaxed,positive
ML1108,MoodyLyrics4Q,I Wupped Batman's Ass,Wesley Willis,,,,,,happy,positive
ML1109,MoodyLyrics4Q,Burning Flag,Marilyn Manson,,,,,,angry,negative
ML1110,MoodyLyrics4Q,Know-How,Kings Of Convenience,,,,,,relaxed,positive
ML1111,MoodyLyrics4Q,Oíche Chiúin (Silent Night),Enya,,,,,,relaxed,positive
ML1112,MoodyLyrics4Q,Pay Me My Money Down,Bruce Springsteen,,,,,,happy,positive
ML1113,MoodyLyrics4Q,Sweetest Sin,Jessica Simpson,,,,,,happy,positive
ML1114,MoodyLyrics4Q,We Are the Storm,The Dillinger Escape Plan,,,,,,angry,negative
ML1115,MoodyLyrics4Q,Suck My Left One,Bikini Kill,,,,,,angry,negative
ML1116,MoodyLyrics4Q,Out!,Lunatica,,,,,,angry,negative
ML1117,MoodyLyrics4Q,Obscure Alternatives,Japan,,,,,,sad,negative
ML1118,MoodyLyrics4Q,Back Home To Me,Sophie Milman,,,,,,relaxed,positive
ML1119,MoodyLyrics4Q,Ohne dich,Selig,,,,,,sad,negative
ML1120,MoodyLyrics4Q,The Sweetest Memory,Eighteen Visions,,,,,,sad,negative
ML1121,MoodyLyrics4Q,Mother Love,Queen,,,,,,sad,negative
ML1122,MoodyLyrics4Q,Fake It,Seether,,,,,,angry,negative
ML1123,MoodyLyrics4Q,Car Chase City,Tenacious D,,,,,,happy,positive
ML1124,MoodyLyrics4Q,Amerimacka ,Thievery Corporation,,,,,,relaxed,positive
ML1125,MoodyLyrics4Q,Dates From Hell,Remi Nicole,,,,,,happy,positive
ML1126,MoodyLyrics4Q,Sibella,Richard Thompson,,,,,,sad,negative
ML1127,MoodyLyrics4Q,Proxima Centauri,At The Drive-In,,,,,,angry,negative
ML1128,MoodyLyrics4Q,Where Do We Go Now But Nowhere,Nick Cave and the Bad Seeds,,,,,,sad,negative
ML1129,MoodyLyrics4Q,If The Kids Are United,Sham 69,,,,,,angry,negative
ML1130,MoodyLyrics4Q,Miserable,Lit,,,,,,sad,negative
ML1131,MoodyLyrics4Q,From Heaven to Dust,Azam Ali,,,,,,relaxed,positive
ML1132,MoodyLyrics4Q,New Birds,Arab Strap,,,,,,sad,negative
ML1133,MoodyLyrics4Q,Eye of the Tiger,Survivor,,,,,,angry,negative
ML1134,MoodyLyrics4Q,Tourette's,Nirvana,,,,,,angry,negative
ML1135,MoodyLyrics4Q,Bombtrack,Rage Against the Machine,,,,,,angry,negative
ML1136,MoodyLyrics4Q,Fortunate Fool,Jack Johnson,,,,,,relaxed,positive
ML1137,MoodyLyrics4Q,Far From Me,Nick Cave and the Bad Seeds,,,,,,sad,negative
ML1138,MoodyLyrics4Q,Bette Davis Eyes (Acoustic Version),Kim Carnes,,,,,,relaxed,positive
ML1139,MoodyLyrics4Q,Small Planes,The Innocence Mission,,,,,,sad,negative
ML1140,MoodyLyrics4Q,Don't Worry 'Bout Me,Frank Sinatra,,,,,,relaxed,positive
ML1141,MoodyLyrics4Q,Buttons,The Pussycat Dolls,,,,,,happy,positive
ML1142,MoodyLyrics4Q,Half-Boyfriend,Jay Brannan,,,,,,sad,negative
ML1143,MoodyLyrics4Q,The Mullet Burden,The Dillinger Escape Plan,,,,,,angry,negative
ML1144,MoodyLyrics4Q,Revolution Action,Atari Teenage Riot,,,,,,angry,negative
ML1145,MoodyLyrics4Q,Ikea,Jonathan Coulton,,,,,,happy,positive
ML1146,MoodyLyrics4Q,Funkytown,"Lipps, Inc.",,,,,,happy,positive
ML1147,MoodyLyrics4Q,Hallelujah,Nick Cave and the Bad Seeds,,,,,,sad,negative
ML1148,MoodyLyrics4Q,I Am The Dog,Nevermore,,,,,,angry,negative
ML1149,MoodyLyrics4Q,Could Be Anything,The Eames Era,,,,,,happy,positive
ML1150,MoodyLyrics4Q,"Yes Sir, I Can Boogie",Baccara,,,,,,happy,positive
ML1151,MoodyLyrics4Q,One Day,Trading Yesterday,,,,,,relaxed,positive
ML1152,MoodyLyrics4Q,Breaking the Law,Judas Priest,,,,,,angry,negative
ML1153,MoodyLyrics4Q,Straight Out of Line,Godsmack,,,,,,angry,negative
ML1154,MoodyLyrics4Q,Ngiculela-Es Una Historia-I Am Singing,Stevie Wonder,,,,,,relaxed,positive
ML1155,MoodyLyrics4Q,Lonely Tonight,Matt Wertz,,,,,,relaxed,positive
ML1156,MoodyLyrics4Q,I'm Outta Time,Oasis,,,,,,sad,negative
ML1157,MoodyLyrics4Q,Trash,Silverchair,,,,,,angry,negative
ML1158,MoodyLyrics4Q,O.G. Original Gangster,Ice-T,,,,,,angry,negative
ML1159,MoodyLyrics4Q,Nostalgia,Yanni,,,,,,relaxed,positive
ML1160,MoodyLyrics4Q,Africa,D'Angelo,,,,,,relaxed,positive
ML1161,MoodyLyrics4Q,Jojo,Boz Scaggs,,,,,,relaxed,positive
ML1162,MoodyLyrics4Q,Kingdoms Of Rain,Mark Lanegan,,,,,,sad,negative
ML1163,MoodyLyrics4Q,Unfold (Eagles Ballroom Live Version),Jason Mraz,,,,,,relaxed,positive
ML1164,MoodyLyrics4Q,La chute de l'ange,Dark Sanctuary,,,,,,sad,negative
ML1165,MoodyLyrics4Q,Scream Aim Fire,Bullet For My Valentine,,,,,,angry,negative
ML1166,MoodyLyrics4Q,My Old Man's A Dustman,Lonnie Donegan,,,,,,happy,positive
ML1167,MoodyLyrics4Q,The Hazards of Love 4 (The Drowned),The Decemberists,,,,,,sad,negative
ML1168,MoodyLyrics4Q,All Shook Down,The Replacements,,,,,,relaxed,positive
ML1169,MoodyLyrics4Q,Escape,Balligomingo,,,,,,relaxed,positive
ML1170,MoodyLyrics4Q,The Rifle,Alela Diane,,,,,,relaxed,positive
ML1171,MoodyLyrics4Q,Hang On To Your Love,Sade,,,,,,relaxed,positive
ML1172,MoodyLyrics4Q,Hungry Like The Wolf,Duran Duran,,,,,,happy,positive
ML1173,MoodyLyrics4Q,Let Me Kiss You,Morrissey,,,,,,sad,negative
ML1174,MoodyLyrics4Q,My Little Brother,Art Brut,,,,,,happy,positive
ML1175,MoodyLyrics4Q,Macho Man,Village People,,,,,,happy,positive
ML1176,MoodyLyrics4Q,Let Yourself Go,Ella Fitzgerald,,,,,,relaxed,positive
ML1177,MoodyLyrics4Q,Wasn't Born To Follow,The Byrds,,,,,,happy,positive
ML1178,MoodyLyrics4Q,Drinks Taste Better When They're Free,ElectroVamp,,,,,,happy,positive
ML1179,MoodyLyrics4Q,Bacchante,Theatre of Tragedy,,,,,,sad,negative
ML1180,MoodyLyrics4Q,We Have All The Time In The World,The Puppini Sisters,,,,,,happy,positive
ML1181,MoodyLyrics4Q,Flowers,The Emotions,,,,,,relaxed,positive
ML1182,MoodyLyrics4Q,Unlovable,Darren Hayes,,,,,,sad,negative
ML1183,MoodyLyrics4Q,Year 3000,Busted,,,,,,happy,positive
ML1184,MoodyLyrics4Q,Hard to Love a Man,Magnolia Electric Co.,,,,,,sad,negative
ML1185,MoodyLyrics4Q,Wish,Nine Inch Nails,,,,,,angry,negative
ML1186,MoodyLyrics4Q,Drop Out,Converge,,,,,,angry,negative
ML1187,MoodyLyrics4Q,I'm a Man,Yardbirds,,,,,,angry,negative
ML1188,MoodyLyrics4Q,Gentlemen,Teddy Geiger,,,,,,relaxed,positive
ML1189,MoodyLyrics4Q,Fractions,Emery,,,,,,sad,negative
ML1190,MoodyLyrics4Q,Ruff Ryders' Anthem,DMX,,,,,,angry,negative
ML1191,MoodyLyrics4Q,The Prayer,Celtic Woman,,,,,,relaxed,positive
ML1192,MoodyLyrics4Q,Do You Remember Rock 'N' Roll Radio?,Ramones,,,,,,happy,positive
ML1193,MoodyLyrics4Q,Us Or Them,The Cure,,,,,,angry,negative
ML1194,MoodyLyrics4Q,Paradise City,Guns N Roses,,,,,,angry,negative
ML1195,MoodyLyrics4Q,No es lo mismo,Alejandro Sanz,,,,,,happy,positive
ML1196,MoodyLyrics4Q,Prison Song,System of a Down,,,,,,angry,negative
ML1197,MoodyLyrics4Q,Gets Me Through,Ozzy Osbourne,,,,,,angry,negative
ML1198,MoodyLyrics4Q,When You Were Around,Lene Marlin,,,,,,relaxed,positive
ML1199,MoodyLyrics4Q,"No Envy, No Fear",Joshua Radin,,,,,,relaxed,positive
ML1200,MoodyLyrics4Q,Pupilas Lejanas,Los Pericos,,,,,,relaxed,positive
ML1201,MoodyLyrics4Q,Hard to Explain,Strokes,,,,,,angry,negative
ML1202,MoodyLyrics4Q,"O'Malley, Former Underdog",Deerhoof,,,,,,happy,positive
ML1203,MoodyLyrics4Q,My Kind Of Scene,Powderfinger,,,,,,relaxed,positive
ML1204,MoodyLyrics4Q,Serial Killer,Vio-Lence,,,,,,angry,negative
ML1205,MoodyLyrics4Q,She Thinks My Tractor's Sexy,Kenny Chesney,,,,,,happy,positive
ML1206,MoodyLyrics4Q,Spawn Again,Silverchair,,,,,,angry,negative
ML1207,MoodyLyrics4Q,Dead Embryonic Cells,Sepultura,,,,,,angry,negative
ML1208,MoodyLyrics4Q,Only A Fool Would Say That,Steely Dan,,,,,,relaxed,positive
ML1209,MoodyLyrics4Q,I Think Of You,IVY,,,,,,relaxed,positive
ML1210,MoodyLyrics4Q,Lonely Is The Word,Black Sabbath,,,,,,sad,negative
ML1211,MoodyLyrics4Q,We Are All Animals,The Rakes,,,,,,happy,positive
ML1212,MoodyLyrics4Q,Sometimes I Rhyme Slow,Nice & Smooth,,,,,,relaxed,positive
ML1213,MoodyLyrics4Q,Dead Bodies Everywhere,Korn,,,,,,angry,negative
ML1214,MoodyLyrics4Q,Heavenly Day,Patty Griffin,,,,,,relaxed,positive
ML1215,MoodyLyrics4Q,MLK,U2,,,,,,sad,negative
ML1216,MoodyLyrics4Q,Legalize It,Peter Tosh,,,,,,relaxed,positive
ML1217,MoodyLyrics4Q,Comic Strip,Serge Gainsbourg,,,,,,happy,positive
ML1218,MoodyLyrics4Q,So Did We,Isis,,,,,,sad,negative
ML1219,MoodyLyrics4Q,Cryin' Like a Bitch,Godsmack,,,,,,angry,negative
ML1220,MoodyLyrics4Q,Soul Boy,Edyta Górniak,,,,,,relaxed,positive
ML1221,MoodyLyrics4Q,Total Eclipse Of The Heart,Nicki French,,,,,,happy,positive
ML1222,MoodyLyrics4Q,For Those Of Ya'll Who Wear Fannie Packs,Ben Folds Five,,,,,,happy,positive
ML1223,MoodyLyrics4Q,Ooh La La,The Wiseguys,,,,,,happy,positive
ML1224,MoodyLyrics4Q,Welcome To My World,Nerf Herder,,,,,,happy,positive
ML1225,MoodyLyrics4Q,It's So Simple,Saosin,,,,,,angry,negative
ML1226,MoodyLyrics4Q,Soul Deep,Lisa Stansfield,,,,,,relaxed,positive
ML1227,MoodyLyrics4Q,She Bangs,Ricky Martin,,,,,,happy,positive
ML1228,MoodyLyrics4Q,Frankie Teardrop,Suicide,,,,,,angry,negative
ML1229,MoodyLyrics4Q,Do You Love Me,The Contours,,,,,,happy,positive
ML1230,MoodyLyrics4Q,Flip Ya Lid,Nightmares On Wax,,,,,,relaxed,positive
ML1231,MoodyLyrics4Q,Burn,Nine Inch Nails,,,,,,angry,negative
ML1232,MoodyLyrics4Q,Melancholy Mood,Ziggy Marley,,,,,,relaxed,positive
ML1233,MoodyLyrics4Q,Magic Stick ,Lil' Kim,,,,,,happy,positive
ML1234,MoodyLyrics4Q,A Moment Lost,Enya,,,,,,relaxed,positive
ML1235,MoodyLyrics4Q,Strange Way,Firefall,,,,,,relaxed,positive
ML1236,MoodyLyrics4Q,Who Put the Stump?,Bob Rivers,,,,,,happy,positive
ML1237,MoodyLyrics4Q,Maggie's Farm,Rage Against the Machine,,,,,,angry,negative
ML1238,MoodyLyrics4Q,More Than Ever,Take 6,,,,,,relaxed,positive
ML1239,MoodyLyrics4Q,Good Day,Nappy Roots,,,,,,happy,positive
ML1240,MoodyLyrics4Q,On the Way,Abra Moore,,,,,,relaxed,positive
ML1241,MoodyLyrics4Q,Am I Evil?,Diamond Head,,,,,,angry,negative
ML1242,MoodyLyrics4Q,In A Mellow Tone,Ella Fitzgerald,,,,,,relaxed,positive
ML1243,MoodyLyrics4Q,Without a Face,Rage Against the Machine,,,,,,angry,negative
ML1244,MoodyLyrics4Q,Away In A Manger,Celtic Woman,,,,,,relaxed,positive
ML1245,MoodyLyrics4Q,Deadlands,Tristania,,,,,,sad,negative
ML1246,MoodyLyrics4Q,Hearts of Darkness,Cavalera Conspiracy,,,,,,angry,negative
ML1247,MoodyLyrics4Q,Wattershed,Foo Fighters,,,,,,angry,negative
ML1248,MoodyLyrics4Q,I Fucking Hate You,Godsmack,,,,,,angry,negative
ML1249,MoodyLyrics4Q,Shine,Joni Mitchell,,,,,,relaxed,positive
ML1250,MoodyLyrics4Q,Ev'ry Time We Say Goodbye,Simply Red,,,,,,sad,negative
ML1251,MoodyLyrics4Q,Three Imaginary Boys,The Cure,,,,,,sad,negative
ML1252,MoodyLyrics4Q,Angel,Judas Priest,,,,,,sad,negative
ML1253,MoodyLyrics4Q,Show Me,Jill Scott,,,,,,relaxed,positive
ML1254,MoodyLyrics4Q,Doctor Online,Zeromancer,,,,,,angry,negative
ML1255,MoodyLyrics4Q,Something Against You,Pixies,,,,,,angry,negative
ML1256,MoodyLyrics4Q,Whip It,Devo,,,,,,happy,positive
ML1257,MoodyLyrics4Q,Reckoning,Killswitch Engage,,,,,,angry,negative
ML1258,MoodyLyrics4Q,Red Army Blues,The Waterboys,,,,,,sad,negative
ML1259,MoodyLyrics4Q,Fuck you,Headstones,,,,,,angry,negative
ML1260,MoodyLyrics4Q,War Pigs,Black Sabbath,,,,,,angry,negative
ML1261,MoodyLyrics4Q,Slaughter Of The Soul,At the Gates,,,,,,angry,negative
ML1262,MoodyLyrics4Q,Letter From America,The Proclaimers,,,,,,relaxed,positive
ML1263,MoodyLyrics4Q,Cable TV,"""Weird Al"" Yankovic",,,,,,happy,positive
ML1264,MoodyLyrics4Q,Aliens Exist,blink-182,,,,,,happy,positive
ML1265,MoodyLyrics4Q,Deteriorate,Demon Hunter,,,,,,sad,negative
ML1266,MoodyLyrics4Q,Jenny From the Block,Jennifer Lopez,,,,,,happy,positive
ML1267,MoodyLyrics4Q,This Will Be Our Year,OK Go,,,,,,happy,positive
ML1268,MoodyLyrics4Q,Hotter And Hotter,Rollins Band,,,,,,angry,negative
ML1269,MoodyLyrics4Q,Your Kisses Are Wasted On Me,The Pipettes,,,,,,happy,positive
ML1270,MoodyLyrics4Q,Velvet Tongue,VIRGIN BLACK,,,,,,sad,negative
ML1271,MoodyLyrics4Q,Promise Me,Luther Vandross,,,,,,relaxed,positive
ML1272,MoodyLyrics4Q,The Runaways,Anberlin,,,,,,angry,negative
ML1273,MoodyLyrics4Q,A Felicidade,Tom Zé,,,,,,relaxed,positive
ML1274,MoodyLyrics4Q,Reasons To Be Beautiful,Hole,,,,,,sad,negative
ML1275,MoodyLyrics4Q,Heartache Every Moment,HIM,,,,,,sad,negative
ML1276,MoodyLyrics4Q,Blackwater Park,Opeth,,,,,,sad,negative
ML1277,MoodyLyrics4Q,Side Two,Sondre Lerche,,,,,,relaxed,positive
ML1278,MoodyLyrics4Q,There's A Place In Hell For Me And My Friends,Morrissey,,,,,,sad,negative
ML1279,MoodyLyrics4Q,Chanbara,At The Drive-In,,,,,,angry,negative
ML1280,MoodyLyrics4Q,Dude (Looks Like A Lady),Aerosmith,,,,,,happy,positive
ML1281,MoodyLyrics4Q,Wo bist du,Rammstein,,,,,,sad,negative
ML1282,MoodyLyrics4Q,Good Life,Weezer,,,,,,angry,negative
ML1283,MoodyLyrics4Q,The Colour Of Spring,Mark Hollis,,,,,,sad,negative
ML1284,MoodyLyrics4Q,Crypts of Eternity,Slayer,,,,,,angry,negative
ML1285,MoodyLyrics4Q,I Hear You Now,Jon & Vangelis,,,,,,relaxed,positive
ML1286,MoodyLyrics4Q,Crazy In Love,Beyoncé,,,,,,happy,positive
ML1287,MoodyLyrics4Q,Bang Your Head (Metal Health),Quiet Riot,,,,,,angry,negative
ML1288,MoodyLyrics4Q,Pistol Grip Pump,Rage Against the Machine,,,,,,angry,negative
ML1289,MoodyLyrics4Q,Fallen Icons,Delerium,,,,,,relaxed,positive
ML1290,MoodyLyrics4Q,H Gang,Donald Fagen,,,,,,relaxed,positive
ML1291,MoodyLyrics4Q,1970 (Take 3),The Stooges,,,,,,angry,negative
ML1292,MoodyLyrics4Q,Big Day Coming,Yo La Tengo,,,,,,relaxed,positive
ML1293,MoodyLyrics4Q,The Blessing,Celtic Woman,,,,,,relaxed,positive
ML1294,MoodyLyrics4Q,Take This Job and Shove It,Johnny Paycheck,,,,,,happy,positive
ML1295,MoodyLyrics4Q,Epic,Faith No More,,,,,,angry,negative
ML1296,MoodyLyrics4Q,Don't Wanna Say Goodbye,Blu Cantrell,,,,,,sad,negative
ML1297,MoodyLyrics4Q,Blues from a Gun,Jesus & Mary Chain,,,,,,angry,negative
ML1298,MoodyLyrics4Q,Make It Real,The Jets,,,,,,sad,negative
ML1299,MoodyLyrics4Q,Out Of This World,The Cure,,,,,,sad,negative
ML1300,MoodyLyrics4Q,The Words,Psapp,,,,,,happy,positive
ML1301,MoodyLyrics4Q,Move,Cansei de Ser Sexy,,,,,,happy,positive
ML1302,MoodyLyrics4Q,Rebel Rebel,Seu Jorge,,,,,,relaxed,positive
ML1303,MoodyLyrics4Q,Inner City Pressure,Flight of the Conchords,,,,,,happy,positive
ML1304,MoodyLyrics4Q,The Vagabond,Air,,,,,,relaxed,positive
ML1305,MoodyLyrics4Q,Your Guts (I Hate 'Em),Reel Big Fish,,,,,,angry,negative
ML1306,MoodyLyrics4Q,The Story,Limp Bizkit,,,,,,angry,negative
ML1307,MoodyLyrics4Q,Hardly Getting Over It,Hüsker Dü,,,,,,sad,negative
ML1308,MoodyLyrics4Q,Sad Songs And Waltzes,Willie Nelson,,,,,,sad,negative
ML1309,MoodyLyrics4Q,I Got You,Split Enz,,,,,,angry,negative
ML1310,MoodyLyrics4Q,Salio El Sol,Don Omar,,,,,,happy,positive
ML1311,MoodyLyrics4Q,The Long Way Home,Norah Jones,,,,,,relaxed,positive
ML1312,MoodyLyrics4Q,Cosmonaut,At The Drive-In,,,,,,angry,negative
ML1313,MoodyLyrics4Q,There Is No Such Place,Augie March,,,,,,relaxed,positive
ML1314,MoodyLyrics4Q,Black Tongue,Yeah Yeah Yeahs,,,,,,happy,positive
ML1315,MoodyLyrics4Q,A Call For Blood,Hatebreed,,,,,,angry,negative
ML1316,MoodyLyrics4Q,Art Is Hard,Cursive,,,,,,angry,negative
ML1317,MoodyLyrics4Q,Sometimes a River,The String Cheese Incident,,,,,,relaxed,positive
ML1318,MoodyLyrics4Q,Only You,Lisa Ekdahl,,,,,,relaxed,positive
ML1319,MoodyLyrics4Q,Flying Over Bus Stops,Athlete,,,,,,relaxed,positive
ML1320,MoodyLyrics4Q,Satin Doll,Duke Ellington,,,,,,relaxed,positive
ML1321,MoodyLyrics4Q,C11 H17 N2 O2 S Na,Anthrax,,,,,,angry,negative
ML1322,MoodyLyrics4Q,Walk On The Wild Side,Rick Braun,,,,,,relaxed,positive
ML1323,MoodyLyrics4Q,Downfall,Children of Bodom,,,,,,angry,negative
ML1324,MoodyLyrics4Q,Fuck tha Police,N.W.A,,,,,,angry,negative
ML1325,MoodyLyrics4Q,Wrong,Ministry,,,,,,angry,negative
ML1326,MoodyLyrics4Q,Halo of Flies,Alice Cooper,,,,,,angry,negative
ML1327,MoodyLyrics4Q,Animal Fat,Apostle of Hustle,,,,,,relaxed,positive
ML1328,MoodyLyrics4Q,Razorblade,Blue October,,,,,,angry,negative
ML1329,MoodyLyrics4Q,Room 13,Black Flag,,,,,,angry,negative
ML1330,MoodyLyrics4Q,For Beginners,M. Ward,,,,,,relaxed,positive
ML1331,MoodyLyrics4Q,Bala Bay Inn,Valley of the Giants,,,,,,relaxed,positive
ML1332,MoodyLyrics4Q,Hurry,Sleeping at Last,,,,,,relaxed,positive
ML1333,MoodyLyrics4Q,Nachts um halb drei,Janina,,,,,,happy,positive
ML1334,MoodyLyrics4Q,Free at Last,Antony and the Johnsons,,,,,,sad,negative
ML1335,MoodyLyrics4Q,I've Loved Her So Long,Neil Young,,,,,,sad,negative
ML1336,MoodyLyrics4Q,Summer Madness,Kool & The Gang,,,,,,relaxed,positive
ML1337,MoodyLyrics4Q,Who Could Win a Rabbit,Animal Collective,,,,,,happy,positive
ML1338,MoodyLyrics4Q,96 Tears,Question Mark & The Mysterians,,,,,,angry,negative
ML1339,MoodyLyrics4Q,In The Ghetto,Elvis Presley,,,,,,sad,negative
ML1340,MoodyLyrics4Q,Preghiera In Gennaio,Fabrizio De André,,,,,,sad,negative
ML1341,MoodyLyrics4Q,Samba Da Minha Terra,João Gilberto,,,,,,relaxed,positive
ML1342,MoodyLyrics4Q,Sleigh Ride,The Ronettes,,,,,,happy,positive
ML1343,MoodyLyrics4Q,Super Freak,Rick James,,,,,,happy,positive
ML1344,MoodyLyrics4Q,Speak My Language,Laurie Anderson,,,,,,sad,negative
ML1345,MoodyLyrics4Q,Bartender,Keri Noble,,,,,,sad,negative
ML1346,MoodyLyrics4Q,A Public Affair,Jessica Simpson,,,,,,happy,positive
ML1347,MoodyLyrics4Q,Turn on Billie,The Pierces,,,,,,relaxed,positive
ML1348,MoodyLyrics4Q,Shut Up,Madness,,,,,,happy,positive
ML1349,MoodyLyrics4Q,Summertime,Miles Davis,,,,,,relaxed,positive
ML1350,MoodyLyrics4Q,DemiRep,Bikini Kill,,,,,,angry,negative
ML1351,MoodyLyrics4Q,Que Te Han Visto Llorar,Bronco,,,,,,sad,negative
ML1352,MoodyLyrics4Q,Anti-Social,Anthrax,,,,,,angry,negative
ML1353,MoodyLyrics4Q,Bezpowrotnie,Kasia Kowalska,,,,,,sad,negative
ML1354,MoodyLyrics4Q,Through The Wire,Kanye West,,,,,,happy,positive
ML1355,MoodyLyrics4Q,Dead Joe,Birthday Party,,,,,,angry,negative
ML1356,MoodyLyrics4Q,Way You Walk,Papas Fritas,,,,,,happy,positive
ML1357,MoodyLyrics4Q,The Demon,Emily Jane White,,,,,,sad,negative
ML1358,MoodyLyrics4Q,Promises,Megadeth,,,,,,angry,negative
ML1359,MoodyLyrics4Q,(Song For My) Sugar Spun Sister,The Stone Roses,,,,,,relaxed,positive
ML1360,MoodyLyrics4Q,Hearts Alive,Mastodon,,,,,,angry,negative
ML1361,MoodyLyrics4Q,Forest Hymn,Deep Forest,,,,,,relaxed,positive
ML1362,MoodyLyrics4Q,Regal Zone,Siouxsie and the Banshees,,,,,,angry,negative
ML1363,MoodyLyrics4Q,Ready To Meet Him,DMX,,,,,,sad,negative
ML1364,MoodyLyrics4Q,The Justice of Suffering,Swallow The Sun,,,,,,sad,negative
ML1365,MoodyLyrics4Q,Candle,Skinny Puppy,,,,,,sad,negative
ML1366,MoodyLyrics4Q,Was immer jetzt geschieht,Glashaus,,,,,,sad,negative
ML1367,MoodyLyrics4Q,Kyle Quit The Band,Tenacious D,,,,,,happy,positive
ML1368,MoodyLyrics4Q,Take Comfort,The Cooper Temple Clause,,,,,,relaxed,positive
ML1369,MoodyLyrics4Q,Killing an Arab,Cure,,,,,,angry,negative
ML1370,MoodyLyrics4Q,Dream A Little Dream,Laura Fygi,,,,,,relaxed,positive
ML1371,MoodyLyrics4Q,The Poison,Bullet For My Valentine,,,,,,angry,negative
ML1372,MoodyLyrics4Q,Patterns,Simon & Garfunkel,,,,,,relaxed,positive
ML1373,MoodyLyrics4Q,Ragga,Martina Topley-Bird,,,,,,happy,positive
ML1374,MoodyLyrics4Q,Lovely Creature,Nick Cave and the Bad Seeds,,,,,,sad,negative
ML1375,MoodyLyrics4Q,Impossible,Wu-Tang Clan,,,,,,sad,negative
ML1376,MoodyLyrics4Q,Wyjątkowo zimny maj,Maanam,,,,,,sad,negative
ML1377,MoodyLyrics4Q,The Photos On My Wall,Good Shoes,,,,,,happy,positive
ML1378,MoodyLyrics4Q,Walk with Me in Hell,Lamb of God,,,,,,angry,negative
ML1379,MoodyLyrics4Q,Since I Don't Have You,The Brian Setzer Orchestra,,,,,,sad,negative
ML1380,MoodyLyrics4Q,Keys Out Lights On,Jenny Owen Youngs,,,,,,relaxed,positive
ML1381,MoodyLyrics4Q,Under Fire,Kosheen,,,,,,sad,negative
ML1382,MoodyLyrics4Q,I Get A Kick Out Of You,Ella Fitzgerald,,,,,,relaxed,positive
ML1383,MoodyLyrics4Q,Born Again,Marilyn Manson,,,,,,angry,negative
ML1384,MoodyLyrics4Q,In Fiction,Isis,,,,,,sad,negative
ML1385,MoodyLyrics4Q,I'd Be Broken,Sophie Zelmani,,,,,,relaxed,positive
ML1386,MoodyLyrics4Q,Ski Mask Way,50 Cent,,,,,,angry,negative
ML1387,MoodyLyrics4Q,Gangsta Gangsta,N.W.A,,,,,,angry,negative
ML1388,MoodyLyrics4Q,Grace Unhearing,My Dying Bride,,,,,,sad,negative
ML1389,MoodyLyrics4Q,Magic Doors,Portishead,,,,,,sad,negative
ML1390,MoodyLyrics4Q,How to Survive in South Central,Ice Cube,,,,,,angry,negative
ML1391,MoodyLyrics4Q,La Bomba,Ricky Martin,,,,,,happy,positive
ML1392,MoodyLyrics4Q,Another worthless day,Von Hertzen Brothers,,,,,,sad,negative
ML1393,MoodyLyrics4Q,Weed Song,Bone Thugs-N-Harmony,,,,,,relaxed,positive
ML1394,MoodyLyrics4Q,The Coat Is Always On,Cat Power,,,,,,sad,negative
ML1395,MoodyLyrics4Q,Whatever It Is,Ben Lee,,,,,,relaxed,positive
ML1396,MoodyLyrics4Q,To the Lighthouse,Patrick Wolf,,,,,,sad,negative
ML1397,MoodyLyrics4Q,A.I.R.,Anthrax,,,,,,angry,negative
ML1398,MoodyLyrics4Q,Whenever You're Around,Jill Scott,,,,,,relaxed,positive
ML1399,MoodyLyrics4Q,I Do Not Want What I Haven't Got,Sinéad O'Connor,,,,,,relaxed,positive
ML1400,MoodyLyrics4Q,Woodstock,Matthews' Southern Comfort,,,,,,relaxed,positive
ML1401,MoodyLyrics4Q,Beyond The Sea,Celtic Woman,,,,,,relaxed,positive
ML1402,MoodyLyrics4Q,Around The Bend,The Asteroids Galaxy Tour,,,,,,happy,positive
ML1403,MoodyLyrics4Q,Six Shooter,Queens Of The Stone Age,,,,,,angry,negative
ML1404,MoodyLyrics4Q,The Winner Takes It All,Meryl Streep,,,,,,sad,negative
ML1405,MoodyLyrics4Q,Everybody Knows,Concrete Blonde,,,,,,sad,negative
ML1406,MoodyLyrics4Q,Relax,G. Love & Special Sauce,,,,,,relaxed,positive
ML1407,MoodyLyrics4Q,The Count Of Monte Christo,Noisettes,,,,,,happy,positive
ML1408,MoodyLyrics4Q,All By Myself,Jamie O'Neal,,,,,,sad,negative
ML1409,MoodyLyrics4Q,Worst Case Scenario,The Hoosiers,,,,,,happy,positive
ML1410,MoodyLyrics4Q,Black Flowers,Yo La Tengo,,,,,,relaxed,positive
ML1411,MoodyLyrics4Q,Don't Let Me Stop You,Kelly Clarkson,,,,,,angry,negative
ML1412,MoodyLyrics4Q,Don't Tell A Soul,Katatonia,,,,,,sad,negative
ML1413,MoodyLyrics4Q,It's Warmer In The Basement,Cobra Starship,,,,,,happy,positive
ML1414,MoodyLyrics4Q,Why Can't I Be You?,The Cure,,,,,,happy,positive
ML1415,MoodyLyrics4Q,One For My Baby,Dianne Reeves,,,,,,relaxed,positive
ML1416,MoodyLyrics4Q,Celebration of the Lizard,The Doors,,,,,,angry,negative
ML1417,MoodyLyrics4Q,Medicine Bottle,Red House Painters,,,,,,sad,negative
ML1418,MoodyLyrics4Q,The Luckiest Guy On The Lower East Side,The Magnetic Fields,,,,,,happy,positive
ML1419,MoodyLyrics4Q,Come On Eileen,Dexys Midnight Runners,,,,,,happy,positive
ML1420,MoodyLyrics4Q,Love Is An Unfamiliar Name,The Duke Spirit,,,,,,happy,positive
ML1421,MoodyLyrics4Q,I Couldn't Sleep,Au Revoir Simone,,,,,,relaxed,positive
ML1422,MoodyLyrics4Q,Losing Tomorrow,October Tide,,,,,,sad,negative
ML1423,MoodyLyrics4Q,Apology,Alesana,,,,,,sad,negative
ML1424,MoodyLyrics4Q,Don't Blow Your Top,KMFDM,,,,,,angry,negative
ML1425,MoodyLyrics4Q,Blue Glow,Pulp,,,,,,sad,negative
ML1426,MoodyLyrics4Q,Shelf,Jonas Brothers,,,,,,happy,positive
ML1427,MoodyLyrics4Q,Blue Mountain River,Cara Dillon,,,,,,relaxed,positive
ML1428,MoodyLyrics4Q,Haunted,Evanescence,,,,,,sad,negative
ML1429,MoodyLyrics4Q,The Scale,Interpol,,,,,,sad,negative
ML1430,MoodyLyrics4Q,The Sky And The Dawn And The Sun,Celtic Woman,,,,,,relaxed,positive
ML1431,MoodyLyrics4Q,La Camisa Negra,Juanes,,,,,,happy,positive
ML1432,MoodyLyrics4Q,Talking To A Brick Wall,The Cooper Temple Clause,,,,,,sad,negative
ML1433,MoodyLyrics4Q,Change My World,Moya Brennan,,,,,,relaxed,positive
ML1434,MoodyLyrics4Q,I Want To Be Free,The Ohio Players,,,,,,relaxed,positive
ML1435,MoodyLyrics4Q,Scandalous,Mis-Teeq,,,,,,happy,positive
ML1436,MoodyLyrics4Q,You Put A Move On My Heart,Tamia,,,,,,relaxed,positive
ML1437,MoodyLyrics4Q,At Night,Shakedown,,,,,,happy,positive
ML1438,MoodyLyrics4Q,Your Gold Teeth II,Steely Dan,,,,,,relaxed,positive
ML1440,MoodyLyrics4Q,Black Diamond,Kiss,,,,,,happy,positive
ML1441,MoodyLyrics4Q,Balloon,Hanne Hukkelberg,,,,,,relaxed,positive
ML1442,MoodyLyrics4Q,No Fun,Sex Pistols,,,,,,angry,negative
ML1443,MoodyLyrics4Q,I'm Nobody's Baby,Judy Garland,,,,,,sad,negative
ML1444,MoodyLyrics4Q,Listen,Beyoncé,,,,,,sad,negative
ML1445,MoodyLyrics4Q,Dune Sea,Unbelievable Truth,,,,,,sad,negative
ML1446,MoodyLyrics4Q,O Paraíso,Madredeus,,,,,,relaxed,positive
ML1447,MoodyLyrics4Q,You Ruined Everything,Jonathan Coulton,,,,,,happy,positive
ML1448,MoodyLyrics4Q,This Song,Badly Drawn Boy,,,,,,relaxed,positive
ML1449,MoodyLyrics4Q,No Shelter,Rage Against the Machine,,,,,,angry,negative
ML1450,MoodyLyrics4Q,Shuffle Your Feet,Marla Hansen,,,,,,relaxed,positive
ML1451,MoodyLyrics4Q,Fire,Sophie Zelmani,,,,,,sad,negative
ML1452,MoodyLyrics4Q,Get It While You Can,Janis Joplin,,,,,,relaxed,positive
ML1453,MoodyLyrics4Q,30 Seconds Over Tokyo,Pere Ubu,,,,,,angry,negative
ML1454,MoodyLyrics4Q,Hyaluron,Eftos,,,,,,angry,negative
ML1455,MoodyLyrics4Q,Tess Shit,Kool Keith,,,,,,angry,negative
ML1456,MoodyLyrics4Q,1992,Blur,,,,,,sad,negative
ML1457,MoodyLyrics4Q,Creepy Crawler,Zombie Girl,,,,,,angry,negative
ML1458,MoodyLyrics4Q,Don't They Have Payphones Wherever You Were Last Night,Casiotone for the Painfully Alone,,,,,,sad,negative
ML1459,MoodyLyrics4Q,Your Magic Is Working,of Montreal,,,,,,happy,positive
ML1460,MoodyLyrics4Q,Merciless Cult,DIR EN GREY,,,,,,angry,negative
ML1461,MoodyLyrics4Q,A Strange Arrangement,Mayer Hawthorne,,,,,,relaxed,positive
ML1462,MoodyLyrics4Q,Foam Hands,Destroyer,,,,,,sad,negative
ML1463,MoodyLyrics4Q,Doctor Jeep,The Sisters Of Mercy,,,,,,sad,negative
ML1464,MoodyLyrics4Q,Undivided,Thirteen Senses,,,,,,sad,negative
ML1465,MoodyLyrics4Q,Ice & Snow,Sambassadeur,,,,,,relaxed,positive
ML1466,MoodyLyrics4Q,Pulse of the Maggots,Slipknot,,,,,,angry,negative
ML1467,MoodyLyrics4Q,Rich Girl,Gwen Stefani,,,,,,happy,positive
ML1468,MoodyLyrics4Q,Sadistic Embrace,Carnifex,,,,,,angry,negative
ML1469,MoodyLyrics4Q,Here Comes the Pain,Slayer,,,,,,angry,negative
ML1470,MoodyLyrics4Q,SOS,Rihanna,,,,,,happy,positive
ML1471,MoodyLyrics4Q,Hello It's Me,The Isley Brothers,,,,,,relaxed,positive
ML1472,MoodyLyrics4Q,Walking Around,The Innocence Mission,,,,,,relaxed,positive
ML1473,MoodyLyrics4Q,Upon This Tidal Wave of Young Blood,Clap Your Hands Say Yeah,,,,,,happy,positive
ML1474,MoodyLyrics4Q,We Break The Dawn,Michelle Williams,,,,,,happy,positive
ML1475,MoodyLyrics4Q,Ilman sinua olen lyijyä,Scandinavian Music Group,,,,,,sad,negative
ML1476,MoodyLyrics4Q,She Stands Up,M83,,,,,,relaxed,positive
ML1477,MoodyLyrics4Q,Babylon's Burning,The Ruts,,,,,,angry,negative
ML1478,MoodyLyrics4Q,Modern Dance,Pere Ubu,,,,,,angry,negative
ML1479,MoodyLyrics4Q,Easy Hearts,Whiskeytown,,,,,,relaxed,positive
ML1480,MoodyLyrics4Q,Train of Consequences,Megadeth,,,,,,angry,negative
ML1481,MoodyLyrics4Q,Fragile Dreams,Anathema,,,,,,sad,negative
ML1482,MoodyLyrics4Q,Always,Matt Dusk,,,,,,relaxed,positive
ML1483,MoodyLyrics4Q,Burning Bridges,Remy Shand,,,,,,relaxed,positive
ML1484,MoodyLyrics4Q,Hyper Music,Muse,,,,,,angry,negative
ML1485,MoodyLyrics4Q,Você Me Faz Tão Bem,Detonautas Roque Clube,,,,,,sad,negative
ML1486,MoodyLyrics4Q,What's The Word,We Are Scientists,,,,,,angry,negative
ML1487,MoodyLyrics4Q,Wiseman,Slightly Stoopid,,,,,,relaxed,positive
ML1488,MoodyLyrics4Q,The Destroying Angel,Anaal Nathrakh,,,,,,angry,negative
ML1489,MoodyLyrics4Q,Evil Has Never,Union of Knives,,,,,,sad,negative
ML1490,MoodyLyrics4Q,Spooky,Imogen Heap,,,,,,relaxed,positive
ML1491,MoodyLyrics4Q,Godzilla,Blue Oyster Cult,,,,,,angry,negative
ML1492,MoodyLyrics4Q,It Could Be You,Blur,,,,,,happy,positive
ML1493,MoodyLyrics4Q,Free Among the Dead,Diamanda Galás,,,,,,angry,negative
ML1494,MoodyLyrics4Q,Teachers,Leonard Cohen,,,,,,sad,negative
ML1495,MoodyLyrics4Q,No Man Can Find The War,Tim Buckley,,,,,,sad,negative
ML1496,MoodyLyrics4Q,Jump in the Line,Harry Belafonte,,,,,,happy,positive
ML1497,MoodyLyrics4Q,Bad Company,Bad Company,,,,,,sad,negative
ML1498,MoodyLyrics4Q,Multiply,Jamie Lidell,,,,,,happy,positive
ML1499,MoodyLyrics4Q,Cross Bones Style,Cat Power,,,,,,angry,negative
ML1500,MoodyLyrics4Q,Darkness of Christ,Slayer,,,,,,angry,negative
ML1501,MoodyLyrics4Q,Dead Cell,Papa Roach,,,,,,angry,negative
ML1502,MoodyLyrics4Q,Lights On,The Pierces,,,,,,happy,positive
ML1503,MoodyLyrics4Q,Boys Club,Ween,,,,,,happy,positive
ML1504,MoodyLyrics4Q,I Don't Believe in You,Talk Talk,,,,,,sad,negative
ML1505,MoodyLyrics4Q,Burn Out,The Cinematic Orchestra,,,,,,relaxed,positive
ML1506,MoodyLyrics4Q,Pig Society,Dope,,,,,,angry,negative
ML1507,MoodyLyrics4Q,The End of a Love Affair,Stina Nordenstam,,,,,,sad,negative
ML1508,MoodyLyrics4Q,Story and Pictures,Woven Hand,,,,,,sad,negative
ML1509,MoodyLyrics4Q,Feel Good Hit Of The Summer,Queens Of The Stone Age,,,,,,happy,positive
ML1510,MoodyLyrics4Q,Embrace,Pnau,,,,,,happy,positive
ML1511,MoodyLyrics4Q,Glory Verse,Maps,,,,,,relaxed,positive
ML1512,MoodyLyrics4Q,Portsall (Departure Song),Flowing Tears,,,,,,sad,negative
ML1513,MoodyLyrics4Q,Nobody Knows The Trouble I've Seen,Louis Armstrong,,,,,,angry,negative
ML1514,MoodyLyrics4Q,Down Home Girl,Old Crow Medicine Show,,,,,,happy,positive
ML1515,MoodyLyrics4Q,Walk Between Raindrops,Donald Fagen,,,,,,relaxed,positive
ML1516,MoodyLyrics4Q,VOLARE,Al Martino,,,,,,happy,positive
ML1517,MoodyLyrics4Q,Speedy Gonzales,Pat Boone,,,,,,happy,positive
ML1518,MoodyLyrics4Q,Big Fun,Inner City,,,,,,happy,positive
ML1519,MoodyLyrics4Q,The Writ,Black Sabbath,,,,,,angry,negative
ML1520,MoodyLyrics4Q,But I Feel Good,Groove Armada,,,,,,happy,positive
ML1521,MoodyLyrics4Q,Pins and Needles,Billy Talent,,,,,,sad,negative
ML1522,MoodyLyrics4Q,Crush 'Em,Megadeth,,,,,,angry,negative
ML1523,MoodyLyrics4Q,Whole Lotta History,Girls Aloud,,,,,,sad,negative
ML1524,MoodyLyrics4Q,Adam's Song,Blink 182,,,,,,angry,negative
ML1525,MoodyLyrics4Q,Mal Poli,Yelle,,,,,,happy,positive
ML1526,MoodyLyrics4Q,You're the Coliseum,Shearwater,,,,,,relaxed,positive
ML1527,MoodyLyrics4Q,Are You Ready To Be Heartbroken?,Lloyd Cole And The Commotions,,,,,,sad,negative
ML1528,MoodyLyrics4Q,Breakout,Miley Cyrus,,,,,,happy,positive
ML1529,MoodyLyrics4Q,The Baying of the Hounds,Opeth,,,,,,sad,negative
ML1530,MoodyLyrics4Q,What's My Name?,DMX,,,,,,angry,negative
ML1531,MoodyLyrics4Q,Things She Said,Chris Garneau,,,,,,sad,negative
ML1532,MoodyLyrics4Q,The Light at the End of the World,My Dying Bride,,,,,,sad,negative
ML1533,MoodyLyrics4Q,"Sorry, I'm A Lady",Baccara,,,,,,happy,positive
ML1534,MoodyLyrics4Q,Filth God,Panzer AG,,,,,,angry,negative
ML1535,MoodyLyrics4Q,Platypus,Green Day,,,,,,angry,negative
ML1536,MoodyLyrics4Q,Baby Can I Hold You,Boyzone,,,,,,relaxed,positive
ML1537,MoodyLyrics4Q,Life In One Day,Howard Jones,,,,,,happy,positive
ML1538,MoodyLyrics4Q,Falling,Mindy Smith,,,,,,relaxed,positive
ML1539,MoodyLyrics4Q,Ghost In This House,Shenandoah,,,,,,sad,negative
ML1540,MoodyLyrics4Q,Golden Grounds,The Gathering,,,,,,sad,negative
ML1541,MoodyLyrics4Q,For Bitter Or Worse,Anouk,,,,,,sad,negative
ML1542,MoodyLyrics4Q,Rotten Apples,The Smashing Pumpkins,,,,,,sad,negative
ML1543,MoodyLyrics4Q,Heartbroke,The Good Life,,,,,,sad,negative
ML1544,MoodyLyrics4Q,The Horizon Has Been Defeated,Jack Johnson,,,,,,relaxed,positive
ML1545,MoodyLyrics4Q,This Night Has Opened My Eyes,The Smiths,,,,,,sad,negative
ML1546,MoodyLyrics4Q,Love Steals Us From Loneliness,Idlewild,,,,,,sad,negative
ML1547,MoodyLyrics4Q,You Will Only Break My Heart,Delta Goodrem,,,,,,happy,positive
ML1548,MoodyLyrics4Q,Last Caress/Green Hell,Metallica,,,,,,angry,negative
ML1549,MoodyLyrics4Q,Right Now,Korn,,,,,,angry,negative
ML1550,MoodyLyrics4Q,Murder For The Money,Morphine,,,,,,sad,negative
ML1551,MoodyLyrics4Q,To the Wind,Neurosis,,,,,,sad,negative
ML1552,MoodyLyrics4Q,All Right Now,Free,,,,,,happy,positive
ML1553,MoodyLyrics4Q,Please Please Me,The Beatles,,,,,,happy,positive
ML1554,MoodyLyrics4Q,In Da Club,50 Cent,,,,,,happy,positive
ML1555,MoodyLyrics4Q,Other Ways,Trevor Hall,,,,,,relaxed,positive
ML1556,MoodyLyrics4Q,Don't Do It,Sharon Van Etten,,,,,,sad,negative
ML1557,MoodyLyrics4Q,Wait and Bleed,Slipknot,,,,,,angry,negative
ML1558,MoodyLyrics4Q,"Congratulations, I hate you",Alesana,,,,,,angry,negative
ML1559,MoodyLyrics4Q,Diamonds in the Sky,Husky Rescue,,,,,,relaxed,positive
ML1560,MoodyLyrics4Q,Middle Class Revolt,The Fall,,,,,,angry,negative
ML1561,MoodyLyrics4Q,Die Motherfucker Die,Dope,,,,,,angry,negative
ML1562,MoodyLyrics4Q,Poppin' Champagne,All Time Low,,,,,,happy,positive
ML1563,MoodyLyrics4Q,Black Curtains,Megadeth,,,,,,angry,negative
ML1564,MoodyLyrics4Q,Snake,PJ Harvey,,,,,,angry,negative
ML1565,MoodyLyrics4Q,Mastermind,Megadeth,,,,,,angry,negative
ML1566,MoodyLyrics4Q,The Night They Drove Old Dixie Down (alternate mix),The Band,,,,,,sad,negative
ML1567,MoodyLyrics4Q,Sahti-Waari,Turisas,,,,,,happy,positive
ML1568,MoodyLyrics4Q,Xmas Curtain,My Morning Jacket,,,,,,relaxed,positive
ML1569,MoodyLyrics4Q,Delicate,Terence Trent D'arby,,,,,,relaxed,positive
ML1570,MoodyLyrics4Q,Oil Express,Wesley Willis,,,,,,happy,positive
ML1571,MoodyLyrics4Q,In The Rain ,Boney James,,,,,,relaxed,positive
ML1572,MoodyLyrics4Q,Screaming in the Night,Krokus,,,,,,angry,negative
ML1573,MoodyLyrics4Q,Full Moon,The Black Ghosts,,,,,,relaxed,positive
ML1574,MoodyLyrics4Q,Megalomaniac,Incubus,,,,,,angry,negative
ML1575,MoodyLyrics4Q,God Is Coming,Antimatter,,,,,,sad,negative
ML1576,MoodyLyrics4Q,Changeless,Carbon Leaf,,,,,,relaxed,positive
ML1577,MoodyLyrics4Q,30.000 Pés,Pato Fu,,,,,,relaxed,positive
ML1578,MoodyLyrics4Q,Take A Message,Remy Shand,,,,,,relaxed,positive
ML1579,MoodyLyrics4Q,Everything You Ever Wanted,Hawk Nelson,,,,,,sad,negative
ML1580,MoodyLyrics4Q,The Love You Save,The Jackson 5,,,,,,happy,positive
ML1581,MoodyLyrics4Q,Into the Lake of Ghosts,My Dying Bride,,,,,,sad,negative
ML1582,MoodyLyrics4Q,Nighttime Maneuvers,Little Brother,,,,,,relaxed,positive
ML1583,MoodyLyrics4Q,The Shade Of Poison Trees,Dashboard Confessional,,,,,,sad,negative
ML1584,MoodyLyrics4Q,"Bin ich nur glücklich, wenn es schmerzt",Böhse Onkelz,,,,,,sad,negative
ML1585,MoodyLyrics4Q,Return to Innocence,Enigma,,,,,,relaxed,positive
ML1586,MoodyLyrics4Q,Sylvia's Mother,Dr. Hook,,,,,,sad,negative
ML1587,MoodyLyrics4Q,Soldier,Eminem,,,,,,angry,negative
ML1588,MoodyLyrics4Q,Temple of the Morning Star,Today Is The Day,,,,,,sad,negative
ML1589,MoodyLyrics4Q,One Way Or Another,Blondie,,,,,,happy,positive
ML1590,MoodyLyrics4Q,Modern Guilt,Beck,,,,,,relaxed,positive
ML1591,MoodyLyrics4Q,I Love My Boss,Moxy Früvous,,,,,,happy,positive
ML1592,MoodyLyrics4Q,Someone Put Your Hand Out,Michael Jackson,,,,,,relaxed,positive
ML1593,MoodyLyrics4Q,Mr Understanding,Pete and the Pirates,,,,,,happy,positive
ML1594,MoodyLyrics4Q,Flesh Storm,Slayer,,,,,,angry,negative
ML1595,MoodyLyrics4Q,Nookie,Limp Bizkit,,,,,,angry,negative
ML1596,MoodyLyrics4Q,The Grey Man,Copeland,,,,,,relaxed,positive
ML1597,MoodyLyrics4Q,Mary Shut The Garden Door,Donald Fagen,,,,,,relaxed,positive
ML1598,MoodyLyrics4Q,Pistachio,Lisa Hannigan,,,,,,relaxed,positive
ML1599,MoodyLyrics4Q,Dirty Song,Cars Can Be Blue,,,,,,happy,positive
ML1600,MoodyLyrics4Q,I'm Crying (Mother's Tears),Grace Jones,,,,,,sad,negative
ML1601,MoodyLyrics4Q,Amylase,Cajun Dance Party,,,,,,happy,positive
ML1602,MoodyLyrics4Q,The Beat Goes On,Britney Spears,,,,,,happy,positive
ML1603,MoodyLyrics4Q,Immortelle and Paper Caravelle,Kayo Dot,,,,,,relaxed,positive
ML1604,MoodyLyrics4Q,Walking Away,Brother Ali,,,,,,sad,negative
ML1605,MoodyLyrics4Q,Free Your Mind,En Vogue,,,,,,happy,positive
ML1606,MoodyLyrics4Q,Yeah Yeah,Bodyrox,,,,,,happy,positive
ML1607,MoodyLyrics4Q,Get Down Tonight,KC And The Sunshine Band,,,,,,happy,positive
ML1608,MoodyLyrics4Q,Posters,Jack Johnson,,,,,,relaxed,positive
ML1609,MoodyLyrics4Q,New Star in the Sky,Air,,,,,,relaxed,positive
ML1610,MoodyLyrics4Q,Hatebreeder,Children of Bodom,,,,,,angry,negative
ML1611,MoodyLyrics4Q,AGITATED SCREAMS OF MAGGOTS,DIR EN GREY,,,,,,angry,negative
ML1612,MoodyLyrics4Q,Stay In The Shade,José González,,,,,,relaxed,positive
ML1613,MoodyLyrics4Q,Star Bodies,The New Pornographers,,,,,,happy,positive
ML1614,MoodyLyrics4Q,St. Swithin's Day,Dubstar,,,,,,relaxed,positive
ML1615,MoodyLyrics4Q,Voodoo Lady,Ween,,,,,,happy,positive
ML1616,MoodyLyrics4Q,Armchairs,Andrew Bird,,,,,,relaxed,positive
ML1617,MoodyLyrics4Q,Fuck The Pain Away,Peaches,,,,,,happy,positive
ML1618,MoodyLyrics4Q,Throw It Away,Delta Goodrem,,,,,,relaxed,positive
ML1619,MoodyLyrics4Q,The Lovecats,The Cure,,,,,,happy,positive
ML1620,MoodyLyrics4Q,The Beach,All Time Low,,,,,,happy,positive
ML1621,MoodyLyrics4Q,San Geronimo,Red House Painters,,,,,,sad,negative
ML1622,MoodyLyrics4Q,I Have Seen,Zero 7,,,,,,relaxed,positive
ML1623,MoodyLyrics4Q,Free,Mazzy Star,,,,,,relaxed,positive
ML1624,MoodyLyrics4Q,Powertrip,Monster Magnet,,,,,,angry,negative
ML1625,MoodyLyrics4Q,Tales of the Future,Vangelis,,,,,,relaxed,positive
ML1626,MoodyLyrics4Q,Burnt Reynolds,Crippled Black Phoenix,,,,,,sad,negative
ML1627,MoodyLyrics4Q,Little Black Sandals,Sia,,,,,,relaxed,positive
ML1628,MoodyLyrics4Q,Taking A Chance On Love,Renee Olstead,,,,,,relaxed,positive
ML1629,MoodyLyrics4Q,Black God,My Dying Bride,,,,,,sad,negative
ML1630,MoodyLyrics4Q,Dear Goodbye,JC Chasez,,,,,,sad,negative
ML1631,MoodyLyrics4Q,You Will Miss Me When I Burn,Soulsavers,,,,,,sad,negative
ML1632,MoodyLyrics4Q,Hold Tight,Goldfish,,,,,,happy,positive
ML1633,MoodyLyrics4Q,Hospital,The Modern Lovers,,,,,,sad,negative
ML1634,MoodyLyrics4Q,All I Really Want,Alanis Morissette,,,,,,angry,negative
ML1635,MoodyLyrics4Q,Say Something,James,,,,,,sad,negative
ML1636,MoodyLyrics4Q,Look For The Woman,Dan Le Sac vs Scroobius Pip,,,,,,sad,negative
ML1637,MoodyLyrics4Q,I'll See You Now Now,The Constructus Corporation,,,,,,relaxed,positive
ML1638,MoodyLyrics4Q,My Summer Vacation,Ice Cube,,,,,,angry,negative
ML1639,MoodyLyrics4Q,I Am Only One,We Are The Fallen,,,,,,sad,negative
ML1640,MoodyLyrics4Q,Mad World,Evergreen Terrace,,,,,,angry,negative
ML1641,MoodyLyrics4Q,You Sexy Thing,Hot Chocolate,,,,,,happy,positive
ML1642,MoodyLyrics4Q,The Rhythm,The Cat Empire,,,,,,happy,positive
ML1643,MoodyLyrics4Q,On My Own,Ulrich Schnauss,,,,,,relaxed,positive
ML1644,MoodyLyrics4Q,Tetragrammaton,The Mars Volta,,,,,,angry,negative
ML1645,MoodyLyrics4Q,This Loneliness,El Perro del Mar,,,,,,sad,negative
ML1646,MoodyLyrics4Q,Grandma's Feather Bed,John Denver,,,,,,happy,positive
ML1647,MoodyLyrics4Q,Mama Said Knock You Out,LL Cool J,,,,,,angry,negative
ML1648,MoodyLyrics4Q,Absolution,Gary Numan,,,,,,sad,negative
ML1649,MoodyLyrics4Q,Qué Onda Guero,Beck,,,,,,happy,positive
ML1650,MoodyLyrics4Q,Rock Steady,No Doubt,,,,,,relaxed,positive
ML1651,MoodyLyrics4Q,Tombigbee,Tori Amos,,,,,,angry,negative
ML1652,MoodyLyrics4Q,Handsome and Gretel,Babes In Toyland,,,,,,angry,negative
ML1653,MoodyLyrics4Q,Permanent Tears,Eagle-Eye Cherry,,,,,,relaxed,positive
ML1654,MoodyLyrics4Q,Born Addicted,No Use for a Name,,,,,,angry,negative
ML1655,MoodyLyrics4Q,The 4th Branch,Immortal Technique,,,,,,angry,negative
ML1656,MoodyLyrics4Q,On Your Porch (acoustic),The Format,,,,,,sad,negative
ML1657,MoodyLyrics4Q,Nowhere Near,Tracey Thorn,,,,,,sad,negative
ML1658,MoodyLyrics4Q,Papagenu (He's My Sassafrass),Tenacious D,,,,,,happy,positive
ML1659,MoodyLyrics4Q,Ruiner,Nine Inch Nails,,,,,,angry,negative
ML1660,MoodyLyrics4Q,Intolerance,Tool,,,,,,angry,negative
ML1661,MoodyLyrics4Q,Que Maravilha,Jorge Ben,,,,,,relaxed,positive
ML1662,MoodyLyrics4Q,Goodnite,Melody Gardot,,,,,,relaxed,positive
ML1663,MoodyLyrics4Q,Who Am I,Will Young,,,,,,sad,negative
ML1664,MoodyLyrics4Q,I Sit On Acid (Soulwax remix),Lords of Acid,,,,,,happy,positive
ML1665,MoodyLyrics4Q,Broken,Norah Jones,,,,,,relaxed,positive
ML1666,MoodyLyrics4Q,Sorry,Abra Moore,,,,,,relaxed,positive
ML1667,MoodyLyrics4Q,Laughing Aloud,David Ford,,,,,,relaxed,positive
ML1668,MoodyLyrics4Q,A-Z,Tracey Thorn,,,,,,sad,negative
ML1669,MoodyLyrics4Q,Army Of Me,Björk,,,,,,angry,negative
ML1670,MoodyLyrics4Q,In The Arms Of Perdition,Despised Icon,,,,,,angry,negative
ML1671,MoodyLyrics4Q,Holes,Mercury Rev,,,,,,relaxed,positive
ML1672,MoodyLyrics4Q,Every Kinda People,Robert Palmer,,,,,,relaxed,positive
ML1673,MoodyLyrics4Q,Lady Godiva,Peter & Gordon,,,,,,happy,positive
ML1674,MoodyLyrics4Q,Ready to Die,The Notorious B.I.G.,,,,,,angry,negative
ML1675,MoodyLyrics4Q,Roulette Dares (The Haunt Of),The Mars Volta,,,,,,angry,negative
ML1676,MoodyLyrics4Q,Groove Is In The Heart,Deee-Lite,,,,,,happy,positive
ML1677,MoodyLyrics4Q,To Kill a King,Hungry Lucy,,,,,,relaxed,positive
ML1678,MoodyLyrics4Q,I Kissed A Girl,Katy Perry,,,,,,happy,positive
ML1679,MoodyLyrics4Q,Cold Cold Ground,Tom Waits,,,,,,sad,negative
ML1680,MoodyLyrics4Q,What's the Deal,Supreme Beings of Leisure,,,,,,relaxed,positive
ML1681,MoodyLyrics4Q,Future Shock,Curtis Mayfield,,,,,,angry,negative
ML1682,MoodyLyrics4Q,What I Want,Daughtry,,,,,,angry,negative
ML1683,MoodyLyrics4Q,Prince of Darkness,Megadeth,,,,,,angry,negative
ML1684,MoodyLyrics4Q,Caught in a Wave,Junior Boys,,,,,,relaxed,positive
ML1685,MoodyLyrics4Q,How Many Licks ,Lil' Kim,,,,,,happy,positive
ML1686,MoodyLyrics4Q,I Drove All Night,Cyndi Lauper,,,,,,happy,positive
ML1687,MoodyLyrics4Q,On My Mind,Donavon Frankenreiter,,,,,,relaxed,positive
ML1688,MoodyLyrics4Q,Public Display Of Dismemberment,Slayer,,,,,,angry,negative
ML1689,MoodyLyrics4Q,Mandatory Suicide,Slayer,,,,,,angry,negative
ML1690,MoodyLyrics4Q,Teeth,Lady Gaga,,,,,,happy,positive
ML1691,MoodyLyrics4Q,Who's Your Daddy?,Toby Keith,,,,,,happy,positive
ML1692,MoodyLyrics4Q,Jimmy,M.I.A.,,,,,,happy,positive
ML1693,MoodyLyrics4Q,Ever Fallen in Love?,Buzzcocks,,,,,,happy,positive
ML1694,MoodyLyrics4Q,Guns of Navarone,The Specials,,,,,,happy,positive
ML1695,MoodyLyrics4Q,Brave,Katatonia,,,,,,sad,negative
ML1696,MoodyLyrics4Q,Carefree Highway,Gordon Lightfoot,,,,,,relaxed,positive
ML1698,MoodyLyrics4Q,The Old Revolution,Leonard Cohen,,,,,,sad,negative
ML1699,MoodyLyrics4Q,Shesmovedon,Porcupine Tree,,,,,,sad,negative
ML1700,MoodyLyrics4Q,Fuck the World,Tupac Shakur,,,,,,angry,negative
ML1701,MoodyLyrics4Q,Heart Of Stone,The Rolling Stones,,,,,,sad,negative
ML1702,MoodyLyrics4Q,Easy Money,Rickie Lee Jones,,,,,,relaxed,positive
ML1703,MoodyLyrics4Q,Step Up,Drowning Pool,,,,,,angry,negative
ML1704,MoodyLyrics4Q,Bullet In The Head,Rage Against the Machine,,,,,,angry,negative
ML1705,MoodyLyrics4Q,The Pretender,Foo Fighters,,,,,,angry,negative
ML1706,MoodyLyrics4Q,Lurad,Björn Rosenström,,,,,,happy,positive
ML1707,MoodyLyrics4Q,Sing Songs Along,Tilly and the Wall,,,,,,happy,positive
ML1708,MoodyLyrics4Q,You Can't Stop Me,Guano Apes,,,,,,angry,negative
ML1709,MoodyLyrics4Q,He Was A Friend Of Mine,The Byrds,,,,,,sad,negative
ML1710,MoodyLyrics4Q,Fa Cé-La,Feelies,,,,,,angry,negative
ML1711,MoodyLyrics4Q,I Still Love You,Kiss,,,,,,sad,negative
ML1712,MoodyLyrics4Q,Centerfold,The J. Geils Band,,,,,,happy,positive
ML1713,MoodyLyrics4Q,Måndagsbarn,Veronica Maggio,,,,,,happy,positive
ML1714,MoodyLyrics4Q,Clean Town,Mando Diao,,,,,,happy,positive
ML1715,MoodyLyrics4Q,Uptown Girl,Westlife,,,,,,happy,positive
ML1716,MoodyLyrics4Q,Only Twin,Oceansize,,,,,,sad,negative
ML1717,MoodyLyrics4Q,Sections,God Module,,,,,,sad,negative
ML1718,MoodyLyrics4Q,You Alone,Dawn Landes,,,,,,sad,negative
ML1719,MoodyLyrics4Q,Everything I Build,The Stills,,,,,,sad,negative
ML1720,MoodyLyrics4Q,Angel Flying Too Close To The Ground,Beth Rowley,,,,,,sad,negative
ML1721,MoodyLyrics4Q,Terrapin,Syd Barrett,,,,,,relaxed,positive
ML1722,MoodyLyrics4Q,Man That You Fear,Marilyn Manson,,,,,,angry,negative
ML1723,MoodyLyrics4Q,Wake the Dead,Alice Cooper,,,,,,angry,negative
ML1724,MoodyLyrics4Q,Overt Enemy,Slayer,,,,,,angry,negative
ML1725,MoodyLyrics4Q,Death Valley Nights,Blue Öyster Cult,,,,,,sad,negative
ML1726,MoodyLyrics4Q,Who Put The Bomp ,Barry Mann,,,,,,happy,positive
ML1727,MoodyLyrics4Q,My Backwards Walk,Frightened Rabbit,,,,,,sad,negative
ML1728,MoodyLyrics4Q,Fear of the moment,Destruction,,,,,,angry,negative
ML1729,MoodyLyrics4Q,Filthy Little Secret,Cradle of Filth,,,,,,angry,negative
ML1730,MoodyLyrics4Q,Born in the USA,Bruce Springsteen,,,,,,angry,negative
ML1731,MoodyLyrics4Q,Fell Down the Stairs,Tilly and the Wall,,,,,,happy,positive
ML1732,MoodyLyrics4Q,Suicide Nation,At the Gates,,,,,,angry,negative
ML1733,MoodyLyrics4Q,Fade Away,Seether,,,,,,sad,negative
ML1734,MoodyLyrics4Q,What I've Become,Lamb of God,,,,,,angry,negative
ML1735,MoodyLyrics4Q,Murder The Government,NOFX,,,,,,angry,negative
ML1736,MoodyLyrics4Q,I'm Still In Love With You,Al Green,,,,,,relaxed,positive
ML1737,MoodyLyrics4Q,No More Sorry,My Bloody Valentine,,,,,,sad,negative
ML1738,MoodyLyrics4Q,Mutter,Rammstein,,,,,,sad,negative
ML1739,MoodyLyrics4Q,Running The World,Jarvis Cocker,,,,,,angry,negative
ML1740,MoodyLyrics4Q,Hate Worldwide,Slayer,,,,,,angry,negative
ML1741,MoodyLyrics4Q,Foreclosure of a Dream,Megadeth,,,,,,angry,negative
ML1742,MoodyLyrics4Q,Vira-Vira,Mamonas Assassinas,,,,,,happy,positive
ML1743,MoodyLyrics4Q,Can't Stand Losing You,Police,,,,,,angry,negative
ML1744,MoodyLyrics4Q,Dream Come True,The Brand New Heavies,,,,,,happy,positive
ML1745,MoodyLyrics4Q,Adrift,Jack Johnson,,,,,,relaxed,positive
ML1746,MoodyLyrics4Q,Seven,Megadeth,,,,,,angry,negative
ML1747,MoodyLyrics4Q,Unbroken,Killswitch Engage,,,,,,angry,negative
ML1748,MoodyLyrics4Q,Callas Went Away,Enigma,,,,,,relaxed,positive
ML1749,MoodyLyrics4Q,Timothy,As Cities Burn,,,,,,sad,negative
ML1750,MoodyLyrics4Q,Leaders,Katatonia,,,,,,sad,negative
ML1751,MoodyLyrics4Q,In The Privacy Of Our Love,Hot Chip,,,,,,relaxed,positive
ML1752,MoodyLyrics4Q,Vanilla Ice Cream,Stephen Lynch,,,,,,happy,positive
ML1753,MoodyLyrics4Q,Amid the Falling Snow,Enya,,,,,,relaxed,positive
ML1754,MoodyLyrics4Q,Wunderbar,Tenpole Tudor,,,,,,happy,positive
ML1755,MoodyLyrics4Q,There's a Pot a Brewin',The Little Ones,,,,,,happy,positive
ML1756,MoodyLyrics4Q,Aika Multaa Muistot (everything Is Nothing),Sentenced,,,,,,sad,negative
ML1757,MoodyLyrics4Q,There Is A Wind,The Album Leaf,,,,,,relaxed,positive
ML1758,MoodyLyrics4Q,I'm a Broken Heart,The Bird And The Bee,,,,,,sad,negative
ML1759,MoodyLyrics4Q,Run to the Hills,Hellsongs,,,,,,relaxed,positive
ML1760,MoodyLyrics4Q,Peanut Dreams,Grand National,,,,,,relaxed,positive
ML1761,MoodyLyrics4Q,Live Undead,Slayer,,,,,,angry,negative
ML1762,MoodyLyrics4Q,Chega De Saudade,Eliane Elias,,,,,,relaxed,positive
ML1763,MoodyLyrics4Q,My Heartstrings Come Undone,Demon Hunter,,,,,,sad,negative
ML1764,MoodyLyrics4Q,Elembivos,Eluveitie,,,,,,sad,negative
ML1765,MoodyLyrics4Q,Flash,Queen,,,,,,happy,positive
ML1766,MoodyLyrics4Q,Tear The World Down,We Are The Fallen,,,,,,sad,negative
ML1767,MoodyLyrics4Q,Nepenthe,Sentenced,,,,,,sad,negative
ML1768,MoodyLyrics4Q,Big Deal,LeAnn Rimes,,,,,,angry,negative
ML1769,MoodyLyrics4Q,McFearless,Kings of Leon,,,,,,angry,negative
ML1770,MoodyLyrics4Q,You Can't Steal My Love,Mando Diao,,,,,,happy,positive
ML1771,MoodyLyrics4Q,To Be Surprised,Sondre Lerche,,,,,,happy,positive
ML1772,MoodyLyrics4Q,Proposition 61,The Most Serene Republic,,,,,,relaxed,positive
ML1773,MoodyLyrics4Q,Too Dead for Me,Atari Teenage Riot,,,,,,angry,negative
ML1774,MoodyLyrics4Q,Johnny Came Home Headless,The Arrogant Worms,,,,,,happy,positive
ML1775,MoodyLyrics4Q,New Jack Hustler,Ice T,,,,,,angry,negative
ML1776,MoodyLyrics4Q,And With Her Came The Birds,Cult of Luna,,,,,,sad,negative
ML1777,MoodyLyrics4Q,鼓動,DIR EN GREY,,,,,,sad,negative
ML1778,MoodyLyrics4Q,Dismantle.Repair.,Anberlin,,,,,,sad,negative
ML1779,MoodyLyrics4Q,Change,Lisa Stansfield,,,,,,happy,positive
ML1780,MoodyLyrics4Q,Lonely,Yael Naïm,,,,,,sad,negative
ML1781,MoodyLyrics4Q,Rosary,Marissa Nadler,,,,,,sad,negative
ML1782,MoodyLyrics4Q,Will There Be Enough Water?,The Dead Weather,,,,,,sad,negative
ML1783,MoodyLyrics4Q,I Did It,Dave Matthews Band,,,,,,relaxed,positive
ML1784,MoodyLyrics4Q,Superheroes,You Love Her Coz She's Dead,,,,,,angry,negative
ML1785,MoodyLyrics4Q,Virginia Moon,Foo Fighters,,,,,,relaxed,positive
ML1786,MoodyLyrics4Q,Party Weirdo,Moloko,,,,,,happy,positive
ML1787,MoodyLyrics4Q,It Ends With a Fall,Okkervil River,,,,,,sad,negative
ML1788,MoodyLyrics4Q,Kasa No Hone (the umbrella's bones),Anathallo,,,,,,relaxed,positive
ML1789,MoodyLyrics4Q,Red Turned White,Architecture in Helsinki,,,,,,happy,positive
ML1790,MoodyLyrics4Q,Incipit satan,Gorgoroth,,,,,,angry,negative
ML1791,MoodyLyrics4Q,For Your Lover Give Some Time,Richard Hawley,,,,,,sad,negative
ML1792,MoodyLyrics4Q,Disintegration,Jimmy Eat World,,,,,,sad,negative
ML1793,MoodyLyrics4Q,Entropy,Moxy Früvous,,,,,,happy,positive
ML1794,MoodyLyrics4Q,The Confidential Agent,American Music Club,,,,,,sad,negative
ML1795,MoodyLyrics4Q,Memory Lane,Minnie Riperton,,,,,,relaxed,positive
ML1796,MoodyLyrics4Q,One Perfect Lie,Gary Numan,,,,,,sad,negative
ML1797,MoodyLyrics4Q,Take A Chance On Me,Abba,,,,,,happy,positive
ML1798,MoodyLyrics4Q,Eifersucht,Rammstein,,,,,,angry,negative
ML1799,MoodyLyrics4Q,Things I Miss The Most,Steely Dan,,,,,,relaxed,positive
ML1800,MoodyLyrics4Q,Walk with An Erection,J.B.O.,,,,,,happy,positive
ML1801,MoodyLyrics4Q,Winter Lady,Leonard Cohen,,,,,,sad,negative
ML1802,MoodyLyrics4Q,Vattupuskassa,Zen Café,,,,,,sad,negative
ML1803,MoodyLyrics4Q,Chicken Fried,Zac Brown Band,,,,,,happy,positive
ML1804,MoodyLyrics4Q,Gritty Shaker,David Holmes,,,,,,happy,positive
ML1805,MoodyLyrics4Q,Ohne dich,Rammstein,,,,,,sad,negative
ML1806,MoodyLyrics4Q,Lou Reed,The Little Willies,,,,,,happy,positive
ML1807,MoodyLyrics4Q,New Millennium Homes,Rage Against the Machine,,,,,,angry,negative
ML1808,MoodyLyrics4Q,The Longest Year,Katatonia,,,,,,sad,negative
ML1809,MoodyLyrics4Q,Where Would I Be?,Cake,,,,,,sad,negative
ML1810,MoodyLyrics4Q,Black & Blue,Chris Garneau,,,,,,sad,negative
ML1811,MoodyLyrics4Q,Like Whoa,Aly & AJ,,,,,,happy,positive
ML1812,MoodyLyrics4Q,Wichita Skyline,Shawn Colvin,,,,,,relaxed,positive
ML1813,MoodyLyrics4Q,I Need You,Eurythmics,,,,,,sad,negative
ML1814,MoodyLyrics4Q,Lump,The Presidents of the United States of America,,,,,,happy,positive
ML1815,MoodyLyrics4Q,Can't Have It All,Sophie Ellis-Bextor,,,,,,sad,negative
ML1816,MoodyLyrics4Q,Ghosts of War,Slayer,,,,,,angry,negative
ML1817,MoodyLyrics4Q,What Hurts The Most,Cascada,,,,,,happy,positive
ML1818,MoodyLyrics4Q,Stepfather Factory,El-P,,,,,,sad,negative
ML1819,MoodyLyrics4Q,Anxiety,Black Eyed Peas,,,,,,angry,negative
ML1820,MoodyLyrics4Q,Rest My Chemistry,Interpol,,,,,,sad,negative
ML1821,MoodyLyrics4Q,Little Things,India.Arie,,,,,,relaxed,positive
ML1822,MoodyLyrics4Q,Don't Fall Asleep (Horror Pt. 2),Swallow The Sun,,,,,,sad,negative
ML1823,MoodyLyrics4Q,A Night in Fairyland,Narsilion,,,,,,relaxed,positive
ML1824,MoodyLyrics4Q,Girl,Sibylle Baier,,,,,,relaxed,positive
ML1825,MoodyLyrics4Q,Endangered Species (Tales From the Darkside),Ice Cube,,,,,,angry,negative
ML1826,MoodyLyrics4Q,I Am Ahab,Mastodon,,,,,,angry,negative
ML1827,MoodyLyrics4Q,That Lucky Old Sun ,Louis Armstrong,,,,,,relaxed,positive
ML1828,MoodyLyrics4Q,Wheels,Cake,,,,,,happy,positive
ML1829,MoodyLyrics4Q,Fireworks,Carpark North,,,,,,sad,negative
ML1830,MoodyLyrics4Q,Afraid,David Bowie,,,,,,sad,negative
ML1831,MoodyLyrics4Q,Fightin' Over Me ,Paris Hilton,,,,,,happy,positive
ML1832,MoodyLyrics4Q,What Difference Does It Make?,The Smiths,,,,,,sad,negative
ML1833,MoodyLyrics4Q,Jealous Again,Black Flag,,,,,,angry,negative
ML1834,MoodyLyrics4Q,Victims,The Oppressed,,,,,,angry,negative
ML1835,MoodyLyrics4Q,Sunday Sunday,Blur,,,,,,happy,positive
ML1836,MoodyLyrics4Q,So Fine,Telepathe,,,,,,happy,positive
ML1837,MoodyLyrics4Q,How Can I Tell You,Cat Stevens,,,,,,relaxed,positive
ML1838,MoodyLyrics4Q,What's Going On,A Perfect Circle,,,,,,relaxed,positive
ML1839,MoodyLyrics4Q,Situations,Jack Johnson,,,,,,relaxed,positive
ML1840,MoodyLyrics4Q,Stormy Monday,The Allman Brothers Band,,,,,,relaxed,positive
ML1841,MoodyLyrics4Q,Do It Clean,Echo & the Bunnymen,,,,,,angry,negative
ML1842,MoodyLyrics4Q,Those Old Black and White Movies Were True,Eugene McGuinness,,,,,,relaxed,positive
ML1843,MoodyLyrics4Q,New Day,Patti LaBelle,,,,,,relaxed,positive
ML1844,MoodyLyrics4Q,Rumpus,Karen O and the Kids,,,,,,happy,positive
ML1845,MoodyLyrics4Q,Never Fade Away,John O'Callaghan,,,,,,relaxed,positive
ML1846,MoodyLyrics4Q,Tomber La Chemise,Zebda,,,,,,happy,positive
ML1847,MoodyLyrics4Q,Ameno,ERA,,,,,,relaxed,positive
ML1848,MoodyLyrics4Q,This Sweet Love,James Yuill,,,,,,relaxed,positive
ML1849,MoodyLyrics4Q,I Wanna Have Your Babies,Natasha Bedingfield,,,,,,happy,positive
ML1850,MoodyLyrics4Q,Rice & Curry,Dr. Bombay,,,,,,happy,positive
ML1851,MoodyLyrics4Q,In My Eyes,Rage Against the Machine,,,,,,angry,negative
ML1852,MoodyLyrics4Q,Dig It,Dirty Sanchez,,,,,,happy,positive
ML1853,MoodyLyrics4Q,My Story,Jean Grae,,,,,,sad,negative
ML1854,MoodyLyrics4Q,Inertiatic Esp,The Mars Volta,,,,,,angry,negative
ML1855,MoodyLyrics4Q,Song of the Viking,Todd Rundgren,,,,,,happy,positive
ML1856,MoodyLyrics4Q,Bang The Drum All Day,Todd Rundgren,,,,,,happy,positive
ML1857,MoodyLyrics4Q,Serenade of The Last Wolf,Hagalaz' Runedance,,,,,,sad,negative
ML1858,MoodyLyrics4Q,One-Way Ticket to Pluto,Dead Kennedys,,,,,,angry,negative
ML1859,MoodyLyrics4Q,Merrymaking At My Place,Calvin Harris,,,,,,happy,positive
ML1860,MoodyLyrics4Q,Whitey On The Moon,Gil Scott-Heron,,,,,,angry,negative
ML1861,MoodyLyrics4Q,Consfearacy,Slayer,,,,,,angry,negative
ML1862,MoodyLyrics4Q,Going Steady,Death From Above 1979,,,,,,happy,positive
ML1863,MoodyLyrics4Q,Come Together,Macy Gray,,,,,,relaxed,positive
ML1864,MoodyLyrics4Q,Sex Boy (Live),The Germs,,,,,,angry,negative
ML1865,MoodyLyrics4Q,All This and More,Procol Harum,,,,,,sad,negative
ML1866,MoodyLyrics4Q,Walk Away,Aloha From Hell,,,,,,sad,negative
ML1867,MoodyLyrics4Q,Beautiful Sunday,Daniel Boone,,,,,,happy,positive
ML1868,MoodyLyrics4Q,Trigger Happy,"""Weird Al"" Yankovic",,,,,,happy,positive
ML1869,MoodyLyrics4Q,Barreling Towards Nowhere Like There's No Tomorrow,Rivulets,,,,,,sad,negative
ML1870,MoodyLyrics4Q,The accident,iLiKETRAiNS,,,,,,sad,negative
ML1871,MoodyLyrics4Q,Silver,Jesu,,,,,,sad,negative
ML1872,MoodyLyrics4Q,Apollo 9,Adam Ant,,,,,,happy,positive
ML1873,MoodyLyrics4Q,Fools,Rachel Stevens,,,,,,happy,positive
ML1874,MoodyLyrics4Q,Lintu,Timo Rautiainen & Trio Niskalaukaus,,,,,,sad,negative
ML1875,MoodyLyrics4Q,Slayer Of Light,Ensiferum,,,,,,angry,negative
ML1876,MoodyLyrics4Q,My Friends,Maximilian Hecker,,,,,,sad,negative
ML1877,MoodyLyrics4Q,Symphonie,Silbermond,,,,,,sad,negative
ML1878,MoodyLyrics4Q,Bad Devil,Devin Townsend,,,,,,angry,negative
ML1879,MoodyLyrics4Q,Old Song,Max Richter,,,,,,relaxed,positive
ML1880,MoodyLyrics4Q,Suddenly,Black Rebel Motorcycle Club,,,,,,sad,negative
ML1881,MoodyLyrics4Q,Yes Please,Muse,,,,,,angry,negative
ML1882,MoodyLyrics4Q,Filthy/Gorgeous,Scissor Sisters,,,,,,happy,positive
ML1883,MoodyLyrics4Q,Something I Can Never Have,Nine Inch Nails,,,,,,sad,negative
ML1884,MoodyLyrics4Q,Summer Days in Bloom,Maximilian Hecker,,,,,,relaxed,positive
ML1885,MoodyLyrics4Q,Cocktails For Two,Spike Jones & His City Slickers,,,,,,happy,positive
ML1886,MoodyLyrics4Q,Blow It Out,Ludacris,,,,,,angry,negative
ML1887,MoodyLyrics4Q,Gitan,Garou,,,,,,happy,positive
ML1888,MoodyLyrics4Q,By The Mark,Gillian Welch,,,,,,relaxed,positive
ML1889,MoodyLyrics4Q,Lazy Days,Leona Naess,,,,,,relaxed,positive
ML1890,MoodyLyrics4Q,La Verdad,Juana Molina,,,,,,relaxed,positive
ML1891,MoodyLyrics4Q,Rock This Town,Stray Cats,,,,,,happy,positive
ML1892,MoodyLyrics4Q,One Last Time,The Kooks,,,,,,sad,negative
ML1893,MoodyLyrics4Q,No Place To Fall,Isobel Campbell & Mark Lanegan,,,,,,sad,negative
ML1894,MoodyLyrics4Q,Cherry Blossom Girl (Radio Mix),Air,,,,,,relaxed,positive
ML1895,MoodyLyrics4Q,Warhead,Venom,,,,,,angry,negative
ML1896,MoodyLyrics4Q,The Cask Of Amontillado,The Alan Parsons Project,,,,,,sad,negative
ML1897,MoodyLyrics4Q,Wild Thing,Tone-Lōc,,,,,,happy,positive
ML1898,MoodyLyrics4Q,What Was I Thinkin',Dierks Bentley,,,,,,happy,positive
ML1899,MoodyLyrics4Q,Missing My Baby,G. Love,,,,,,relaxed,positive
ML1900,MoodyLyrics4Q,Hurt,Christina Aguilera,,,,,,angry,negative
ML1901,MoodyLyrics4Q,T.V. Eye,The Stooges,,,,,,angry,negative
ML1902,MoodyLyrics4Q,The View From the Afternoon,Arctic Monkeys,,,,,,happy,positive
ML1903,MoodyLyrics4Q,Be Somebody,3 Doors Down,,,,,,sad,negative
ML1904,MoodyLyrics4Q,Sweet Troubled Soul,stellastarr*,,,,,,happy,positive
ML1905,MoodyLyrics4Q,Carry Me Ohio,Sun Kil Moon,,,,,,sad,negative
ML1906,MoodyLyrics4Q,You Make Me Feel (Mighty Real),Sylvester,,,,,,happy,positive
ML1907,MoodyLyrics4Q,Orange Skies,Love,,,,,,relaxed,positive
ML1908,MoodyLyrics4Q,Portrait Of A Cynic,Diary of Dreams,,,,,,sad,negative
ML1909,MoodyLyrics4Q,Professional Widow,Tori Amos,,,,,,angry,negative
ML1910,MoodyLyrics4Q,Marrakech,ATB,,,,,,relaxed,positive
ML1911,MoodyLyrics4Q,Soul Meets Body (Rolling Stone Original),Death Cab For Cutie,,,,,,relaxed,positive
ML1913,MoodyLyrics4Q,Inferno,Lunascape,,,,,,relaxed,positive
ML1914,MoodyLyrics4Q,The Truth,India.Arie,,,,,,relaxed,positive
ML1915,MoodyLyrics4Q,April 8th,Neutral Milk Hotel,,,,,,sad,negative
ML1916,MoodyLyrics4Q,The Other,Isis,,,,,,sad,negative
ML1917,MoodyLyrics4Q,Heir Apparent,Opeth,,,,,,angry,negative
ML1918,MoodyLyrics4Q,The Face of Oblivion,High On Fire,,,,,,angry,negative
ML1919,MoodyLyrics4Q,Bumpy Ride,Mohombi,,,,,,happy,positive
ML1920,MoodyLyrics4Q,Find A Way,Dwele,,,,,,relaxed,positive
ML1921,MoodyLyrics4Q,What'd I Say,Ray Charles,,,,,,happy,positive
ML1922,MoodyLyrics4Q,Home,Above & Beyond,,,,,,relaxed,positive
ML1923,MoodyLyrics4Q,Misery Machine,Marilyn Manson,,,,,,angry,negative
ML1924,MoodyLyrics4Q,Arms Against Atrophy,Titus Andronicus,,,,,,angry,negative
ML1925,MoodyLyrics4Q,Fighting for a Lost Cause,Antimatter,,,,,,sad,negative
ML1926,MoodyLyrics4Q,San Andreas Fault (Remastered LP Version),Natalie Merchant,,,,,,sad,negative
ML1927,MoodyLyrics4Q,Öppna Upp Ditt Fönster,Lisa Ekdahl,,,,,,happy,positive
ML1928,MoodyLyrics4Q,Take Good Care,Liv Kristine,,,,,,relaxed,positive
ML1929,MoodyLyrics4Q,Brick,Ben Folds Five,,,,,,sad,negative
ML1930,MoodyLyrics4Q,Monkey Man,Amy Winehouse,,,,,,happy,positive
ML1931,MoodyLyrics4Q,Photograph,Air,,,,,,relaxed,positive
ML1932,MoodyLyrics4Q,GRIEF,DIR EN GREY,,,,,,angry,negative
ML1933,MoodyLyrics4Q,Animal,Pearl Jam,,,,,,angry,negative
ML1934,MoodyLyrics4Q,This House Is Not For Sale,Ryan Adams,,,,,,relaxed,positive
ML1935,MoodyLyrics4Q,Father Time,Lloyd Banks,,,,,,angry,negative
ML1936,MoodyLyrics4Q,You're The One,SWV,,,,,,happy,positive
ML1937,MoodyLyrics4Q,Oh Girl,Cut Off Your Hands,,,,,,happy,positive
ML1938,MoodyLyrics4Q,Together We're Both Alone,Nicole Atkins,,,,,,relaxed,positive
ML1939,MoodyLyrics4Q,Houses of Cards,Zeromancer,,,,,,sad,negative
ML1940,MoodyLyrics4Q,The Things I Tell You,Biosphere,,,,,,relaxed,positive
ML1941,MoodyLyrics4Q,The Saddest Song,Until June,,,,,,sad,negative
ML1942,MoodyLyrics4Q,Hard Rock Hallelujah,Lordi,,,,,,happy,positive
ML1943,MoodyLyrics4Q,40 Day Dream,Edward Sharpe & the Magnetic Zeros,,,,,,happy,positive
ML1944,MoodyLyrics4Q,Sun Goes Down,David Jordan,,,,,,happy,positive
ML1946,MoodyLyrics4Q,Blueprints of hate,Dew-Scented,,,,,,angry,negative
ML1947,MoodyLyrics4Q,Bad Medicine,Bon Jovi,,,,,,happy,positive
ML1948,MoodyLyrics4Q,Squeeze-Wax,Cocteau Twins,,,,,,relaxed,positive
ML1949,MoodyLyrics4Q,Far Away,Anathema,,,,,,sad,negative
ML1950,MoodyLyrics4Q,Sunday Morning,The Velvet Underground,,,,,,relaxed,positive
ML1951,MoodyLyrics4Q,Try A Little Tenderness,David Sanborn,,,,,,relaxed,positive
ML1952,MoodyLyrics4Q,This Love Affair,Rufus Wainwright,,,,,,sad,negative
ML1953,MoodyLyrics4Q,Ich trau mich nicht,Bodo Wartke,,,,,,happy,positive
ML1954,MoodyLyrics4Q,The Way We Talk,The Maine,,,,,,happy,positive
ML1955,MoodyLyrics4Q,A Wink and a Smile,"Harry Connick, Jr.",,,,,,relaxed,positive
ML1956,MoodyLyrics4Q,Numbness For Sound,Howie Day,,,,,,sad,negative
ML1957,MoodyLyrics4Q,Ghost in This House,Alison Krauss,,,,,,sad,negative
ML1958,MoodyLyrics4Q,Love Comes in Spurts,Richard Hell & the Voidoids,,,,,,happy,positive
ML1959,MoodyLyrics4Q,Thinking Over,Dana Glover,,,,,,relaxed,positive
ML1960,MoodyLyrics4Q,I Keed (Album Version),Triumph the Insult Comic Dog,,,,,,happy,positive
ML1961,MoodyLyrics4Q,Short Skirt/Long Jacket,Cake,,,,,,happy,positive
ML1962,MoodyLyrics4Q,Vampires,Godsmack,,,,,,angry,negative
ML1963,MoodyLyrics4Q,These Are The Days,Jamie Cullum,,,,,,relaxed,positive
ML1964,MoodyLyrics4Q,(Sic),Slipknot,,,,,,angry,negative
ML1965,MoodyLyrics4Q,The Foetus of a New Day Kicking,Cradle of Filth,,,,,,angry,negative
ML1966,MoodyLyrics4Q,Water Curses,Animal Collective,,,,,,happy,positive
ML1967,MoodyLyrics4Q,She,Groove Coverage,,,,,,happy,positive
ML1968,MoodyLyrics4Q,Sgt. Hetfield's Motorbreath Pub Band,Beatallica,,,,,,happy,positive
ML1969,MoodyLyrics4Q,Lose Yourself,Eminem,,,,,,angry,negative
ML1970,MoodyLyrics4Q,Two Seconds in Life,Green Carnation,,,,,,sad,negative
ML1971,MoodyLyrics4Q,Kinky Afro,Happy Mondays,,,,,,happy,positive
ML1972,MoodyLyrics4Q,Polkas On 45,"""Weird Al"" Yankovic",,,,,,happy,positive
ML1973,MoodyLyrics4Q,"No, You Don't",Nine Inch Nails,,,,,,angry,negative
ML1974,MoodyLyrics4Q,Fire,The Crazy World of Arthur Brown,,,,,,angry,negative
ML1975,MoodyLyrics4Q,Me Enamora,Juanes,,,,,,happy,positive
ML1976,MoodyLyrics4Q,Moon River,R.E.M.,,,,,,sad,negative
ML1977,MoodyLyrics4Q,Dope Fiend,Acid Bath,,,,,,angry,negative
ML1978,MoodyLyrics4Q,Little Tiny Moustache,Stephen Lynch,,,,,,happy,positive
ML1979,MoodyLyrics4Q,Satan Your Kingdom Must Come Down,Robert Plant,,,,,,relaxed,positive
ML1980,MoodyLyrics4Q,Saturday,Chris Garneau,,,,,,sad,negative
ML1981,MoodyLyrics4Q,Evacuee,Enya,,,,,,relaxed,positive
ML1982,MoodyLyrics4Q,Disco Heat,Calvin Harris,,,,,,happy,positive
ML1983,MoodyLyrics4Q,Man-Size,PJ Harvey,,,,,,angry,negative
ML1984,MoodyLyrics4Q,All The Beauty,Mortal Love,,,,,,sad,negative
ML1985,MoodyLyrics4Q,If You Can't Say No,Lenny Kravitz,,,,,,relaxed,positive
ML1986,MoodyLyrics4Q,Moon River,Jane Monheit,,,,,,relaxed,positive
ML1987,MoodyLyrics4Q,Future Boy,Turin Brakes,,,,,,relaxed,positive
ML1988,MoodyLyrics4Q,World Painted Blood,Slayer,,,,,,angry,negative
ML1989,MoodyLyrics4Q,Inflikted,Cavalera Conspiracy,,,,,,angry,negative
ML1990,MoodyLyrics4Q,Gave It All Away,Boyzone,,,,,,sad,negative
ML1991,MoodyLyrics4Q,Eat You Alive,Limp Bizkit,,,,,,angry,negative
ML1992,MoodyLyrics4Q,No Submission,Static-X,,,,,,angry,negative
ML1993,MoodyLyrics4Q,Gallows Hymn,Primordial,,,,,,sad,negative
ML1994,MoodyLyrics4Q,Violent World,Misfits,,,,,,angry,negative
ML1995,MoodyLyrics4Q,I Don't Need No Doctor,W.A.S.P.,,,,,,angry,negative
ML1996,MoodyLyrics4Q,If It Means a Lot to You,A Day To Remember,,,,,,sad,negative
ML1997,MoodyLyrics4Q,"Beautiful, Loved and Blessed",Prince,,,,,,relaxed,positive
ML1998,MoodyLyrics4Q,The Game,Deine Lakaien,,,,,,sad,negative
ML1999,MoodyLyrics4Q,Talking Bout My Baby,Fatboy Slim,,,,,,happy,positive
ML2000,MoodyLyrics4Q,All Around The World (Punk Debutante),Cooler Kids,,,,,,happy,positive
