song_id,dataset,title,artist,genre,arousal_mean,arousal_std,valence_mean,valence_std,emotion_4Q,emotion_2Q,lyrics,language
ML1,MoodyLyrics4Q,I Want Your Sex,George Michael,,,,,,happy,positive,"[Verse 1] There's things that you guess And a-things a-that you know There's boys you can trust And a-girls that you don't There's little things you hide And little things that you show Sometimes you think you're gonna get it But you don't and that's just the way it goes  [Pre - Chorus] I swear I won't tease you Won't tell you no lies Yeah Don't need no bible Just look in my eyes I've awaited so long, baby Now that we're friends Every man's got his patience And here's where mine ends  [Chorus] I want your sex I want your love I want your sex I want your...sex  [Verse 2] It's playin' on my mind It's dancin' on my soul It's taken so much time So why don't you just let me go? I'd really like to try Oh, I'd really love to know When you tell me you're gonna regret it Then I tell you that I love you, but you still say no  [Pre - Chorus] I swear I won't tease you Won't tell you no lies Yeah Don't need no bible Just look in my eyes (Ooh) I've awaited so long, baby Out in the cold I can't take much more, girl I'm losing control  [Chorus] I want your sex I want your love I want your sex I want your…sex, sex! Ow!  [Bridge] It's natural, it's chemical (Let's do it) It's logical, habitual (Can we do it?) It's sensual, but most of all Sex is something that we should do Sex is something for me and you  Sex is natural, sex is good Not everybody does it But everybody should Sex is natural, sex is fun Sex is best when it's one-on-one One-on-one  [Break] Hoo-ah (Sex) I'm not your father Hoo-ah (Sex) I'm not your brother Hoo-ah (Sex) talk to your sister Hoo-ah (Sex) I am a lover Hoo-ah (Sex) Woo-ooh, ah Hoo-ah (Sex) Hoo-ah (Sex) Ow! C-c-c-c-c-c-come on (Hoo-ah)  [Outro] What's your definition of dirty, baby? What do you consider pornography? Don't you know I love it 'til it hurts me, baby? Don't you think it's time you had sex with me?  What's your definition of dirty, baby? What do you call pornography? Don't you know I love it 'til it hurts me, baby? Don't you think it's time you had sex with me? Ow! Sex with me Ow! Sex with me Mmm, have sex with me (Hoo-ah) C-c-c-c-c-c-come on",en
ML2,MoodyLyrics4Q,Pussy Liquor,Rob Zombie,,,,,,angry,negative,"[Intro: Baby Firefly &  Cheerleader ] Gimme a B Gimme an A Gimme a B Gimme a Y What's that spell? What's that spell? What's that spell? Baby  [Verse 1] Earl had a baby Baby was her name He knew she was crazy Tiny was the same Down behind the shed Slaughtering the hog Slice it on the belly Feed it to the dog  [Pre-Chorus] One, two, three, who should I kill? Every motherfucker running up the hill One, two, three, what should I do? Get fucked up and fuck up you  [Chorus] Pussy liquor Make you sicker Pussy liquor Do it quicker  [Post-Hook: Baby Firefly & Goober] Yeah, we like to get fucked up, fucked up Yeah, I like to get fucked up too Yeah, I bet you do Yeah, we like to get fucked up, fucked up Yeah, I like to get fucked up too Yeah, I bet you do  [Verse 2] Satan had a baby Otis was his name White as a ghost, totally insane Otis loves the girls Young and clean Drowning in a bucket of gasoline  [Pre-Chorus] One, two, three, who should I kill? Every motherfucker running up the hill One, two, three, what should I do? Get fucked up and fuck up you  [Chorus] Pussy liquor Make you sicker Pussy liquor Do it quicker  [Post-Hook: Baby Firefly & Goober] Yeah, we like to get fucked up, fucked up Yeah, I like to get fucked up too Yeah, I bet you do Yeah, we like to get fucked up, fucked up Yeah, I like to get fucked up too Yeah, I bet you do  [Verse 3] Don't they know something He won't tell? Come on, mama Send 'em to a hell Burnin' in the house Spirits are alive A tongue-lashing mama Help 'em to survive  [Pre-Hook] One, two, three, who should I kill? Every motherfucker running up the hill One, two, three, what should I do? Get fucked up and fuck up you  [Hook] Pussy liquor Make you sicker Pussy liquor Do it quicker (Quicker)",en
ML3,MoodyLyrics4Q,12,Katatonia,Metal,,,,,sad,negative,[Chorus] Black theatre of love Violet dancers cast their blood The moon gave me flowers For funerals to come  [Verse 1] 12 shapes bow before her I am still one of them 12 morbid ways to die Her beauty scares me  [Verse 2] I'm falling deeper No more pain to feel Now touch the silence Afraid of hell  [Chorus] Black theatre of love Violet dancers drink my blood The moon gave me flowers For funerals to come  [Outro] I cannot breathe I am losing life The moon paints the skyline blue She died so beautiful,en
ML5,MoodyLyrics4Q,Get Back,Ludacris,Hip-Hop,,,,,angry,negative,"[Intro] Heads up! (Woop, woop) Heads up! (Woop, woop) Here's another one! (Another one) And an-and another one O-o-oh!  [Chorus] Yeek yeek! (Woop, woop) why you all in my ear? Talking a whole bunch of shit that I ain't trying to hear! Get back, motherfucker, you don't know me like that! (Get back, motherfucker, you don't know me like that) Yeek yeek! (Woop, woop) I ain't playing around! Make one false move, I'll take ya down Get back, motherfucker, you don't know me like that! (Get back, motherfucker, you don't know me like that)  [Verse 1] Who-o-o!! S-s-so c'mon, c'mon! Don't get swung on, swung on! It's the knick knack paddywhack, still ride in Cadillacs Family off the street made my homies put the baggies back Still stacking plaques, (Yep!) still action packed! (Yep!) And dough? I keep it flipping like acrobats! That's why I pack a mac, that'll crack 'em back 'Cause on my waist there's more Heat than the Shaq Attack But I ain't speaking about ballin, ballin Just thinking about brawlin' till y'all start bawlin' We all in together now, birds of a feather now Just bought a plane so we changing the weather now So put your brakes on, caps put your capes on Or knock off your block, get dropped and have your face flown 'Cause I'll prove it! Scratch off the music! Like hey, little stupid! Don't make me lose it!!  [Chorus] Yeek yeek! (Woop, woop) why you all in my ear? Talking a whole bunch of shit that I ain't trying to hear! Get back, motherfucker, you don't know me like that! (Get back, motherfucker, you don't know me like that) Yeek yeek! (Woop, woop) I ain't playing around! Make one false move, I'll take ya down Get back, motherfucker, you don't know me like that! (Get back, motherfucker, you don't know me like that)  [Bridge 1: Dolla Boy & Ludacris] I came ( I came ) I saw ( I saw ) I hit 'em right dead in the jaw ( In the jaw ) I came ( I came ) I saw ( I saw ) I hit 'em right dead in the jaw ( In the jaw ) I came ( I came ) I saw ( I saw ) I hit 'em right dead in the jaw ( In the jaw ) I came ( I came ) I saw ( I saw ) I hit 'em right dead in the jaw ( In the jaw )  [Verse 2] See, I caught 'em with a right hook, caught 'em with a jab Caught 'em with an uppercut, kicked 'em in his ass Sent him on his way 'cause I ain't for that talk! No trips to the county, I ain't for that walk! We split like two pins at the end of a lane We'll knock out your spotlight and put an end to your vain Put a DTP pendant at the end of yo' chain Then put the booty of a Swisha at the end of a flame  [Chorus] Yeek yeek! (woop, woop) why you all in my ear? Talking a whole bunch of shit that I ain't trying to hear! Get back, motherfucker, you don't know me like that! (Get back, motherfucker, you don't know me like that) Yeek yeek! (woop, woop) I ain't playing around! Make one false move, I'll take ya down Get back, motherfucker, you don't know me like that! (Get back, motherfucker, you don't know me like that)  [Bridge 2] Hey! You want what with me?! I'mma tell you one time, don't fuck with me! Get down! 'Cause I ain't got nothing to lose And I'm having a bad day, don't make me take it out on you! You want what with me?! I'mma tell you one time, don't fuck with me! Get down! 'Cause I ain't got nothing to lose And I'm having a bad day, don't make me take it out on you!  [Verse 3] Man! 'Cause I don't wanna do that I want to have a good time and enjoy my Jack Sit back and watch the women get drunk as hell So I can wake up in the morning with a story to tell I know it's been a lil while since I been out the house! But now I'm here, you wanna stand around running your mouth?! I can't hear nothing you saying or spitting, so wassup! Don't you see we in the club?! Man, shut the fuck up!!  [Chorus] Yeek yeek! (woop, woop) why you all in my ear? Talking a whole bunch of shit that I ain't trying to hear! Get back, motherfucker, you don't know me like that! (Get back, motherfucker, you don't know me like that) Yeek yeek! (woop, woop) I ain't playing around! Make one false move, I'll take ya down Get back, motherfucker, you don't know me like that! (Get back, motherfucker, you don't know me like that)  [Outro] Ah! We in the Red Light District! Ah! We in the Red Light District! Wh-o-oh! We in the Red Light District! Ah! We in the Red Light District! Wh-o-oh! We in the Red Light District! Wh-o-oh! The Red Light District! Wh-o-oh! The Red Light District! Ah, we in The Red Light District",en
ML6,MoodyLyrics4Q,Violet,Hole,Alternative Rock,,,,,angry,negative,"[Verse 1] And the sky was made of amethyst And all the stars were just like little fish You should learn when to go You should learn how to say, ""No""  [Interlude] Might last a day, yeah Mine is forever Might last a day, yeah Mine is forever  [Pre-Chorus] When they get what they want And they never want it again When they get what they want And they never want it again  [Chorus] Go on, take everything Take everything, I want you to Go on, take everything Take everything, I want you to  [Verse 2] And the sky was all violet I want to give the violent more violence Yeah, I'm the one with no soul One above and one below  [Interlude] Might last a day, yeah Mine is forever Might last a day, yeah Mine is forever  [Pre-Chorus] When they get what they want And they never want it again When they get what they want And they never want it again  [Chorus] Go on, take everything Take everything, I want you to Go on, take everything Take everything, I dare you to  [Verse 3] Well, I told you from the start Just how this would end When I get what I want And I never want it again  [Chorus] Go on, take everything Take everything, I want you to Go on, take everything Take everything, I want you to  [Bridge] It's my lie You're mine, you're mine  [Chorus] Go on, take everything Take everything, I want you to Go on, take everything Take everything, I want you to Go on, take everything Take everything, I want you to Go on, take everything Take everything Take everything Take everything",en
ML7,MoodyLyrics4Q,Ifwhiteamericatoldthetruthforonedayit'sworldwouldfallapart,Manic Street Preachers,Alternative Rock,,,,,angry,negative,"[Sampled Intro] Next Thursday you're invited to watch Rising Tide's live coverage of a gala tribute in salute to Ronald Reagan. Host Haley Barbour joins special guest Lady Margaret Thatcher in celebrating the former president's 83rd birthday. Tickets are 1000 Dollars a plate but you can see the event free on GOP TV.  [Verse 1] Images of perfection, suntan and napalm Grenada, Haiti, Poland, Nicaragua Who shall we choose for our morality I'm thinking right now of Hollywood tragedy Big Mac, smack, Phoenix, R., please smile y'all Cuba, Mexico can't cauterise our discipline Your idols speak so much of the abyss Yet your morals only run as deep as the surface  [Chorus] Cool, groovy, morning, fine Tipper Gore was a friend of mine I love a free country The stars and stripes and an apple for mommy  [Bridge] (Conservatives say) ""There ain't no black in the Union Jack"" (Democrats say) ""There ain't enough white in the Stars and Stripes""  [Verse 2] Compton, Harlem, a pimp fucked a priest The white man has just found a new moral saviour Vital stats, how white was their skin Unimportant, just another inner-city drive-by thing Morning, fine, serve your first coffee of the day Real privilege, it will take your problems away Number one, the best, no excuse from me I am here to serve the Moral Majority  [Chorus] Cool, groovy, morning, fine Tipper Gore was a friend of mine I love a free country The stars and stripes and an apple for mommy  [Extended Bridge] Zapruder the first to masturbate The world's first taste of crucified grace (And we say) there's not enough black in the Union Jack (And we say) there's too much white in the Stars and Stripes  [Guitar Solo]  [Outro] Fuck the Brady bill! Fuck the Brady bill! ""If God made man,"" they say ""Sam Colt made him equal""",en
ML8,MoodyLyrics4Q,If You're Gonna Leave,Emerson Hart,,,,,,sad,negative,"Maybe I'm the joker Maybe I'm the fool in your eyes Maybe I'm the weak one Maybe I'm a lie in disguise Maybe I'm angry 'Cause I'm the one who's always wrong But maybe I'm not the one who's so strong  Did you think about it? Did you pull it in and pour it out? Could you live without me? Did you ever really have a doubt? But do you understand it, baby? When you say, “It's over”, it's done Maybe I'm not the one  So if you're gonna leave Yeah, you better get goin' ‘Cause I ain't wastin' no more time On what you did and what you didn't do If you’re gonna leave Yeah, you better start runnin' ‘Cause I ain't wastin' no more time On what might've been  We can stand on reason We can fight about all the things This isn't forever This is more than a wedding ring But do you understand it, baby? When you say, “It's over”, it's done Maybe I'm not the one  So if you're gonna leave Yeah, you better get goin' ‘Cause I ain't wastin' no more time On what I did and what I didn't do If you're gonna leave Yeah, you better start runnin' ‘Cause I ain't wastin' no more time  O-oh, did it happen again? With the things that you wanted For being a friend How did it happen again? Just look onward, baby ‘Cause someday you might need a friend (Friend)  So if you're gonna leave Yeah, you better get goin' ‘Cause I ain't wastin' no more time On what we did and what we didn't do If you’re gonna leave Yeah, you better start runnin' ‘Cause I ain't wastin' no more time  No, I ain't wastin' no more time On what might've been",en
ML9,MoodyLyrics4Q,Architecture of Aggression,Megadeth,Thrash Metal,,,,,angry,negative,"[Instrumental Intro]  [Verse 1] Born from the dark in the black cloak of night To envelop its prey below, deliver to the light To eliminate your enemy, hit them in their sleep And when all is won and lost, the spoils of wars are yours to keep, aw!  [Chorus] Great nations built from the bones of the dead With mud and straw - blood and sweat You know your worth when your enemies Praise your architecture of aggression  [Guitar Solo: Dave Mustaine]  [Hook] Praise your architecture of aggression, ah, huh!  [Verse 2] Ensuing power vacuum, a toppled leader dies His body fuels the power fire and the flames rise to the sky One side of his face, a kiss - the other, genocide Time to pay with your ass, a worldwide suicide  [Chorus] Great nations built from the bones of the dead With mud and straw - blood and sweat You know your worth when your enemies Praise your architecture of aggression  [Interlude] ""Fight for America"" ""Fight for America"" ""Fight for America"" ""Fight for America"" ""Fight for America"" ""Fight for America"" "" Everybody knew that the 15th Of January was the deadline date By kicking the war off, once the war was over People would be able to go home ""  [Guitar Solo: Marty Friedman]  [Verse 1] Born from the dark in the black cloak of night To envelop its prey below, deliver to the light To eliminate your enemy, hit them in their sleep And when all is won and lost, the spoils of wars are yours to keep  [Chorus] Great nations built from the bones of the dead With mud and straw - blood and sweat You know your worth when your enemies Praise your architecture of aggression  Great nations built from the bones of the dead With mud and straw - blood and sweat You know your worth when your enemies Praise your architecture of aggression  [Outro] ""They look like big long snakes (""Fight for America"") Coming up in the air"" ""Medium sized triple-a, um, just (""Fight for America"") Ah tracer bullets"" ""They look like big long snakes (""Fight for America"") Coming up in the air"" ""Fight for America""",en
ML10,MoodyLyrics4Q,Heart of Glass,Blondie,New Wave,,,,,happy,positive,"[Verse 1] Once I had a love, and it was a gas Soon turned out had a heart of glass Seemed like the real thing, only to find Mucho mistrust, love's gone behind  [Verse 2] Once I had a love and it was divine Soon found out I was losing my mind It seemed like the real thing, but I was so blind Mucho mistrust, love's gone behind  [Chorus] In between, what I find is pleasing, and I'm feeling fine Love is so confusing, there's no peace of mind If I fear I'm losing you, it's just no good You're teasing like you do  [Bridge] Once I had a love, and it was a gas Soon turned out had a heart of glass Seemed like the real thing, only to find Mucho mistrust, love's gone behind  [Chorus] Lost inside, adorable illusion, and I cannot hide I'm the one you're using, please don't push me aside We could've made it cruising, yeah Yeah, riding high on love's true bluish light  [Verse 3] Once I had a love and it was a gas Soon turned out to be a pain in the ass Seemed like the real thing, only to find Mucho mistrust, love's gone behind",en
ML1900,MoodyLyrics4Q,Hurt,Christina Aguilera,Pop,,,,,angry,negative,"[Verse 1] Seems like it was yesterday when I saw your face You told me how proud you were, but I walked away If only I knew what I know today Ooh, ooh  [Pre-Chorus] I would hold you in my arms I would take the pain away Thank you for all you've done Forgive all your mistakes There's nothing I wouldn't do To hear your voice again Sometimes I wanna call you But I know you won't be there  [Chorus] Oh, I'm sorry for blaming you For everything I just couldn't do And I've hurt myself by hurting you  [Verse 2] Some days I feel broke inside, but I won't admit Sometimes I just wanna hide 'cause it's you I miss And it's so hard to say goodbye when it comes to this Ooh, ooh, ah  [Pre-Chorus] Would you tell me I was wrong? Would you help me understand? Are you lookin' down upon me? Are you proud of who I am? There's nothing I wouldn't do To have just one more chance To look into your eyes And see you looking back  [Chorus] Oh, I'm sorry for blaming you For everything I just couldn't do And I've hurt myself Oh, oh  [Bridge] If I had just one more day I would tell you how much that I've missed you since you've been away Oh, it's dangerous It's so out of line To try and turn back time  [Outro] I'm sorry for blaming you For everything I just couldn't do And I've hurt myself By hurting you",en
ML1901,MoodyLyrics4Q,T.V. Eye,The Stooges,Rock,,,,,angry,negative,"[Intro] Lord Oh, woo Stop it  [Verse 1] See that cat? Yeah, I do mean you See that cat? Yeah, I do mean you  [Chorus] She got a TV eye on me She got a TV eye She got a TV eye on me Woah  [Verse 2] See that cat? Down on her back See that cat? Down on her back  [Chorus] She got a TV eye on me She got a TV eye She got a TV eye on me Hey  [Verse 3] See that cat? Yeah, I love her so See that cat? Yeah, I love her so  [Chorus] She got a TV eye on me She got a TV eye She got a TV eye on me Woah, yeah  [Instrumental Break]  [Breakdown] Now ram it Now ram it Ram it Ram it Ram it Ram it Ram it Ram it  [Verse 3] See that cat? Yeah, I love her so See that cat? Yeah, I love her so  [Chorus] She got a TV eye on me She got a TV eye She got a TV eye on me Hey",en
ML1902,MoodyLyrics4Q,The View From the Afternoon,Arctic Monkeys,Indie,,,,,happy,positive,"[Refrain] Anticipation has a habit to set you up For disappointment in evening entertainment, but Tonight there'll be some love Tonight there'll be a ruckus, yeah, regardless of what's gone before  [Verse 1] I want to see all of the things that we've already seen The lairy girls hung out the window of the limousine Of course it's fancy dress And they're all looking quite full on in bunny ears and devil horns and how  [Refrain] Anticipation has a habit to set you up For disappointment in evening entertainment, but Tonight there'll be some love Tonight there'll be a ruckus, yeah, regardless of what's gone before  [Verse 2] I want to see all of the things that we've already seen I wanna see you take the jackpot out the fruit machine And put it all back in You've got to understand that you can never beat the bandit, no  [Chorus] And she won't be surprised and she won't be shocked When she's pressed the star after she's pressed unlock And there's verse and chapter sat in her inbox And all that it says is that you've drank the lot  [Post-Chorus] And you should bear that in mind tonight, bear that in mind Yeah, you should bear that in mind tonight, bear that in mind And you can pour your heart out but her reasonin' will block Owt you send her after nine o' clock  [Instrumental Break]  [Refrain] Anticipation has a habit to set you up For disappointment in evening entertainment, but Tonight there'll be some love, oh Tonight there'll be a ruckus, yeah, regardless of what's gone before  [Chorus] And she won't be surprised and she won't be shocked When she's pressed the star after she's pressed unlock And there's verse and chapter sat in her inbox And all that it says is that you've drank the lot  [Post-Chorus] And you should bear that in mind tonight, bear that in mind Yeah, you should bear that in mind tonight, bear that in And you can pour your heart out around three o' clock When the two-for-one's undone the writer's block",en
ML1903,MoodyLyrics4Q,Be Somebody,3 Doors Down,Alternative Rock,,,,,sad,negative,"[Verse 1] The shades gone up Mothers staring down She don't know where he's been Or how long he's been out  [Pre-Chorus] She said, ""Boy, I'm tired of waiting up while you're out with your friends"" He said, ""Mom, I'm trying and I'm living my life the best way that I can""  [Chorus] 'Cause I'm trying to be somebody I'm not trying to be somebody else This life is mine I'm living Don't you know me? I won't ever let you down  [Verse 2] The day has come The sun is moving on She don't know where he'll go Or when he's coming home  [Pre-Chorus] She said, ""Son, take care, don't let your dreams get too far out of sight"" He said, ""I love you. Now, don't worry about me, you know I'll be fine""  [Chorus] 'Cause I'm trying to be somebody I'm not trying to be somebody else This life is mine I'm living Don't you know me? I won't ever let you down No I'm not trying to be somebody else Don't you know me? I won't ever let you I won't ever let you  [Bridge] What they say What they know What they think won't ever bring me down This life is mine And I am my own  [Interlude] I'm trying to be somebody I'm not trying to be somebody else This life is mine I lead Don't you know me?  [Chorus] I'm trying to be somebody I'm not trying to be somebody else This life is mine I'm living Don't you know me? I won't ever let you down  [Outro] I'm not trying to be somebody else Don't you know me? I won't ever let you down I won't be nobody else This life is mine and I am my own",en
ML1904,MoodyLyrics4Q,Sweet Troubled Soul,stellastarr*,,,,,,happy,positive,"[Verse 1] I'm a jealous man Ooh, I can't relate She's a doe-eyed girl Ooh, with no complaints  [Chorus] But there's another side that I'm trying to crack If you open your mind and let me take a stab At the secrets that you know Sweet troubled soul  [Verse 2] She's a summer tramp Ooh, all dressed in black A fluorescent tan Ooh, sweet heart attack  [Chorus] Oh, but there's another side that I'm trying to crack If you open your mind and let me take a stab At the secrets that you know Sweet troubled soul  [Harmonizing Break] Woah (Woah) Woah (Woah) Woah (Woah)  [Post-Chorus] I want to suffer in your arms, woah (Woah) And when you're naked in the dark (Woah) I want to see your face In the reflection of my bedroom stereo We'll take it slow Sweet troubled soul  [Instrumental Break]  [Chorus] But there's another side that I'm trying to crack (Da da da da da) If you open your mind and let me take a stab (Da da da da da) At the secrets that you know Just let it go, woah  [Post-Chorus] I want to suffer in your arms, whoa (Whoa) And when you're naked in the dark I want to see your face (Whoa) In the reflection of my bedroom stereo We'll take it slow Sweet troubled soul  [Outro] Oh, sweet troubled soul Woah Woah Woah (Whoa) Woah (Whoa) Woah (Ah, whoa) Woah (Ah, whoa)",en
ML1905,MoodyLyrics4Q,Carry Me Ohio,Sun Kil Moon,,,,,,sad,negative,"[Verse 1] Sorry that I could never love you back I could never care enough in these last days Her tears fell on her pages Found me well on her words I don't know what to do or say Wading through warm canals and pools clear blue The Tuscarawas flowed into the Great Lakes Riding back where the highway met dead tracks The ground is now cement and glass, so far away  [Chorus] Heal her soul Carry her, my angel, Ohio  [Verse 2] Green, green youth: what about the sweetness we knew? What about what's good, what's true from those days? Can't count to all the lovers I've burnt through So why do I still burn for you? I can't say Sorry that I could never love you back I could never care enough in these last days  [Chorus] Heal her soul Carry her, my angel, Ohio  [Verse 3] Children blessed, gather 'round the home she rests So pull and go over there Midwest, moon and sun Flashes bringing on my open eyes to lightning storm The touch of mist felt soft, felt warm on my face Gray, vague dreams, a million miles ago, you seem A star that I just don't see anymore Words long gone, lost on journeys we walked on Lost are voices are heard along the way Sorry for never going by your door Never feeling love like that anymore  [Chorus] Heal her soul Carry her, my angel, Ohio",en
ML1906,MoodyLyrics4Q,You Make Me Feel (Mighty Real),Sylvester,,,,,,happy,positive,"[Verse 1] When we're out there dancing on the floor, darlin' And I feel like I need some more And I feel your body close to mine And I know my love, it's about that time Make me feel mighty real Make me feel mighty real  [Chorus] You make me feel mighty real You make me feel mighty real  [Verse 2] When we get home, darling, and it's nice and dark And the music's in me and I'm still real hot Then you kiss me there and it feels real good And I know you'll love me like you should  [Chorus] Oh, you make me feel mighty real You make me feel mighty real Make me feel mighty real Make me feel mighty real Make me feel mighty real Make me feel mighty real  [Post-Chorus] I feel real, I feel real I feel real, I feel real Real real, I feel real I feel real, I feel real, woo  [Instrumental Break]  [Bridge] I feel real, I feel real I feel real, real real Woo, I feel real Woo, I feel real I feel real, real real I feel real, I'm real real  [Chorus] You make me feel mighty real You make me feel mighty real Oh, you make me feel mighty real You make me feel mighty real  [Post-Chorus] Oh, I feel real when you touch me I feel real when you kiss me I feel real when you touch me I feel real when you hold me  [Instrumental Break]  [Outro] Woo, woo Woo, woo Woo, you make me feel real",en
ML1907,MoodyLyrics4Q,Orange Skies,Love,Psychedelic Rock,,,,,relaxed,positive,"[Chorus] Orange skies Carnivals and cotton candy and you And I love you too, you know I do  [Verse 1] Nightingale Prettier than anything in the world And I love you too You know I do  [Chorus 2] You make me happy Laughing, glad, and full of glee And you don't have to try, girl For you it comes so naturally Right here in my arms  [Chorus]  [Chorus 2]",en
ML1908,MoodyLyrics4Q,Portrait Of A Cynic,Diary of Dreams,,,,,,sad,negative,I know for sure You left me here I came for shelter My last conviction  I'll fight for sure You found me stranded My hand in yours A farewell whisper  Tell me what for... Tell me why... Tell me the reason... Tell me how...  Tremble on... My last conviction... Tremble on... My last farewell... Tremble on... My last prediction... Tremble on... This is my cell Tremble on... My last conviction... Tremble on... My last farewell... Tremble on... My last prediction... Tremble on... This is my cell,en
ML1909,MoodyLyrics4Q,Professional Widow,Tori Amos,Alternative Rock,,,,,angry,negative,"[Verse 1] Slag pit, stag shit Honey bring it close to my lips, yes Don't blow those brains yet We gotta be big, boy, we gotta be big  [Chorus] Starfucker just like my daddy, yes Starfucker just like my daddy, yes Selling his baby, yes Just like my daddy, yes Gonna strike a deal Make him feel like a congressman Running in the family It's running a family  [Bridge] Rest your shoulders, peaches and cream Everywhere a Judas as far as you can see Beautiful angel calling We got every re-run of Muhammad Ali  [Verse 2] Prism perfect Honey bring it close to your lips, yes What is termed a landslide of principle proportion, boy? It's gotta be big, I said it better be big, hey, hey  [Chorus] Starfucker just like my daddy, yes Starfucker just like my daddy, yes Selling his baby, yes Just like your daddy, yes Selling his baby Gonna strike a deal Make him feel like a congressman It's running in the family It's running a family, hey It's running in the family, hey baby It's running a family, hey yeah  [Outro] Mother Mary, China white Brown may be sweeter, may be sweeter Mother Mary, China white Brown may be sweeter She will supply, she will supply She will supply, she will supply, supply, supply Give me peace, love, peace, love Give me peace, love and a hard cock",en
ML1910,MoodyLyrics4Q,Marrakech,ATB,Trance,,,,,relaxed,positive,"[Intro: Tiff Lacey] A ritual disgrace Marrakesh adventure A ritual disgrace Marrakesh adventure, Marrakesh adventure  [Verse 1: Tiff Lacey] That familiar sound Explains what I'm feeling I'm both lost and found Never been there before That familiar sound Explains what I'm feeling I'm both lost and found Never been there before  [Chorus: Tiff Lacey] A ritual disgrace Marrakesh adventure A ritual disgrace Marrakesh adventure, Marrakesh adventure A ritual disgrace Marrakesh adventure A ritual disgrace Marrakesh adventure, Marrakesh adventure  [Verse 2: Tiff Lacey] Can't tell you how I even came to get here Mysterious Everything I hold dear That familiar sound Explains what I'm feeling I'm both lost and found Never been there before  [Chorus: Tiff Lacey] A ritual disgrace Marrakesh adventure A ritual disgrace Marrakesh adventure, Marrakesh adventure A ritual disgrace Marrakesh adventure A ritual disgrace Marrakesh adventure, Marrakesh adventure  [Outro: Tiff Lacey] That familiar sound Explains what I'm feeling I'm both lost and found Never been there before Marrakesh adventure",en
ML1912,MoodyLyrics4Q,Ghosts Of War,Slayer,Thrash Metal,,,,,angry,negative,"[Verse 1] Fate, silent warriors, sleeping souls will rise Once forgotten soldiers come to life Fallen mercenary, dormancy is done Not content with wars we've never won  [Chorus] Memories can't ignore Anguish of before Satisfy the scorn Rise, ghosts of war  [Verse 2] Target, assassinate, time of your life has expired Hatred, victimize, gaze in their eyes as they die Violence, inflicting of pain, savage morticians deny Drive the salt in the wound, arouse the subconscious to lie  [Chorus] Memories can't ignore Anguish of before Satisfy the scorn Rise, ghosts of war  [Guitar Solo: Kerry King]  [Guitar Solo: Jeff Hanneman]  [Bridge] I deal in pain All life, I drain I dominate I seal your fate  [Instrumental Break]  [Outro] I deal in pain All life, I drain Memories can't ignore Rise, ghost of war",en
ML1913,MoodyLyrics4Q,Inferno,Lunascape,,,,,,relaxed,positive,"Your love Inferno Defines your anger The way you are  My love inferno Angenlic candle, gelignite I'll try to cease the burning of you  How can I enjoy your inferno? Inferno, could you be eternal? I'll refuse your love  Endless inferno Reveals your sorrow For every page I'll try to break Your catherine wheel again",en
ML1914,MoodyLyrics4Q,The Truth,India.Arie,Soul,,,,,relaxed,positive,"[Intro - Spoken] Let me tell you why I love him  [Chorus] 'Cause he is the truth, said he is so real And I love the way that he makes me feel And if I am a reflection of him then I must be fly Because his light it shines so bright I wouldn't lie  [Verse 1] I remember the very first day that I saw him I found myself immediately intrigued by him It's almost like I knew this man from another life Like back then maybe I was his husband maybe he was my wife And even things I don't like about him are fine with me 'Cause it's not hard for me to understand him cause he's so much like me And it's truly my pleasure to share his company And I know that it's God's gift to breathe The air he breathes  [Chorus] 'Cause he is the truth, said he is so real And I love the way that he makes me feel And if I am a reflection of him then I must be fly Because his light it shines so bright I wouldn't lie (no)  [Verse 2] How can the same man that makes me so mad Do you know what he did Turn right around and kiss me so soft Girl, do you know what he did If he ever left me I wouldn't even be sad no 'Cause there's a blessing in every lesson And I'm glad that I knew him at all  [Chorus] 'Cause he is the truth, said he is so real And I love the way that he makes me feel And if I am a reflection of him then I must be fly Because his light it shines so bright I wouldn't lie  [Bridge, Breakdown, & Ending] I love the way he speaks I love the way he thinks I love the way that he treats his mama I love that gap in between his teeth I love him in every way that a woman can love a man From personal to universal but most of all It's unconditional  You know what I'm talking about That's the way I feel And I always will  There ain't no substitute for the truth Either it is or isn't ('Cause he is the truth) You see the truth it needs no proof Either it is or it isn't ('Cause he is the truth) Now you know the truth by the way it feels And if I am a reflection of him then I must be fly Because he is, yes, he is I wonder does he know",en
ML1915,MoodyLyrics4Q,April 8th,Neutral Milk Hotel,Indie,,,,,sad,negative,[Verse 1] Crawl across toward your window I'm calling softly from the street Always a lonely widow Half awake and sleeping on my feet I'm of age but have no children No quarter phone booth calls to home Just late night television Inside my bedroom all alone  [Verse 2] There is no use in waiting Offer up your steps so I can climb Show me all your figure paintings Etched in the middle of the night Let me stretch upon your carpet Let me hear the rain tap on your street Knowing I am safe on the inside Blankets wrapped and drifting off to sleep,en
ML1916,MoodyLyrics4Q,The Other,Isis,Metal,,,,,sad,negative,"In this secret way He knew you first  And from those lips A seed  Your mouth dropped open Darkness fell out  Kept close in skin Kept close in blood And in he was  And from those Lips, a seed  This is the gift that he received Twisted roots kept warm  Raped she was And ready for the death",en
ML1917,MoodyLyrics4Q,Heir Apparent,Opeth,Progressive Metal,,,,,angry,negative,"[Refrain] Long days, slow waste Sew lies, sow hate  [Verse 1] So many years to clean the slate Endless despair within its wake His touch soiling what used to be clean His gaze burning on the edge of our dreams No more  [Refrain] Long days, long days  [Verse 2] And again he rides in It's September and he covets the gullible Skeletal wish hunter A thousand lies, cast from the throne of secrecy Hear him spewing forth a meaning to miserable lies See the twisted hand of doubt seal the affair The insect trust believer Your body - a vehicle to house his disease  [Verse 3] Pearls before swine, they are nothing but blind Submit to nothing and swallow my spit of scorn Invisible king, dying Procession of woe, struck down by sorrow A burden so great weighs heavy on old and withered beliefs The swift solution crumbles Beneath the mock notes of a masterpiece Death in his eyes, waiting Spiraling judgment, provoked in the rains  [Bridge] This futile test drowned in the levee of deception This futile test drowned in the levee of deception  [Outro] In the year of his sovereign Rid us of your judgment Heir Apparent",en
ML1920,MoodyLyrics4Q,Find A Way,Dwele,Soul,,,,,relaxed,positive,"[Intro] Mmm, oh, oh, oh, oh yeah Oh, oh, oh, oh Oh, oh, oh, oh  [Verse 1] It used to be we would be the best of all friends It turned to be L-O-V-E and I was your man So you was my Lady friend, we spent time I found a way to be by your side Through the ins and outs, the wrongs and rights After a while of bein' settled down, I didn't know how To keep the love, 'cause I was young, I wish I knew then what I know now I wouldn't let you go, I swear I would've made this love grow I spent a lot of time and a lot of dough Tryin' to match what we had and now I, I  [Chorus] I was hopin' we could find a way (Said I was hopin' we could find a way) To have what we had again today (To have what we had again today) Though it's been some time since you and I (Woah, woah, woah) It wouldn't hurt to try (Hurt to try) To find our love  [Verse 2] Wish that I would have known the treasures I'd found I didn't know until you left, I loved your smile Just the other day, your girl said that you can't stand me I know you don't mean that, can't we Just slow down a minute and talk it out? I've been in my share of love since then Don't know about what you've been through But nothin compares to What we had All I know is I need you back And I know that you need me back Baby, let's try again to find our love, oh, oh  [Chorus] I was hopin' we could find a way (Yeah, baby) To have what we had again today (Again today, yeah) Though it's been some time since you and I (Oh, yeah, yeah) It wouldn't hurt to try (Hurt to try) To find our love (Oh, no, no, no) I was hopin' we could find a way (Nah, nah) To have what we had again today (To have what we had again) Though it's been some time since you and I (It's too long) It wouldn't hurt to try (It wouldn't hurt to try, yeah) To find our love (Oh baby)  [Bridge] I can't forget (I can't forget) The times we shared Didn't know love until love was gone (Oh, oh) 'Til I moved on ('Til I moved on) Now I'm right back to square one again (Oh, oh, oh)  [Chorus] I was hopin' we could find a way (I was hopin' we could find a way) To have what we had again today (Oh, oh baby) Though it's been some time since you and I It wouldn't hurt to try (It wouldn't hurt to try) To find our love (To find our love, yeah) I was hopin' we could find a way (I was hopin' we could find a way) To have what we had again today (Have what we had again, baby) Though it's been some time since you and I (Oh, no, no) It wouldn't hurt to try (Hurt to try) To find our love (Hurt to try)  [Outro] Baby, oh, no, babe Find our love, baby Find our love, baby, mmm",en
ML1921,MoodyLyrics4Q,What'd I Say,Ray Charles,R&B,,,,,happy,positive,"Hey mama, don't you treat me wrong Come and love your daddy all night long Alright now, hey hey, alright  See the girl with the diamond ring She knows how to shake that thing Alright now now now, hey hey, hey hey  Tell your mama, tell your pa I'm gonna send you back to Arkansas Oh yes, ma'am, you don't do right, don't do right Ah, play it, boy  [Instrumental Break]  When you see me in misery Come on, baby, see about me Now yeah, hey, hey, alright  See the girl with the red dress on She can do the Birdland all night long Yeah, yeah, what'd I say? Alright  Well, tell me what'd I say, yeah Tell me what'd I say right now Tell me what'd I say Tell me what'd I say right now Tell me what'd I say Tell me what'd I say, yeah And I wanna know Baby, I wanna know right now And-a I wanna know Said I wanna know right now, yeah Said I wanna know Said I wanna know, yeah  *chatter* (Come on, come on) Nah, I got—, I, I, I, I— *chatter* (We don't wanna stop, stop, do it again) Wait, wait, wait, wait a minute, alright, alright, wait a minute, wait a minute Wait, hold, hold it, hold, hold it, hold it  Yeah (Nah) Oh (Oh) Ah (Ah) Oh (Oh) Ah (Ah) Oh (Oh)  Oh, one more time (Just one more time) Say it one more time right now (Just one more time) Say it one more time now (Just one more time) Say it one more time, yeah (Just one more time) Say it one more time (Just one more time) Say it one more time, yeah (Just one more time)  Ah (Ah) Ho (Ho) Huh (Huh) Ho (Ho) Huh (Huh) Huh (Ho)  Ah! Make me feel so good (Make me feel so good) Make me feel so good now, yeah (Make me feel so good) Whoa, baby (Make me feel so good) Make me feel so good, yeah (Make me feel so good) Make me feel so good (Make me feel so good) Make me feel so good, yeah (Make me feel so good)  Ah (Ah) Ho (Ho) Huh (Huh) Ho (Ho) Huh (Huh) Huh (Ho)  Ah, it's alright (Baby, it's alright) Said that it's alright right now (Baby, it's alright) Said that it's alright (Baby, it's alright) Said that it's alright, yeah (Baby, it's alright) Said that it's alright (Baby, it's alright) Said that it's alright (Baby, it's alright) Whoa, shake that thing now (Baby, shake that thing) Baby, shake that thing now now (Baby, shake that thing) Baby, shake that thing (Baby, shake that thing) Baby, shake that thing right now (Baby, shake that thing) Baby, shake that thing (Baby, shake that thing) Baby, shake that thing (Baby, shake that thing) Whoa, I feel alright now, yeah (Make me feel alright) Said I feel alright now (Make you feel alright) Whoa (Make me feel alright) Tell you I feel alright, yeah (Make you feel alright) Said I feel alright (Make me feel alright) Said I feel alright (Make you feel alright)",en
ML1922,MoodyLyrics4Q,Home,Above & Beyond,Trance,,,,,relaxed,positive,"[Verse 1] Here I come to find myself, catch the tide Looking for a peace at the end of the line Sometimes I can't help myself feel this high I'm all at sea, and so unwise  [Instrumental Break]  [Verse 2] I'm so afraid I'd lose your love as time goes by But courage is a fire and a beacon so bright The sunset builds a memory, our love signed And all I see become a lie  [Chorus] Will I wash away? Turning like a stone I need a place where I belong Call the setting sun to throw me down the road And take me to a place called home  [Instrumental Break]  [Verse 3] I close my eyes, I know you're there, love of mine Standing on the shore in a world I designed The sunset fires a lonely flare into the sky And all I see, we say goodbye  [Chorus] Will I wash away? Turning like a stone I need a place where I belong Call the setting sun to throw me down the road And take me to a place called home  [Instrumental Break]  [Chorus] Looking for a place called home  [Instrumental Break]  [Chorus] Will I wash away? Turning like a stone I need a place where I belong Call the setting sun to throw me down the road And take me to a place called home",en
ML1923,MoodyLyrics4Q,Misery Machine,Marilyn Manson,Alternative Metal,,,,,angry,negative,"[Intro] I would like to face reality, let me tell you there's over three-thousand groups operating in this country today and the number is growing. As Christians we gotta take on the armor of Christ and go to battle against Satan  [Verse 1] Man in the front got a sinister grin Careen down highway 666 We wanna go, crush the slow As the pitchfork bends the needles grow  [Chorus] My arms are wheels, my legs are wheels My blood is pavement We're gonna ride to the abbey of Thelema, to the abbey of Thelema Blood is pavement Yeah  [Verse 2] Grill in the front is my sinister grin Bugs in my teeth make me sick, sick, sick The objects may be larger than They appear in the mirror  [Chorus] My arms are wheels, my legs are wheels Blood is pavement We're gonna ride to the abbey of Thelema, to the abbey of Thelema Blood is pavement!  [Post-Chorus] When you ride, you're ridden When you ride, you're ridden  [Interlude] Beep beep, beep beep His horn went beep beep beep  [Bridge] I am fueled by filth and fury Do what I will, I will hurry there, there  [Chorus] Yeah! My arms are wheels, my legs are wheels My blood is pavement My arms are wheels, my legs are wheels My blood is pavement, yeah Fuck it My arms are wheels, my legs are wheels My blood is pavement My arms are wheels, my legs are wheels My blood is pavement, pavement, pavement! Yeah, yeah, yeah! Yeah, yeah, yeah!  [Outro] Go home to your mother! Doesn't she ever watch you!? Tell her this isn't some Communist day-care center! Tell your mother I hate her! Tell your mother I hate you!  [Phone Ringing]  I want my son off of your mailing list, I have already contacted the post office about your pornographic material that is being received in the mail, my next stop is my attorney. I do not want this number called anymore, and I do not want anything delivered to my address. If I receive anything else from this band, or this group, my next phone call will be my attorney, and you will be contacted. Thank you and good-bye!",en
ML1924,MoodyLyrics4Q,Arms Against Atrophy,Titus Andronicus,Indie,,,,,angry,negative,"A band trip dance - what could be the harm But a six week vacation from the use of my right arm It was just the two hits I remember nothing more Only Alex hitting the switch and me hitting the floor We're taking this lying down The one thing I can stand up for is resting supine on the ground Mr. McDermott, won't you help me to my feet Because the drumline's going wild in the San Francisco streets  The long walk home, is an hour and a half But it quickly turns to three or four with stops at every underpass But by June 22nd, I have done the math That's a hundred and five liters I'll consume of Dr. Path Some girls will tell their secrets to anyone The word ""love"" gets thrown around a lot near graduation So please don't whisper sweet nothings in my ear When the sound of shredding vocal chords is what I want to hear Because we're going to San Francisco and I forget to wear some flowers in my hair  She's got a secret surname that nobody knows with the most gorgeous hyphen You wouldn't believe the way it glows And I'm the only one who gets to see it way up close So the rest of you can stick it up your nose  Last night, I had the strangest dream that I have ever known My mother, in a fit of rage, chases me from our home My mother, the murderer holds me down in the road She's got the nail clippers at my throat  Even though things lately may have been real horror-show I'm wishing I was back in-utero I'd like to go back to the way that things were before, but apparently I'm looking at physical therapy It won't be exactly how it used to be It ain't hard to see that it's not that way Not that way anymore Jesus Christ is suffering upon his cross tonight I just sit outside waiting for frost to bite ""It's always this way,"" she says on her way out the door Wait and see The rest is yet to reveal itself to me",en
ML1925,MoodyLyrics4Q,Fighting for a Lost Cause,Antimatter,Ambient,,,,,sad,negative,"And there it is, as pure as snow I couldn't see it for my head was too low And prying eyes, they stoop too low Poisoning my soul, as sanity waits in the gallows  Defeated I, fighting for a lost cause Depleted I, dying for the wrong cause  These are the hours on the range The more you show them The more they choose to take away  Defeated I, fighting for a lost cause Depleted I, dying for the wrong cause  Some things never change in the wings And as it's your war There'll be no escape at all  Defeated I, fighting for a lost cause Depleted I, dying for the wrong cause",en
ML1928,MoodyLyrics4Q,Take Good Care,Liv Kristine,Metal,,,,,relaxed,positive,When the sun was down I opened my eyes And I looked around All the stars were bound To fall from the sky I would make no sound Take good care Take good care I can hold you And console you I can show you another rainbow Take good care - I can make you one I can hold you Like I told you I can fold you another rainbow Take good care - I can make you one Where's that distant light ? There used to be one Once we used to lie Under the sun All the things that I Would treasure have gone Now I'm satisfied I can hold you And console you I can show you another rainbow Take good care - I can make you one I can hold you Like I told you I can fold you another rainbow Take good care - I can make you one,en
ML1929,MoodyLyrics4Q,Brick,Ben Folds Five,Alternative Rock,,,,,sad,negative,"[Verse 1] 6:00am, day after Christmas I throw some clothes on in the dark The smell of cold, car seat is freezing The world is sleeping, I am numb  [Verse 2] Up the stairs to her apartment She is balled up on the couch Her mom and dad went down to Charlotte They're not home to find us out  [Pre-Chorus] And we drive Now that I have found someone I'm feeling more alone Than I ever have before  [Chorus] She's a brick and I'm drowning slowly Off the coast and I'm headed nowhere She's a brick and I'm drowning slowly  [Verse 3] They call her name at 7:30 I pace around the parking lot Then I walk down to buy her flowers And sell some gifts that I got  [Pre-Chorus] Can't you see It's not me you're dying for? Now she's feeling more alone Than she ever has before  [Chorus] She's a brick and I'm drowning slowly Off the coast and I'm headed nowhere She's a brick and I'm drowning slowly  [Bridge] As weeks went by, it showed that she was not fine They told me, ""Son, it's time to tell the truth"" And she broke down and I broke down 'Cause I was tired of lying  [Verse 4] Driving back to her apartment For the moment, we're alone Yeah, she's alone, and I'm alone And now I know it  [Chorus] She's a brick and I'm drowning slowly Off the coast and I'm headed nowhere She's a brick and I'm drowning slowly",en
ML1930,MoodyLyrics4Q,Monkey Man,Amy Winehouse,Soul,,,,,happy,positive,"Ay, ay, ay, ay, ay, ay Hugging up the big monkey man Ay, ay, ay, ay, ay, ay Hugging up the big monkey man  Never saw you, I only heard of you Hugging up the big monkey man I never saw you, I only heard of you Hugging up the big monkey man  It's your lie, it's your lie Hugging up the big monkey man It's your lie, it's your lie Hugging up the big monkey man  Now I know that, now I understand Hugging up the big monkey man Now I know that, now I understand Hugging up the big monkey man  La-la-la, la-la-la Hugging up the big monkey man La-la-la, la-la-la Hugging up the big monkey man  Ay, ay, ay, ay, ay, ay Hugging up the big monkey man Ay, ay, ay, ay, ay, ay Hugging up the big monkey man  Never saw you, I only heard of you Hugging up the big monkey man I never saw you, I only heard of you Hugging up the big monkey man  It's your lie, it's your lie Hugging up the big monkey man It's your lie, it's your lie Hugging up the big monkey man  Now I know that, now I understand Hugging up the big monkey man Now I know that, now I understand Hugging up the big monkey man  La-la-la, la-la-la Hugging up the big monkey man La-la-la, la-la-la Hugging up the big monkey man",en
ML1931,MoodyLyrics4Q,Photograph,Air,Lounge,,,,,relaxed,positive,God would like to own your autograph The angels cry to have your photograph  As if you were all sweetness and light As fortune favours fools by candle light  God would like to own your autograph The angels fight over your photograph  Put your record on the phonograph Look at your position on the map,en
ML1932,MoodyLyrics4Q,GRIEF,DIR EN GREY,Metal,,,,,angry,negative,"Blood tastes like vanilla Shut up! That's fucking bullshit  Fuck off, fuck off もっともらしい顔して あざむくことしか頭にない猿 さあ盲人に問う答えろ Fuck off, fuck off Fuck off, fuck off Fuck off... Blood tastes like vanilla  Shut up! That's fucking bullshit  狡猾の銃が鳴り響く　Headless body (Blood tastes like vanilla) 狡猾の銃が鳴り響く　Headless body (Blood tastes like vanilla) そうさ笑い狂え　I'm damned  Fuck off, fuck off もっともらしい言葉で すかした顔して否定してんだろ さあ消える時間だ祈れよ Fuck off, fuck off Fuck off, fuck off Blood tastes like vanilla  Shut up! That's fucking bullshit  狡猾の銃が鳴り響く　Headless body (Blood tastes like vanilla) 狡猾の銃が鳴り響く　Headless body (Blood tastes like vanilla) そうさ笑い狂え　I'm damned  I say destroy, fuck off I say destroy, fuck off (Blood tastes like vanilla)  何故だ…　真実を感じずに生きる 何処に愛があるのかさえ─  Shut up! Shut up! Shut up! Shut up! Shut up! Shut up!  狡猾の銃が鳴り響く　Headless body (Blood tastes like vanilla) 狡猾の銃が鳴り響く　Headless body (Blood tastes like vanilla) そうさ笑い狂え　I'm damned  Shut up! That's fucking bullshit Shut up! That's fucking bullshit Blood tastes like vanilla, blood tastes like vanilla Blood tastes like vanilla Blood tastes like vanilla, blood tastes like vanilla Blood tastes like vanilla",en
ML1933,MoodyLyrics4Q,Animal,Pearl Jam,Grunge,,,,,angry,negative,"[Intro] One, two, three, four, five against one Five, five against one I said one, two, three, four, five against one Fi-five, five, five, five against  [Verse 1] Torture from you to me, yeah Abducted from the street, and, uh  [Chorus] I'd rather be, I'd rather be with I'd rather be with an animal, oohh  [Post-Chorus] Rah!  [Verse 2] Why would you wanna hurt me? Oh! Oh, so frightened of your pain  [Chorus] I'd rather be, I'd rather be with I'd rather be with an animal I'd rather be, I'd rather be I'd rather be with an animal  [Post-Chorus] Huh! Five, five against one, said  [Chorus] I'd rather be, I'd rather be with I'd rather be with an animal I'd rather be, I'd rather be I'd rather be with an animal  [Outro] Said one, two, three, four, five against one Fi-five, five, five, f-five against, five against One, two, three, four, five against one Fi-five, five, five, five against one, said",en
ML1934,MoodyLyrics4Q,This House Is Not For Sale,Ryan Adams,Alternative Country,,,,,relaxed,positive,"[Verse 1] Tell 'em that the house is not for sale We're still livin' here, how come nobody can tell? They're taking all the furniture, movin' our things Come on little honey, put your head on my knee Tell 'em that the house is not for sale  [Chorus] And calm down, calm down, calm down Calm down, calm down, calm down  [Verse 2] Do you remember when we even bought this thing? I danced you across the wooden floor and Then you signed the lease What happened in the car that night? What happened in the car that night? Tell 'em that the house is not for sale  [Chorus] Calm down, calm down, calm down Calm down, calm down, calm down Calm down  [Verse 3] Tell 'em that the house is not for sale We could grab a couple sheets, yeah and give 'em quite a scare I remember lyin' on the bedroom floor You were holding me honey, kissing my soul Tell 'em that the house is not for sale  [Chorus] And calm down, calm down, calm down Calm down, calm down, calm down Calm down Calm down",en
ML1935,MoodyLyrics4Q,Father Time,Lloyd Banks,Hip-Hop,,,,,angry,negative,"[Hook] Yeah they see me moving They gonna need to stop, drop Off the face of Earth but, I'mma make it pop, hot These niggas are not, now Watch me take my spot Got money got power and respect baby I just hope times on my side I've been trying all my life Every block someones dying Always high, here's our life, come inside  [Verse 1] Energy's my ammunition, like AK shells So think about that when you plan on dissing, go straight to hell Bred to be balling since a baby kicking I had the smell, brand new money ladies sniffing, they take a L I take a shit on rappers all it's worth Can't die over, must conquer the world first Like a monster to media on my beautiful girls search High and low I am no thing you tamper with Made the plan you should cancel it, make examples I trample shit Drop your hair I am cancerous, answer this, who can handle this? Scandalous, I dismantle these ants and piss on a trucer You think I seen the future, how I wham, quick recouper Fire hand, wham turn a brand new man, big producer Gift from heaven, living legend and I come from Queens Robbing leggin' 3-5-7 in my fucking jeans Suffering and fucked up schemes Twin Bentleys matching beamers on a couple beams Try my sentencing  [Hook] Yeah they see me moving They gonna need to stop, drop Off the face of Earth but, I'mma make it pop, hot These niggas are not, now Watch me take my spot Got money got power and respect baby I just hope times on my side I've been trying all my life Every block someones dying Always high, here's our life, come inside  [Verse 2] Murdered half of y'all on my mixtapes Come wrapped up in my wrath Now I'm laughing look at your rib cage Your ass been in a slump Cum blasting all in your bitch face Success is what they want Tongue lashing will get your shit sprayed Have it how you want, blood bath I'm a sharpened switchblade You'll be smiling for life Love flashing I got the shit made Forget where I'm at, now I passed 'em around the sixth grade Passion for my profession outlast anyone you could name Hood fame got me riding in wood grain Look lame, Staten, Harlem to Brooklyn They know I'm cooked 'caine took aim rappin would bang I could change, but this sport ain't a good game I'm strapping sir, back seat in the passenger, semi-auto massacre Shopping while I laugh at you, rappers feed my appetite Metaphors will tackle you, these niggas ain't half as nice Playboy in my afterlife, real nigga with cash and ice Drop the bread pass the dice, hope I crack twice  [Hook] Yeah they see me moving They gonna need to stop, drop Off the face of Earth but, I'mma make it pop, hot These niggas are not, now Watch me take my spot Got money got power and respect baby I just hope times on my side I've been trying all my life Every block someones dying Always high, here's our life, come inside",en
ML1936,MoodyLyrics4Q,You're The One,SWV,Pop,,,,,happy,positive,"[Spoken] You're-the one-for-me  [Intro] (You're the one for me) You're the one (You can call on me) Oh, yes (Is all I want us to be) Oh, yeah (You're the one for me)  [Verse 1] I know that you're somebody else's guy But these feelings that I have for you I can't deny She doesn't treat you the way you want her to So come on stop running, I wanna get with you  [Pre-Chorus] What your girl don't know won't hurt her Anything to make this love go further  [Chorus] You're the one (You're the one for me) When in need (You can call on me) When in love (Is all I want us to be) Cause you're the one (You're the one for me)  [Verse 2] This can be an undercover romance Cause I feel that I'm the type of girl You should give a chance Taste and see ( taste and see ) How good it can be ( how good it can be ) Cause you don't have to worry, baby  [Pre-Chorus] What your girl don't know won't hurt her Anything to make this love go further  [Chorus] You're the one (You're the one for me) When in need (You can call on me) When in love (Is all I want us to be) Cause you're the one (You're the one for me)  [Bridge] So what's my chance (I'm willing to do anything to get) In your pants (You don't have to worry, I won't) Say a thing (And if she finds out, I don't) Know nothing, oh no (No, no)  [Chorus] You're the one (You're the one for me) When in need (You can call on me) When in love (Is all I want us to be) Cause you're the one (You're the one for me)  [Segue] You're the one for me When in love you need You're the one for me When in love you need  [Chorus] You're the one (You're the one for me) When in need (You can call on me) When in love (Is all I want us to be) Cause you're the one (You're the one for me)",en
ML1937,MoodyLyrics4Q,Oh Girl,Cut Off Your Hands,,,,,,happy,positive,"Oh Girl I want to see you tonight Oh it's been days since I held your hand you know It feels like years if you understand  Oh girl Can you come over to my house? Oh we can do things that we've never done We can just talk it can be such fun  Oh darling Oh won't you come and stand next to me Oh let me whisper in you ear People see then, I don't care  Oh girl Can you come over tonight Oh tell me those words that I want to hear You can just whisper in my ear..  Don't you know that life depends on a night with only you? Don't you think that you'd like to stay with me, too? Because you can if you just take my hand Come on girl, I'm waiting here for you Because you can if you just take my hand You know that it's true..  Oh Girl The way you look it just blows my mind All that I want is to be next to you So tell me babe, what time's best for you  Oh Darling Can you come over to my house? Oh we can do things that we've never done We can just talk it can be such fun  Don't you know that life depends on a night with only you Don't you think that you'd like to stay with me, too Because you can if you just take my hand Come on girl, I'm waiting here for you Because you can if you just take my hand You know that it's true..  Oh-oh-oh  Don't you know that life depends on a night with only you? Don't you think that you'd like to stay with me, too Because you can if you just take my hand Come on girl, I'm waiting here for you Because you can if you just take my hand You know that it's true..  Oh Girl I want to see you tonight Oh it's been days since I held your hand you know It feels like years since you understand  Oh girl Can you come over to my house? Oh tell me those words that I want to hear You can just whisper in my ear..  Oh Girl..",en
ML1938,MoodyLyrics4Q,Together We're Both Alone,Nicole Atkins,,,,,,relaxed,positive,"I am raising a flag, I am just too tired now to fight It's white and it's waving, can't we save this for another night? I used to be afraid, but now I crave the quiet Together we are both alone, but I don't mind I'll dream of something to try and make us alright To make us alright  Baby, put your arms down They're machines that can't be fixed no more 'Cause when the alarm sounds I'll be right here waiting at your door We'll sit up on the bed for a while Together we are both alone, but we don't mind We'll dream of something to try and make us alright To make us alright, it's alright, it's alright To make us alright, it's alright, it's alright  But the dawn is trouble When I close my eyes, you never go away I've tried everything, still you won't change Is it better if you go?  But the ending doesn't matter One hundred days and then the suffering stops Running faster through this Hope to save your heart before it drops And you can never say I didn't try Together we are both alone, but I don't mind I dreamt of everything, I tried to make us alright  It's all right, it's all right, it's all right, it's all right It's all right, it's all right, it's all right, it's all right It's all right, it's all right, it's all right, it's all right It's all right, it's all right, it's all right, it's all right Together we are both alone, but I don't mind Together we are both alone, but I don't mind Together we are both alone, but I don't mind Together we are both alone, but I don't mind",en
ML1939,MoodyLyrics4Q,Houses of Cards,Zeromancer,,,,,,sad,negative,How can you stand there and deny it? After all we have been through How can you stand there and deny it? And make a fool out of you  Collapsing Like houses of cards And landing On splinters and glass  Wish I could fake it like you do Wish I could fake it just like you  How can you stand there and deny it? How can you stand there and deny it?  Trust me now  Collapsing Like houses of cards And landing On splinters and glass  They crush your heart But spare your feet Like judging people You've yet to meet Well time is running fast Upon your reflection  Trust me now  How can you stand there Stand and deny it?,en
ML1940,MoodyLyrics4Q,The Things I Tell You,Biosphere,Ambient,,,,,relaxed,positive,Sorry to wake you I forgot to tell you something The things I tell you will not be wrong,en
ML1942,MoodyLyrics4Q,Hard Rock Hallelujah,Lordi,Hard Rock,,,,,happy,positive,"[Intro] Hard rock, hallelujah! Hard rock, hallelujah! Hard rock, hallelujah! Hard rock, hallelujah!  [Verse 1] The saints are crippled on this sinners night Lost are the lambs with no guiding light The walls come down like thunder, the rock's about to roll It's the arockalypse, now bare your soul  [Pre-Chorus] All we need is lightning with power and might Striking down the prophets of false As the moon is rising, give us the sign Now let us rise up in awe  [Chorus] Rock 'n roll angels bring then hard rock, hallelujah Demons and angels, all in one, have arrived Rock 'n roll angels bring then hard rock, hallelujah In God's creation, supernatural high  [Verse 2] The true believers, thou shall be saved Brothers and sisters, keep strong in the faith On the day of Rockoning it's who dares, wins You will see the jokers soon'll be the new kings  [Pre-Chorus] All we need is lightning with power and might Striking down the prophets of false As the moon is rising, give us the sign Now let us rise up in awe  [Chorus] Rock 'n roll angels bring then hard rock, hallelujah Demons and angels, all in one, have arrived Rock 'n roll angels bring then hard rock, hallelujah In God's creation, supernatural high  [Bridge] Wings on my back, I got horns on my head My fangs are sharp and my eyes are red Not quite an angel or the one that fell Now choose to join us or go straight to Hell  Hard rock, hallelujah! Hard rock, hallelujah! Hard rock, hallelujah! Hard rock, yeah!  [Chorus] Rock 'n roll angels bring then hard rock, hallelujah Demons and angels, all in one, have arrived Rock 'n roll angels bring then hard rock, hallelujah In God's creation, supernatural high  Rock 'n roll angels bring then hard rock, hallelujah Rock 'n roll angels bring then hard rock, hallelujah  [Outro] Hard rock, hallelujah! Hard rock, hallelujah!",en
ML1943,MoodyLyrics4Q,40 Day Dream,Edward Sharpe & the Magnetic Zeros,Folk,,,,,happy,positive,"I been sleepin' for 40 days and I know I'm sleeping 'cause this dream’s too amazin' She got gold doorknobs where her eyes used to be One turn and I learned what it really means to see  Ah, it’s the magical mystery kind Ah, must be a lie Bye-bye to the too good to be true kind of love Oh, I could die Oh, now I can die  I've been sleepin' for 60 days and Nobody better pinch me Bitch, I swear I’ll go crazy She got jumper cable lips She got sunset on her breath now I inhaled just a little bit Now I got no fear of death now  Ah, it’s the magical mystery kind Ah, must be a lie Bye-bye to the too good to be true kind of love Oh, I could die Oh, now I can die  Ohh Ahh Yeah Yeah Yeah Yeah  Ah, it’s the magical mystery kind Ah, must be a lie Bye-bye to the too good to be true kind of love Oh, I could die Oh, now I can die",en
ML1944,MoodyLyrics4Q,Sun Goes Down,David Jordan,,,,,,happy,positive,"[Chorus] Open your eyes 'cause another day is dawning Children of the night - can you hear them all calling? Skies open up and an angel starts falling Listen to their beats - can you hear them hollering?  Start in the morning, through to the evening Dance like you're the only one around Move like you want it Groove like you need it Dancing it up 'til the sun goes down  [Verse 1] Free your mind 'cause tonight we're gonna break it down Shake it, make it funky down Get so high as the toxins in your body Are the bass and the drums and the roar, roar, roar We're right on time, and all is fine If you've lost your senses, here have mine And lose yourself from the time you awake 'Til the evening time 'Til the sunshine breaks  [Chorus] Ah, come on! Open your eyes 'cause another day is dawning Children of the night - can you hear them all calling? Skies open up and an angel starts falling Listen to their beats - can you hear them hollering?  Start in the morning, through to the evening Dance like you're the only one around Move like you want it Groove like you need it Dancing it up 'til the sun goes down 'Til the sun goes down…  [Verse 2] Welcome all to the amazing, the hysteria Are ya feelin' what we bring to y'all? Peace and love And you're all getting low tonight (Tonight, tonight, tonight) Fire is burning on and there's children in the forest playing Just come forget this too Forget because the beast is hunting for its prey Yeah, yeah, yeah, no, no, yeah  [Bridge] 'Til the sun goes down 'Til the sun goes Sun goes down Sun goes down Sun goes down, sun goes down  [Chorus & Outro] Open your eyes 'cause another day is dawning Children of the night - can you hear them all calling? Skies open up and an angel starts falling Listen to their beats - can you hear them hollering?  Start in the morning, through to the evening Dance like you're the only one around Move like you want it Groove like you need it Dancing it up 'til the sun goes down 'Til the sun goes down…  Goes down Sun goes down Sun goes down Yeah! Ha!  Start in the morning, through to the evening Dance like you're the only one around Move like you want it Groove like you need it Dancing it up 'til the sun goes down  Yeah! Yeah! 'Til the sun goes down 'Til the sun goes down 'Til the sun goes down",en
ML1945,MoodyLyrics4Q,Ghost In this House,Shenandoah,,,,,,sad,negative,"[Verse 1] I don't pick up the mail, I don't pick up the phone I don't answer the door, I'd just as soon be alone I don't keep this place up, I just keep the lights down I don't live in these rooms, I just rattle around  [Chorus] I'm just a ghost in this house I'm just a shadow upon these walls As quietly as a mouse I haunt these halls I'm just a whisper of smoke I'm all that's left of two hearts on fire That once burned out of control and took my body and soul I'm just a ghost in this house  [Verse 2] I don't mind if it rains, I don't care if it's clear I don't mind staying in, there's another ghost here She sits down in your chair and she shines with your light And she lays down her head on your pillow at night  Chorus: I'm just a ghost in this house I'm just a shell of the man I was A living proof of the damage heartbreak does I'm just a whisper of smoke I'm all that's left of two hearts on fire That once burned out of control and took my body and soul I'm just a ghost in this house  [Chorus] I'm just a ghost in this house I'm just a shadow upon these walls As quietly as a mouse I haunt these halls I'm just a whisper of smoke I'm all that's left of two hearts on fire That once burned out of control and took my body and soul I'm just a ghost in this house  [Tag] Oh I'm just a ghost in this house",en
ML1946,MoodyLyrics4Q,Blueprints of hate,Dew-Scented,Thrash Metal,,,,,angry,negative,"Witness the blueprints of hate  Weeding out the hope forlorn Following a stronger will in vain Self indulgence  Agony forever more Forsaken spite, the final thrill Another blessing in disguise  Bastard nation I fucking have the need to hate Into despite, out of control  In-decision Mercenary venture blast In to despite control  Hypocrisy in-tolerance All ways go down Go down Come here to face me Displaying the anger The blueprints of hate  These are blueprints of hate I'm sworn to resist in a world full of lie These are blueprints of hate I'm sworn to resist in a world full of lie  World of lie So full of agony inside Releasing these blueprints of hate Full Of Lie",en
ML1947,MoodyLyrics4Q,Bad Medicine,Bon Jovi,Rock,,,,,happy,positive,"[Chorus] Your love is like bad medicine Bad medicine is what I need Woah-oh-oh, shake it up, just like bad medicine There ain't no doctor that can cure my disease (Bad medicine)  [Verse 1] I ain't got a fever, got a permanent disease And it'll take more than a doctor to prescribe a remedy I got lots of money, but it isn't what I need Gonna take more than a shot to get this poison out of me And I got all the symptoms, count 'em, one, two, three  [Pre-Chorus] First, you need (That's what you get for fallin' in love) Then you bleed (You get a little, and it's never enough) And when you're on your knees (That's what you get for fallin' in love) Now this boy's addicted 'cause your kiss is the drug  [Chorus] Woah-oh-oh, your love is like bad medicine Bad medicine is what I need Woah-oh-oh, shake it up, just like bad medicine There ain't no doctor that can cure my disease  [Post-Chorus] Bad, bad medicine  [Verse 2] I don't need no needle to be givin' me a thrill And I don't need no anesthesia or a nurse to bring a pill I got a dirty down addiction that doesn't leave a track I gotta jones for your affection like a monkey on my back There ain't no paramedic gonna save this heart attack  [Pre-Chorus] When you need (That's what you get for fallin' in love) Then you bleed (You get a little, but it's never enough) And when you're on your knees (That's what you get for fallin' in love) Now, this boy is addicted for your kiss is the drug  [Chorus] Woah-oh-oh, your love is like bad medicine Bad medicine is what I need Woah-oh-oh, shake it up, just like bad medicine So let's play doctor, baby, cure my disease  [Post-Chorus] Bad, bad medicine Is what I want Bad, bad medicine Oh, it's what I need  [Guitar Solo]  [Verse 3] I need a respirator 'cause I'm runnin' out of breath You're an all-night generator wrapped in stockings and a dress When you find your medicine, you take what you can get 'Cause if there's somethin' better, baby, well, they haven't found it yet  [Chorus] Woah-oh-oh, your love is like bad medicine Bad medicine is what I need Woah-oh-oh, shake it up, just like bad medicine There ain't no doctor that can cure my disease Your love, bad medicine Bad medicine is what I need Woah-oh-oh, shake it up, just like bad medicine Your love's the potion that can cure my disease  [Post-Chorus] Bad, bad medicine Is what I want Bad, bad medicine Who's bad? Who's bad? (Bad, bad medicine) I gotta know, I gotta, I gotta go, I gotta  [Bridge] I gotta, I gotta I gotta do it again, wait a minute, wait a minute, hold on I'm not done One more time, with feelin' Come on That's all right Help me out now  [Chorus] Your love is like bad medicine Bad medicine is what I need Woah-oh-oh, shake it up just like bad medicine You got the potion that can cure my disease Your love, bad medicine Your kiss is what I need Your love, bad medicine",en
ML1949,MoodyLyrics4Q,Far Away,Anathema,Progressive Rock,,,,,sad,negative,"[Verse 1] One common, subterranean destination One life, another day A vestal child unveiled by temptation Innocence slips away  [Chorus] Far away Far away Far away Far away  [Verse 2] Been down so long Too deep the water that I tread Sometimes I feel myself going under Sometimes I envy the dead  [Chorus] So take me far away Far away Far away Far away  [Instrumental Break]  [Chorus] Far away Far away Far away Far away  [Outro] Far away",en
ML1950,MoodyLyrics4Q,Sunday Morning,The Velvet Underground,Rock,,,,,relaxed,positive,"[Verse 1] Sunday morning brings the dawn in It's just a restless feeling by my side Early dawning, Sunday morning It's just the wasted years so close behind  [Chorus] Watch out, the world's behind you There's always someone around you who will call It's nothing at all  [Verse 2] Sunday morning and I'm falling I've got a feeling I don't want to know Early dawning, Sunday morning It's all the streets you crossed not so long ago  [Chorus] Watch out, the world's behind you There's always someone around you who will call It's nothing at all  [Instrumental Break] [Guitar Solo]  [Chorus] Watch out, the world's behind you There's always someone around you who will call It's nothing at all  [Outro] Sunday morning, Sunday morning Sunday morning, Sunday morning",en
ML1952,MoodyLyrics4Q,This Love Affair,Rufus Wainwright,Pop,,,,,sad,negative,I don't know what I'm doin' I don't know what I'm sayin' I don't know why I'm watching all these white people dancin'  I don't know where I'm goin' But I do know that I'm walkin' Where? I don't know Just away from this love affair  I can't say that I'm cruisin' Not that I don't like cruisin' Just that I'm bruisin' from you  I can't say that I'm waltzin' Not that I don't like waltzin' Would rather be waltzin' with you  Ooo oh ooo  So I guess that I'm goin' I guess that I am walkin' Where? I don't know Just away from this love affair,en
ML1954,MoodyLyrics4Q,The Way We Talk,The Maine,,,,,,happy,positive,"[Intro] She's fresh to death She'll be the death of you Seduction leads to destruction She's fresh to death Oh, she'll be the death of me She's fresh, she's fresh But not so clean  [Verse 1] Cute face, slim waist She's got them in a craze Yeah we think he's going crazy When she speaks it makes me grind my teeth Yet he still thinks she's amazing And she's been playing games Ever since 98' Shallow is as shallow does, yeah Some people never change  [Pre-Chorus] And she's so fine She thinks she's so damn fine She might be fine But she ain't worth a second of your time  [Chorus] You're as fake as the moans you make And you're as weak as the hearts you break You're as fake as the moans you make So just give us, give us a little break  [Post-Chorus] Come on and give me a break  [Verse 2] Sex sells And your sex cells make all the lost boys drool Cause you're a dime But they'll have to wait in line Until one of them makes it two of you Cute face, slim waist You've still got them in a craze Yeah, I think I'm going crazy I have a long list of things to say But I'll leave it at ""You amaze me""  [Pre-Chorus] And she's so fine She thinks she's so damn fine She might be fine But she ain't worth a second of your time  [Chorus] You're as fake as the moans you make And you're as weak as the hearts you break You're as fake as the moans you make So just give us, give us a little break  [Post-Chorus] A little break  [Bridge] Oh she's fresh to death She'll be the death of you Seduction leads to destruction Yeah, she's fresh to death She'll be the death of me She's fresh, she's fresh but not so clean She's fresh to death, she'll be the death of me  [Chorus] You're as fake as the moans you make And you're as weak as the hearts you break You're as fake as the moans you make So just give us, give us a little break  [Post-Chorus] A little break  [Chorus] You're as fake as the moans you make And you're as weak as the hearts you break You're as fake as the moans you make So just give us, give us a little break  [Post-Chorus] A little break  [Outro] Come on and give me a break Yeah, give me a break",en
ML1955,MoodyLyrics4Q,A Wink and a Smile,"Harry Connick, Jr.",Swing,,,,,relaxed,positive,"I remember the days Of just keeping time Of hanging around in sleepy towns, forever Back roads empty for miles Well you can't have a dream And cut it to fit But when I saw you, I knew We go together, like a wink and a smile Leave your old jallopy By the railroad track We'll get a hip, double dip, tip toppy, 2 seat pontiac So you can rev her up Don't go slow It's only green lights and alright Let's go together with a wink and a smile (Instrumental) Give me a wink and a smile (Instrumental) We go together like a wink and a smile Now my heart is music Such a simple song Singing again, the notes never end This is where I belong Just the sound of your voice The light in your eyes You're so far away from yesterday Together, with a wink and a smile We go together, like a wink and a smile",en
ML1956,MoodyLyrics4Q,Numbness For Sound,Howie Day,,,,,,sad,negative,"A cold Winter sun My feet underground A pale windless city A numbness for sound I'll wait, back here  All that you notice A moment in time A photograph lost here Since you were mine I'll wait back here Or should I start pushing my way back Yeah Should I start pushing my way back  I walk past your room In deep silhouette You're tired of racing You're down and I said  I'll wait, back here A cold end, an evening  A soaked cigarette I'm asleep on a shoulder that I've never met I'll wait back here  Or should I, start pushing my way back Yeah Should I start pushing my way Home  Cold, and the whiskey is wearing And I'm on the edge of my breath Oh And I'm thinking of leaving I could just lay down Lay down and freeze to death  Hey yeha yeha Oh, hold on Yeah  Hey yeah yeah Oh, hold on  A cold Winter sun My feet underground A pale Winter city A numbness for sound",en
ML1957,MoodyLyrics4Q,Ghost in This House,Alison Krauss,Folk,,,,,sad,negative,"[Verse 1] I don't pick up the mail I don't pick up the phone I don't answer the door I'd just soon be alone I don't keep this place up I just keep the lights down I don't live in these rooms I just rattle around  [Chorus] I'm just a ghost in this house I'm just a shadow upon these walls As quietly as a mouse I haunt these halls I'm just a whisper of smoke I'm all that's left of two hearts on fire That once burned out of control You took my body and soul I'm just a ghost in this house  [Verse 2] I don't care if it rains I don't care if it's clear I don't mind staying in There's another ghost here He sits down in your chair And he shines with your light And he lays down his head On your pillow at night  [Chorus] I'm just a ghost in this house I'm just a shadow upon these walls I'm living proof of the damage heartbreak does I'm just a whisper of smoke I'm all that's left of two hearts on fire That once burned out of control You took my body and soul I'm just a ghost in this house  [Outro] That once burned out of control You took my body and soul I'm just a ghost in this house Oh, I'm just a ghost in this house",en
ML1958,MoodyLyrics4Q,Love Comes in Spurts,Richard Hell & the Voidoids,,,,,,angry,negative,"I was a child Who wanted love that was wild Though tight as slow motion But crazed with devotion  Insane with devotion A whole other notion I was fourteen and a half And it wasn't no laugh  Love comes in spurts - oh no it hurts Love comes in spurts - it hurts Love comes in spurts - oh no, cause Love comes in spurts - it always hurts  I just can't get wise To those tragical lies Though I now know the facts They still cut like an axe  Cause love comes in spurts In dangerous flirts And it murders your heart They didn't tell you that part  Love comes in spurts Love comes in spurts Love comes in spurts Love comes in spurts  Love comes in spurts Love comes in spurts Love comes in spurts Love comes in spurts",en
ML1959,MoodyLyrics4Q,Thinking Over,Dana Glover,Gospel,,,,,relaxed,positive,"I've been searching for a reason And I'm running out of time I can feel that it's the season It's time to make up my mind  And I can't really tell you what I'm gonna do There are so many thoughts in my head There are two roads to walk down and one road to choose So I'm thinking over the things that you've said Thinking over the things...  I'm thinking over Thinking over Thinking over The things that you've said And I'm thinking over Thinking over Thinking over the things...  Am I ready for forever? Oh, God, show me a sign 'Cause if we're to be together Then it's got to be divine  And I can't really tell you what I'm gonna do There are so many thoughts in my head There are two roads to walk down and one road to choose So I'm thinking over the things that you've said Thinking over the things...  I'm thinking over Thinking over Thinking over The things that you've said And I'm thinking over Thinking over Thinking over the things...  He wants to marry me Carry me far away He wants to love me for life He wants to be with me Every morning I awake He wants to hold me through the night  Father, which way should I go? I cannot clearly see Oh, I love him so But only you know if he's the one for me  Thinking over The things that you've said I'm thinking over Thinking over Only you know if he's the one for me  I can't really tell you What I'm gonna do There are so many thoughts in my head There are two roads to walk down And one road to choose So I'm thinking over The things that you've said  Thinking over Thinking over",en
ML1961,MoodyLyrics4Q,Short Skirt/Long Jacket,Cake,Alternative Rock,,,,,happy,positive,"[Verse 1] I want a girl with a mind like a diamond I want a girl who knows what's best I want a girl with shoes that cut And eyes that burn like cigarettes I want a girl with the right allocations Who's fast and thorough and sharp as a tack She's playing with her jewelry, she's putting up her hair She's touring the facility and picking up slack  [Refrain] I want a girl with a short skirt and a long jacket  [Verse 2] I want a girl who gets up early (Gets up early) I want a girl who stays up late (Stays up late) I want a girl with uninterrupted prosperity (Uninterrupted) Who uses a machete to cut through red tape With fingernails that shine like justice And a voice that is dark like tinted glass She is fast, thorough, and sharp as a tack She is touring the facility and picking up slack  [Refrain] I want a girl with a short skirt and a long, long jacket  [Verse 3] I want a girl with a smooth liquidation (Smooth liquidation) I want a girl with good dividends (Good dividends) At Citibank we will meet accidentally (Meet accidentally) We'll start to talk when she borrows my pen She wants a car with a cupholder armrest She wants a car that will get her there She's changing her name from Kitty to Karen She's trading her MG for a white Chrysler Le Baron  [Refrain] I want a girl with a short skirt and a long jacket",en
ML1962,MoodyLyrics4Q,Vampires,Godsmack,Metal,,,,,angry,negative,"[Instrumental]  [Sample: Mysterious Forces Beyond] Few creatures of the night Have captured our imagination, like vampires What explains our enduring fascination with vampires?  What is it about the vampire myth That explains our interest? Is it the overtones of sexual lust, power, control Or is it a fascination with the immortality of the undead?  And what dark and hidden parts of our psyche are aroused And captivated by the legends of the undead By the legends of the undead By the legends of the undead  The mysteries of the undead Will continue to fascinate the living The mysteries of the undead will continue to Will continue to fascinate the living, vampires  Few creatures of the night Have captured our imagination, like vampires What explains our enduring fascination with vampires  And what dark and hidden parts of our psyche are aroused And captivated by the legends of the undead By the legends of the undead",en
ML1963,MoodyLyrics4Q,These Are The Days,Jamie Cullum,Jazz,,,,,relaxed,positive,"[Verse 1/Hook] These are the days that I've been missing; Give me the taste Give me the joy of summer wine These are the days that bring new meaning; I feel the stillness of the sun And I feel fine  [Verse 2] Sometimes when the nights are closing early I remember you and I start to smile Even though now you don't want to know me I get on by And I go the extra mile  [Verse 3/Hook] These are the times of love and meaning; Ice of the heart melted away and found the light These are the days of endless dreaming; Troubles of life are floating away like a bird in flight These are the days These are the days These are the days  [Verse 4] I thought you said our love would last forever Believin' that the tears would end for good I told them that we'd get though any weather Maybe that didn't work out, but we did the best we could  [Hook/Outro] These are the days that I've been missing; Give me the taste Give me the joy of summer wine These are the days that bring new meaning; I feel the stillness of the sun And I feel fine",en
ML1964,MoodyLyrics4Q,(Sic),Slipknot,Nu Metal,,,,,angry,negative,"[Intro] Pain Here comes the pain  [Verse 1] Enemy, show me what you wanna be I can handle anything, even if I can't handle you Readily, either way, it better be Don't you fuckin' pity me, get up, get off  [Pre-Chorus] What the hell am I sayin'? I don't know about malevolent Sure as hell decadent I want somebody to step up, step off Walls, let me fall, fuck you all Get a grip, don't let me slip 'til I drop the ball  [Chorus] Fuck this shit, I'm sick of it You're goin' down, this is a war Fuck it  [Verse 2] Who the fuck am I to criticize your twisted state of mind? You're leavin' me suspect, I'm leavin' you grotesque Feels like a burn from which you never learn Cause and effect, you jealous ass Press your face against the glass, suffer  [Chorus] Fuck this shit, I'm sick of it You're goin' down, this is a war Go  [Bridge] I've just begun It's about that time, gotta get mine I've just begun It's about that time, gotta get mine I've just begun It's about that time, gotta get mine I've just begun It's about that time, gotta get mine (Yeah) You can't kill me 'cause I'm already inside you You can't kill me 'cause I'm already inside you You can't kill me 'cause I'm already inside you You can't kill me 'cause I'm already inside you  [Outro] Sic, sic Sic, sic Ha-ha-ha-ha, ha-ha-ha-ha Yeah, hahaha, yeah",en
ML1965,MoodyLyrics4Q,The Foetus of a New Day Kicking,Cradle of Filth,Symphonic Metal,,,,,angry,negative,"I'm chaos international The writing on the wall A Lazarus in parable  A dark and sullen lullaby Whispered softly as you die Promising torments are nigh  Danger warning levels hissed out loud I saw the silver lining hidden in a mushroom cloud Now I'm reeling from the shock at ground zero  If yesterday you would have stood up proud Then why tonight have you thrown in with the stoning crowd? I'll breathe through the foetus of a new day kicking  The foetus of a new day kicking  It's true that Jesus cannot save I'm rising from the grave To put my double cross to shame  A poison rush, a heart attack A white assassin painted black You'll fear this reaper coming back  Danger warning levels hissed out loud I saw the silver lining hidden in a mushroom cloud Now I'm reeling from the shock at ground zero  If yesterday you would have stood up proud Then why tonight have you thrown in with the stoning crowd? I'll breathe through the foetus of a new day kicking  On a night like this You laid the serpent's kiss In this garden of Gethsemane You played the traitor well  In a dawn to come I will blind the sun To grant you pardon as my enemy  Before damning you to hell  Danger warning levels hissed out loud I saw the silver lining hidden in a mushroom cloud Now I'm reeling from the shock at ground zero  If yesterday you would have stood up proud Then why tonight have you thrown in with the stoning crowd? I'll breathe through the foetus of a new day kicking",en
ML1966,MoodyLyrics4Q,Water Curses,Animal Collective,,,,,,happy,positive,"To be the motion actor Two broken strings attract her A groom, a face, a light-filled room Hesitate to throw a coin in, a wish could be a bad thing My mouth is just a mesh of drool  I'm standing on the bridge I won't get hit from up high A talking fish comes as she moves I want to be like water And never need a doctor And carve the earth without my tools (To-oool!)  All the things that I relate to well like  goggles and paint tubes Transparent paper wings that float above me while I sleep To make the room more natural To think I'm dying, an I'm dying, I'm dyin'  The color after sunset You'd do anything to jinx it It'll crush your skull just like a willow He doesn't need a house His shoes can walk for miles There's the drips, the black spots on my pillow  I want to be like water and slip into your throat And make you feel alive and good I want to be like water and ' Never have a doubt And crack the hoods around my pool (Po-oool!)  All the things that I relate to well like goggles and paint tubes Transparent paper wings that float above me while I sleep To make the room more natural To think I'm dying, an' I'm dying, I'm dyin'  And all the dreams that I awake to read like postulatings And all the things I hate I wish I didn't have to hate To find a room that's natural To live on by in 'em By in 'em, by  I don't think you know just what you're doing You pretend to know exactly all the things you keep on moving Said I don't think I know exactly what I'm doing You pretend to know exactly all the things you keep on moving  When you wake up from your snoozin' Gonna tell you how to do it my way An' I'll tell you what I'm doin' Lazy night I play my drum Everybody talks bubbling And I got no way to stop it It's a song about the days you spend Without me at our home  If I don't think you know just what you're doing You pretend to know exactly all the things you keep on moving Said I don't think I know exactly what I'm doing But I tend to know exactly all the things you keep on moving  When you wake up from your snoozin' Gonna tell you how to do it my way I'll tell you what I'm doin' Lazy night I play my drum Everybody talks bubbling And I got no way to stop it It's a song about the days you spend Without me at our home (x3)",en
ML1967,MoodyLyrics4Q,She,Groove Coverage,,,,,,happy,positive,"She hangs out every day near by the beach Having a Heineken falling asleep She looks so sexy when she's walking to sand Nobody ever put a ring on her hand  Swim to the oceanshore fishing the sea She is the story, the story is she She sings to the moon and the stars in the sky Shining from high above you shouldn't ask why  She is the one that you'll never forget She is the heaven sent angel you met Oh she must be the reason why god made a girl She is so pretty all over the world  She puts the rythm, the beat in the drum She comes in the morning, in the evening she's gone Every little hour, every second you live Trust in eternity, that's what she gives  She looks like Marilyn, walks like Susanne She talks like Monica and Mary-Ann She wins in everything that she might do And she will respect you, forever just you  She is the one that you'll never forget She is the heaven sent angel you met Oh she must be the reason why god made a girl She is so pretty all over the world  She is so pretty all over the world She is so pretty She is like you and me, like them, like we She's in you and me  She is the one that you'll never forget She is the heaven sent angel you met Oh she must be the reason why god made a girl She is so pretty all over the world [repeat]",en
ML1968,MoodyLyrics4Q,Sgt. Hetfield's Motorbreath Pub Band,Beatallica,Metal,,,,,happy,positive,"It was 20 years ago today Motorhead taught this band to play At first they were so out of style But they're guaranteed to raise your bile So may I introduce to you The act that drank 1000 beers  Sgt. Hetfield's Motorbreath pub band  Sgt. Hetfield's Motorbreath pub band We hope you will enjoy the show Sgt. Hetfield's Motorbreath pub band Just thrash and let the metal flow Sgt. Hetfield's Motor, Sgt. Hetfield's Motor Sgt. Hetfield's Motorbreath pub band  It's wonderful to drink beer, It's certainly a swill You're such a lovely audience We'd like to fuck your Motorbreath You'd love to fuck your...  I don't really want to stop the show But I thought you might like to know James Hetfield's gonna sing a song And he wants you all to thrash along So let me introduce to you The band who drank 1000 beers  Sgt. Hetfield's Motorbreath pub band  Bring more beer!",en
ML1970,MoodyLyrics4Q,Two Seconds in Life,Green Carnation,Progressive Metal,,,,,sad,negative,"I left myself I left my body I got so frightened by myself And all the things that I could see I left myself  Blinded by the light Faded by the dawn Of mine  I whispered ""no""; To my own shadow I got so frightened by the light And all the tings that I could see I whispered ""no"";  Blinded by the light Faded by the dawn Of mine  I got along To my own voice I got enlightened by the fright And all the things that I could see I got along  Blinded by the light Faded by the dawn Of mine  I flew away...",en
ML1971,MoodyLyrics4Q,Kinky Afro,Happy Mondays,Alternative Rock,,,,,happy,positive,"[Intro] You go spooky in a band  [Verse 1] Son, I'm thirty I only went with your mother 'cause she's dirty And I don't have a decent bone in me What you get is just what you see yeah I see it so, I take it freely And all the bad piss ugly things I feed me I never help or give to the needy Come on and see me  [Chorus] Yippee-ippee-ey-ey-ay-yey-yey I had to crucify some brother today And I don't dig what you gotta say So come on and say it Come on and tell me twice  [Verse 2] I said dad you're a shabby You run around and groove like a baggy You're only here just out of habit All that's mine you might as well have it You take ten feet back and then stab it Spray it on and tag it So sack on me I can't stand the needy Get around here if you're asking you're feeling  [Chorus] Yippee-ippee-ey-ey-ay-yey-yey I had to crucify somebody today And I don't dig what you gotta say So come on and say it Come on and tell me twice  [Verse 3] So sack all the needy I can't stand to leave it You come around here and you put both your feet in  [Chorus] Yippee-ippee-ey-ey-ay-yey-yey I had to crucify somebody today And I don't dig what you gotta say So go on and say it  Yippee-ippee-ey-ey-ay-yey-yey I had to crucify some brother today And I don't hear what you gotta say So come on and say it Come on and tell me twice",en
ML1972,MoodyLyrics4Q,Polkas On 45,"""Weird Al"" Yankovic",Comedy,,,,,happy,positive,"[""Jocko Homo"" by Devo] They tell us that we lost our tails Evolving up from little snails I say it's all just wind and sails Are we not men, we are Devo Are we not men, D E V O  [""Smoke on the Water"" by Deep Purple] Smoke on the water And fire in the sky Smoke on the water  [""Sex (I'm A)"" by Berlin] (I'm a man) I'm a boy (I'm a man) Well, I'm your mother (I'm a man) I'm a one night stand (I'm a man) Am I bi? (I'm a man) I'm your slave (I'm a man) I'm a little girl when we make love together  [""Hey Jude"" by The Beatles] Hey, hey, hey Jude, don't make it bad Take a sad song and make it better Remember to let her into your heart Then you can start to make it Better, better, better, better, better, better, yeah  [""L.A. Woman"" by The Doors] L. A. Woman, you're my woman Got my mojo risin', Mr. Mojo risin', hey  [""In-A-Gadda-Da-Vida"" by Iron Butterfly] In-a-gada-da-vida, honey Don't you know that I love you? In-a-gada-da-vida, baby Don't you know that I'll always be true?  [""Hey Joe"" by Jimi Hendrix] Hey Joe, where you goin' with that gun in your hand? Hey Joe, where you goin' with that gun in your hand? Gonna shoot my old lady Caught her messin' 'round with another man Yoddle-ay-ee, yoddle-ay-he-hoo Yoddle-ay-ee, yoddle-ay-he-hoo Yoddle-ay-ee, yoddle-ay-he-hoo Yoddle-ay he-hoo Yoddle-ay-ee, yoddle-ay-he-hoo Yoddle-ay-ee, yoddle-ay-he-hoo Yoddle-ay-ee, yoddle-ay-he-hoo Yoddle-ay he-hoo  [""Burning Down the House"" by Talking Heads] I'm an ordinary guy burnin' down the house  [""Hot Blooded"" by Foreigner] I'm hot blooded, check it and see Got a fever of a hundred and three Come on, baby, do you do more than dance? I'm hot blooded, hot blooded  [""Every Breath You Take"" by The Police] Every breath you take Every move you make Every bond you break, every step you take I'll be watchin' you  [""Should I Stay Or Should I Go"" by The Clash] Darling, you gotta let me know Should I stay or should I go? If you say that you are mine I'll be here 'til the end of time But you gotta let me know, woah, woah, woah Should I stay or should I go?  [""Jumpin' Jack Flash"" by The Rolling Stones] But it's all right now, in fact it's a gas But it's all right, Jumpin' Jack Flash is a gas, gas, gas  [""My Generation"" by The Who] People try to put us down (Talkin' 'bout my generation) Just because we get around (Talkin' 'bout my generation) Things they do look awful c-c-cold (Talkin' 'bout my generation) Hope I die before I get old (Talkin' 'bout my generation) This is my generation (Talkin' 'bout my generation) This is my generation, baby (Talkin' 'bout my generation) (Talkin' 'bout my generation) My, my, my, my, my, my generation (My generation) Well, talkin' 'bout my g-g-g-g-g-g-g-g-g-g-g-g-g-generation",en
ML1973,MoodyLyrics4Q,"No, You Don't",Nine Inch Nails,Industrial Metal,,,,,angry,negative,"[Verse 1] Smiling in their faces While filling up the hole So many dirty little places In your filthy little, worn out, broken down, see-through soul  [Verse 2] Baby's got a problem Tries so hard to hide Got to keep it on the surface Because everything else is dead on the other side  Teeth in the necks of everyone you know You can keep on sucking 'til the blood won't flow When it starts to hurt, it only helps it grow Taking all you need (But not this time) No, you don't  [Verse 3] And just for the record Just so you know I did not believe That you could sink so low  You think that you can beat them I know that you won't You think you have everything But no, you don't  [Outro] No, you don't No, you don't No, you don't No, you don't No, you don't No, you don't No, you don't No, you don't",en
ML1974,MoodyLyrics4Q,Fire,The Crazy World of Arthur Brown,Psychedelic Rock,,,,,angry,negative,"[Intro] I am the god of hellfire! And I bring you  [Chorus] Fire, I'll take you to burn Fire, I'll take you to learn I'll see you burn  [Verse 1] You fought hard and you saved and earned But all of it's going to burn  [Pre-Chorus] And your mind, your tiny mind You know you've really been so blind Now's your time, burn your mind You’ve fallen far, too far behind Oh no, oh no, oh no! You're gonna burn!  [Chorus] Fire, to destroy all you've done Fire, to end all you've become I'll feel you burn  [Verse 2] You've been living like a little girl In the middle of your little world  [Pre-Chorus] And your mind, your tiny mind You know you've really been so blind Now's your time, burn your mind You’ve fallen far, too far behind Ooh  [Chorus] Fire, I'll take you to burn Fire, I'll take you to learn  [Bridge] You're gonna burn, you're gonna burn You're gonna burn, burn, burn, burn Burn, burn, burn, burn Burn, burn, burn  [Outro] Fire, I'll take you to burn Fire, I'll take you to learn Fire, I'll take you to bed Fire, I'll take you, fire…",en
ML1976,MoodyLyrics4Q,Moon River,R.E.M.,,,,,,sad,negative,"[Verse] Moon River, wider than a mile I'm crossing you in style someday You dream maker You heart-breaker Wherever you're going I'm going your way Two drifters off to see the world There's such a lot of world to see We're after the same rainbow's end Waiting round the bend My Huckleberry friend Moon River and me",en
ML1977,MoodyLyrics4Q,Dope Fiend,Acid Bath,Death Metal,,,,,angry,negative,"[Guitar solo/intro]  [Chorus] Why do you love to lick my wounds? Why do you love to feel my pain? Why do you love to suck my life? Why do you look so motherfucking dead? Dead? Dead?  [Refrain] Why do I feel so dead? Why do I feel so high? High? High? Kill me, I'm a dope fiend Do not touch me for I am unclean Kill (your television/kill your time) Kill me Kill (the cold embryo/kill my mind) Kill me  [Verse] Screaming insects hail the Queen Welcome the killer home Hold me close to your dead heart And let the rapist roam Put your bloody hands on me And whisper in my ear Burning bodies keep us warm And have for many years Yeah!  [Chorus] Why do you love to lick my wounds? Why do you love to feel my pain? Pain? Pain? Pain? Yeah! Why do you love to suck my life? Why do you love to lick my wounds? Why!?  [Outro] Yeah motherfucker, I'm high And I'm thankful just to be alive Yeah motherfucker, I'm high And I'm thankful just to be alive Yeah motherfucker, I'm high And I'm thankful just to be alive Yeah motherfucker, I'm high And I'm thankful just to be alive",en
ML1978,MoodyLyrics4Q,Little Tiny Moustache,Stephen Lynch,,,,,,happy,positive,"Yeah. You're either gonna like this song, or kick my ass after the show  You're the love of my life But it cuts like a knife And I feel that I'm being misled See, I'm a little concerned For I've recently learned Of the swastika tattoo on your head  And it makes you smile When you hear ""Sieg Heil"" You love the smell of a burning cross in the yard You do goose-step salutes In your Doc Martin boots And you quoted ""Mein Kampf"" in our 5th anniversary card  I think you're a nazi, baby Are you a nazi? You might be a nazi, baby...  You keep extensive files On the Nuremberg trials And you watch them whenever they're airing I guess I should've known When you bought a new bone For your puppies named Göbbles and Göring  You showed up late To our very first date; I said, ""How are you?"", you said, ""White power"" Call me paranoid But I'm not overjoyed When you ask me if I want to shower...  I think you're a nazi Don't be lyin', baby Are you a nazi? Are you anti-Zion, baby?  Your every dress Is monagrammed ""SS"" You hold an Aryan picknick and bash And it makes me irate When you say I look great When I wear a little tiny moustache  Your social politics Say that races don't mix And you call it pure-blood pollution And whenever I'm sad You say it's not so bad For every problem there's a Final Solution...  I think you're a nazi Give me an answer, baby Are you a nazi? You drive a fuckin' panzer, baby  You say that love is blind So how could I have guessed... But then again, I met you At the Wagner Fest...  I know you're a nazi And that's why I'm leavin' I know you're a nazi Sure as my name is Stephen... ... Lynchbergstein",en
ML1979,MoodyLyrics4Q,Satan Your Kingdom Must Come Down,Robert Plant,Hard Rock,,,,,relaxed,positive,"Satan, your kingdom must come down Satan, your kingdom must come down I heard the voice of Jesus say Satan, your kingdom must come down  I'm gonna pray till they tear your kingdom down Pray till they tear your kingdom down I heard the voice of Jesus say Satan, your kingdom must come down  Satan, your kingdom must come down Satan, your kingdom must come down I heard the voice of Jesus Christ Satan, your kingdom must come down",en
ML1980,MoodyLyrics4Q,Saturday,Chris Garneau,,,,,,sad,negative,"All the time in the world Is lying right beside me But time does stop sometimes And back home, snow used to surprise me  It's all two years ahead of me now Well, that's a lot of drinking You say I won't miss you, but I do It's a lot of never thinking  If I don't black out I'll keep you inside me I can't promise you anything  How long can a Saturday Keep meaning all the same things I love all the things I said I love But forget why I'm still standing  All the time in the world Is lying right beside me If time does stop sometimes Let's try to spend it sleeping  If I don't black out I'll keep you inside me I can't promise you anything  I know, yeah, I'm slow I sleep the best in cold Dreams aren't what they used to be",en
ML1981,MoodyLyrics4Q,Evacuee,Enya,New Wave,,,,,relaxed,positive,"[Verse 1] Each time on my leaving home I run back to my mother’s arms One last hold and then it’s over  [Verse 2] Watching me, you know I cry You wave a kiss to say goodbye Feel the sky fall down upon me  [Chorus] All I am A child with promises All I have Are miles full of promises of home  [Verse 3] If only I could stay with you My train moves on, you’re gone from view Now I must wait until it’s over  [Interlude]  [Chorus] All I am A child with promises All I have Are miles full of promises of home  [Verse 4] Days will pass, your words to me It seems so long, eternity But I must wait until it’s over",en
ML1982,MoodyLyrics4Q,Disco Heat,Calvin Harris,Electronic,,,,,happy,positive,"[Verse 1] Inside me, inside me is a flame That burned brighter anytime you came Gets in the way when I'm alone with you But disappears if I'm with someone new  [Verse 2] It learnt how to fit into my foreplay With my skills, our love was going okay Until the night when we were on the phone You're moving on, oh, I'm better (Ow)  [Breakdown] Oh-oh, yeah Oh-oh Oh-oh, yeah Oh-oh Oh-oh, yeah Oh-oh Oh-oh, yeah Oh-oh Oh-oh, yeah Oh-oh Oh-oh, yeah Oh-oh Oh-oh, yeah Oh-oh Oh-oh, yeah Oh-oh Oh-oh, yeah Oh-oh Oh-oh, yeah  [Verse 1] Inside me, inside me is a flame That burned brighter anytime you came Gets in the way when I'm alone with you But disappears if I'm with someone new  [Verse 2] It learnt how to fit into my foreplay With my skills, our love was going okay Until the night when we were on the phone You're moving on, oh, I'm better (Ow)  [Outro] Oh-oh, yeah Oh-oh Oh-oh (Yeah) Oh-oh, yeah Oh-oh Oh-oh, yeah Oh-oh Oh-oh, yeah Oh-oh Oh-oh, yeah Oh-oh Oh-oh, yeah Oh-oh Oh-oh, yeah Oh-oh Oh-oh, yeah Oh-oh Oh-oh, yeah Oh-oh Oh-oh, yeah Oh-oh Oh-oh, yeah Oh-oh Oh-oh, yeah",en
ML1983,MoodyLyrics4Q,Man-Size,PJ Harvey,Alternative Rock,,,,,angry,negative,"[Verse 1] I'm coming up man-sized Skinned alive I want to fit I've got to get Man-sized I'm heading on Handsome Got my leather boots on  [Chorus] Got my girl and she's a wow I cast my iron knickers down Man-sized, no need to shout Can you hear, can you hear me now?  [Chorus] I'm man-sized Man-sized  [Verse 2] I'll measure time I'll measure height I'll calculate My birthright Good lord, I'm big I'm heading on Man-size Got my leather boots on  [Chorus] Got my girl and she's a wow I cast my iron knickers down Man-sized, no need to shout Can you hear, can you hear me now?  [Verse 3] My babe looking cool and neat I'm pretty sure good enough to eat Man-size, no need to shout Let it all, let it all hang out  [Chorus] I'm man-size Man-size Man-size Man-size Man-size Man-size Man-size Man-size  [Outro] Silence my lady head Get girl out of my head Douse hair with gasoline Set it light and set it free Silence my lady head Get girl out of my head Douse hair with gasoline Set it light and set it free",en
ML1984,MoodyLyrics4Q,All The Beauty,Mortal Love,,,,,,sad,negative,All the beauty I see All the beauty I feel All the beauty I hear All the beauty in the world Ain't nothing compared to you  I adore you everyday I love you everyday I got all the time in the world To wait for you  I'm in love with you,en
ML1985,MoodyLyrics4Q,If You Can't Say No,Lenny Kravitz,Pop-Rock,,,,,relaxed,positive,"[Verse 1] People, get around This is a part of you If you come undone Then this is what you do  [Chorus] If you can't say no just think about If you can't say no just think about If you can't say no just think about me If you can't say no just think about If you can't say no just think about If you can't say no just think about me  [Verse 2] I know that you are in love with me,  But I also know your kind Well, baby, you got a lot of nerve So, just try to keep me in mind, oh-ohhh  [Chorus] If you can't say no just think about If you can't say no just think about If you can't say no just think about me (Yeah, yeahhh) If you can't say no just think about If you can't say no just think about If you can't say no just think about me  [Bridge] You went with another man And I cried when I read your letter But I don't really want to know Where you've gone Or if it was better, yeah, yeah  [Guitar Solo]  [Bridge] You went with another man And I cried when I read your letter But I don't really want to know Where you've gone Or if it was better, yeah, yeah  [Chorus] If you can't say no just think about (Hey, hey) If you can't say no just think about (Uh hey, hey) If you can't say no just think about me (You) If you can't say no just think about (Well) If you can't say no just think about (Well) If you can't say no just think about me (Ooh-hoo)  [Outro (throughout Chorus)] If you can't say no, if you can't say no, no, no, no If you can't say no just think about me Me, me, me, yeah, yeah, yeah Yeah, yeah If you can't say no, just think about me Think about me Think about me Think about me Just think about me Think about me Just think about me Think about me Just think about me",en
ML1986,MoodyLyrics4Q,Moon River,Jane Monheit,,,,,,relaxed,positive,"Moon river, wider than a mile Im crossing you in style some day Oh, dream maker, you heart breaker Wherever youre goin, Im goin your way  Two drifters, off to see the world Theres such a lot of world to see Were after the same rainbows end, waitin round the bend My huckleberry friend, moon river, and me  (moon river, wider than a mile) (Im crossin you in style some day) Oh, dream maker, you heart breaker Wherever youre goin, Im goin your way  Two drifters, off to see the world Theres such a lot of world to see Were after that same rainbows end, waitin round the bend My huckleberry friend, moon river, and me",en
ML1987,MoodyLyrics4Q,Future Boy,Turin Brakes,Folk,,,,,relaxed,positive,"So Future Boy where are you from? My time machine crashed over yonder The syphillis is a bitch, but contracting HIV is much worse Why are you pushing info into me I have no need for it, I'm from the stars  I thought you'd like to know the scoop I'm taking babies back with me, yeah I'm taking them back home So they can see there's a much better place I've got a sister with an open mind And my friends are all junkies But they're still my friends As long as they don't use monkeys We enjoyed the heat of stolen days in the summer of '93  Well the future boy said ""I've got friends but you know some times It all depends on how tall they are against yourself""  I am the future boy (Hello, the future boy) I am the future boy (Hello, the future boy) I am the future boy (Hello, the future boy) I am the future boy (Hello, the future boy)  I am the future boy (Hello, the future boy) I am the future boy (Hello, the future boy) I am the future boy (Hello, the future boy) I am the future boy (Hello, the future boy)  My friends have all gone and left me So I decided to come here and see myself as a baby But it looks like I'm stuck here this time Oh shit, gonna miss my friends And no, you're still you're the future Yes I'm still the future boy We'll build you a time machine to get back home  Still the future boy Still the future boy Still the future boy Oh, I'm still the future boy  Still the future boy Still the future boy Still the future boy Well, I'm still the future boy",en
ML1988,MoodyLyrics4Q,World Painted Blood,Slayer,Thrash Metal,,,,,angry,negative,"[Verse 1] Disease spreading death, entire population dies Dead before you're born, massive suicide Vicious game of fear, it's all extermination now Poison in your veins, global genocide Slaughter governs law, the apocalypse begins Pain becomes the norm, seeking homicide Beware the coming storm that starts illuminating fires God is laughing hard, man has gone insane  [Chorus] World painted blood, no sanctuary World painted blood, no sanctuary  [Verse 2] Tip the human scale, follow revelations' plan It must come to pass, secret shadows lie Blueprint haunting dreams, in which manipulation wins Speak no hidden fears, religion neutralized Emerged from the dark, sadist mercenary ride Realm not of this world, godless messengers Sickless, mindless hate becomes evolutions cure Planets usher in, alignment God has died  [Chorus] World painted blood, no sanctuary World painted blood, no sanctuary  [Verse 3] God send death Watch it bleed Justified Manufactured lives born in hell Angels fall Wings on fire Crucified Terrorizing man, burn the world Reflecting eyes Sickle swings Wave of blood Suicidal mind from the start Endless pain Open wounds Slit the throat Radiation child seeks the throne  [Verse 4] Strafing down Demigods Certain death Coming from the stars, lord of all Dark rift rise Flourish life Perish man We destroy ourselves, cease to live Children's blood Feed the dead of sea of flesh Catastrophic fall Rest in hell Flaming corpse Screaming eyes Watch it die Walk among the dead, pick your grave  [Solo - Hanneman]  [Bridge] Like a disease spreading death Erasing your existence Like a disease spreading death Erasing your existence Like a disease spreading death Erasing your existence Like a disease spreading death Erasing your existence  [Verse 5] Satan's hand begins the end And frees the world forever Gomorrah's dream to live in sin Has reached its critical mass Man himself has become God And laughs at his destruction In which we trust a secret government Is now in total collapse  [Verse 1] Disease spreading death, entire population dies Dead before you're born, massive suicide Vicious game of fear, it's all extermination now Poison in your veins, global genocide Slaughter governs law, the apocalypse begins Pain becomes the norm, seeking homicide Beware the coming storm that starts illuminating fires God is laughing hard, man has gone insane  [Chorus] World painted blood, no sanctuary World painted blood, no sanctuary   [Outro] Signs of disease, rivers red, blood in ice, plague Signs of disease, rivers red, blood in ice, plague Signs of disease, rivers red, blood Welcoming our death!",en
ML1989,MoodyLyrics4Q,Inflikted,Cavalera Conspiracy,Thrash Metal,,,,,angry,negative,"Born from dust In the gutters of this earth Maggots and leppers Is this hell or is this heaven? The cursed, the damned Spreading hate across the land No more pretending Destroy your seeds of envy  Unleash the wicked This hate is self-inflikted Deliver this torment Upon your final judgement Follow the storm In the land of no return It's you, the scum We'll kill until it's done  Inflikted Show no mercy Muthafuckin' wicked Inflikted Show no mercy Muthafuckin' wicked Inflikted Show no mercy Muthafuckin' wicked Inflikted Show no mercy Muthafuckin' wicked  Falling and burning Execution now is coming Corruption is the sign And destruction of your lies  Inflikted Show no mercy Muthafuckin' wicked Inflikted Show no mercy Muthafuckin' wicked Inflikted Show no mercy Muthafuckin' wicked Inflikted Show no mercy Muthafuckin' wicked  Nobody moves, nobody gets hurt Nobody moves, nobody gets hurt  Nobody moves, nobody gets hurt Nobody moves, nobody gets hurt  Inflikted Inflikted",en
ML1990,MoodyLyrics4Q,Gave It All Away,Boyzone,Pop,,,,,sad,negative,"I … I will learn to live before I die Will learn to love and learn to try Not to give it all away (give it all away) She … she may be The one that’s meant for me Or for the man that I used to be (used to be) Til’ I gave it all away (gave it all away x2)  [Chorus] Why hy hy I lay my heart down on the floor I showed you love, you wanted more re re But I gave it all away (cry ry ry ry cry ry ry ry)  You taught me to see the better truth About yourself but about me too (about me too) I was stupid over you What could I do  [Chorus] Why hy hy I lay my heart down on the floor I showed you love, you wanted more re re But I gave it all away (cry ry ry ry cry ry ry ry)  Some people wait a lifetime for a chance like this I’ve waited enough Baby, no, I won’t let you go I’m sick of tears and being fierce  (I won’t let go of you, I won’t let go of you, of you, of youx2)  [Chorus] Why hy hy I lay my heart down on the floor I showed you love, you wanted more re re But I gave it all away (cry ry ry ry cry ry ry ry)  There’s nothing left to take (cry ry ry ry cry ry ry ry ry)  I gave it all away",en
ML1991,MoodyLyrics4Q,Eat You Alive,Limp Bizkit,Nu Metal,,,,,angry,negative,"[Verse 1] Hey you, Mrs. I-Don't-Know-What-The-Fuck-Your-Name-Is I'm drawn to you, somethin's magnetic here If I could approach you or even get close to the scent That you left behind, I'd be fine  [Pre-Chorus 1] No doubt now You bring out The animal inside  [Chorus] Oh, I'd eat you alive! I'd eat you alive Oh, I'd eat you alive! I'd eat you alive  [Verse 2] Hey you, Mrs. Too-Good-To-Look-My-Way and that's cool You want nothin' at all to do with me But I want you, ain't nothing wrong with wantin' you 'Cause I'm a man and I can think what the hell I want, you got that straight?  [Pre-Chorus 2] No doubt that I'd love to Sniff on them panties now  [Chorus] Oh, I'd eat you alive! I'd eat you alive Oh, I'd eat you alive! I'd eat you alive  [Bridge] I'm sorry, so sorry (Damn, you're so hot!) Your beauty is so vain (Damn, you're so hot!) It drives me, yes, it drives me (Damn, you're so hot!) Absolutely insane  [Interlude] I just want to look at you I just want to look at you I just want to look at you, oh, all day There ain't nothin' wrong, no There ain't nothin' wrong with that Once you seep in Under my skin There's nothing, there's nothing In this world that could wash you away Once you seep in, yeah Under my skin There's nothing, there's nothing In this world that could wash you away  [Bridge] I'm sorry, so sorry (Damn, you're so hot!) Your beauty is so vain (Damn, you're so hot!) It drives me, yes, it drives me (Damn, you're so hot!) Absolutely insane  [Chorus] Oh, I'd eat you alive! I'd eat you alive Oh, I'd eat you alive! I'd eat you alive Oh, I'd eat you alive!",en
ML1992,MoodyLyrics4Q,No Submission,Static-X,Industrial Metal,,,,,angry,negative,"[Verse 1] Shut out, cut out Bloodless, hopeless Hating as I fade Pulsate, pushing Head exploding Razor-sharp, the tong is  Put down, run out I could care less Throw down as I hate Feeding, needing Severed, bleeding Pull it out, exposing  [Verse 2] Take a beating Needle speeding Fall into a daze Defecation, detonation Tear the tong apart and Terminate it, suffocate it Spitting in your face Accelerate, exterminate it Take it all in hand  [Chorus] There's no submission No submission  [Verse 1] Shut out, cut out Bloodless, hopeless Hating as I fade Pulsate, pushing Head exploding Razor-sharp, the tong is  Put down, run out I could care less Throw down as I hate Feeding, needing Severed, bleeding Pull it out, exposing  [Verse 2] Take a beating Needle speeding Fall into a daze Defecation, detonation Tear the tong apart and Terminate it, suffocate it Spitting in your face Accelerate, exterminate it Take it all in hand  [Chorus] There's no submission No submission Blue turns to white No submission No submission  [Guitar Solo]  [Chorus] No submission No submission Blue turns to white No submission No submission",en
ML1993,MoodyLyrics4Q,Gallows Hymn,Primordial,Metal,,,,,sad,negative,"Sister, do not pray for me There is no forgiveness here Just the longest and the darkest night And my peoples end  And brother, many a crooked day we spent Telling tales and making myths Sharpening our tongues Yet doing little but growing old  I never was a religious man So why should I put my faith in you? You burned your bridges a long time ago I'm a Heathen, searching for his soul",en
ML1994,MoodyLyrics4Q,Violent World,Misfits,Hardcore Punk,,,,,angry,negative,"[Verse 1] Pregnant mothers in Mexico Give birth to still-born monster babies Hideous, deformed two-headed monsters Vivisected for your magazine essay  [Chorus] Come on, come on Come on to the violent world with me Come on, come on Come on to the violent world with me  [Verse 2] Nazi demons, Nazi youth Wolverines in dark brown suits Yeah, they shove it in an oven and it starts to cook Blame it all on Nazi youth  [Chorus] But come on, come on Come on to the violent world with me Come on, come on Come on to the violent world with me  [Verse 3] Any opportunity comes Can't afford to rot, so you move on Any opportunity comes Can't afford the Nazi movement  [Bridge] Come on Come on Come on  [Outro] Violent world Violent world Violent world Violent world Violent world Violent world Violent world",en
ML1995,MoodyLyrics4Q,I Don't Need No Doctor,W.A.S.P.,Heavy Metal,,,,,angry,negative,"I don't need no doctor 'Cause I know what's ailing me I don't need no doctor 'Cause I know what's ailing me (yes, I do) All I need is my baby You don't know I'm in misery I don't need no doctor I don't need no doctor I don't need no doctor  My prescription tells me that I don't need no doctor My prescription tells me that I don't need no doctor All I need is my baby You don't know you're on my mind I don't need no doctor I don't need no doctor I don't need no doctor I don't need no doctor  Well, the doctor said I need the rest - ooh, ooh He put me on the critical list - ooh, ooh Keeping me safe from harm - ooh, ooh All I need is her sweet charm - ooh, ooh He gave me a medical option, that wouldn't do Ooh, yeah, my motion, oh, yeah, no doctor, no I don't need no doctor  I don't need no doctor I don't need no doctor I don't need no doctor I don't need no doctor  I don't need no doctor I don't need no doctor I don't need no doctor I don't need no doctor",en
ML1996,MoodyLyrics4Q,If It Means a Lot to You,A Day To Remember,Post-Hardcore,,,,,sad,negative,"[Verse 1: Jeremy McKinnon] And hey, darling I hope you're good tonight And I know you don't feel right when I'm leaving Yeah, I want it, but no, I don't need it Tell me something sweet to get me by 'Cause I can't come back home 'til they're singing  [Pre-Chorus: Jeremy McKinnon] La, la la la, la la la, 'til everyone is singing  [Chorus: Jeremy McKinnon] If you can wait 'til I get home Then I swear to you that we can make this last, la, la If you can wait 'til I get home Then I swear, come tomorrow, this will all be in our past  [Post-Chorus: Jeremy McKinnon] Well, it might be for the best  [Verse 2: Sierra Kusterbeck] And hey, sweetie Well, I need you here tonight And I know that you don't want to be leaving me Yeah, you want it, but I can't help it I just feel complete when you're by my side But I know you can't come home 'til they're singing  [Pre-Chorus: Sierra Kusterbeck, Jeremy McKinnon] La, la la la, la la la,  'til everyone is singing La, la la la, la la la  [Chorus: Jeremy McKinnon] If you can wait 'til I get home Then I swear to you that we can make this last, la, la If you can wait 'til I get home Then I swear, come tomorrow, this will all be in our past  [Post-Chorus: Jeremy McKinnon] Well, it might be for the best  [Bridge: Jeremy McKinnon, Sierra Kusterbeck, Both] You know you can't give me what I need And even though you mean so much to me I can't wait through everything Is this really happening? I swear, I'll never be happy again And don't you dare say we can just be friends I'm not some boy that you can sway We knew it'd happen eventually  [Outro: Everyone, Jeremy McKinnon] La, la la la, la la la, now everybody's singing La, la la la, la la la, now everybody's singing (If you can wait 'til I get home) La, la la la, la la la, now everybody's singing (Then I swear we can make this last) La, la la la, la la la, now everybody's singing (If you can wait 'til I get home) La, la la la, la la la, now everybody's singing (Then I swear we can make this last) La, la la la, la la la, now everybody's singing, la...",en
ML1997,MoodyLyrics4Q,"Beautiful, Loved and Blessed",Prince,Funk,,,,,relaxed,positive,"[Intro: Támar Davis and Prince] Wake up You're beautiful, loved, and blessed You feel me? I think I do  [Verse 1: Támar Davis and Prince] When you found me, I was just a piece of clay I was formless, you gave me a new name With the breath of life I now live abundantly All I needed was the potter And the blood of Calvary (That’s right)  But too much power (Tell that) Can sometimes turn to shame Too much desire Sometimes make you feel the same (Come on) But forgiveness is how you win the game I begged for truth, now I know the truth And that is when you came and said I was –  [Chorus: Támar Davis & Prince] Beautiful, loved, and blessed I'm better than the day before 'Cause you made me confess that I am Beautiful, loved, and blessed When you're free, you're really free indeed All you gotta do is just plant the seed  [Verse 2: Prince & Támar Davis] A constant battle to stay ahead of the game Is anybody famous when everybody wants fame? Always trying to break you down, thinkin' that it'll raise 'em up I just wanna be happy, come take this bitter cup from me  If I were to ever write down my life story I could truly say with all the fame and glory I was just a piece of clay, in need of the potter's hand 'Cause when you whispered in my ear The words I so now understand, oh  [Chorus: Támar Davis & Prince] Beautiful, loved, and blessed I'm better than the day before 'Cause you made me confess that I am Beautiful, loved, and blessed When you're free, you're really free indeed All you gotta do is just plant the seed  [Bridge: Támar Davis] Everything you made, you said, ""That's good"" Before the fall of man, you said, ""That's good"" Every time I walk in faith, that's good You let me see another day, that's good  Before the Earth was made you said, ""Támar I will lead the way, and you'll go far"" Knowledge and understanding Understanding is good And when I wake up in the morning All I hear in my hood is people saying that they're–  [Chorus: Támar Davis & Prince] Beautiful, loved, blessed Will you rescue me from the darkness? And now I just must confess That I am beautiful, loved, and blessed Oh, when you're free, you're free indeed All you gotta do is just plant the seed  [Post-Chorus: Támar Davis] Hey, hey, hey Wake up, it's a new day Hey, hey, hey (That’s right) Wave your hands in the air and say Hey, hey, hey Wake up, it's a new day (New day, y’all) Hey, hey, hey Wave your hands in the air and say  [Chorus: Támar Davis & Prince] Beautiful, loved, blessed You rescued me from the Darkness in the wilderness That's why I am beautiful, loved, and blessed No matter what the challenge I'll always pass the test  [Outro: Támar Davis & Prince] That's why I am That's why I am That's why I am I don't mean to put nobody down Still I must confess that I am Beautiful, oh When you wanna give up Don't, 'cause you know You've always got a friend That's why I am That's why I am That's why I am Beautiful, beautiful That's why I am That's why I am That's why I am Beautiful, beautiful Oh yeah, oh yeah Beautiful, beautiful Beautiful, beautiful Beautiful, beautiful Beautiful, beautiful",en
ML1998,MoodyLyrics4Q,The Game,Deine Lakaien,Electronic,,,,,sad,negative,"Grey eyes flicker Cold is the weed Worn out shoes Air full of grief It is you now Stuck within Soul is burning No chance to win  What have you done to the game Was it a victory, a shame Where have you gone Before morning dew The game will not end Without you  Ears of lost minds Luke and torn Dresses rotten And broken stores And the meaning It's sold too soon Can the blister Substitute the moon  What have you done to the game Was it a victory, a shame Where have you gone Before morning dew The game will not end Without you  And the hot sun Paints the door Your philanthropist Sighed once more Wind was blowing Air through pipes Holes in bodies Mortal crimes  What have you done to the game Was it a victory, a shame Where have you gone Before morning dew The game will not end Without you",en
ML1999,MoodyLyrics4Q,Talking Bout My Baby,Fatboy Slim,Techno,,,,,happy,positive,"Yeah yeah yeah yeah yeah Woah yeah talkin' 'bout my baby Talkin' 'bout my baby When she goes walkin' down Bourbon street I just can't hardly stand to walk behind her Shes got her red hot pants on She got on her yellow high heeled sneakers She got on a yellow low neck see through blouse Without her brassiere on She's shakin' like two big ol' balloons in a hurricane Ooooh, she's got on a purple afro wig She got a hand on her hip Lettin' her back bone slip Battin' her eye, battin' her eye Battin' her eye, battin' her eye Battin' her eye n' lookin' straight at me Yeah, lookin' straight at me She's battin' her eyes and lookin' straight at me With that sassy, saucy look on her face Shit son, yeah I want to go out on a picnic with you, baby Out under the big bright yellow sun She said ""I wanna go out on a picnic with you, baby Out under the big bright yellow sun"" Under the big bright yellow sun (repeat to fade out)",en
ML2000,MoodyLyrics4Q,All Around The World (Punk Debutante),Cooler Kids,,,,,,happy,positive,"[Chorus] All around the world Hey girl (Hey girl, hey girl) Zippers and your pearls, hey girl (When I walk through the door) (I'm a debutante) (When I punk through the door) (I'm a debutante)  [Verse 1] The jet set is freaking, the guest list is peaking We jet to Ibiza, the people are shrieking Cooler Kids are cravin' a ravin' invasion I come from the future of next school new wavin' New York is so fly, my high rise is so high The height of my high style comes right from the turnstile  [Chorus] All around the world Hey girl (Hey girl, hey girl) Zippers and your pearls, hey girl (When I walk through the door) (I'm a debutante) (When I punk through the door) (I'm a debutante)  [Verse 2] Nakameguro, Otaku, Tokyo DJ come, DJ go, elevate electro London is burning, turntables are turning Nightclubs are discerning, my lust is returning Paris c'est tres bon, [?] straight to Rome Save some wine to unwind [?]  [Chorus] All around the world Hey girl (Hey girl, hey girl) Zippers and your pearls, hey girl (When I walk through the door) (I'm a debutante) (When I punk through the door) (I'm a debutante) All around the world Hey girl (Hey girl, hey girl) Zippers and your pearls, hey girl (When I walk through the door) (I'm a debutante) (When I punk through the door) (I'm a debutante) (When I walk through the door) (I'm a debutante) (When I punk through the door) (I'm a debutante) (When I walk through the door) (I'm a debutante) (When I punk through the door) (I'm a debutante)  [Bridge] I'm what you want (I'm what you want) Punk debutante (Punk debutante) I'm what you need (I'm what you need) Young, wild and free (Young, wild and free)  [Breakdown] Nakameguro, Otaku, Tokyo DJ come, DJ go, elevate electro New York is burning, turntables are turning Nightclubs are discerning, my lust is returning  [Chorus] All around the world Hey girl (Hey girl, hey girl) Zippers and your pearls, hey girl All around the world Hey girl (Hey girl, hey girl) Zippers and your pearls, hey girl All around the world Hey girl (Hey girl, hey girl) Zippers and your pearls, hey girl (When I walk through the door) (I'm a debutante) (When I punk through the door) (I'm a debutante) All around the world Hey girl (Hey girl, hey girl) Zippers and your pearls, hey girl (When I walk through the door) (I'm a debutante) (When I punk through the door) (I'm a debutante)  [Outro] All around the world Hey girl (Hey girl, hey girl)",en
